%eval_id interface log__t_efold_shallow log__t_efold_soil log__t_efold_karst f_exfiltration_shallow f_exfiltration_soil PDD_melt_factor log__Hmax_shallow log__fdd_threshold log__routing_K neg_kge        
1        I1         0.7532060067   1.803974027    4.034865254    0.5464695878   0.1635546553   1.859937277    3.203003556    2.411559323    0.7131848629   0.3585309924   
2        I1         1.794343393    1.019503261    3.113013275    0.8872960347   0.2320823149   7.873275089    3.317583316    2.424865903    -0.2255531883  0.7894118701   
3        I1         1.067199112    1.61212834     4.490403984    0.8478317      0.1603355566   4.124568675    1.012927465    1.994957194    0.1390536817   0.8850499567   
4        I1         1.836534251    1.147302869    3.727471997    0.6029956616   0.6551352417   0.1807719634   1.070727581    1.29427592     -0.5472635126  1.4645774      
5        I1         0.4860849217   1.051732896    3.690887563    0.2561986722   0.0484617857   4.260571914    1.973763582    2.153447904    -0.6475707042  0.5212343266   
6        I1         0.4101983734   2.170776757    3.180371454    0.5086660562   0.2394207409   6.860116878    3.176884412    1.157323063    -0.6826532873  0.5393695596   
7        I1         1.47259        2.412265176    3.937910057    0.9393210314   0.0894577734   1.944446759    1.440257593    2.194678574    -0.6133731743  0.9025749091   
8        I1         0.953608261    1.655148762    3.956057599    0.09303893924  0.5615971726   8.336986464    1.226427779    1.345448356    0.6110925662   0.3712689649   
9        I1         0.4628172735   1.717098167    2.932351306    0.113720066    0.3475508259   2.62875419     3.19877864     2.984236199    -0.01998934437 0.8644776239   
10       I1         1.688565927    1.234350195    2.523780995    0.5779265914   0.4564087718   3.542413203    2.245780458    1.984243154    0.6551433886   0.7656990913   
11       I1         1.973633855    2.580928054    3.680743783    0.4415317787   0.4057471772   1.53493775     2.925735374    1.270339628    0.6773881374   1.166878159    
12       I1         0.4144263736   1.083198933    3.381960818    0.558378643    0.8862407109   9.715090123    1.34939073     2.177180642    -0.9437352644  0.7664976486   
13       I1         1.043622035    1.74734508     2.583711319    0.3448198588   0.8368809941   9.498619974    1.572937828    2.125918752    0.4091078814   0.4004828743   
14       I1         1.134513451    2.441534055    2.952759793    0.03813466218  0.4079067984   9.507725647    2.517988877    2.782386763    0.6850006266   1.002045735    
15       I1         1.594082283    1.374613359    2.967713737    0.9003524212   0.7828581071   6.606688437    2.585269133    1.098060945    -0.5616498593  0.5078178796   
16       I1         1.934856469    1.069215033    3.066677678    0.2707709073   0.08092113079  6.155527653    1.369440362    1.265935323    -0.9677895738  1.565447879    
17       I1         1.102904672    1.573901481    2.902711628    0.3397412588   0.4506584715   1.606485542    1.736800534    1.226732022    -0.9350628189  0.420555692    
18       I1         0.8935711441   1.772377062    4.004195038    0.02371272381  0.4360966493   1.811339385    2.780756949    1.603564173    0.1914898392   0.5220027789   
19       I1         1.717127327    1.985281329    3.967034914    0.7006101316   0.8974859361   5.329205753    1.80580799     1.840746517    -0.8556308219  0.8829980874   
20       I1         0.6937674698   1.836495014    3.030591996    0.8367118221   0.5786699087   1.782084131    2.945800992    2.693772041    0.7574520278   0.3527598313   
21       I1         1.085978899    1.883261704    4.323662808    0.4219138684   0.09676746852  2.517408922    1.106618721    1.110609601    0.8473944594   0.2969420081   
22       I1         1.372596453    2.24825311     2.915510221    0.3343624794   0.5722213742   3.05496928     2.827058448    1.328761416    -0.5978229838  0.7091763214   
23       I1         1.922741166    2.542529793    3.053189839    0.8252154038   0.3955700382   3.445593885    3.284479811    2.891673307    -0.5152986868  0.8830508069   
24       I1         1.771281175    2.152574619    3.655579597    0.217349812    0.5912584852   5.002589404    2.369755719    2.598009624    -0.1312413158  1.10270696     
25       I1         0.5405389815   1.163132893    3.39532452     0.5146591661   0.2183877448   4.359482509    3.4632993      1.56211718     0.8738520004   0.6356465353   
26       I1         1.749238512    2.085767437    3.044128049    0.7974454449   0.0202472069   0.2658313869   1.622142185    2.342843026    0.4183691122   0.3259142323   
27       I1         1.910222725    2.343000912    4.385810799    0.5209092171   0.9181502093   3.295380328    3.156593598    2.60285171     -0.2682026754  0.9927891004   
28       I1         1.630208966    1.327161093    3.239729348    0.8073782172   0.3825561817   6.581371864    3.230032266    1.838588672    0.9415600852   0.8734159817   
29       I1         1.323262714    1.967639135    2.654786181    0.5888760907   0.01450288372  2.796858207    1.322500014    1.715141004    -0.05362138171 0.6623105971   
30       I1         1.387476395    1.942919303    3.556788171    0.7386928392   0.4709062678   7.073311939    2.127179725    1.8858537      0.06175191386  0.7046424587   
31       I1         1.497551585    2.014978683    3.026651672    0.949850622    0.8481798991   4.691825391    1.192543659    2.944211034    0.3082678198   0.5360510799   
32       I1         1.898912245    2.451447862    2.610208957    0.5327328235   0.3368864109   7.427433249    3.091278636    2.792534057    0.8290657198   0.9970272195   
33       I1         1.464272455    1.682658681    3.409354918    0.1959069276   0.5544735924   5.842297847    1.857330859    2.290889153    0.8631666059   0.9019340444   
34       I1         0.750449124    1.749507082    4.478365765    0.8580020919   0.05804388927  3.242695856    3.239999224    2.557998548    -0.2493684223  0.7343271237   
35       I1         0.7117369792   2.209231162    2.766611993    0.8315033959   0.5753240014   1.724995369    3.217602306    1.731757449    0.3300959522   0.5274001907   
36       I1         1.280693964    2.614324739    4.453154615    0.2612767029   0.8056751453   1.39817282     1.669623209    1.359461855    0.11031589     0.46356244     
37       I1         0.6319291476   2.506003395    3.631972749    0.2840264418   0.5019211353   7.393651079    1.886774861    1.978657689    -0.8208565188  0.6534188606   
38       I1         1.293213112    1.224759496    4.126820906    0.4808505761   0.8883612712   9.566788489    2.030036401    2.862690276    0.7884600047   0.6246038734   
39       I1         0.3355633099   1.919688301    4.075871714    0.2769810949   0.5510643014   8.796494637    3.016951563    2.497113373    0.1546866607   0.4516868508   
40       I1         1.330620213    1.793080032    3.42561734     0.09902767284  0.3613541698   9.776148407    2.466265489    1.646602439    0.6216193772   0.9571468152   
41       I1         0.6141995046   2.389903838    2.517908039    0.6169280782   0.3414622524   6.366329451    2.617147676    2.829696184    -0.665372179   0.4338906113   
42       I1         1.149262703    2.357674334    2.568326192    0.5822604601   0.06154652329  5.606839782    1.557789656    1.415632858    -0.3982805622  0.4002455013   
43       I1         1.668035661    1.604534193    3.750492283    0.6439829026   0.9455688395   7.928094173    2.630282138    2.385947396    0.2529168315   0.8984560027   
44       I1         0.3428379557   1.847479596    3.122012242    0.9884591002   0.8757510767   6.790676587    3.420496642    2.583398992    -0.3161020339  2.481691027    
45       I1         1.853645615    1.373503888    2.822218806    0.3521041237   0.6711742736   7.860261202    3.386731765    1.819449405    -0.731468413   0.8908564085   
46       I1         0.5149777703   2.626616406    2.63633544     0.2955854276   0.1531534745   4.936652069    2.052768736    1.874995535    -0.9098927775  0.517440824    
47       I1         0.9294416391   1.107859401    4.054003948    0.2227157457   0.1267405837   3.84481336     2.416570064    2.883009095    -0.6793532971  0.6210765777   
48       I1         0.6216393137   2.499987905    3.278778149    0.3718642419   0.9554539488   5.705490445    2.728509133    2.022641816    0.04549729501  0.619384247    
49       I1         0.326611012    1.584203397    3.619972848    0.2339020498   0.1419592755   2.46863673     1.076624096    1.100411607    0.5300758283   0.3931328139   
50       I1         1.924432175    2.318925935    4.417192063    0.8681825689   0.9145586888   4.728388251    2.159048172    2.660846876    -0.4484045901  0.7287961616   
51       I1         1.478389462    1.413229567    3.294143353    0.5854851737   0.9560722305   4.540652858    1.51539879     2.090098437    0.7632529959   0.5316626932   
52       I1         0.9723733239   1.723872528    3.837321156    0.2147362467   0.6257103703   2.919820596    3.132106181    2.811291014    0.3540714493   0.6544819256   
53       I1         0.8821798522   1.702193035    3.161199709    0.4189936291   0.8399781579   8.89327451     2.291507961    2.640045729    0.896290918    0.692577518    
54       I1         0.4245520053   1.361384978    4.011008415    0.08766672647  0.2548298908   2.320547786    1.646961503    2.437627133    -0.9207260133  0.5346693892   
55       I1         1.87357065     2.007925509    3.448172915    0.8862005328   0.6658387523   9.11421837     1.278774894    1.782937442    0.1475979792   0.6087293658   
56       I1         1.615738806    1.959262515    4.145300529    0.3293674977   0.3072631867   8.445035646    1.06137196     2.392019139    -0.8362398428  1.727875637    
57       I1         1.112238945    2.668124379    3.222304965    0.07700316282  0.7930541209   4.188251874    3.073056107    1.94291818     -0.8951686568  0.8758061642   
58       I1         0.3196891923   1.185621855    4.187532481    0.9177468062   0.1369696217   7.556041401    1.94753824     2.222507245    -0.3682675131  1.250818275    
59       I1         0.7405778344   1.664404193    3.877114796    0.2681338213   0.3268439017   7.517247668    1.098534421    2.447807951    -0.4216008069  0.8768389686   
60       I1         1.02088661     1.886373824    4.260009646    0.1046475444   0.2249136607   2.745035188    1.528022256    2.927798441    -0.1464763786  0.8000527656   
61       I1         1.73112323     1.445530588    3.624950022    0.617714539    0.7141551185   7.31854531     2.186557027    2.966569797    -0.2919008558  0.9217312816   
62       I1         0.5688303017   1.977115245    4.336244821    0.3100129122   0.676343048    6.638751157    1.764824294    2.851150526    -0.3082750511  0.475191375    
63       I1         1.657882582    2.429422706    4.357984449    0.5638364349   0.2931487373   7.366692812    2.763191849    2.03056785     -0.3829862052  0.6516042425   
64       I1         1.511211025    2.640566316    2.553667634    0.551155623    0.2130497318   5.154428555    1.455073717    1.702645265    -0.3782508807  0.8675958738   
65       I1         1.428796657    2.093133211    4.172514511    0.7495471175   0.70896935     6.251763132    2.275823257    2.265081519    0.6419535811   0.6431633944   
66       I1         1.419750923    1.028271672    2.571287427    0.6891905616   0.4883536824   2.998884002    1.685179173    2.748808827    0.4838406779   0.3085323472   
67       I1         1.943173811    1.625971422    2.83204905     0.595768273    0.8448070479   0.7093392765   1.904653541    2.737728065    0.4528827645   0.4259193195   
68       I1         1.960481221    2.305676635    4.464930667    0.9442640393   0.4980782255   4.87901256     2.377638508    1.903446706    0.3794369204   0.8806881137   
69       I1         0.8338031471   2.462591002    3.074430617    0.4037020077   0.2851291717   3.110961491    1.117540016    1.496446182    0.01927118562  0.557064759    
70       I1         0.6855942515   1.128098203    4.081349423    0.8663153199   0.5252304942   8.552060966    1.389500424    2.307123039    0.4742314741   0.3718198281   
71       I1         1.122030833    2.407561628    4.390373804    0.1431957361   0.3286958889   3.8669091      1.870636091    1.42292224     -0.8749536589  0.6399751209   
72       I1         0.553361954    1.831029792    2.970168461    0.7065451786   0.320789198    3.14755921     2.268349657    1.651009958    -0.3561805945  0.6184835489   
73       I1         1.049861075    2.299507961    2.625546715    0.7643641493   0.799860378    1.450095686    2.532528402    2.519162537    -0.1805586802  0.2983912754   
74       I1         1.311619337    2.129130358    3.432439771    0.2856764246   0.9658664552   2.162021918    2.994583751    1.400930832    -0.1743758834  0.8659682382   
75       I1         0.7175991738   2.553750709    3.536263838    0.07026284222  0.4379601099   3.583289689    2.084853484    2.182400161    0.7076809434   0.7987973902   
76       I1         0.3665247071   1.598521984    2.538179608    0.8782930763   0.9486573197   9.991714094    1.584984229    1.255813986    -0.1988495462  2.029317694    
77       I1         1.226553525    1.001664257    2.724693147    0.05053750021  0.6205541782   3.510819458    3.28990503     2.679877264    -0.4027113958  0.5296569438   
78       I1         1.130394371    2.488288281    4.068925653    0.2064273717   0.9710181614   0.610352996    3.343020981    2.954940469    0.3186856942   0.944943398    
79       I1         0.4016286348   2.695719894    3.487997143    0.6860621967   0.9391876196   8.042952388    1.463704901    1.824209946    -0.798999223   0.6968936284   
80       I1         1.871245481    1.732326328    4.223294394    0.7759797059   0.4663169356   9.21027408     3.109061162    1.233358189    -0.8450636577  0.8484715789   
81       I1         0.6553529962   1.513949634    4.251197975    0.3084367129   0.3741970611   1.285742782    3.14079486     2.360097833    0.3874012286   0.3625648535   
82       I1         1.060029389    1.157943759    3.501041045    0.6915519842   0.2024594346   9.372141183    1.244573648    2.31794259     0.5199986261   0.43324732     
83       I1         0.9614019113   1.457003444    4.049628781    0.06617458841  0.9851536558   5.978678452    1.290537531    2.729058726    0.7499216936   0.5119144774   
84       I1         0.7944527712   2.675928452    2.591971168    0.01798505188  0.2796770395   4.333426039    2.56921467     1.690126468    0.9786169096   0.810716646    
85       I1         1.681532474    1.527252954    3.200341316    0.382103955    0.1210128828   0.5099906425   1.787044704    2.011622958    0.5844859061   0.5892779222   
86       I1         1.266772467    1.271565045    3.64413611     0.4610007422   0.7229535531   3.635699302    1.932478028    1.1715592      -0.7798352057  0.5923085896   
87       I1         0.7647534265   1.347875166    4.244123627    0.784987453    0.5659573334   8.731779812    2.410994495    1.132383706    0.03871476879  0.445310205    
88       I1         1.562283398    2.239934853    3.787971582    0.3745767377   0.3176662589   2.198446692    2.982508151    2.83581464     -0.3431669847  0.7985334662   
89       I1         1.272207432    2.103798969    3.908262726    0.4982750828   0.1170697451   8.936209867    1.596636268    1.636825673    -0.7431881437  0.545445989    
90       I1         1.247219238    1.43732954     3.574314535    0.5177268601   0.1802341327   8.1829479      3.454779949    2.160041312    0.7798784874   0.7604457803   
91       I1         0.9170691111   1.097353254    3.888234681    0.1590168536   0.1980706214   3.172767327    1.760686845    2.932546247    -0.70755506    0.5860146802   
92       I1         0.8594859709   1.56709405     3.763815005    0.6088469602   0.5163311147   5.557819973    1.537824066    2.702510673    0.2797102277   0.4093821116   
93       I1         0.8516816416   2.223409274    3.994306987    0.651920224    0.6491970592   5.677937282    1.18308511     2.078264597    -0.9518850166  0.9249504172   
94       I1         0.9691902626   1.111207504    4.136342117    0.4330385135   0.8574453403   4.573599613    2.96451766     1.066662506    -0.2075161303  0.3504902442   
95       I1         1.028443506    1.217210995    3.154730813    0.3600863832   0.8789850653   5.489382569    2.673346641    2.275915598    0.4688421696   0.4466042137   
96       I1         0.4951711073   2.47746857     3.583271132    0.9161871134   0.8292179932   4.009172571    1.038891193    1.08415103     0.66482792     0.4473590345   
97       I1         1.168425809    1.872888018    2.895323663    0.6011013242   0.9086691245   1.188839618    1.982000801    1.374013858    -0.6354022696  0.3431264769   
98       I1         1.096953965    1.866032498    2.770685731    0.6256104145   0.4135150461   6.060494108    2.818549392    1.502247231    -0.7803528873  0.3486612259   
99       I1         1.55234451     2.179753498    2.819203554    0.3952466911   0.2963966409   6.727539677    2.486941031    1.79321055     -0.2512348219  0.7915985094   
100      I1         0.4423657064   1.524782968    2.711888592    0.1365093359   0.6078054416   9.841775118    1.30241882     2.40841015     0.8157359027   0.5091166613   
101      I1         1.567202837    1.433003144    3.549174485    0.1260542698   0.4213703107   1.203283781    2.501488129    1.026813927    -0.1053272063  0.8742908634   
102      I1         1.190534918    1.58737199     3.975040031    0.2485902988   0.8168480328   0.5881341888   2.861752951    1.891703806    -0.9194684933  0.515345365    
103      I1         1.81565993     2.183767031    4.445073272    0.923528304    0.07153671873  5.122869491    2.554142808    2.627796108    0.929566737    0.8431545516   
104      I1         0.3160663151   1.472429143    3.864345957    0.4886333168   0.7478827292   1.29660512     3.442628548    1.669505124    -0.7177629824  0.5617907419   
105      I1         0.560579495    2.616901197    2.757161432    0.4492392441   0.7642913539   1.578773868    1.483319489    2.684413573    0.1850542123   0.3044437401   
106      I1         1.705715745    2.563298341    4.168659817    0.4016370178   0.1826518913   4.795533659    2.896475106    2.233698437    0.4362494302   0.7480691018   
107      I1         0.9430770165   1.780322116    4.436933425    0.9796379121   0.4543647245   2.017122039    2.04077936     1.748350872    0.2917252145   0.4464861288   
108      I1         0.7827219914   1.636726289    4.230808878    0.2285896653   0.6010431956   8.467556951    2.719702949    2.149753597    -0.3389840675  0.4233574695   
109      I1         0.39006213     1.46124774     3.01046998     0.7310735944   0.02994830241  1.047536079    2.236411736    1.547697423    0.3400876603   0.3669454512   
110      I1         1.52698874     1.543263755    2.881948345    0.1643987006   0.4426261578   6.138323028    2.886943105    2.102520866    -0.4658437404  0.8322436453   
111      I1         0.3079017367   2.536586003    4.481868748    0.3277216254   0.635782298    8.275041911    1.848556874    2.136717203    -0.07875822608 0.4775347693   
112      I1         0.7312023572   2.341796621    3.288925612    0.4088656905   0.6984740392   1.350039983    3.250847966    2.528967261    0.3634119407   0.6216970752   
113      I1         1.212039554    1.211651357    3.142220271    0.176803382    0.6946949651   8.404803086    1.221353719    1.14706787     0.797646994    0.3864890594   
114      I1         1.650778296    1.689175818    2.683784505    0.4766684494   0.7866513945   5.25479592     2.743015731    1.460711664    -0.04598332212 0.7036091825   
115      I1         1.889074199    2.232408175    2.50846943     0.06347138941  0.6400701768   9.262748823    1.747056741    2.081696223    0.08590025529  0.5701383143   
116      I1         1.80153224     1.784465805    3.494053802    0.5010571741   0.6275969085   9.337788661    2.313800446    2.452680857    0.09931307681  1.049766887    
117      I1         0.4763555759   1.016417413    3.921895255    0.4723098789   0.2633067763   2.829426214    3.361107015    2.809252909    0.6988768292   0.3797885379   
118      I1         0.8045915082   2.402460187    4.274627782    0.9538877546   0.5218425283   2.339326773    2.351854157    2.991548843    0.02028824671  0.5037583988   
119      I1         0.3527387624   1.91308261     3.804717974    0.6347489478   0.3016913849   9.178860468    2.640794539    1.078406485    0.7337586344   0.5237627097   
120      I1         0.8994731689   2.159405959    4.374945498    0.5279647682   0.4310794512   5.215779391    1.132739572    2.910728087    -0.9964827414  1.195241402    
121      I1         1.256161827    1.857502393    3.46348914     0.6653043869   0.06669942403  9.1037054      1.708886113    2.21313609     0.2683133431   0.5921978163   
122      I1         1.29869262     2.030388091    2.738898102    0.2931131897   0.8236293767   4.472067808    1.818605578    1.301529781    -0.5814641335  0.5609569691   
123      I1         1.410844564    1.487714046    3.091685818    0.2525859039   0.07422057778  2.04783647     1.412317196    2.249181581    -0.8691781141  0.9509710268   
124      I1         0.7053730573   2.379669596    2.863816821    0.4681276703   0.1317473279   7.726871273    1.72141094     1.571707726    -0.12239111    0.3821608474   
125      I1         0.4353517743   1.061800788    3.1970064      0.6682522869   0.2299757445   7.715318932    2.255467775    2.84578239     -0.9737537166  0.5681298632   
126      I1         1.725021871    2.264217556    3.791282322    0.8494940825   0.1718932345   6.331887949    3.120827288    1.249947792    -0.5753005299  0.8315840429   
127      I1         1.956024234    1.652709719    2.994224371    0.05664595001  0.151121497    9.005140482    3.056860529    2.767165204    -0.2116127157  1.265876036    
128      I1         1.389069653    2.133984655    3.317980748    0.7261567476   0.6440832183   6.197710501    1.627469842    2.207265161    -0.1589156199  0.6244102028   
129      I1         1.310744326    1.355304279    2.877630711    0.04281589581  0.77690164     2.245178107    2.166619707    1.051679375    -0.4187121487  0.500888389    
130      I1         1.539037421    2.024084218    3.983472701    0.7997784599   0.1919118726   5.936447582    1.89847601     1.525514997    -0.327742305   0.5438676822   
131      I1         0.4585553439   1.196024326    4.285975636    0.9046503801   0.9345541318   7.787279063    3.037366763    1.954409868    0.9969983269   0.5149589859   
132      I1         1.438799716    1.293362253    2.708406625    0.8183059822   0.8610236011   7.267569472    1.794421724    1.768128524    0.1228202277   0.3313526226   
133      I1         1.031815732    1.176044486    3.086598135    0.3825326016   0.5114201736   4.014965611    1.957670154    2.756426172    0.880275581    0.6345851093   
134      I1         0.7737662192   2.316377652    3.372267971    0.7672713686   0.5414871675   1.914269064    2.345952424    1.867388069    0.003047198458 0.3779425183   
135      I1         0.9112346406   1.756530424    3.103053777    0.4397966583   0.8643014036   6.513782869    2.109549846    1.851661149    -0.4747877953  0.4393156498   
136      I1         0.5219047772   2.604477542    2.66725301     0.9572451715   0.0188045118   2.551934855    2.304546321    1.967697304    -0.657610792   2.185672449    
137      I1         1.591137745    2.110709864    3.352611263    0.6610366424   0.8718494731   3.708607551    1.149856099    2.32639768     0.5664003658   0.3555745254   
138      I1         0.6454610403   1.809580411    3.664249371    0.7913672041   0.2463200352   1.109917954    2.457894546    2.714241011    -0.7241374337  0.4573374122   
139      I1         0.8414370897   2.360140599    2.784622419    0.9076708301   0.1090620174   6.934065212    2.062803635    1.922580032    0.4418670729   0.5961418478   
140      I1         0.3810226623   1.039329499    4.152292324    0.7525369395   0.6585332783   0.3232059656   3.083430849    1.012569475    0.3910036011   0.4777071453   
141      I1         1.489386704    1.126281319    2.847328631    0.9335967232   0.7426657893   0.208209793    1.426296588    2.285025321    0.05913216204  0.7761631989   
142      I1         1.339681715    1.305017817    3.215936495    0.1715781143   0.8192303817   8.686609669    2.608247359    1.530288264    -0.2803450529  0.6464661964   
143      I1         1.674092136    1.557022881    3.416947156    0.365279752    0.6859801251   0.1113407298   1.488318497    2.053165459    0.7219286014   0.5168270992   
144      I1         1.443875061    2.663067641    3.327214513    0.8420744192   0.7583853412   4.967030822    1.204150956    2.878748266    0.9675773468   0.51672196     
145      I1         1.992340235    1.506790343    4.313984944    0.5620416207   0.0289882697   7.20546421     2.912259135    1.398387064    0.5061690618   0.9230530671   
146      I1         1.696146187    1.318163841    3.713125202    0.8233939192   0.3786067364   4.106631229    1.988281074    2.773922028    -0.02687514233 0.6858406193   
147      I1         0.9287867655   1.339953079    3.940201022    0.2415289168   0.3635230936   4.621020402    1.375566622    1.806497099    0.2048374467   0.2537596275   
148      I1         1.823406715    2.197591557    3.735986787    0.541778606    0.9251221617   3.731313954    2.093105397    1.182156125    -0.4933385898  0.9098364224   
149      I1         0.8252572498   2.000293527    3.852631937    0.09484864392  0.5879647622   0.8439711334   2.205949187    2.572660665    -0.8122212197  0.642407004    
150      I1         1.154517324    2.057175774    3.841892127    0.1211426688   0.5389951992   3.915869445    2.327368111    1.442730482    -0.276462482   0.7079859794   
151      I1         1.861285023    2.423392337    4.364753591    0.1321148206   0.7203558098   9.856190522    3.0392257      2.562848517    -0.6012457583  1.118719684    
152      I1         0.8771454601   2.652883391    2.600405533    0.08296031287  0.6777095541   3.394123053    1.606807955    2.002885718    -0.5283719544  0.6244838712   
153      I1         0.44767833     2.634228482    4.297784858    0.4131563162   0.08719938606  6.909899875    2.959254627    1.456392491    0.1769029316   0.5943323188   
154      I1         1.397354438    2.594635822    4.306825615    0.1381101293   0.1678155591   5.070087836    2.658951036    1.198765904    0.6362287025   0.8472311719   
155      I1         1.754165204    1.385725577    3.001275434    0.8731720152   0.49233943     6.776723139    2.808883335    1.034785166    0.9149408384   0.8406661597   
156      I1         0.6630983557   1.418938544    3.177042209    0.8947151221   0.9654515445   2.417095971    2.435221826    2.547204467    -0.7677758341  0.8307043052   
157      I1         1.805055113    2.037184526    2.854658815    0.7031796      0.09937325054  5.80948257     3.40923876     1.629563675    0.07668828648  0.8152140785   
158      I1         1.782005308    1.046126403    3.674731127    0.4276016541   0.7023414344   0.4232596352   1.357631033    2.112548551    -0.4317583209  1.10489393     
159      I1         1.98336308     1.476827842    3.527121202    0.03104441363  0.3976787274   1.655307686    2.001481473    2.97050153     0.2886603385   0.6510002579   
160      I1         1.518373807    1.395823821    3.747975762    0.1476893845   0.5959419406   9.643499685    2.862540153    2.508984455    -0.8836972137  0.8329689789   
161      I1         1.891687544    1.141502574    3.918206436    0.9694566188   0.7716847948   9.915759666    2.677691111    1.333932804    -0.4574273089  0.9217249481   
162      I1         0.3728256627   2.523376056    3.363630834    0.3003703613   0.6129824364   8.826475595    2.848600231    2.464125349    0.8081814212   0.7971396217   
163      I1         1.223180696    1.945292096    3.602551072    0.1097605279   0.544416591    5.526973876    2.491389903    1.049866595    0.2144989361   0.8405451325   
164      I1         1.23627656     2.45621537     2.544324651    0.7815431259   0.687578367    0.4799825509   1.005840887    2.906253323    -0.1620880015  1.625644743    
165      I1         1.35883135     1.402946111    3.25662178     0.9304729949   0.2769640907   7.598144076    1.502462651    1.611051786    -0.5016754139  0.7349901911   
166      I1         0.789572542    2.278022308    2.644512462    0.6501463064   0.5334932255   2.584305403    2.693995187    1.486800229    0.1687194501   0.2694018962   
167      I1         1.008724434    2.145625973    3.592951777    0.5375843765   0.7372736794   3.326900484    2.790834008    1.776554718    -0.6270055646  0.6192499301   
168      I1         1.34845065     2.250487389    3.773679828    0.2022170083   0.8943826397   0.9808256413   1.257138806    2.259768528    0.9544200604   0.5984091993   
169      I1         0.4957277127   1.641290698    2.982554117    0.7165018842   0.1898148325   8.658035885    1.15780769     2.479740193    0.4229395804   0.4121389404   
170      I1         0.6779745915   1.311800029    4.429994142    0.3882659227   0.2729843773   8.246207784    1.91254571     2.06842356     0.5709451081   0.5130097205   
171      I1         1.57691792     2.121766347    3.477901424    0.3576384864   0.041427187    5.440009602    3.271262121    1.387357021    0.5921997391   0.9364205252   
172      I1         0.9905189919   2.286075393    2.745626434    0.6403466023   0.4776620772   9.694709661    3.425336835    2.335777621    -0.08814844138 0.3369663072   
173      I1         1.195757245    2.204986631    4.027680889    0.8533427611   0.754291487    0.7883891887   3.499421442    1.436515761    0.2204775822   0.3914781387   
174      I1         1.839793129    1.250427937    3.514350809    0.1755136478   0.05025664172  4.81531904     2.014719743    1.75126556     -0.2304116761  0.8130742914   
175      I1         1.001251893    2.069102264    4.200932026    0.4927495471   0.9266990333   6.002778232    2.222455318    1.72272138     -0.003365763137 0.5003168331   
176      I1         1.158709209    2.07451978     4.199785706    0.1522689735   0.3508865161   8.590859009    1.831062441    1.31425145     -0.75217624    0.5732324216   
177      I1         0.5788834067   1.901547742    3.706033907    0.7424456046   0.3536942089   7.140130212    1.659801522    1.473098479    -0.09102284916 0.449051404    
178      I1         0.5964134953   1.497129676    3.568035854    0.4603745082   0.7983745614   2.099368541    1.332058821    1.128942869    0.8563867838   0.5903919434   
179      I1         1.638273917    2.56527134     3.266249106    0.9612380033   0.03605611256  9.036374273    2.194619009    1.673501397    0.9804134291   0.87162894     
180      I1         1.547070958    1.238174427    3.30779728     0.6784136961   0.9066224618   7.112600664    2.757521514    2.611612008    0.6069845997   0.7679626472   
181      I1         0.6734119334   1.89441514     3.451950994    0.04624513343  0.2451389809   6.983583116    3.368654007    2.370622828    -0.4896433121  0.8048384096   
182      I1         1.369271837    2.274721958    4.401371371    0.6304719765   0.7319429299   1.001748151    1.16816521     1.934124662    0.4952194916   0.2988776419   
183      I1         0.8612097478   1.263157119    3.242283537    0.9833121046   0.2101655837   5.760776018    2.120035492    2.483798056    -0.5348694626  0.5400866214   
184      I1         0.5328893243   1.549901358    4.343964989    0.7568711672   0.9796752624   6.452092482    2.393268664    1.200817661    0.2320113662   0.4805350384   
185      I1         1.763925888    1.189145543    4.107978047    0.18731588     0.3711483416   0.3541249756   1.692970203    1.213190567    0.2475080492   0.3624084404   
186      I1         0.9869559751   1.712974657    2.792456384    0.713796795    0.8113767914   0.6736454139   2.597056382    1.551537265    -0.1164999219  0.4474293955   
187      I1         0.8102282188   1.672796838    2.672124427    0.6727332147   0.7654600043   2.95335473     3.47513158     1.288401825    0.3249958023   0.4270209526   
188      I1         0.5882173616   2.334124015    4.112339234    0.1991829632   0.265478951    0.9213748418   3.395639015    1.596500653    -0.03127474847 0.4169783021   
189      I1         1.453500029    2.581201481    3.343104422    0.9721338354   0.5057330862   2.691800039    3.337371736    2.532614329    -0.9801642794  0.5708973518   
190      I1         1.736972913    1.277543916    4.214466027    0.01145083127  0.1464932831   3.769961236    2.137949191    1.582927885    0.8310837253   1.095419356    
191      I1         1.20888945     2.05260005     2.941521391    0.7728527275   0.2590210574   8.097781065    2.539600155    1.164788993    0.1000512061   0.3637520784   
192      I1         0.5040713005   1.927909829    2.692654783    0.7223955554   0.7255757899   0.80618625     1.421382374    1.369836423    0.9056303865   0.3924542194   
193      I1         1.623598457    1.283430578    2.806236369    0.8135260645   0.3921249435   6.396943043    2.700210411    1.915158293    -0.6937307743  0.5539723092   
194      I1         1.607192346    1.986444153    3.827213992    0.2363858541   0.4843905536   7.653929643    2.91675701     2.658092867    0.5432330061   0.938158372    
195      I1         1.980969714    2.5130866      4.094441589    0.3225876825   0.9849853431   8.123806979    3.001111917    1.000652321    -0.8006003763  1.224524131    
196      I1         1.078928625    1.089384525    2.922492251    0.02480656156  0.4246184373   5.383896754    1.265648282    2.63125369     0.5259697562   0.2848385912   
197      I1         0.6022293771   2.369053499    3.134494032    0.3151516292   0.103980856    4.452162135    3.166076141    1.519325676    0.931356019    0.7107064523   
198      I1         1.182617716    1.819858956    3.331379779    0.1845211468   0.4610069183   8.004857896    2.443266495    2.356551835    -0.5502170901  0.843268993    
199      I1         1.501985263    2.68783041     3.810259928    0.5692604473   0.3121974203   9.446711023    1.036660246    1.680968676    0.5572359647   0.368557863    
200      I1         0.6291513254   2.484996524    3.896774347    0.4510187388   0.6035568613   4.226906781    3.304283651    2.042769189    -0.06565029081 0.4466761249   
201      I1         0.5833333333   1.010493827    2.635802469    0.415308642    0.01604938272  0.1611111111   1.848765432    2.987654321    0.3950617284   0.5768472359   
202      I1         0.5833333333   1.010493827    4.438271605    0.02814814815  0.330617284    3.338888889    2.805555556    1.012345679    -0.04938271605 0.8070200272   
203      I1         0.6672839506   1.010493827    4.191358025    0.5483950617   0.9839506173   0.1611111111   3.145061728    2.987654321    0.3209876543   0.4526364827   
204      I1         0.562345679    2.14382716     3.5            0.7661728395   0.9839506173   1.994444444    1.540123457    2.567901235    0.6666666667   0.5123941964   
205      I1         0.3104938272   1.55617284     3.228395062    0.4637037037   0.5362962963   3.216666667    1.385802469    1.432098765    0.2962962963   0.3498149967   
206      I1         0.8561728395   1.933950617    2.512345679    0.5483950617   0.5            3.338888889    2.095679012    2.518518519    -0.8148148148  0.3338250674   
207      I1         0.3314814815   2.038888889    3.845679012    0.4637037037   0.6814814815   0.1611111111   2.157407407    1.654320988    -0.6172839506  0.5021896388   
208      I1         0.8561728395   1.178395062    2.512345679    0.5483950617   0.4516049383   9.938888889    2.682098765    2.543209877    -0.3456790123  0.3477811695   
209      I1         0.8561728395   1.010493827    4.487654321    0.3911111111   0.6814814815   4.927777778    1.663580247    1.061728395    0.02469135802  0.4739203077   
210      I1         0.5833333333   1.010493827    3.62345679     0.5483950617   0.01604938272  1.261111111    2.959876543    1.654320988    0.3209876543   0.3801804021   
211      I1         0.3944444444   2.689506173    2.512345679    0.4879012346   0.3427160494   3.583333333    1.941358025    2.790123457    0.3209876543   0.365794782    
212      I1         0.8561728395   1.010493827    3.302469136    0.137037037    0.9839506173   6.761111111    1.447530864    2.345679012    0.2962962963   0.3809873572   
213      I1         0.8561728395   1.933950617    3.25308642     0.6572839506   0.4516049383   9.938888889    2.12654321     2.345679012    -0.7901234568  0.4564709997   
214      I1         0.8561728395   2.689506173    2.512345679    0.5483950617   0.3911111111   3.338888889    2.37345679     2.790123457    -0.2222222222  0.3739311912   
215      I1         0.4574074074   1.367283951    3.179012346    0.6088888889   0.4516049383   0.1611111111   2.466049383    1.975308642    0.3209876543   0.2889842163   
216      I1         0.5833333333   1.55617284     2.512345679    0.4516049383   0.5241975309   4.194444444    2.836419753    2.419753086    -0.8641975309  0.4162347191   
217      I1         1.44382716     2.14382716     4.487654321    0.4516049383   0.3911111111   2.238888889    1.324074074    1.209876543    0.4938271605   0.2558282002   
218      I1         1.191975309    1.010493827    3.154320988    0.1975308642   0.4516049383   1.872222222    1.324074074    1.012345679    0.2222222222   0.335515019    
219      I1         1.170987654    2.14382716     4.216049383    0.3911111111   0.4879012346   5.05           1.108024691    1.851851852    0.5185185185   0.2378523983   
220      I1         0.3944444444   2.290740741    3.277777778    0.5241975309   0.5            3.705555556    1.694444444    2.987654321    -0.04938271605 0.5749436433   
221      I1         0.6043209877   2.14382716     3.845679012    0.3427160494   0.4637037037   2.727777778    1.324074074    1.012345679    0.2962962963   0.3575698693   
222      I1         1.087037037    1.178395062    2.512345679    0.5            0.4758024691   6.761111111    1.787037037    1.62962963     -0.3209876543  0.320861263    
223      I1         1.29691358     2.689506173    4.487654321    0.5            0.4758024691   0.1611111111   1.385802469    1.654320988    0.7407407407   0.3185338165   
224      I1         1.674691358    2.122839506    4.487654321    0.669382716    0.5            2.238888889    1.324074074    1.975308642    0.7407407407   0.2559792586   
225      I1         1.087037037    2.14382716     4.290123457    0.3548148148   0.3669135802   9.938888889    1.416666667    1.012345679    0.3209876543   0.2618548935   
226      I1         1.066049383    1.010493827    3.820987654    0.3427160494   0.415308642    6.761111111    1.385802469    1.358024691    0.3209876543   0.3204305941   
227      I1         1.233950617    2.164814815    2.512345679    0.8387654321   0.5483950617   6.638888889    2.805555556    2.345679012    -0.0987654321  0.3328599884   
228      I1         1.275925926    2.080864198    2.512345679    0.8266666667   0.4516049383   5.416666667    2.219135802    1.728395062    -0.3456790123  0.3395591097   
229      I1         0.8561728395   1.010493827    2.512345679    0.1733333333   0.5483950617   6.15           2.558641975    1.012345679    0              0.3440037845   
230      I1         0.625308642    1.010493827    3.475308642    0.6572839506   0.04024691358  0.1611111111   2.280864198    1.012345679    0.3209876543   0.389875566    
231      I1         1.170987654    1.577160494    3.648148148    0.947654321    0.330617284    3.338888889    2.404320988    2.790123457    -0.6419753086  0.4714061143   
232      I1         0.7722222222   1.808024691    4.092592593    0.6088888889   0.3427160494   0.1611111111   3.484567901    1.654320988    0.02469135802  0.2688548201   
233      I1         0.8561728395   2.584567901    3.845679012    0.5120987654   0.1249382716   0.1611111111   3.268518519    1.654320988    -0.987654321   0.3057215181   
234      I1         0.7092592593   1.010493827    4.067901235    0.3427160494   0.6572839506   0.1611111111   2.682098765    1.135802469    -0.987654321   0.3517593401   
235      I1         0.8561728395   1.346296296    4.413580247    0.8145679012   0.5483950617   0.1611111111   3.114197531    2.419753086    0.987654321    0.5636054471   
236      I1         0.6672839506   1.010493827    4.067901235    0.3427160494   0.9839506173   6.638888889    3.453703704    1.679012346    0.4444444444   0.4034430622   
237      I1         0.499382716    1.031481481    3.845679012    0.6572839506   0.3427160494   0.1611111111   2.682098765    2.987654321    0.3209876543   0.309464372    
238      I1         0.8351851852   2.122839506    2.635802469    0.6209876543   0.4879012346   5.05           3.052469136    2.320987654    0.3950617284   0.3070583483   
239      I1         0.4154320988   1.99691358     2.907407407    0.5483950617   0.330617284    0.2833333333   1.509259259    1.432098765    0.7407407407   0.3290708161   
240      I1         0.6462962963   1.010493827    2.932098765    0.7661728395   0.3790123457   3.338888889    1.848765432    2.987654321    0.6419753086   0.3651512893   
241      I1         0.6672839506   2.059876543    2.660493827    0.5            0.5604938272   9.938888889    3.175925926    1.604938272    -0.3209876543  0.3904506908   
242      I1         0.6043209877   2.122839506    2.709876543    0.5725925926   0.8508641975   1.138888889    2.12654321     1.654320988    0.5679012346   0.2639066327   
243      I1         0.8351851852   2.689506173    3.845679012    0.947654321    0.6209876543   0.1611111111   2.682098765    1.012345679    0.6666666667   0.4503310786   
244      I1         0.7932098765   1.954938272    4.487654321    0.5120987654   0.6572839506   3.338888889    3.484567901    1.012345679    -0.3209876543  0.3668538407   
245      I1         0.4154320988   1.808024691    3.845679012    0.5483950617   0.3427160494   0.1611111111   3.083333333    1.654320988    0.2716049383   0.2946072923   
246      I1         0.6672839506   1.010493827    3.154320988    0.3427160494   0.3548148148   6.761111111    1.015432099    2              0.6172839506   0.3011103829   
247      I1         0.8561728395   2.122839506    2.537037037    0.7782716049   0.6572839506   6.761111111    2.651234568    1.012345679    0.9382716049   0.4390774048   
248      I1         1.422839506    1.745061728    2.882716049    0.7540740741   0.584691358    2.361111111    1.540123457    2.098765432    0.6419753086   0.290587422    
249      I1         1.29691358     2.122839506    2.734567901    0.7903703704   0.6572839506   9.938888889    2.342592593    2.987654321    -0.07407407407 0.3963660404   
250      I1         0.6882716049   1.55617284     3.179012346    0.7903703704   0.4516049383   2.483333333    2.466049383    1.728395062    0.6913580247   0.3686065095   
251      I1         0.8561728395   2.689506173    2.512345679    0.4516049383   0.2217283951   9.938888889    2.959876543    1.012345679    -0.3209876543  0.4266728331   
252      I1         0.499382716    1.745061728    2.759259259    0.5120987654   0.7056790123   6.761111111    2.466049383    1.012345679    0.3209876543   0.3572600749   
253      I1         1.506790123    1.346296296    2.611111111    0.8266666667   0.9839506173   9.938888889    1.540123457    2              0.6419753086   0.339836545    
254      I1         0.8561728395   1.55617284     4.067901235    0.4032098765   0.01604938272  0.7722222222   3.484567901    1.037037037    -0.5185185185  0.364765082    
255      I1         0.7722222222   1.55617284     4.314814815    0.5483950617   0.3790123457   3.827777778    3.361111111    1.012345679    0.2716049383   0.3411477777   
256      I1         1.212962963    1.178395062    2.512345679    0.7903703704   0.669382716    3.338888889    1.972222222    2.345679012    0.5679012346   0.4228903167   
257      I1         0.8351851852   1.010493827    3.179012346    0.330617284    0.9839506173   2.116666667    2.311728395    1.654320988    -0.987654321   0.4501803867   
258      I1         1.024074074    1.010493827    2.833333333    0.1612345679   0.8508641975   7.127777778    3.021604938    1.012345679    0.1234567901   0.4133670185   
259      I1         1.066049383    2.689506173    2.759259259    0.7782716049   0.5604938272   3.338888889    2.959876543    1.777777778    0.3456790123   0.2980751694   
260      I1         1.254938272    2.689506173    2.512345679    0.7419753086   0.330617284    3.338888889    2.589506173    1.432098765    -0.3209876543  0.3296138894   
261      I1         0.8561728395   2.122839506    4.487654321    0.5            0.2943209877   9.938888889    1.416666667    1.654320988    0.3209876543   0.3695258247   
262      I1         0.7932098765   1.325308642    4.487654321    0.5604938272   0.330617284    0.1611111111   2.898148148    1.901234568    -0.987654321   0.6475949225   
263      I1         1.087037037    2.122839506    2.512345679    0.669382716    0.5725925926   9.938888889    2.404320988    1.086419753    -0.3456790123  0.3445268004   
264      I1         0.6672839506   2.122839506    4.487654321    0.3427160494   0.6572839506   0.1611111111   2.12654321     1.012345679    -0.04938271605 0.308330383    
265      I1         0.3734567901   1.55617284     4.265432099    0.415308642    0.330617284    0.1611111111   3.484567901    1.87654321     0.3209876543   0.3930610315   
266      I1         0.7722222222   1.115432099    3.820987654    0.1854320988   0.9839506173   3.216666667    2.095679012    1.012345679    -0.3209876543  0.4222715402   
267      I1         0.6043209877   1.85           3.845679012    0.6572839506   0.01604938272  0.1611111111   2.651234568    2.320987654    0.0987654321   0.2839441292   
268      I1         0.4154320988   1.199382716    3.845679012    0.4879012346   0.669382716    0.1611111111   2.651234568    2.345679012    -0.3209876543  0.4223588203   
269      I1         0.8561728395   2.122839506    4.487654321    0.6572839506   0.3548148148   0.1611111111   1.972222222    2.345679012    -0.3209876543  0.4738972074   
270      I1         0.562345679    2.122839506    2.512345679    0.4032098765   0.9839506173   0.4055555556   1.848765432    2.345679012    0.3209876543   0.284024371    
271      I1         0.6043209877   1.388271605    4.166666667    0.08864197531  0.7782716049   0.1611111111   3.145061728    1.432098765    0.987654321    0.5532115207   
272      I1         0.625308642    1.55617284     4.043209877    0.3427160494   0.9839506173   0.1611111111   3.330246914    1.012345679    -0.1728395062  0.3805175601   
273      I1         0.7722222222   1.55617284     3.574074074    0.8750617284   0.330617284    6.761111111    1.138888889    2.345679012    0.7407407407   0.4827948998   
274      I1         1.15           2.542592593    2.956790123    0.8145679012   0.4395061728   0.1611111111   3.083333333    2.222222222    -0.7654320988  0.3187507216   
275      I1         1.170987654    2.332716049    3.154320988    0.947654321    0.330617284    4.438888889    2.49691358     1.530864198    -0.07407407407 0.3364402524   
276      I1         1.15           1.55617284     2.907407407    0.8508641975   0.330617284    3.461111111    2.49691358     1.604938272    -0.987654321   0.3716823039   
277      I1         1.15           1.052469136    3.055555556    0.9234567901   0.3185185185   9.938888889    2.311728395    1.679012346    -0.2222222222  0.3710852057   
278      I1         0.8561728395   1.010493827    2.709876543    0.2217283951   0.9839506173   2.972222222    2.37345679     2.987654321    0.1975308642   0.7083261118   
279      I1         1.066049383    2.14382716     4.216049383    0.3790123457   0.2943209877   0.1611111111   1.385802469    1.209876543    0.3209876543   0.2643454117   
280      I1         1.821604938    2.101851852    3.845679012    0.6209876543   0.330617284    0.1611111111   1.385802469    1.259259259    0.8148148148   0.4452021144   
281      I1         1.380864198    2.227777778    2.537037037    0.8266666667   0.330617284    1.138888889    2.12654321     1.012345679    0.1975308642   0.3430130798   
282      I1         1.066049383    1.70308642     4.290123457    0.3427160494   0.330617284    8.961111111    1.200617284    2.567901235    0.6913580247   0.2956932353   
283      I1         1.066049383    1.010493827    2.512345679    0.3548148148   0.5            9.938888889    2.682098765    1.012345679    -0.02469135802 0.3742242534   
284      I1         0.8561728395   1.933950617    2.512345679    0.3911111111   0.3669135802   1.138888889    1.941358025    1.012345679    -0.4938271605  0.3587500878   
285      I1         0.562345679    2.584567901    2.512345679    0.4758024691   0.5362962963   0.1611111111   1.848765432    1.358024691    0.3209876543   0.2646519768   
286      I1         0.6043209877   1.85           3.154320988    0.5362962963   0.3427160494   0.1611111111   2.651234568    2.345679012    -0.987654321   0.371226767    
287      I1         0.8771604938   2.605555556    3.154320988    0.7419753086   0.01604938272  3.338888889    3.114197531    2.345679012    0.3209876543   0.3396732354   
288      I1         0.6462962963   1.55617284     2.512345679    0.415308642    0.4395061728   9.938888889    2.404320988    1.679012346    -0.5185185185  0.4070708822   
289      I1         0.6462962963   1.010493827    3.302469136    0.6572839506   0.2701234568   7.861111111    2.00308642     2.320987654    0.1975308642   0.3858288727   
290      I1         0.6672839506   2.332716049    4.117283951    0.3427160494   0.330617284    1.872222222    3.206790123    1.012345679    -0.987654321   0.3852530296   
291      I1         0.6672839506   1.870987654    3.845679012    0.5483950617   0.1128395062   1.138888889    3.206790123    1.012345679    -0.7654320988  0.3303083049   
292      I1         0.3944444444   1.367283951    3.845679012    0.7540740741   0.1854320988   0.1611111111   2.651234568    2.320987654    0.6913580247   0.3816551709   
293      I1         1.066049383    2.689506173    2.512345679    0.6935802469   0.669382716    6.883333333    2.37345679     1.654320988    0.2962962963   0.3270065848   
294      I1         1.170987654    2.647530864    4.487654321    0.4637037037   0.01604938272  6.15           1.817901235    1.012345679    -0.2962962963  0.5984730404   
295      I1         1.569753086    1.99691358     3.919753086    0.7661728395   0.4395061728   3.338888889    1.169753086    1.87654321     0.6666666667   0.3415193473   
296      I1         1.527777778    2.059876543    4.487654321    0.5483950617   0.330617284    0.7722222222   1.077160494    2.345679012    0.7160493827   0.3577701539   
297      I1         0.9401234568   1.451234568    3.845679012    0.2338271605   0.4274074074   1.016666667    1.077160494    1.654320988    0.5925925926   0.2643966864   
298      I1         0.6462962963   1.577160494    4.067901235    0.6572839506   0.415308642    0.1611111111   2.095679012    2.098765432    -0.04938271605 0.3499973839   
299      I1         1.00308642     1.55617284     4.438271605    0.2701234568   0.5362962963   3.338888889    1.509259259    1.456790123    0.4444444444   0.3232046938   
300      I1         1.758641975    1.010493827    2.907407407    0.01604938272  0.5967901235   0.4055555556   1.416666667    1.654320988    0.4938271605   0.3055177948   
%eval_id interface log__t_efold_shallow log__t_efold_soil log__t_efold_karst f_exfiltration_shallow f_exfiltration_soil PDD_melt_factor log__Hmax_shallow log__fdd_threshold log__routing_K neg_kge        
301      I1         1.170987654    2.14382716     4.216049383    0.3911111111   0.4879012346   5.05           1.108024691    1.851851852    0.5185185185   0.2378523983   
302      I1         1.340987654    2.14382716     4.216049383    0.3911111111   0.4879012346   5.05           1.108024691    1.851851852    0.5185185185   0.2616825828   
303      I1         1.170987654    2.31382716     4.216049383    0.3911111111   0.4879012346   5.05           1.108024691    1.851851852    0.5185185185   0.2349797065   
304      I1         1.170987654    2.14382716     4.416049383    0.3911111111   0.4879012346   5.05           1.108024691    1.851851852    0.5185185185   0.2890429295   
305      I1         1.170987654    2.14382716     4.216049383    0.4891111111   0.4879012346   5.05           1.108024691    1.851851852    0.5185185185   0.2479941972   
306      I1         1.170987654    2.14382716     4.216049383    0.3911111111   0.5859012346   5.05           1.108024691    1.851851852    0.5185185185   0.2350916883   
307      I1         1.170987654    2.14382716     4.216049383    0.3911111111   0.4879012346   6.04           1.108024691    1.851851852    0.5185185185   0.2407943186   
308      I1         1.170987654    2.14382716     4.216049383    0.3911111111   0.4879012346   5.05           1.358024691    1.851851852    0.5185185185   0.2277227011   
309      I1         1.170987654    2.14382716     4.216049383    0.3911111111   0.4879012346   5.05           1.108024691    2.051851852    0.5185185185   0.2365172544   
310      I1         1.170987654    2.14382716     4.216049383    0.3911111111   0.4879012346   5.05           1.108024691    1.851851852    0.7185185185   0.2430073533   
311      I1         1.000987654    2.14382716     4.216049383    0.3911111111   0.4879012346   5.05           1.108024691    1.851851852    0.5185185185   0.2240534956   
312      I1         1.170987654    1.97382716     4.216049383    0.3911111111   0.4879012346   5.05           1.108024691    1.851851852    0.5185185185   0.2429871808   
313      I1         1.170987654    2.14382716     4.016049383    0.3911111111   0.4879012346   5.05           1.108024691    1.851851852    0.5185185185   0.2563715965   
314      I1         1.170987654    2.14382716     4.216049383    0.2931111111   0.4879012346   5.05           1.108024691    1.851851852    0.5185185185   0.231446213    
315      I1         1.170987654    2.14382716     4.216049383    0.3911111111   0.3899012346   5.05           1.108024691    1.851851852    0.5185185185   0.2459906234   
316      I1         1.170987654    2.14382716     4.216049383    0.3911111111   0.4879012346   4.06           1.108024691    1.851851852    0.5185185185   0.2355504209   
317      I1         1.170987654    2.14382716     4.216049383    0.3911111111   0.4879012346   5.05           1.108024691    1.651851852    0.5185185185   0.2383948276   
318      I1         1.170987654    2.14382716     4.216049383    0.3911111111   0.4879012346   5.05           1.108024691    1.851851852    0.3185185185   0.392938641    
319      I1         1.000987654    2.31382716     4.216049383    0.3911111111   0.4879012346   5.05           1.108024691    1.851851852    0.5185185185   0.2213820908   
320      I1         1.000987654    2.14382716     4.416049383    0.3911111111   0.4879012346   5.05           1.108024691    1.851851852    0.5185185185   0.271822505    
321      I1         1.000987654    2.14382716     4.216049383    0.4891111111   0.4879012346   5.05           1.108024691    1.851851852    0.5185185185   0.2362120914   
322      I1         1.000987654    2.14382716     4.216049383    0.3911111111   0.5859012346   5.05           1.108024691    1.851851852    0.5185185185   0.223807911    
323      I1         1.000987654    2.14382716     4.216049383    0.3911111111   0.4879012346   6.04           1.108024691    1.851851852    0.5185185185   0.2283180218   
324      I1         1.000987654    2.14382716     4.216049383    0.3911111111   0.4879012346   5.05           1.358024691    1.851851852    0.5185185185   0.2538424748   
325      I1         1.000987654    2.14382716     4.216049383    0.3911111111   0.4879012346   5.05           1.108024691    2.051851852    0.5185185185   0.2214029467   
326      I1         1.000987654    2.14382716     4.216049383    0.3911111111   0.4879012346   5.05           1.108024691    1.851851852    0.7185185185   0.2504198823   
327      I1         0.8309876543   2.14382716     4.216049383    0.3911111111   0.4879012346   5.05           1.108024691    1.851851852    0.5185185185   0.2231564418   
328      I1         1.000987654    1.97382716     4.216049383    0.3911111111   0.4879012346   5.05           1.108024691    1.851851852    0.5185185185   0.2296446713   
329      I1         1.000987654    2.14382716     4.016049383    0.3911111111   0.4879012346   5.05           1.108024691    1.851851852    0.5185185185   0.2534298827   
330      I1         1.000987654    2.14382716     4.216049383    0.2931111111   0.4879012346   5.05           1.108024691    1.851851852    0.5185185185   0.2176722909   
331      I1         1.000987654    2.14382716     4.216049383    0.3911111111   0.3899012346   5.05           1.108024691    1.851851852    0.5185185185   0.2325017916   
332      I1         1.000987654    2.14382716     4.216049383    0.3911111111   0.4879012346   4.06           1.108024691    1.851851852    0.5185185185   0.2202748685   
333      I1         1.000987654    2.14382716     4.216049383    0.3911111111   0.4879012346   5.05           1.108024691    1.651851852    0.5185185185   0.2253340292   
334      I1         1.000987654    2.14382716     4.216049383    0.3911111111   0.4879012346   5.05           1.108024691    1.851851852    0.3185185185   0.3570720205   
335      I1         1.085987654    2.14382716     4.216049383    0.3911111111   0.4879012346   5.05           1.108024691    1.851851852    0.5185185185   0.2292458796   
336      I1         1.000987654    2.22882716     4.216049383    0.3911111111   0.4879012346   5.05           1.108024691    1.851851852    0.5185185185   0.22220079     
337      I1         1.000987654    2.14382716     4.316049383    0.3911111111   0.4879012346   5.05           1.108024691    1.851851852    0.5185185185   0.2423064203   
338      I1         1.000987654    2.14382716     4.216049383    0.4401111111   0.4879012346   5.05           1.108024691    1.851851852    0.5185185185   0.2294576137   
339      I1         1.000987654    2.14382716     4.216049383    0.3911111111   0.5369012346   5.05           1.108024691    1.851851852    0.5185185185   0.2229298915   
340      I1         1.000987654    2.14382716     4.216049383    0.3911111111   0.4879012346   5.545          1.108024691    1.851851852    0.5185185185   0.2267274081   
341      I1         1.000987654    2.14382716     4.216049383    0.3911111111   0.4879012346   5.05           1.233024691    1.851851852    0.5185185185   0.2071431681   
342      I1         1.000987654    2.14382716     4.216049383    0.3911111111   0.4879012346   5.05           1.108024691    1.951851852    0.5185185185   0.2223384317   
343      I1         1.000987654    2.14382716     4.216049383    0.3911111111   0.4879012346   5.05           1.108024691    1.851851852    0.6185185185   0.2193280685   
344      I1         0.9159876543   2.14382716     4.216049383    0.3911111111   0.4879012346   5.05           1.108024691    1.851851852    0.5185185185   0.22220805     
345      I1         1.000987654    2.05882716     4.216049383    0.3911111111   0.4879012346   5.05           1.108024691    1.851851852    0.5185185185   0.2268878465   
346      I1         1.000987654    2.14382716     4.116049383    0.3911111111   0.4879012346   5.05           1.108024691    1.851851852    0.5185185185   0.2270304792   
347      I1         1.000987654    2.14382716     4.216049383    0.3421111111   0.4879012346   5.05           1.108024691    1.851851852    0.5185185185   0.2200998374   
348      I1         1.000987654    2.14382716     4.216049383    0.3911111111   0.4389012346   5.05           1.108024691    1.851851852    0.5185185185   0.2272460987   
349      I1         1.000987654    2.14382716     4.216049383    0.3911111111   0.4879012346   4.555          1.108024691    1.851851852    0.5185185185   0.2222295093   
350      I1         1.000987654    2.14382716     4.216049383    0.3911111111   0.4879012346   5.05           1.108024691    1.751851852    0.5185185185   0.2251434072   
351      I1         1.000987654    2.14382716     4.216049383    0.3911111111   0.4879012346   5.05           1.108024691    1.851851852    0.4185185185   0.2737431036   
352      I1         1.085987654    2.14382716     4.216049383    0.3911111111   0.4879012346   5.05           1.233024691    1.851851852    0.5185185185   0.2015204022   
353      I1         1.000987654    2.22882716     4.216049383    0.3911111111   0.4879012346   5.05           1.233024691    1.851851852    0.5185185185   0.2070757523   
354      I1         1.000987654    2.14382716     4.316049383    0.3911111111   0.4879012346   5.05           1.233024691    1.851851852    0.5185185185   0.2058276628   
355      I1         1.000987654    2.14382716     4.216049383    0.4401111111   0.4879012346   5.05           1.233024691    1.851851852    0.5185185185   0.2076099067   
356      I1         1.000987654    2.14382716     4.216049383    0.3911111111   0.5369012346   5.05           1.233024691    1.851851852    0.5185185185   0.2139092708   
357      I1         1.000987654    2.14382716     4.216049383    0.3911111111   0.4879012346   5.545          1.233024691    1.851851852    0.5185185185   0.2114076044   
358      I1         1.000987654    2.14382716     4.216049383    0.3911111111   0.4879012346   5.05           1.233024691    1.951851852    0.5185185185   0.2051283511   
359      I1         1.000987654    2.14382716     4.216049383    0.3911111111   0.4879012346   5.05           1.233024691    1.851851852    0.6185185185   0.2358297408   
360      I1         0.9159876543   2.14382716     4.216049383    0.3911111111   0.4879012346   5.05           1.233024691    1.851851852    0.5185185185   0.2146120499   
361      I1         1.000987654    2.05882716     4.216049383    0.3911111111   0.4879012346   5.05           1.233024691    1.851851852    0.5185185185   0.2081574803   
362      I1         1.000987654    2.14382716     4.116049383    0.3911111111   0.4879012346   5.05           1.233024691    1.851851852    0.5185185185   0.2316570416   
363      I1         1.000987654    2.14382716     4.216049383    0.3421111111   0.4879012346   5.05           1.233024691    1.851851852    0.5185185185   0.2082712566   
364      I1         1.000987654    2.14382716     4.216049383    0.3911111111   0.4389012346   5.05           1.233024691    1.851851852    0.5185185185   0.2033798959   
365      I1         1.000987654    2.14382716     4.216049383    0.3911111111   0.4879012346   4.555          1.233024691    1.851851852    0.5185185185   0.2037040652   
366      I1         1.000987654    2.14382716     4.216049383    0.3911111111   0.4879012346   5.05           1.233024691    1.751851852    0.5185185185   0.2082275738   
367      I1         1.000987654    2.14382716     4.216049383    0.3911111111   0.4879012346   5.05           1.233024691    1.851851852    0.4185185185   0.211262373    
368      I1         1.170987654    2.14382716     4.216049383    0.3911111111   0.4879012346   5.05           1.233024691    1.851851852    0.5185185185   0.2002231625   
369      I1         1.085987654    2.22882716     4.216049383    0.3911111111   0.4879012346   5.05           1.233024691    1.851851852    0.5185185185   0.2010310468   
370      I1         1.085987654    2.14382716     4.316049383    0.3911111111   0.4879012346   5.05           1.233024691    1.851851852    0.5185185185   0.201899892    
371      I1         1.085987654    2.14382716     4.216049383    0.4401111111   0.4879012346   5.05           1.233024691    1.851851852    0.5185185185   0.2034082624   
372      I1         1.085987654    2.14382716     4.216049383    0.3911111111   0.5369012346   5.05           1.233024691    1.851851852    0.5185185185   0.2074003233   
373      I1         1.085987654    2.14382716     4.216049383    0.3911111111   0.4879012346   5.545          1.233024691    1.851851852    0.5185185185   0.2054447379   
374      I1         1.085987654    2.14382716     4.216049383    0.3911111111   0.4879012346   5.05           1.358024691    1.851851852    0.5185185185   0.2404229021   
375      I1         1.085987654    2.14382716     4.216049383    0.3911111111   0.4879012346   5.05           1.233024691    1.951851852    0.5185185185   0.1996351066   
376      I1         1.085987654    2.14382716     4.216049383    0.3911111111   0.4879012346   5.05           1.233024691    1.851851852    0.6185185185   0.2263578365   
377      I1         1.085987654    2.05882716     4.216049383    0.3911111111   0.4879012346   5.05           1.233024691    1.851851852    0.5185185185   0.2028273703   
378      I1         1.085987654    2.14382716     4.116049383    0.3911111111   0.4879012346   5.05           1.233024691    1.851851852    0.5185185185   0.2246291222   
379      I1         1.085987654    2.14382716     4.216049383    0.3421111111   0.4879012346   5.05           1.233024691    1.851851852    0.5185185185   0.2010009659   
380      I1         1.085987654    2.14382716     4.216049383    0.3911111111   0.4389012346   5.05           1.233024691    1.851851852    0.5185185185   0.1983895377   
381      I1         1.085987654    2.14382716     4.216049383    0.3911111111   0.4879012346   4.555          1.233024691    1.851851852    0.5185185185   0.1983252641   
382      I1         1.085987654    2.14382716     4.216049383    0.3911111111   0.4879012346   5.05           1.233024691    1.751851852    0.5185185185   0.2026343035   
383      I1         1.085987654    2.14382716     4.216049383    0.3911111111   0.4879012346   5.05           1.233024691    1.851851852    0.4185185185   0.2139438661   
384      I1         1.170987654    2.14382716     4.216049383    0.3911111111   0.4879012346   4.555          1.233024691    1.851851852    0.5185185185   0.197337854    
385      I1         1.085987654    2.22882716     4.216049383    0.3911111111   0.4879012346   4.555          1.233024691    1.851851852    0.5185185185   0.1977921029   
386      I1         1.085987654    2.14382716     4.316049383    0.3911111111   0.4879012346   4.555          1.233024691    1.851851852    0.5185185185   0.1995111995   
387      I1         1.085987654    2.14382716     4.216049383    0.4401111111   0.4879012346   4.555          1.233024691    1.851851852    0.5185185185   0.2003035401   
388      I1         1.085987654    2.14382716     4.216049383    0.3911111111   0.5369012346   4.555          1.233024691    1.851851852    0.5185185185   0.2040173626   
389      I1         1.085987654    2.14382716     4.216049383    0.3911111111   0.4879012346   4.555          1.358024691    1.851851852    0.5185185185   0.237038182    
390      I1         1.085987654    2.14382716     4.216049383    0.3911111111   0.4879012346   4.555          1.233024691    1.951851852    0.5185185185   0.1962163054   
391      I1         1.085987654    2.14382716     4.216049383    0.3911111111   0.4879012346   4.555          1.233024691    1.851851852    0.6185185185   0.2228742734   
392      I1         1.085987654    2.05882716     4.216049383    0.3911111111   0.4879012346   4.555          1.233024691    1.851851852    0.5185185185   0.1996973978   
393      I1         1.085987654    2.14382716     4.116049383    0.3911111111   0.4879012346   4.555          1.233024691    1.851851852    0.5185185185   0.2210684945   
394      I1         1.085987654    2.14382716     4.216049383    0.3421111111   0.4879012346   4.555          1.233024691    1.851851852    0.5185185185   0.197749218    
395      I1         1.085987654    2.14382716     4.216049383    0.3911111111   0.4389012346   4.555          1.233024691    1.851851852    0.5185185185   0.1954420274   
396      I1         1.085987654    2.14382716     4.216049383    0.3911111111   0.4879012346   4.06           1.233024691    1.851851852    0.5185185185   0.1949528339   
397      I1         1.085987654    2.14382716     4.216049383    0.3911111111   0.4879012346   4.555          1.108024691    1.851851852    0.5185185185   0.2277684256   
398      I1         1.085987654    2.14382716     4.216049383    0.3911111111   0.4879012346   4.555          1.233024691    1.751851852    0.5185185185   0.1991578927   
399      I1         1.085987654    2.14382716     4.216049383    0.3911111111   0.4879012346   4.555          1.233024691    1.851851852    0.4185185185   0.2116914292   
400      I1         1.170987654    2.14382716     4.216049383    0.3911111111   0.4879012346   4.06           1.233024691    1.851851852    0.5185185185   0.1943265862   
401      I1         1.085987654    2.22882716     4.216049383    0.3911111111   0.4879012346   4.06           1.233024691    1.851851852    0.5185185185   0.1943705859   
402      I1         1.085987654    2.14382716     4.316049383    0.3911111111   0.4879012346   4.06           1.233024691    1.851851852    0.5185185185   0.1970714422   
403      I1         1.085987654    2.14382716     4.216049383    0.4401111111   0.4879012346   4.06           1.233024691    1.851851852    0.5185185185   0.1970445141   
404      I1         1.085987654    2.14382716     4.216049383    0.3911111111   0.5369012346   4.06           1.233024691    1.851851852    0.5185185185   0.2004364172   
405      I1         1.085987654    2.14382716     4.216049383    0.3911111111   0.4879012346   4.06           1.358024691    1.851851852    0.5185185185   0.2335092852   
406      I1         1.085987654    2.14382716     4.216049383    0.3911111111   0.4879012346   4.06           1.233024691    1.951851852    0.5185185185   0.1929015609   
407      I1         1.085987654    2.14382716     4.216049383    0.3911111111   0.4879012346   4.06           1.233024691    1.851851852    0.6185185185   0.2191071237   
408      I1         1.000987654    2.14382716     4.216049383    0.3911111111   0.4879012346   4.06           1.233024691    1.851851852    0.5185185185   0.2000467514   
409      I1         1.085987654    2.05882716     4.216049383    0.3911111111   0.4879012346   4.06           1.233024691    1.851851852    0.5185185185   0.1963943594   
410      I1         1.085987654    2.14382716     4.116049383    0.3911111111   0.4879012346   4.06           1.233024691    1.851851852    0.5185185185   0.2172610772   
411      I1         1.085987654    2.14382716     4.216049383    0.3421111111   0.4879012346   4.06           1.233024691    1.851851852    0.5185185185   0.1943036731   
412      I1         1.085987654    2.14382716     4.216049383    0.3911111111   0.4389012346   4.06           1.233024691    1.851851852    0.5185185185   0.1923604984   
413      I1         1.085987654    2.14382716     4.216049383    0.3911111111   0.4879012346   3.565          1.233024691    1.851851852    0.5185185185   0.1913246078   
414      I1         1.085987654    2.14382716     4.216049383    0.3911111111   0.4879012346   4.06           1.108024691    1.851851852    0.5185185185   0.2262132252   
415      I1         1.085987654    2.14382716     4.216049383    0.3911111111   0.4879012346   4.06           1.233024691    1.751851852    0.5185185185   0.1957797127   
416      I1         1.085987654    2.14382716     4.216049383    0.3911111111   0.4879012346   4.06           1.233024691    1.851851852    0.4185185185   0.2094212299   
417      I1         1.255987654    2.14382716     4.216049383    0.3911111111   0.4879012346   3.565          1.233024691    1.851851852    0.5185185185   0.1951913403   
418      I1         1.085987654    2.31382716     4.216049383    0.3911111111   0.4879012346   3.565          1.233024691    1.851851852    0.5185185185   0.1902913807   
419      I1         1.085987654    2.14382716     4.416049383    0.3911111111   0.4879012346   3.565          1.233024691    1.851851852    0.5185185185   0.216252241    
420      I1         1.085987654    2.14382716     4.216049383    0.4891111111   0.4879012346   3.565          1.233024691    1.851851852    0.5185185185   0.1974548379   
421      I1         1.085987654    2.14382716     4.216049383    0.3911111111   0.5859012346   3.565          1.233024691    1.851851852    0.5185185185   0.2042425592   
422      I1         1.085987654    2.14382716     4.216049383    0.3911111111   0.4879012346   3.565          1.483024691    1.851851852    0.5185185185   0.3177756353   
423      I1         1.085987654    2.14382716     4.216049383    0.3911111111   0.4879012346   3.565          1.233024691    2.051851852    0.5185185185   0.1898105636   
424      I1         1.085987654    2.14382716     4.216049383    0.3911111111   0.4879012346   3.565          1.233024691    1.851851852    0.7185185185   0.2604790439   
425      I1         0.9159876543   2.14382716     4.216049383    0.3911111111   0.4879012346   3.565          1.233024691    1.851851852    0.5185185185   0.203117125    
426      I1         1.085987654    1.97382716     4.216049383    0.3911111111   0.4879012346   3.565          1.233024691    1.851851852    0.5185185185   0.1957157501   
427      I1         1.085987654    2.14382716     4.016049383    0.3911111111   0.4879012346   3.565          1.233024691    1.851851852    0.5185185185   0.2533018485   
428      I1         1.085987654    2.14382716     4.216049383    0.2931111111   0.4879012346   3.565          1.233024691    1.851851852    0.5185185185   0.1913261044   
429      I1         1.085987654    2.14382716     4.216049383    0.3911111111   0.3899012346   3.565          1.233024691    1.851851852    0.5185185185   0.1901875426   
430      I1         1.085987654    2.14382716     4.216049383    0.3911111111   0.4879012346   2.575          1.233024691    1.851851852    0.5185185185   0.1831134982   
431      I1         1.085987654    2.14382716     4.216049383    0.3911111111   0.4879012346   3.565          1.233024691    1.651851852    0.5185185185   0.1925972418   
432      I1         1.085987654    2.14382716     4.216049383    0.3911111111   0.4879012346   3.565          1.233024691    1.851851852    0.3185185185   0.2632771386   
433      I1         1.170987654    2.14382716     4.216049383    0.3911111111   0.4879012346   3.565          1.233024691    1.851851852    0.5185185185   0.191037953    
434      I1         1.085987654    2.22882716     4.216049383    0.3911111111   0.4879012346   3.565          1.233024691    1.851851852    0.5185185185   0.1906861069   
435      I1         1.085987654    2.14382716     4.316049383    0.3911111111   0.4879012346   3.565          1.233024691    1.851851852    0.5185185185   0.1944851129   
436      I1         1.085987654    2.14382716     4.216049383    0.4401111111   0.4879012346   3.565          1.233024691    1.851851852    0.5185185185   0.1935476146   
437      I1         1.085987654    2.14382716     4.216049383    0.3911111111   0.5369012346   3.565          1.233024691    1.851851852    0.5185185185   0.1965617286   
438      I1         1.085987654    2.14382716     4.216049383    0.3911111111   0.4879012346   3.565          1.358024691    1.851851852    0.5185185185   0.2290330488   
439      I1         1.085987654    2.14382716     4.216049383    0.3911111111   0.4879012346   3.565          1.233024691    1.951851852    0.5185185185   0.1893378317   
440      I1         1.085987654    2.14382716     4.216049383    0.3911111111   0.4879012346   3.565          1.233024691    1.851851852    0.6185185185   0.2152302511   
441      I1         1.000987654    2.14382716     4.216049383    0.3911111111   0.4879012346   3.565          1.233024691    1.851851852    0.5185185185   0.1961590901   
442      I1         1.085987654    2.05882716     4.216049383    0.3911111111   0.4879012346   3.565          1.233024691    1.851851852    0.5185185185   0.1928451535   
443      I1         1.085987654    2.14382716     4.116049383    0.3911111111   0.4879012346   3.565          1.233024691    1.851851852    0.5185185185   0.2131013125   
444      I1         1.085987654    2.14382716     4.216049383    0.3421111111   0.4879012346   3.565          1.233024691    1.851851852    0.5185185185   0.1905896675   
445      I1         1.085987654    2.14382716     4.216049383    0.3911111111   0.4389012346   3.565          1.233024691    1.851851852    0.5185185185   0.189065778    
446      I1         1.085987654    2.14382716     4.216049383    0.3911111111   0.4879012346   3.07           1.233024691    1.851851852    0.5185185185   0.1877594373   
447      I1         1.085987654    2.14382716     4.216049383    0.3911111111   0.4879012346   3.565          1.108024691    1.851851852    0.5185185185   0.2242993975   
448      I1         1.085987654    2.14382716     4.216049383    0.3911111111   0.4879012346   3.565          1.233024691    1.751851852    0.5185185185   0.1921454587   
449      I1         1.085987654    2.14382716     4.216049383    0.3911111111   0.4879012346   3.565          1.233024691    1.851851852    0.4185185185   0.2067456952   
450      I1         1.170987654    2.14382716     4.216049383    0.3911111111   0.4879012346   3.07           1.233024691    1.851851852    0.5185185185   0.1879334231   
451      I1         1.085987654    2.22882716     4.216049383    0.3911111111   0.4879012346   3.07           1.233024691    1.851851852    0.5185185185   0.187056704    
452      I1         1.085987654    2.14382716     4.316049383    0.3911111111   0.4879012346   3.07           1.233024691    1.851851852    0.5185185185   0.1920796525   
453      I1         1.085987654    2.14382716     4.216049383    0.4401111111   0.4879012346   3.07           1.233024691    1.851851852    0.5185185185   0.1901309721   
454      I1         1.085987654    2.14382716     4.216049383    0.3911111111   0.5369012346   3.07           1.233024691    1.851851852    0.5185185185   0.1927093152   
455      I1         1.085987654    2.14382716     4.216049383    0.3911111111   0.4879012346   3.07           1.358024691    1.851851852    0.5185185185   0.2246762427   
456      I1         1.085987654    2.14382716     4.216049383    0.3911111111   0.4879012346   3.07           1.233024691    1.951851852    0.5185185185   0.1857744338   
457      I1         1.085987654    2.14382716     4.216049383    0.3911111111   0.4879012346   3.07           1.233024691    1.851851852    0.6185185185   0.2112370149   
458      I1         1.000987654    2.14382716     4.216049383    0.3911111111   0.4879012346   3.07           1.233024691    1.851851852    0.5185185185   0.1922178128   
459      I1         1.085987654    2.05882716     4.216049383    0.3911111111   0.4879012346   3.07           1.233024691    1.851851852    0.5185185185   0.1893708365   
460      I1         1.085987654    2.14382716     4.116049383    0.3911111111   0.4879012346   3.07           1.233024691    1.851851852    0.5185185185   0.208904557    
461      I1         1.085987654    2.14382716     4.216049383    0.3421111111   0.4879012346   3.07           1.233024691    1.851851852    0.5185185185   0.1869250105   
462      I1         1.085987654    2.14382716     4.216049383    0.3911111111   0.4389012346   3.07           1.233024691    1.851851852    0.5185185185   0.1858789697   
463      I1         1.085987654    2.14382716     4.216049383    0.3911111111   0.4879012346   3.07           1.108024691    1.851851852    0.5185185185   0.2225812788   
464      I1         1.085987654    2.14382716     4.216049383    0.3911111111   0.4879012346   3.07           1.233024691    1.751851852    0.5185185185   0.1885730788   
465      I1         1.085987654    2.14382716     4.216049383    0.3911111111   0.4879012346   3.07           1.233024691    1.851851852    0.4185185185   0.2044057459   
466      I1         1.170987654    2.14382716     4.216049383    0.3911111111   0.4879012346   2.575          1.233024691    1.851851852    0.5185185185   0.1839207049   
467      I1         1.085987654    2.22882716     4.216049383    0.3911111111   0.4879012346   2.575          1.233024691    1.851851852    0.5185185185   0.1823457611   
468      I1         1.085987654    2.14382716     4.316049383    0.3911111111   0.4879012346   2.575          1.233024691    1.851851852    0.5185185185   0.1886395303   
469      I1         1.085987654    2.14382716     4.216049383    0.4401111111   0.4879012346   2.575          1.233024691    1.851851852    0.5185185185   0.1856211337   
470      I1         1.085987654    2.14382716     4.216049383    0.3911111111   0.5369012346   2.575          1.233024691    1.851851852    0.5185185185   0.1877736618   
471      I1         1.085987654    2.14382716     4.216049383    0.3911111111   0.4879012346   2.575          1.358024691    1.851851852    0.5185185185   0.2196929249   
472      I1         1.085987654    2.14382716     4.216049383    0.3911111111   0.4879012346   2.575          1.233024691    1.951851852    0.5185185185   0.1812577353   
473      I1         1.085987654    2.14382716     4.216049383    0.3911111111   0.4879012346   2.575          1.233024691    1.851851852    0.6185185185   0.2064129044   
474      I1         1.000987654    2.14382716     4.216049383    0.3911111111   0.4879012346   2.575          1.233024691    1.851851852    0.5185185185   0.1870606822   
475      I1         1.085987654    2.05882716     4.216049383    0.3911111111   0.4879012346   2.575          1.233024691    1.851851852    0.5185185185   0.1848317227   
476      I1         1.085987654    2.14382716     4.116049383    0.3911111111   0.4879012346   2.575          1.233024691    1.851851852    0.5185185185   0.2036674385   
477      I1         1.085987654    2.14382716     4.216049383    0.3421111111   0.4879012346   2.575          1.233024691    1.851851852    0.5185185185   0.1821978293   
478      I1         1.085987654    2.14382716     4.216049383    0.3911111111   0.4389012346   2.575          1.233024691    1.851851852    0.5185185185   0.1816194812   
479      I1         1.085987654    2.14382716     4.216049383    0.3911111111   0.4879012346   2.08           1.233024691    1.851851852    0.5185185185   0.1784105914   
480      I1         1.085987654    2.14382716     4.216049383    0.3911111111   0.4879012346   2.575          1.108024691    1.851851852    0.5185185185   0.2201266491   
481      I1         1.085987654    2.14382716     4.216049383    0.3911111111   0.4879012346   2.575          1.233024691    1.751851852    0.5185185185   0.1838881298   
482      I1         1.085987654    2.14382716     4.216049383    0.3911111111   0.4879012346   2.575          1.233024691    1.851851852    0.4185185185   0.2010707606   
483      I1         1.170987654    2.14382716     4.216049383    0.3911111111   0.4879012346   2.08           1.233024691    1.851851852    0.5185185185   0.1800065292   
484      I1         1.085987654    2.22882716     4.216049383    0.3911111111   0.4879012346   2.08           1.233024691    1.851851852    0.5185185185   0.1775860102   
485      I1         1.085987654    2.14382716     4.316049383    0.3911111111   0.4879012346   2.08           1.233024691    1.851851852    0.5185185185   0.1850709828   
486      I1         1.085987654    2.14382716     4.216049383    0.4401111111   0.4879012346   2.08           1.233024691    1.851851852    0.5185185185   0.1810864876   
487      I1         1.085987654    2.14382716     4.216049383    0.3911111111   0.5369012346   2.08           1.233024691    1.851851852    0.5185185185   0.182803408    
488      I1         1.085987654    2.14382716     4.216049383    0.3911111111   0.4879012346   2.08           1.358024691    1.851851852    0.5185185185   0.2143559815   
489      I1         1.085987654    2.14382716     4.216049383    0.3911111111   0.4879012346   2.08           1.233024691    1.951851852    0.5185185185   0.1764415406   
490      I1         1.085987654    2.14382716     4.216049383    0.3911111111   0.4879012346   2.08           1.233024691    1.851851852    0.6185185185   0.2015965887   
491      I1         1.000987654    2.14382716     4.216049383    0.3911111111   0.4879012346   2.08           1.233024691    1.851851852    0.5185185185   0.1817169797   
492      I1         1.085987654    2.05882716     4.216049383    0.3911111111   0.4879012346   2.08           1.233024691    1.851851852    0.5185185185   0.1802246487   
493      I1         1.085987654    2.14382716     4.116049383    0.3911111111   0.4879012346   2.08           1.233024691    1.851851852    0.5185185185   0.1984869796   
494      I1         1.085987654    2.14382716     4.216049383    0.3421111111   0.4879012346   2.08           1.233024691    1.851851852    0.5185185185   0.1773755435   
495      I1         1.085987654    2.14382716     4.216049383    0.3911111111   0.4389012346   2.08           1.233024691    1.851851852    0.5185185185   0.1772688544   
496      I1         1.085987654    2.14382716     4.216049383    0.3911111111   0.4879012346   1.585          1.233024691    1.851851852    0.5185185185   0.1716877294   
497      I1         1.085987654    2.14382716     4.216049383    0.3911111111   0.4879012346   2.08           1.108024691    1.851851852    0.5185185185   0.217347757    
498      I1         1.085987654    2.14382716     4.216049383    0.3911111111   0.4879012346   2.08           1.233024691    1.751851852    0.5185185185   0.1788842357   
499      I1         1.085987654    2.14382716     4.216049383    0.3911111111   0.4879012346   2.08           1.233024691    1.851851852    0.4185185185   0.1977283888   
500      I1         1.170987654    2.14382716     4.216049383    0.3911111111   0.4879012346   1.585          1.233024691    1.851851852    0.5185185185   0.1746241449   
501      I1         1.085987654    2.22882716     4.216049383    0.3911111111   0.4879012346   1.585          1.233024691    1.851851852    0.5185185185   0.1708119065   
502      I1         1.085987654    2.14382716     4.316049383    0.3911111111   0.4879012346   1.585          1.233024691    1.851851852    0.5185185185   0.1799887199   
503      I1         1.085987654    2.14382716     4.216049383    0.4401111111   0.4879012346   1.585          1.233024691    1.851851852    0.5185185185   0.1746360628   
504      I1         1.085987654    2.14382716     4.216049383    0.3911111111   0.5369012346   1.585          1.233024691    1.851851852    0.5185185185   0.1757323232   
505      I1         1.085987654    2.14382716     4.216049383    0.3911111111   0.4879012346   1.585          1.358024691    1.851851852    0.5185185185   0.2064946488   
506      I1         1.085987654    2.14382716     4.216049383    0.3911111111   0.4879012346   1.585          1.233024691    1.951851852    0.5185185185   0.169536295    
507      I1         1.085987654    2.14382716     4.216049383    0.3911111111   0.4879012346   1.585          1.233024691    1.851851852    0.6185185185   0.1947180818   
508      I1         1.000987654    2.14382716     4.216049383    0.3911111111   0.4879012346   1.585          1.233024691    1.851851852    0.5185185185   0.1738428905   
509      I1         1.085987654    2.05882716     4.216049383    0.3911111111   0.4879012346   1.585          1.233024691    1.851851852    0.5185185185   0.1737013278   
510      I1         1.085987654    2.14382716     4.116049383    0.3911111111   0.4879012346   1.585          1.233024691    1.851851852    0.5185185185   0.1912553932   
511      I1         1.085987654    2.14382716     4.216049383    0.3421111111   0.4879012346   1.585          1.233024691    1.851851852    0.5185185185   0.1704564414   
512      I1         1.085987654    2.14382716     4.216049383    0.3911111111   0.4389012346   1.585          1.233024691    1.851851852    0.5185185185   0.1710449912   
513      I1         1.085987654    2.14382716     4.216049383    0.3911111111   0.4879012346   1.09           1.233024691    1.851851852    0.5185185185   0.1631252886   
514      I1         1.085987654    2.14382716     4.216049383    0.3911111111   0.4879012346   1.585          1.108024691    1.851851852    0.5185185185   0.2142361551   
515      I1         1.085987654    2.14382716     4.216049383    0.3911111111   0.4879012346   1.585          1.233024691    1.751851852    0.5185185185   0.1719351943   
516      I1         1.085987654    2.14382716     4.216049383    0.3911111111   0.4879012346   1.585          1.233024691    1.851851852    0.4185185185   0.1929901676   
517      I1         1.255987654    2.14382716     4.216049383    0.3911111111   0.4879012346   1.09           1.233024691    1.851851852    0.5185185185   0.1792973873   
518      I1         1.085987654    2.31382716     4.216049383    0.3911111111   0.4879012346   1.09           1.233024691    1.851851852    0.5185185185   0.161257387    
519      I1         1.085987654    2.14382716     4.416049383    0.3911111111   0.4879012346   1.09           1.233024691    1.851851852    0.5185185185   0.2081791134   
520      I1         1.085987654    2.14382716     4.216049383    0.4891111111   0.4879012346   1.09           1.233024691    1.851851852    0.5185185185   0.1731214034   
521      I1         1.085987654    2.14382716     4.216049383    0.3911111111   0.5859012346   1.09           1.233024691    1.851851852    0.5185185185   0.1708425706   
522      I1         1.085987654    2.14382716     4.216049383    0.3911111111   0.4879012346   1.09           1.483024691    1.851851852    0.5185185185   0.2797334602   
523      I1         1.085987654    2.14382716     4.216049383    0.3911111111   0.4879012346   1.09           1.233024691    2.051851852    0.5185185185   0.1611260297   
524      I1         1.085987654    2.14382716     4.216049383    0.3911111111   0.4879012346   1.09           1.233024691    1.851851852    0.7185185185   0.2295295647   
525      I1         0.9159876543   2.14382716     4.216049383    0.3911111111   0.4879012346   1.09           1.233024691    1.851851852    0.5185185185   0.1659034868   
526      I1         1.085987654    1.97382716     4.216049383    0.3911111111   0.4879012346   1.09           1.233024691    1.851851852    0.5185185185   0.1692708263   
527      I1         1.085987654    2.14382716     4.016049383    0.3911111111   0.4879012346   1.09           1.233024691    1.851851852    0.5185185185   0.2180445665   
528      I1         1.085987654    2.14382716     4.216049383    0.2931111111   0.4879012346   1.09           1.233024691    1.851851852    0.5185185185   0.1610545537   
529      I1         1.085987654    2.14382716     4.216049383    0.3911111111   0.3899012346   1.09           1.233024691    1.851851852    0.5185185185   0.1700605951   
530      I1         1.085987654    2.14382716     4.216049383    0.3911111111   0.4879012346   1.09           1.233024691    1.651851852    0.5185185185   0.1633336219   
531      I1         1.085987654    2.14382716     4.216049383    0.3911111111   0.4879012346   1.09           1.233024691    1.851851852    0.3185185185   0.2565359358   
532      I1         1.170987654    2.14382716     4.216049383    0.3911111111   0.4879012346   1.09           1.233024691    1.851851852    0.5185185185   0.1686732987   
533      I1         1.085987654    2.22882716     4.216049383    0.3911111111   0.4879012346   1.09           1.233024691    1.851851852    0.5185185185   0.1619126633   
534      I1         1.085987654    2.14382716     4.316049383    0.3911111111   0.4879012346   1.09           1.233024691    1.851851852    0.5185185185   0.1774912666   
535      I1         1.085987654    2.14382716     4.216049383    0.4401111111   0.4879012346   1.09           1.233024691    1.851851852    0.5185185185   0.1670552174   
536      I1         1.085987654    2.14382716     4.216049383    0.3911111111   0.5369012346   1.09           1.233024691    1.851851852    0.5185185185   0.1653201536   
537      I1         1.085987654    2.14382716     4.216049383    0.3911111111   0.4879012346   1.09           1.358024691    1.851851852    0.5185185185   0.1904118211   
538      I1         1.085987654    2.14382716     4.216049383    0.3911111111   0.4879012346   1.09           1.233024691    1.951851852    0.5185185185   0.1612094225   
539      I1         1.085987654    2.14382716     4.216049383    0.3911111111   0.4879012346   1.09           1.233024691    1.851851852    0.6185185185   0.1833827913   
540      I1         1.000987654    2.14382716     4.216049383    0.3911111111   0.4879012346   1.09           1.233024691    1.851851852    0.5185185185   0.1628212982   
541      I1         1.085987654    2.05882716     4.216049383    0.3911111111   0.4879012346   1.09           1.233024691    1.851851852    0.5185185185   0.1655843452   
542      I1         1.085987654    2.14382716     4.116049383    0.3911111111   0.4879012346   1.09           1.233024691    1.851851852    0.5185185185   0.1783146766   
543      I1         1.085987654    2.14382716     4.216049383    0.3421111111   0.4879012346   1.09           1.233024691    1.851851852    0.5185185185   0.1611225684   
544      I1         1.085987654    2.14382716     4.216049383    0.3911111111   0.4389012346   1.09           1.233024691    1.851851852    0.5185185185   0.1646820553   
545      I1         1.085987654    2.14382716     4.216049383    0.3911111111   0.4879012346   0.595          1.233024691    1.851851852    0.5185185185   0.1767805886   
546      I1         1.085987654    2.14382716     4.216049383    0.3911111111   0.4879012346   1.09           1.108024691    1.851851852    0.5185185185   0.216566174    
547      I1         1.085987654    2.14382716     4.216049383    0.3911111111   0.4879012346   1.09           1.233024691    1.751851852    0.5185185185   0.1630801446   
548      I1         1.085987654    2.14382716     4.216049383    0.3911111111   0.4879012346   1.09           1.233024691    1.851851852    0.4185185185   0.1891891697   
549      I1         1.128487654    2.14382716     4.216049383    0.3911111111   0.4879012346   1.09           1.233024691    1.851851852    0.5185185185   0.165313665    
550      I1         1.085987654    2.18632716     4.216049383    0.3911111111   0.4879012346   1.09           1.233024691    1.851851852    0.5185185185   0.1624352693   
551      I1         1.085987654    2.14382716     4.266049383    0.3911111111   0.4879012346   1.09           1.233024691    1.851851852    0.5185185185   0.1672197388   
552      I1         1.085987654    2.14382716     4.216049383    0.4156111111   0.4879012346   1.09           1.233024691    1.851851852    0.5185185185   0.164850534    
553      I1         1.085987654    2.14382716     4.216049383    0.3911111111   0.5124012346   1.09           1.233024691    1.851851852    0.5185185185   0.1637731608   
554      I1         1.085987654    2.14382716     4.216049383    0.3911111111   0.4879012346   1.3375         1.233024691    1.851851852    0.5185185185   0.1670949452   
555      I1         1.085987654    2.14382716     4.216049383    0.3911111111   0.4879012346   1.09           1.295524691    1.851851852    0.5185185185   0.164993246    
556      I1         1.085987654    2.14382716     4.216049383    0.3911111111   0.4879012346   1.09           1.233024691    1.901851852    0.5185185185   0.1615325504   
557      I1         1.085987654    2.14382716     4.216049383    0.3911111111   0.4879012346   1.09           1.233024691    1.851851852    0.5685185185   0.1686296116   
558      I1         1.043487654    2.14382716     4.216049383    0.3911111111   0.4879012346   1.09           1.233024691    1.851851852    0.5185185185   0.1624004014   
559      I1         1.085987654    2.10132716     4.216049383    0.3911111111   0.4879012346   1.09           1.233024691    1.851851852    0.5185185185   0.1641107721   
560      I1         1.085987654    2.14382716     4.166049383    0.3911111111   0.4879012346   1.09           1.233024691    1.851851852    0.5185185185   0.166840432    
561      I1         1.085987654    2.14382716     4.216049383    0.3666111111   0.4879012346   1.09           1.233024691    1.851851852    0.5185185185   0.1618821356   
562      I1         1.085987654    2.14382716     4.216049383    0.3911111111   0.4634012346   1.09           1.233024691    1.851851852    0.5185185185   0.1634212378   
563      I1         1.085987654    2.14382716     4.216049383    0.3911111111   0.4879012346   0.8425         1.233024691    1.851851852    0.5185185185   0.1660853269   
564      I1         1.085987654    2.14382716     4.216049383    0.3911111111   0.4879012346   1.09           1.170524691    1.851851852    0.5185185185   0.1835001477   
565      I1         1.085987654    2.14382716     4.216049383    0.3911111111   0.4879012346   1.09           1.233024691    1.801851852    0.5185185185   0.1630872329   
566      I1         1.085987654    2.14382716     4.216049383    0.3911111111   0.4879012346   1.09           1.233024691    1.851851852    0.4685185185   0.1697760105   
567      I1         1.128487654    2.14382716     4.216049383    0.3911111111   0.4879012346   1.09           1.233024691    1.901851852    0.5185185185   0.1638740092   
568      I1         1.085987654    2.18632716     4.216049383    0.3911111111   0.4879012346   1.09           1.233024691    1.901851852    0.5185185185   0.1608782795   
569      I1         1.085987654    2.14382716     4.266049383    0.3911111111   0.4879012346   1.09           1.233024691    1.901851852    0.5185185185   0.1660181876   
570      I1         1.085987654    2.14382716     4.216049383    0.4156111111   0.4879012346   1.09           1.233024691    1.901851852    0.5185185185   0.1632445048   
571      I1         1.085987654    2.14382716     4.216049383    0.3911111111   0.5124012346   1.09           1.233024691    1.901851852    0.5185185185   0.1620520169   
572      I1         1.085987654    2.14382716     4.216049383    0.3911111111   0.4879012346   1.3375         1.233024691    1.901851852    0.5185185185   0.1655141801   
573      I1         1.085987654    2.14382716     4.216049383    0.3911111111   0.4879012346   1.09           1.295524691    1.901851852    0.5185185185   0.1634259254   
574      I1         1.085987654    2.14382716     4.216049383    0.3911111111   0.4879012346   1.09           1.233024691    1.901851852    0.5685185185   0.1667416617   
575      I1         1.043487654    2.14382716     4.216049383    0.3911111111   0.4879012346   1.09           1.233024691    1.901851852    0.5185185185   0.1606823745   
576      I1         1.085987654    2.10132716     4.216049383    0.3911111111   0.4879012346   1.09           1.233024691    1.901851852    0.5185185185   0.162391177    
577      I1         1.085987654    2.14382716     4.166049383    0.3911111111   0.4879012346   1.09           1.233024691    1.901851852    0.5185185185   0.1649514564   
578      I1         1.085987654    2.14382716     4.216049383    0.3666111111   0.4879012346   1.09           1.233024691    1.901851852    0.5185185185   0.1603149232   
579      I1         1.085987654    2.14382716     4.216049383    0.3911111111   0.4634012346   1.09           1.233024691    1.901851852    0.5185185185   0.1620179536   
580      I1         1.085987654    2.14382716     4.216049383    0.3911111111   0.4879012346   0.8425         1.233024691    1.901851852    0.5185185185   0.1646197841   
581      I1         1.085987654    2.14382716     4.216049383    0.3911111111   0.4879012346   1.09           1.170524691    1.901851852    0.5185185185   0.1821450081   
582      I1         1.085987654    2.14382716     4.216049383    0.3911111111   0.4879012346   1.09           1.233024691    1.901851852    0.4685185185   0.1684659256   
583      I1         1.128487654    2.14382716     4.216049383    0.3666111111   0.4879012346   1.09           1.233024691    1.901851852    0.5185185185   0.1623747263   
584      I1         1.085987654    2.18632716     4.216049383    0.3666111111   0.4879012346   1.09           1.233024691    1.901851852    0.5185185185   0.1596870372   
585      I1         1.085987654    2.14382716     4.266049383    0.3666111111   0.4879012346   1.09           1.233024691    1.901851852    0.5185185185   0.1651082883   
586      I1         1.085987654    2.14382716     4.216049383    0.3666111111   0.5124012346   1.09           1.233024691    1.901851852    0.5185185185   0.1607953375   
587      I1         1.085987654    2.14382716     4.216049383    0.3666111111   0.4879012346   1.3375         1.233024691    1.901851852    0.5185185185   0.1645598313   
588      I1         1.085987654    2.14382716     4.216049383    0.3666111111   0.4879012346   1.09           1.295524691    1.901851852    0.5185185185   0.1642389309   
589      I1         1.085987654    2.14382716     4.216049383    0.3666111111   0.4879012346   1.09           1.233024691    1.951851852    0.5185185185   0.1600601823   
590      I1         1.085987654    2.14382716     4.216049383    0.3666111111   0.4879012346   1.09           1.233024691    1.901851852    0.5685185185   0.1659356777   
591      I1         1.043487654    2.14382716     4.216049383    0.3666111111   0.4879012346   1.09           1.233024691    1.901851852    0.5185185185   0.1598424916   
592      I1         1.085987654    2.10132716     4.216049383    0.3666111111   0.4879012346   1.09           1.233024691    1.901851852    0.5185185185   0.1611341845   
593      I1         1.085987654    2.14382716     4.166049383    0.3666111111   0.4879012346   1.09           1.233024691    1.901851852    0.5185185185   0.1635818942   
594      I1         1.085987654    2.14382716     4.216049383    0.3421111111   0.4879012346   1.09           1.233024691    1.901851852    0.5185185185   0.159593333    
595      I1         1.085987654    2.14382716     4.216049383    0.3666111111   0.4634012346   1.09           1.233024691    1.901851852    0.5185185185   0.160936147    
596      I1         1.085987654    2.14382716     4.216049383    0.3666111111   0.4879012346   0.8425         1.233024691    1.901851852    0.5185185185   0.163154059    
597      I1         1.085987654    2.14382716     4.216049383    0.3666111111   0.4879012346   1.09           1.170524691    1.901851852    0.5185185185   0.1797450391   
598      I1         1.085987654    2.14382716     4.216049383    0.3666111111   0.4879012346   1.09           1.233024691    1.901851852    0.4685185185   0.1668191447   
599      I1         1.128487654    2.14382716     4.216049383    0.3421111111   0.4879012346   1.09           1.233024691    1.901851852    0.5185185185   0.1613262921   
600      I1         1.085987654    2.18632716     4.216049383    0.3421111111   0.4879012346   1.09           1.233024691    1.901851852    0.5185185185   0.1589947582   
601      I1         1.085987654    2.14382716     4.266049383    0.3421111111   0.4879012346   1.09           1.233024691    1.901851852    0.5185185185   0.1647717859   
602      I1         1.085987654    2.14382716     4.216049383    0.3421111111   0.5124012346   1.09           1.233024691    1.901851852    0.5185185185   0.1599925071   
603      I1         1.085987654    2.14382716     4.216049383    0.3421111111   0.4879012346   1.3375         1.233024691    1.901851852    0.5185185185   0.1640705845   
604      I1         1.085987654    2.14382716     4.216049383    0.3421111111   0.4879012346   1.09           1.295524691    1.901851852    0.5185185185   0.165517556    
605      I1         1.085987654    2.14382716     4.216049383    0.3421111111   0.4879012346   1.09           1.233024691    1.951851852    0.5185185185   0.1594167415   
606      I1         1.085987654    2.14382716     4.216049383    0.3421111111   0.4879012346   1.09           1.233024691    1.901851852    0.5685185185   0.1655447775   
607      I1         1.043487654    2.14382716     4.216049383    0.3421111111   0.4879012346   1.09           1.233024691    1.901851852    0.5185185185   0.1595430564   
608      I1         1.085987654    2.10132716     4.216049383    0.3421111111   0.4879012346   1.09           1.233024691    1.901851852    0.5185185185   0.1603784845   
609      I1         1.085987654    2.14382716     4.166049383    0.3421111111   0.4879012346   1.09           1.233024691    1.901851852    0.5185185185   0.162607285    
610      I1         1.085987654    2.14382716     4.216049383    0.3176111111   0.4879012346   1.09           1.233024691    1.901851852    0.5185185185   0.1593680226   
611      I1         1.085987654    2.14382716     4.216049383    0.3421111111   0.4634012346   1.09           1.233024691    1.901851852    0.5185185185   0.1603945459   
612      I1         1.085987654    2.14382716     4.216049383    0.3421111111   0.4879012346   0.8425         1.233024691    1.901851852    0.5185185185   0.1622000648   
613      I1         1.085987654    2.14382716     4.216049383    0.3421111111   0.4879012346   1.09           1.170524691    1.901851852    0.5185185185   0.1777788089   
614      I1         1.085987654    2.14382716     4.216049383    0.3421111111   0.4879012346   1.09           1.233024691    1.851851852    0.5185185185   0.1611225684   
615      I1         1.085987654    2.14382716     4.216049383    0.3421111111   0.4879012346   1.09           1.233024691    1.901851852    0.4685185185   0.1657144985   
616      I1         1.107237654    2.14382716     4.216049383    0.3421111111   0.4879012346   1.09           1.233024691    1.901851852    0.5185185185   0.1602620386   
617      I1         1.085987654    2.16507716     4.216049383    0.3421111111   0.4879012346   1.09           1.233024691    1.901851852    0.5185185185   0.1592728392   
618      I1         1.085987654    2.14382716     4.241049383    0.3421111111   0.4879012346   1.09           1.233024691    1.901851852    0.5185185185   0.1612460426   
619      I1         1.085987654    2.14382716     4.216049383    0.3543611111   0.4879012346   1.09           1.233024691    1.901851852    0.5185185185   0.1598920742   
620      I1         1.085987654    2.14382716     4.216049383    0.3421111111   0.5001512346   1.09           1.233024691    1.901851852    0.5185185185   0.1596454396   
621      I1         1.085987654    2.14382716     4.216049383    0.3421111111   0.4879012346   1.21375        1.233024691    1.901851852    0.5185185185   0.161478439    
622      I1         1.085987654    2.14382716     4.216049383    0.3421111111   0.4879012346   1.09           1.264274691    1.901851852    0.5185185185   0.15929884     
623      I1         1.085987654    2.14382716     4.216049383    0.3421111111   0.4879012346   1.09           1.233024691    1.926851852    0.5185185185   0.1595732941   
624      I1         1.085987654    2.14382716     4.216049383    0.3421111111   0.4879012346   1.09           1.233024691    1.901851852    0.5435185185   0.1612341181   
625      I1         1.064737654    2.14382716     4.216049383    0.3421111111   0.4879012346   1.09           1.233024691    1.901851852    0.5185185185   0.1593735446   
626      I1         1.085987654    2.12257716     4.216049383    0.3421111111   0.4879012346   1.09           1.233024691    1.901851852    0.5185185185   0.1599603844   
627      I1         1.085987654    2.14382716     4.191049383    0.3421111111   0.4879012346   1.09           1.233024691    1.901851852    0.5185185185   0.1600221861   
628      I1         1.085987654    2.14382716     4.216049383    0.3298611111   0.4879012346   1.09           1.233024691    1.901851852    0.5185185185   0.1594186838   
629      I1         1.085987654    2.14382716     4.216049383    0.3421111111   0.4756512346   1.09           1.233024691    1.901851852    0.5185185185   0.1598419675   
630      I1         1.085987654    2.14382716     4.216049383    0.3421111111   0.4879012346   0.96625        1.233024691    1.901851852    0.5185185185   0.1599524602   
631      I1         1.085987654    2.14382716     4.216049383    0.3421111111   0.4879012346   1.09           1.201774691    1.901851852    0.5185185185   0.166170332    
632      I1         1.085987654    2.14382716     4.216049383    0.3421111111   0.4879012346   1.09           1.233024691    1.876851852    0.5185185185   0.1601504013   
633      I1         1.085987654    2.14382716     4.216049383    0.3421111111   0.4879012346   1.09           1.233024691    1.901851852    0.4935185185   0.1610052877   
634      I1         1.107237654    2.16507716     4.216049383    0.3421111111   0.4879012346   1.09           1.233024691    1.901851852    0.5185185185   0.1599095669   
635      I1         1.085987654    2.18632716     4.216049383    0.3421111111   0.4879012346   1.09           1.233024691    1.901851852    0.5185185185   0.1589947582   
636      I1         1.085987654    2.16507716     4.241049383    0.3421111111   0.4879012346   1.09           1.233024691    1.901851852    0.5185185185   0.160814189    
637      I1         1.085987654    2.16507716     4.216049383    0.3543611111   0.4879012346   1.09           1.233024691    1.901851852    0.5185185185   0.1595637986   
638      I1         1.085987654    2.16507716     4.216049383    0.3421111111   0.5001512346   1.09           1.233024691    1.901851852    0.5185185185   0.1593478179   
639      I1         1.085987654    2.16507716     4.216049383    0.3421111111   0.4879012346   1.21375        1.233024691    1.901851852    0.5185185185   0.1611942533   
640      I1         1.085987654    2.16507716     4.216049383    0.3421111111   0.4879012346   1.09           1.264274691    1.901851852    0.5185185185   0.1591577325   
641      I1         1.085987654    2.16507716     4.216049383    0.3421111111   0.4879012346   1.09           1.233024691    1.926851852    0.5185185185   0.159258008    
642      I1         1.085987654    2.16507716     4.216049383    0.3421111111   0.4879012346   1.09           1.233024691    1.901851852    0.5435185185   0.1609921414   
643      I1         1.064737654    2.16507716     4.216049383    0.3421111111   0.4879012346   1.09           1.233024691    1.901851852    0.5185185185   0.1590880918   
644      I1         1.085987654    2.16507716     4.191049383    0.3421111111   0.4879012346   1.09           1.233024691    1.901851852    0.5185185185   0.1598138917   
645      I1         1.085987654    2.16507716     4.216049383    0.3298611111   0.4879012346   1.09           1.233024691    1.901851852    0.5185185185   0.1591062512   
646      I1         1.085987654    2.16507716     4.216049383    0.3421111111   0.4756512346   1.09           1.233024691    1.901851852    0.5185185185   0.1595021464   
647      I1         1.085987654    2.16507716     4.216049383    0.3421111111   0.4879012346   0.96625        1.233024691    1.901851852    0.5185185185   0.159598229    
648      I1         1.085987654    2.16507716     4.216049383    0.3421111111   0.4879012346   1.09           1.201774691    1.901851852    0.5185185185   0.1657174869   
649      I1         1.085987654    2.16507716     4.216049383    0.3421111111   0.4879012346   1.09           1.233024691    1.876851852    0.5185185185   0.1598208163   
650      I1         1.085987654    2.16507716     4.216049383    0.3421111111   0.4879012346   1.09           1.233024691    1.901851852    0.4935185185   0.1606087864   
651      I1         1.107237654    2.18632716     4.216049383    0.3421111111   0.4879012346   1.09           1.233024691    1.901851852    0.5185185185   0.1596015995   
652      I1         1.085987654    2.20757716     4.216049383    0.3421111111   0.4879012346   1.09           1.233024691    1.901851852    0.5185185185   0.1587552756   
653      I1         1.085987654    2.18632716     4.241049383    0.3421111111   0.4879012346   1.09           1.233024691    1.901851852    0.5185185185   0.1604387196   
654      I1         1.085987654    2.18632716     4.216049383    0.3543611111   0.4879012346   1.09           1.233024691    1.901851852    0.5185185185   0.1592785196   
655      I1         1.085987654    2.18632716     4.216049383    0.3421111111   0.5001512346   1.09           1.233024691    1.901851852    0.5185185185   0.1590894156   
656      I1         1.085987654    2.18632716     4.216049383    0.3421111111   0.4879012346   1.21375        1.233024691    1.901851852    0.5185185185   0.160947868    
657      I1         1.085987654    2.18632716     4.216049383    0.3421111111   0.4879012346   1.09           1.264274691    1.901851852    0.5185185185   0.1590373255   
658      I1         1.085987654    2.18632716     4.216049383    0.3421111111   0.4879012346   1.09           1.233024691    1.926851852    0.5185185185   0.1589855206   
659      I1         1.085987654    2.18632716     4.216049383    0.3421111111   0.4879012346   1.09           1.233024691    1.901851852    0.5435185185   0.1607825847   
660      I1         1.064737654    2.18632716     4.216049383    0.3421111111   0.4879012346   1.09           1.233024691    1.901851852    0.5185185185   0.1588426971   
661      I1         1.085987654    2.18632716     4.191049383    0.3421111111   0.4879012346   1.09           1.233024691    1.901851852    0.5185185185   0.1596332974   
662      I1         1.085987654    2.18632716     4.216049383    0.3298611111   0.4879012346   1.09           1.233024691    1.901851852    0.5185185185   0.1588356539   
663      I1         1.085987654    2.18632716     4.216049383    0.3421111111   0.4756512346   1.09           1.233024691    1.901851852    0.5185185185   0.1592076742   
664      I1         1.085987654    2.18632716     4.216049383    0.3421111111   0.4879012346   0.96625        1.233024691    1.901851852    0.5185185185   0.1592912933   
665      I1         1.085987654    2.18632716     4.216049383    0.3421111111   0.4879012346   1.09           1.201774691    1.901851852    0.5185185185   0.1653234377   
666      I1         1.085987654    2.18632716     4.216049383    0.3421111111   0.4879012346   1.09           1.233024691    1.876851852    0.5185185185   0.1595343864   
667      I1         1.085987654    2.18632716     4.216049383    0.3421111111   0.4879012346   1.09           1.233024691    1.901851852    0.4935185185   0.160263918    
668      I1         1.107237654    2.20757716     4.216049383    0.3421111111   0.4879012346   1.09           1.233024691    1.901851852    0.5185185185   0.1593343661   
669      I1         1.085987654    2.22882716     4.216049383    0.3421111111   0.4879012346   1.09           1.233024691    1.901851852    0.5185185185   0.1585508867   
670      I1         1.085987654    2.20757716     4.241049383    0.3421111111   0.4879012346   1.09           1.233024691    1.901851852    0.5185185185   0.160115071    
671      I1         1.085987654    2.20757716     4.216049383    0.3543611111   0.4879012346   1.09           1.233024691    1.901851852    0.5185185185   0.1590323984   
672      I1         1.085987654    2.20757716     4.216049383    0.3421111111   0.5001512346   1.09           1.233024691    1.901851852    0.5185185185   0.1588664705   
673      I1         1.085987654    2.20757716     4.216049383    0.3421111111   0.4879012346   1.21375        1.233024691    1.901851852    0.5185185185   0.160735755    
674      I1         1.085987654    2.20757716     4.216049383    0.3421111111   0.4879012346   1.09           1.264274691    1.901851852    0.5185185185   0.1589348484   
675      I1         1.085987654    2.20757716     4.216049383    0.3421111111   0.4879012346   1.09           1.233024691    1.926851852    0.5185185185   0.1587520369   
676      I1         1.085987654    2.20757716     4.216049383    0.3421111111   0.4879012346   1.09           1.233024691    1.901851852    0.5435185185   0.1606021783   
677      I1         1.064737654    2.20757716     4.216049383    0.3421111111   0.4879012346   1.09           1.233024691    1.901851852    0.5185185185   0.1586335145   
678      I1         1.085987654    2.20757716     4.191049383    0.3421111111   0.4879012346   1.09           1.233024691    1.901851852    0.5185185185   0.1594774676   
679      I1         1.085987654    2.20757716     4.216049383    0.3298611111   0.4879012346   1.09           1.233024691    1.901851852    0.5185185185   0.1586031037   
680      I1         1.085987654    2.20757716     4.216049383    0.3421111111   0.4756512346   1.09           1.233024691    1.901851852    0.5185185185   0.1589546999   
681      I1         1.085987654    2.20757716     4.216049383    0.3421111111   0.4879012346   0.96625        1.233024691    1.901851852    0.5185185185   0.1590274627   
682      I1         1.085987654    2.20757716     4.216049383    0.3421111111   0.4879012346   1.09           1.201774691    1.901851852    0.5185185185   0.1649836839   
683      I1         1.085987654    2.20757716     4.216049383    0.3421111111   0.4879012346   1.09           1.233024691    1.876851852    0.5185185185   0.1592871385   
684      I1         1.085987654    2.20757716     4.216049383    0.3421111111   0.4879012346   1.09           1.233024691    1.901851852    0.4935185185   0.1599664143   
685      I1         1.107237654    2.22882716     4.216049383    0.3421111111   0.4879012346   1.09           1.233024691    1.901851852    0.5185185185   0.1591043722   
686      I1         1.085987654    2.25007716     4.216049383    0.3421111111   0.4879012346   1.09           1.233024691    1.901851852    0.5185185185   0.1583783748   
687      I1         1.085987654    2.22882716     4.241049383    0.3421111111   0.4879012346   1.09           1.233024691    1.901851852    0.5185185185   0.1598389765   
688      I1         1.085987654    2.22882716     4.216049383    0.3543611111   0.4879012346   1.09           1.233024691    1.901851852    0.5185185185   0.158821902    
689      I1         1.085987654    2.22882716     4.216049383    0.3421111111   0.5001512346   1.09           1.233024691    1.901851852    0.5185185185   0.1586755564   
690      I1         1.085987654    2.22882716     4.216049383    0.3421111111   0.4879012346   1.21375        1.233024691    1.901851852    0.5185185185   0.1605546897   
691      I1         1.085987654    2.22882716     4.216049383    0.3421111111   0.4879012346   1.09           1.264274691    1.901851852    0.5185185185   0.1588478977   
692      I1         1.085987654    2.22882716     4.216049383    0.3421111111   0.4879012346   1.09           1.233024691    1.926851852    0.5185185185   0.1585540623   
693      I1         1.085987654    2.22882716     4.216049383    0.3421111111   0.4879012346   1.09           1.233024691    1.901851852    0.5435185185   0.1604479754   
694      I1         1.064737654    2.22882716     4.216049383    0.3421111111   0.4879012346   1.09           1.233024691    1.901851852    0.5185185185   0.1584570432   
695      I1         1.085987654    2.22882716     4.191049383    0.3421111111   0.4879012346   1.09           1.233024691    1.901851852    0.5185185185   0.1593437668   
696      I1         1.085987654    2.22882716     4.216049383    0.3298611111   0.4879012346   1.09           1.233024691    1.901851852    0.5185185185   0.1584051266   
697      I1         1.085987654    2.22882716     4.216049383    0.3421111111   0.4756512346   1.09           1.233024691    1.901851852    0.5185185185   0.1587396565   
698      I1         1.085987654    2.22882716     4.216049383    0.3421111111   0.4879012346   0.96625        1.233024691    1.901851852    0.5185185185   0.158802872    
699      I1         1.085987654    2.22882716     4.216049383    0.3421111111   0.4879012346   1.09           1.201774691    1.901851852    0.5185185185   0.1646939699   
700      I1         1.085987654    2.22882716     4.216049383    0.3421111111   0.4879012346   1.09           1.233024691    1.876851852    0.5185185185   0.1590754279   
701      I1         1.085987654    2.22882716     4.216049383    0.3421111111   0.4879012346   1.09           1.233024691    1.901851852    0.4935185185   0.1597122974   
702      I1         1.128487654    2.25007716     4.216049383    0.3421111111   0.4879012346   1.09           1.233024691    1.901851852    0.5185185185   0.1598511168   
703      I1         1.085987654    2.29257716     4.216049383    0.3421111111   0.4879012346   1.09           1.233024691    1.901851852    0.5185185185   0.1581174132   
704      I1         1.085987654    2.25007716     4.266049383    0.3421111111   0.4879012346   1.09           1.233024691    1.901851852    0.5185185185   0.1627296624   
705      I1         1.085987654    2.25007716     4.216049383    0.3666111111   0.4879012346   1.09           1.233024691    1.901851852    0.5185185185   0.1590349531   
706      I1         1.085987654    2.25007716     4.216049383    0.3421111111   0.5124012346   1.09           1.233024691    1.901851852    0.5185185185   0.1589579746   
707      I1         1.085987654    2.25007716     4.216049383    0.3421111111   0.4879012346   1.3375         1.233024691    1.901851852    0.5185185185   0.1630961081   
708      I1         1.085987654    2.25007716     4.216049383    0.3421111111   0.4879012346   1.09           1.295524691    1.901851852    0.5185185185   0.1657844583   
709      I1         1.085987654    2.25007716     4.216049383    0.3421111111   0.4879012346   1.09           1.233024691    1.951851852    0.5185185185   0.1582536795   
710      I1         1.085987654    2.25007716     4.216049383    0.3421111111   0.4879012346   1.09           1.233024691    1.901851852    0.5685185185   0.1649176427   
711      I1         1.043487654    2.25007716     4.216049383    0.3421111111   0.4879012346   1.09           1.233024691    1.901851852    0.5185185185   0.1586408636   
712      I1         1.085987654    2.20757716     4.216049383    0.3421111111   0.4879012346   1.09           1.233024691    1.901851852    0.5185185185   0.1587552756   
713      I1         1.085987654    2.25007716     4.166049383    0.3421111111   0.4879012346   1.09           1.233024691    1.901851852    0.5185185185   0.1622073391   
714      I1         1.085987654    2.25007716     4.216049383    0.3176111111   0.4879012346   1.09           1.233024691    1.901851852    0.5185185185   0.1582239911   
715      I1         1.085987654    2.25007716     4.216049383    0.3421111111   0.4634012346   1.09           1.233024691    1.901851852    0.5185185185   0.159060061    
716      I1         1.085987654    2.25007716     4.216049383    0.3421111111   0.4879012346   0.8425         1.233024691    1.901851852    0.5185185185   0.1607475959   
717      I1         1.085987654    2.25007716     4.216049383    0.3421111111   0.4879012346   1.09           1.170524691    1.901851852    0.5185185185   0.1757383819   
718      I1         1.085987654    2.25007716     4.216049383    0.3421111111   0.4879012346   1.09           1.233024691    1.851851852    0.5185185185   0.1598308879   
719      I1         1.085987654    2.25007716     4.216049383    0.3421111111   0.4879012346   1.09           1.233024691    1.901851852    0.4685185185   0.1639330323   
720      I1         1.107237654    2.25007716     4.216049383    0.3421111111   0.4879012346   1.09           1.233024691    1.901851852    0.5185185185   0.1589083831   
721      I1         1.085987654    2.27132716     4.216049383    0.3421111111   0.4879012346   1.09           1.233024691    1.901851852    0.5185185185   0.1582347871   
722      I1         1.085987654    2.25007716     4.241049383    0.3421111111   0.4879012346   1.09           1.233024691    1.901851852    0.5185185185   0.159606459    
723      I1         1.085987654    2.25007716     4.216049383    0.3543611111   0.4879012346   1.09           1.233024691    1.901851852    0.5185185185   0.1586437816   
724      I1         1.085987654    2.25007716     4.216049383    0.3421111111   0.5001512346   1.09           1.233024691    1.901851852    0.5185185185   0.1585135539   
725      I1         1.085987654    2.25007716     4.216049383    0.3421111111   0.4879012346   1.21375        1.233024691    1.901851852    0.5185185185   0.1604017253   
726      I1         1.085987654    2.25007716     4.216049383    0.3421111111   0.4879012346   1.09           1.264274691    1.901851852    0.5185185185   0.1587743861   
727      I1         1.085987654    2.25007716     4.216049383    0.3421111111   0.4879012346   1.09           1.233024691    1.926851852    0.5185185185   0.1583883807   
728      I1         1.085987654    2.25007716     4.216049383    0.3421111111   0.4879012346   1.09           1.233024691    1.901851852    0.5435185185   0.1603173176   
729      I1         1.064737654    2.25007716     4.216049383    0.3421111111   0.4879012346   1.09           1.233024691    1.901851852    0.5185185185   0.1583100977   
730      I1         1.085987654    2.25007716     4.191049383    0.3421111111   0.4879012346   1.09           1.233024691    1.901851852    0.5185185185   0.159229825    
731      I1         1.085987654    2.25007716     4.216049383    0.3298611111   0.4879012346   1.09           1.233024691    1.901851852    0.5185185185   0.1582385387   
732      I1         1.085987654    2.25007716     4.216049383    0.3421111111   0.4756512346   1.09           1.233024691    1.901851852    0.5185185185   0.1585592447   
733      I1         1.085987654    2.25007716     4.216049383    0.3421111111   0.4879012346   0.96625        1.233024691    1.901851852    0.5185185185   0.158613961    
734      I1         1.085987654    2.25007716     4.216049383    0.3421111111   0.4879012346   1.09           1.201774691    1.901851852    0.5185185185   0.1644502859   
735      I1         1.085987654    2.25007716     4.216049383    0.3421111111   0.4879012346   1.09           1.233024691    1.876851852    0.5185185185   0.1588959147   
736      I1         1.085987654    2.25007716     4.216049383    0.3421111111   0.4879012346   1.09           1.233024691    1.901851852    0.4935185185   0.159497869    
737      I1         1.096612654    2.25007716     4.216049383    0.3421111111   0.4879012346   1.09           1.233024691    1.901851852    0.5185185185   0.1585844655   
738      I1         1.085987654    2.26070216     4.216049383    0.3421111111   0.4879012346   1.09           1.233024691    1.901851852    0.5185185185   0.1583031402   
739      I1         1.085987654    2.25007716     4.228549383    0.3421111111   0.4879012346   1.09           1.233024691    1.901851852    0.5185185185   0.158741139    
740      I1         1.085987654    2.25007716     4.216049383    0.3482361111   0.4879012346   1.09           1.233024691    1.901851852    0.5185185185   0.1584953676   
741      I1         1.085987654    2.25007716     4.216049383    0.3421111111   0.4940262346   1.09           1.233024691    1.901851852    0.5185185185   0.1584068176   
742      I1         1.085987654    2.25007716     4.216049383    0.3421111111   0.4879012346   1.151875       1.233024691    1.901851852    0.5185185185   0.1593047854   
743      I1         1.085987654    2.25007716     4.216049383    0.3421111111   0.4879012346   1.09           1.248649691    1.901851852    0.5185185185   0.1577620823   
744      I1         1.085987654    2.25007716     4.216049383    0.3421111111   0.4879012346   1.09           1.233024691    1.914351852    0.5185185185   0.1585637341   
745      I1         1.085987654    2.25007716     4.216049383    0.3421111111   0.4879012346   1.09           1.233024691    1.901851852    0.5310185185   0.1589884089   
746      I1         1.075362654    2.25007716     4.216049383    0.3421111111   0.4879012346   1.09           1.233024691    1.901851852    0.5185185185   0.1582931762   
747      I1         1.085987654    2.23945216     4.216049383    0.3421111111   0.4879012346   1.09           1.233024691    1.901851852    0.5185185185   0.1584608366   
748      I1         1.085987654    2.25007716     4.203549383    0.3421111111   0.4879012346   1.09           1.233024691    1.901851852    0.5185185185   0.1585377354   
749      I1         1.085987654    2.25007716     4.216049383    0.3359861111   0.4879012346   1.09           1.233024691    1.901851852    0.5185185185   0.158292776    
750      I1         1.085987654    2.25007716     4.216049383    0.3421111111   0.4817762346   1.09           1.233024691    1.901851852    0.5185185185   0.15842899     
751      I1         1.085987654    2.25007716     4.216049383    0.3421111111   0.4879012346   1.028125       1.233024691    1.901851852    0.5185185185   0.1582684659   
752      I1         1.085987654    2.25007716     4.216049383    0.3421111111   0.4879012346   1.09           1.217399691    1.901851852    0.5185185185   0.1606590542   
753      I1         1.085987654    2.25007716     4.216049383    0.3421111111   0.4879012346   1.09           1.233024691    1.889351852    0.5185185185   0.1586405936   
754      I1         1.085987654    2.25007716     4.216049383    0.3421111111   0.4879012346   1.09           1.233024691    1.901851852    0.5060185185   0.1585351507   
755      I1         1.096612654    2.25007716     4.216049383    0.3421111111   0.4879012346   1.09           1.248649691    1.901851852    0.5185185185   0.1576512449   
756      I1         1.085987654    2.26070216     4.216049383    0.3421111111   0.4879012346   1.09           1.248649691    1.901851852    0.5185185185   0.1577069881   
757      I1         1.085987654    2.25007716     4.228549383    0.3421111111   0.4879012346   1.09           1.248649691    1.901851852    0.5185185185   0.1576084901   
758      I1         1.085987654    2.25007716     4.216049383    0.3482361111   0.4879012346   1.09           1.248649691    1.901851852    0.5185185185   0.1577602912   
759      I1         1.085987654    2.25007716     4.216049383    0.3421111111   0.4940262346   1.09           1.248649691    1.901851852    0.5185185185   0.1579993065   
760      I1         1.085987654    2.25007716     4.216049383    0.3421111111   0.4879012346   1.151875       1.248649691    1.901851852    0.5185185185   0.1589819322   
761      I1         1.085987654    2.25007716     4.216049383    0.3421111111   0.4879012346   1.09           1.248649691    1.914351852    0.5185185185   0.1579213126   
762      I1         1.085987654    2.25007716     4.216049383    0.3421111111   0.4879012346   1.09           1.248649691    1.901851852    0.5310185185   0.1592073719   
763      I1         1.075362654    2.25007716     4.216049383    0.3421111111   0.4879012346   1.09           1.248649691    1.901851852    0.5185185185   0.1579794754   
764      I1         1.085987654    2.23945216     4.216049383    0.3421111111   0.4879012346   1.09           1.248649691    1.901851852    0.5185185185   0.1578223453   
765      I1         1.085987654    2.25007716     4.203549383    0.3421111111   0.4879012346   1.09           1.248649691    1.901851852    0.5185185185   0.158444216    
766      I1         1.085987654    2.25007716     4.216049383    0.3359861111   0.4879012346   1.09           1.248649691    1.901851852    0.5185185185   0.1577951624   
767      I1         1.085987654    2.25007716     4.216049383    0.3421111111   0.4817762346   1.09           1.248649691    1.901851852    0.5185185185   0.1576077968   
768      I1         1.085987654    2.25007716     4.216049383    0.3421111111   0.4879012346   1.028125       1.248649691    1.901851852    0.5185185185   0.1573687505   
769      I1         1.085987654    2.25007716     4.216049383    0.3421111111   0.4879012346   1.09           1.248649691    1.889351852    0.5185185185   0.1580371149   
770      I1         1.085987654    2.25007716     4.216049383    0.3421111111   0.4879012346   1.09           1.248649691    1.901851852    0.5060185185   0.1570238476   
771      I1         1.096612654    2.25007716     4.216049383    0.3421111111   0.4879012346   1.09           1.248649691    1.901851852    0.5060185185   0.1570828685   
772      I1         1.085987654    2.26070216     4.216049383    0.3421111111   0.4879012346   1.09           1.248649691    1.901851852    0.5060185185   0.1569598261   
773      I1         1.085987654    2.25007716     4.228549383    0.3421111111   0.4879012346   1.09           1.248649691    1.901851852    0.5060185185   0.1571549132   
774      I1         1.085987654    2.25007716     4.216049383    0.3482361111   0.4879012346   1.09           1.248649691    1.901851852    0.5060185185   0.1570441305   
775      I1         1.085987654    2.25007716     4.216049383    0.3421111111   0.4940262346   1.09           1.248649691    1.901851852    0.5060185185   0.1571483618   
776      I1         1.085987654    2.25007716     4.216049383    0.3421111111   0.4879012346   1.151875       1.248649691    1.901851852    0.5060185185   0.1581688935   
777      I1         1.085987654    2.25007716     4.216049383    0.3421111111   0.4879012346   1.09           1.264274691    1.901851852    0.5060185185   0.157192512    
778      I1         1.085987654    2.25007716     4.216049383    0.3421111111   0.4879012346   1.09           1.248649691    1.914351852    0.5060185185   0.1572260113   
779      I1         1.075362654    2.25007716     4.216049383    0.3421111111   0.4879012346   1.09           1.248649691    1.901851852    0.5060185185   0.1570782223   
780      I1         1.085987654    2.23945216     4.216049383    0.3421111111   0.4879012346   1.09           1.248649691    1.901851852    0.5060185185   0.1570940125   
781      I1         1.085987654    2.25007716     4.203549383    0.3421111111   0.4879012346   1.09           1.248649691    1.901851852    0.5060185185   0.1574223196   
782      I1         1.085987654    2.25007716     4.216049383    0.3359861111   0.4879012346   1.09           1.248649691    1.901851852    0.5060185185   0.1570361907   
783      I1         1.085987654    2.25007716     4.216049383    0.3421111111   0.4817762346   1.09           1.248649691    1.901851852    0.5060185185   0.1569830291   
784      I1         1.085987654    2.25007716     4.216049383    0.3421111111   0.4879012346   1.028125       1.248649691    1.901851852    0.5060185185   0.1566645034   
785      I1         1.085987654    2.25007716     4.216049383    0.3421111111   0.4879012346   1.09           1.248649691    1.889351852    0.5060185185   0.1572565262   
786      I1         1.085987654    2.25007716     4.216049383    0.3421111111   0.4879012346   1.09           1.248649691    1.901851852    0.4935185185   0.1570414955   
787      I1         1.096612654    2.25007716     4.216049383    0.3421111111   0.4879012346   1.028125       1.248649691    1.901851852    0.5060185185   0.1567681383   
788      I1         1.085987654    2.26070216     4.216049383    0.3421111111   0.4879012346   1.028125       1.248649691    1.901851852    0.5060185185   0.1565962977   
789      I1         1.085987654    2.25007716     4.228549383    0.3421111111   0.4879012346   1.028125       1.248649691    1.901851852    0.5060185185   0.1569070458   
790      I1         1.085987654    2.25007716     4.216049383    0.3482361111   0.4879012346   1.028125       1.248649691    1.901851852    0.5060185185   0.1566981192   
791      I1         1.085987654    2.25007716     4.216049383    0.3421111111   0.4940262346   1.028125       1.248649691    1.901851852    0.5060185185   0.1567461      
792      I1         1.085987654    2.25007716     4.216049383    0.3421111111   0.4879012346   1.028125       1.264274691    1.901851852    0.5060185185   0.156617822    
793      I1         1.085987654    2.25007716     4.216049383    0.3421111111   0.4879012346   1.028125       1.248649691    1.914351852    0.5060185185   0.1566792081   
794      I1         1.075362654    2.25007716     4.216049383    0.3421111111   0.4879012346   1.028125       1.248649691    1.901851852    0.5060185185   0.1566740998   
795      I1         1.085987654    2.23945216     4.216049383    0.3421111111   0.4879012346   1.028125       1.248649691    1.901851852    0.5060185185   0.1567392568   
796      I1         1.085987654    2.25007716     4.203549383    0.3421111111   0.4879012346   1.028125       1.248649691    1.901851852    0.5060185185   0.1569545677   
797      I1         1.085987654    2.25007716     4.216049383    0.3359861111   0.4879012346   1.028125       1.248649691    1.901851852    0.5060185185   0.1566639579   
798      I1         1.085987654    2.25007716     4.216049383    0.3421111111   0.4817762346   1.028125       1.248649691    1.901851852    0.5060185185   0.1566670544   
799      I1         1.085987654    2.25007716     4.216049383    0.3421111111   0.4879012346   0.96625        1.248649691    1.901851852    0.5060185185   0.1568160173   
800      I1         1.085987654    2.25007716     4.216049383    0.3421111111   0.4879012346   1.028125       1.233024691    1.901851852    0.5060185185   0.1584640055   
801      I1         1.085987654    2.25007716     4.216049383    0.3421111111   0.4879012346   1.028125       1.248649691    1.889351852    0.5060185185   0.1566997955   
802      I1         1.085987654    2.25007716     4.216049383    0.3421111111   0.4879012346   1.028125       1.248649691    1.901851852    0.4935185185   0.156712397    
