%eval_id interface log__t_efold_shallow log__t_efold_soil log__t_efold_karst f_exfiltration_shallow f_exfiltration_soil PDD_melt_factor log__Hmax_shallow log__fdd_threshold log__routing_K neg_kge        
1        I1         0.7532060067   1.803974027    4.034865254    0.5464695878   0.1635546553   1.859937277    2.762402845    2.411559323    0.2848886472   0.2266517713   
2        I1         1.794343393    1.019503261    3.113013275    0.8872960347   0.2320823149   7.873275089    2.854066653    2.424865903    -0.4191648912  0.8952875717   
3        I1         1.067199112    1.61212834     4.490403984    0.8478317      0.1603355566   4.124568675    1.010341972    1.994957194    -0.1457097387  1.239840791    
4        I1         1.836534251    1.147302869    3.727471997    0.6029956616   0.6551352417   0.1807719634   1.056582065    1.29427592     -0.6604476345  1.084120481    
5        I1         0.4860849217   1.051732896    3.690887563    0.2561986722   0.0484617857   4.260571914    1.779010866    2.153447904    -0.7356780281  0.5509862625   
6        I1         0.4101983734   2.170776757    3.180371454    0.5086660562   0.2394207409   6.860116878    2.741507529    1.157323063    -0.7619899655  0.5296844171   
7        I1         1.47259        2.412265176    3.937910057    0.9393210314   0.0894577734   1.944446759    1.352206074    2.194678574    -0.7100298807  0.4850981716   
8        I1         0.953608261    1.655148762    3.956057599    0.09303893924  0.5615971726   8.336986464    1.181142223    1.345448356    0.2083194247   0.3608995449   
9        I1         0.4628172735   1.717098167    2.932351306    0.113720066    0.3475508259   2.62875419     2.759022912    2.984236199    -0.2649920083  0.955266809    
10       I1         1.688565927    1.234350195    2.523780995    0.5779265914   0.4564087718   3.542413203    1.996624366    1.984243154    0.2413575414   0.6361484105   
11       I1         1.973633855    2.580928054    3.680743783    0.4415317787   0.4057471772   1.53493775     2.540588299    1.270339628    0.258041103    1.267329412    
12       I1         0.4144263736   1.083198933    3.381960818    0.558378643    0.8862407109   9.715090123    1.279512584    2.177180642    -0.9578014483  0.6565364516   
13       I1         1.043622035    1.74734508     2.583711319    0.3448198588   0.8368809941   9.498619974    1.458350263    2.125918752    0.05683091104  0.3607084005   
14       I1         1.134513451    2.441534055    2.952759793    0.03813466218  0.4079067984   9.507725647    2.214391102    2.782386763    0.2637504699   1.145414237    
15       I1         1.594082283    1.374613359    2.967713737    0.9003524212   0.7828581071   6.606688437    2.268215307    1.098060945    -0.6712373945  0.4917950352   
16       I1         1.934856469    1.069215033    3.066677678    0.2707709073   0.08092113079  6.155527653    1.29555229     1.265935323    -0.9758421804  1.527315735    
17       I1         1.102904672    1.573901481    2.902711628    0.3397412588   0.4506584715   1.606485542    1.589440427    1.226732022    -0.9512971142  0.4235126462   
18       I1         0.8935711441   1.772377062    4.004195038    0.02371272381  0.4360966493   1.811339385    2.424605559    1.603564173    -0.1063826206  0.4824838413   
19       I1         1.717127327    1.985281329    3.967034914    0.7006101316   0.8974859361   5.329205753    1.644646392    1.840746517    -0.8917231164  0.662239201    
20       I1         0.6937674698   1.836495014    3.030591996    0.8367118221   0.5786699087   1.782084131    2.556640794    2.693772041    0.3180890208   0.565282621    
21       I1         1.085978899    1.883261704    4.323662808    0.4219138684   0.09676746852  2.517408922    1.085294977    1.110609601    0.3855458445   0.6387850672   
22       I1         1.372596453    2.24825311     2.915510221    0.3343624794   0.5722213742   3.05496928     2.461646759    1.328761416    -0.6983672379  0.789334565    
23       I1         1.922741166    2.542529793    3.053189839    0.8252154038   0.3955700382   3.445593885    2.827583849    2.891673307    -0.6364740151  0.9873337527   
24       I1         1.771281175    2.152574619    3.655579597    0.217349812    0.5912584852   5.002589404    2.095804575    2.598009624    -0.3484309869  1.198505756    
25       I1         0.5405389815   1.163132893    3.39532452     0.5146591661   0.2183877448   4.359482509    2.97063944     1.56211718     0.4053890003   0.6178957728   
26       I1         1.749238512    2.085767437    3.044128049    0.7974454449   0.0202472069   0.2658313869   1.497713748    2.342843026    0.06377683417  0.4369827247   
27       I1         1.910222725    2.343000912    4.385810799    0.5209092171   0.9181502093   3.295380328    2.725274879    2.60285171     -0.4511520065  1.100708367    
28       I1         1.630208966    1.327161093    3.239729348    0.8073782172   0.3825561817   6.581371864    2.784025813    1.838588672    0.4561700639   0.9004891964   
29       I1         1.323262714    1.967639135    2.654786181    0.5888760907   0.01450288372  2.796858207    1.258000011    1.715141004    -0.2902160363  0.8343161937   
30       I1         1.387476395    1.942919303    3.556788171    0.7386928392   0.4709062678   7.073311939    1.90174378     1.8858537      -0.2036860646  0.8792247165   
31       I1         1.497551585    2.014978683    3.026651672    0.949850622    0.8481798991   4.691825391    1.154034928    2.944211034    -0.01879913516 0.9574239278   
32       I1         1.898912245    2.451447862    2.610208957    0.5327328235   0.3368864109   7.427433249    2.673022909    2.792534057    0.3717992898   1.019553938    
33       I1         1.464272455    1.682658681    3.409354918    0.1959069276   0.5544735924   5.842297847    1.685864687    2.290889153    0.3973749544   0.9279213268   
34       I1         0.750449124    1.749507082    4.478365765    0.8580020919   0.05804388927  3.242695856    2.791999379    2.557998548    -0.4370263167  1.174964776    
35       I1         0.7117369792   2.209231162    2.766611993    0.8315033959   0.5753240014   1.724995369    2.774081845    1.731757449    -0.002428035852 1.179907119    
36       I1         1.280693964    2.614324739    4.453154615    0.2612767029   0.8056751453   1.39817282     1.535698567    1.359461855    -0.1672630825  0.4514761574   
37       I1         0.6319291476   2.506003395    3.631972749    0.2840264418   0.5019211353   7.393651079    1.709419889    1.978657689    -0.8656423891  0.8106764479   
38       I1         1.293213112    1.224759496    4.126820906    0.4808505761   0.8883612712   9.566788489    1.824029121    2.862690276    0.3413450035   0.5374270446   
39       I1         0.3355633099   1.919688301    4.075871714    0.2769810949   0.5510643014   8.796494637    2.61356125     2.497113373    -0.1339850045  0.4888552315   
40       I1         1.330620213    1.793080032    3.42561734     0.09902767284  0.3613541698   9.776148407    2.173012391    1.646602439    0.2162145329   1.072570912    
41       I1         0.6141995046   2.389903838    2.517908039    0.6169280782   0.3414622524   6.366329451    2.29371814     2.829696184    -0.7490291343  0.4594886685   
42       I1         1.149262703    2.357674334    2.568326192    0.5822604601   0.06154652329  5.606839782    1.446231725    1.415632858    -0.5487104217  0.3259769154   
43       I1         1.668035661    1.604534193    3.750492283    0.6439829026   0.9455688395   7.928094173    2.304225711    2.385947396    -0.06031237638 1.072355205    
44       I1         0.3428379557   1.847479596    3.122012242    0.9884591002   0.8757510767   6.790676587    2.936397314    2.583398992    -0.4870765254  4.167955632    
45       I1         1.853645615    1.373503888    2.822218806    0.3521041237   0.6711742736   7.860261202    2.909385412    1.819449405    -0.7986013097  0.9250654065   
46       I1         0.5149777703   2.626616406    2.63633544     0.2955854276   0.1531534745   4.936652069    1.842214989    1.874995535    -0.9324195831  0.5390074075   
47       I1         0.9294416391   1.107859401    4.054003948    0.2227157457   0.1267405837   3.84481336     2.133256051    2.883009095    -0.7595149728  0.5767930047   
48       I1         0.6216393137   2.499987905    3.278778149    0.3718642419   0.9554539488   5.705490445    2.382807306    2.022641816    -0.2158770287  0.8173379179   
49       I1         0.326611012    1.584203397    3.619972848    0.2339020498   0.1419592755   2.46863673     1.061299277    1.100411607    0.1475568712   0.453331258    
50       I1         1.924432175    2.318925935    4.417192063    0.8681825689   0.9145586888   4.728388251    1.927238538    2.660846876    -0.5863034426  0.6905273696   
51       I1         1.478389462    1.413229567    3.294143353    0.5854851737   0.9560722305   4.540652858    1.412319032    2.090098437    0.3224397469   0.4662590024   
52       I1         0.9723733239   1.723872528    3.837321156    0.2147362467   0.6257103703   2.919820596    2.705684945    2.811291014    0.01555358696  0.7330739894   
53       I1         0.8821798522   1.702193035    3.161199709    0.4189936291   0.8399781579   8.89327451     2.033206369    2.640045729    0.4222181885   0.6572188533   
54       I1         0.4245520053   1.361384978    4.011008415    0.08766672647  0.2548298908   2.320547786    1.517569203    2.437627133    -0.94054451    0.530147909    
55       I1         1.87357065     2.007925509    3.448172915    0.8862005328   0.6658387523   9.11421837     1.223019915    1.782937442    -0.1393015156  0.6478001454   
56       I1         1.615738806    1.959262515    4.145300529    0.3293674977   0.3072631867   8.445035646    1.049097568    2.392019139    -0.8771798821  1.566261278    
57       I1         1.112238945    2.668124379    3.222304965    0.07700316282  0.7930541209   4.188251874    2.658444886    1.94291818     -0.9213764926  1.083439999    
58       I1         0.3196891923   1.185621855    4.187532481    0.9177468062   0.1369696217   7.556041401    1.758030592    2.222507245    -0.5262006348  1.561118015    
59       I1         0.7405778344   1.664404193    3.877114796    0.2681338213   0.3268439017   7.517247668    1.078827536    2.447807951    -0.5662006051  0.5912747662   
60       I1         1.02088661     1.886373824    4.260009646    0.1046475444   0.2249136607   2.745035188    1.422417805    2.927798441    -0.359857284   1.02885723     
61       I1         1.73112323     1.445530588    3.624950022    0.617714539    0.7141551185   7.31854531     1.949245621    2.966569797    -0.4689256418  1.022692542    
62       I1         0.5688303017   1.977115245    4.336244821    0.3100129122   0.676343048    6.638751157    1.611859435    2.851150526    -0.4812062883  0.4693173687   
63       I1         1.657882582    2.429422706    4.357984449    0.5638364349   0.2931487373   7.366692812    2.410553479    2.03056785     -0.5372396539  0.5858425811   
64       I1         1.511211025    2.640566316    2.553667634    0.551155623    0.2130497318   5.154428555    1.364058973    1.702645265    -0.5336881606  0.8392774922   
65       I1         1.428796657    2.093133211    4.172514511    0.7495471175   0.70896935     6.251763132    2.020658605    2.265081519    0.2314651858   0.6305901459   
66       I1         1.419750923    1.028271672    2.571287427    0.6891905616   0.4883536824   2.998884002    1.548143338    2.748808827    0.1128805084   0.2806363043   
67       I1         1.943173811    1.625971422    2.83204905     0.595768273    0.8448070479   0.7093392765   1.723722832    2.737728065    0.08966207336  0.436782882    
68       I1         1.960481221    2.305676635    4.464930667    0.9442640393   0.4980782255   4.87901256     2.102110806    1.903446706    0.03457769026  0.7900135365   
69       I1         0.8338031471   2.462591002    3.074430617    0.4037020077   0.2851291717   3.110961491    1.094032013    1.496446182    -0.2355466108  0.5587482034   
70       I1         0.6855942515   1.128098203    4.081349423    0.8663153199   0.5252304942   8.552060966    1.311600339    2.307123039    0.1056736056   0.6116984272   
71       I1         1.122030833    2.407561628    4.390373804    0.1431957361   0.3286958889   3.8669091      1.696508872    1.42292224     -0.9062152442  0.6161405861   
72       I1         0.553361954    1.831029792    2.970168461    0.7065451786   0.320789198    3.14755921     2.014679725    1.651009958    -0.5171354458  0.8151454656   
73       I1         1.049861075    2.299507961    2.625546715    0.7643641493   0.799860378    1.450095686    2.226022722    2.519162537    -0.3854190101  0.3600114449   
74       I1         1.311619337    2.129130358    3.432439771    0.2856764246   0.9658664552   2.162021918    2.595667001    1.400930832    -0.3807819125  1.100317671    
75       I1         0.7175991738   2.553750709    3.536263838    0.07026284222  0.4379601099   3.583289689    1.867882787    2.182400161    0.2807607075   0.9435640697   
76       I1         0.3665247071   1.598521984    2.538179608    0.8782930763   0.9486573197   9.991714094    1.467987384    1.255813986    -0.3991371596  3.55399357     
77       I1         1.226553525    1.001664257    2.724693147    0.05053750021  0.6205541782   3.510819458    2.831924024    2.679877264    -0.5520335469  0.5290138927   
78       I1         1.130394371    2.488288281    4.068925653    0.2064273717   0.9710181614   0.610352996    2.874416785    2.954940469    -0.01098572932 1.130475634    
79       I1         0.4016286348   2.695719894    3.487997143    0.6860621967   0.9391876196   8.042952388    1.370963921    1.824209946    -0.8492494172  0.5751034661   
80       I1         1.871245481    1.732326328    4.223294394    0.7759797059   0.4663169356   9.21027408     2.68724893     1.233358189    -0.8837977433  0.9195260092   
81       I1         0.6553529962   1.513949634    4.251197975    0.3084367129   0.3741970611   1.285742782    2.712635888    2.360097833    0.04055092145  0.4240416937   
82       I1         1.060029389    1.157943759    3.501041045    0.6915519842   0.2024594346   9.372141183    1.195658919    2.31794259     0.1399989696   0.4510105526   
83       I1         0.9614019113   1.457003444    4.049628781    0.06617458841  0.9851536558   5.978678452    1.232430025    2.729058726    0.3124412702   0.4883490878   
84       I1         0.7944527712   2.675928452    2.591971168    0.01798505188  0.2796770395   4.333426039    2.255371736    1.690126468    0.4839626822   0.8358708362   
85       I1         1.681532474    1.527252954    3.200341316    0.382103955    0.1210128828   0.5099906425   1.629635763    2.011622958    0.1883644296   0.5503106638   
86       I1         1.266772467    1.271565045    3.64413611     0.4610007422   0.7229535531   3.635699302    1.745982422    1.1715592      -0.8348764043  0.7152346711   
87       I1         0.7647534265   1.347875166    4.244123627    0.784987453    0.5659573334   8.731779812    2.128795596    1.132383706    -0.2209639234  0.6848861343   
88       I1         1.562283398    2.239934853    3.787971582    0.3745767377   0.3176662589   2.198446692    2.586006521    2.83581464     -0.5073752385  0.8650276442   
89       I1         1.272207432    2.103798969    3.908262726    0.4982750828   0.1170697451   8.936209867    1.477309015    1.636825673    -0.8073911078  0.4337216914   
90       I1         1.247219238    1.43732954     3.574314535    0.5177268601   0.1802341327   8.1829479      2.963823959    2.160041312    0.3349088655   0.8353394139   
91       I1         0.9170691111   1.097353254    3.888234681    0.1590168536   0.1980706214   3.172767327    1.608549476    2.932546247    -0.780666295   0.5114169494   
92       I1         0.8594859709   1.56709405     3.763815005    0.6088469602   0.5163311147   5.557819973    1.430259253    2.702510673    -0.04021732924 0.4836073236   
93       I1         0.8516816416   2.223409274    3.994306987    0.651920224    0.6491970592   5.677937282    1.146468088    2.078264597    -0.9639137624  0.5554353897   
94       I1         0.9691902626   1.111207504    4.136342117    0.4330385135   0.8574453403   4.573599613    2.571614128    1.066662506    -0.4056370977  0.4152275589   
95       I1         1.028443506    1.217210995    3.154730813    0.3600863832   0.8789850653   5.489382569    2.338677313    2.275915598    0.1016316272   0.431225079    
96       I1         0.4951711073   2.47746857     3.583271132    0.9161871134   0.8292179932   4.009172571    1.031112954    1.08415103     0.24862094     0.5382482816   
97       I1         1.168425809    1.872888018    2.895323663    0.6011013242   0.9086691245   1.188839618    1.785600641    1.374013858    -0.7265517022  0.3298886544   
98       I1         1.096953965    1.866032498    2.770685731    0.6256104145   0.4135150461   6.060494108    2.454839513    1.502247231    -0.8352646654  0.3167581679   
99       I1         1.55234451     2.179753498    2.819203554    0.3952466911   0.2963966409   6.727539677    2.189552825    1.79321055     -0.4384261164  0.8632984283   
100      I1         0.4423657064   1.524782968    2.711888592    0.1365093359   0.6078054416   9.841775118    1.241935056    2.40841015     0.361801927    0.3692867761   
101      I1         1.567202837    1.433003144    3.549174485    0.1260542698   0.4213703107   1.203283781    2.201190503    1.026813927    -0.3289954047  1.006724906    
102      I1         1.190534918    1.58737199     3.975040031    0.2485902988   0.8168480328   0.5881341888   2.489402361    1.891703806    -0.9396013699  0.572929716    
103      I1         1.81565993     2.183767031    4.445073272    0.923528304    0.07153671873  5.122869491    2.243314246    2.627796108    0.4471750527   0.7603012572   
104      I1         0.3160663151   1.472429143    3.864345957    0.4886333168   0.7478827292   1.29660512     2.954102839    1.669505124    -0.7883222368  0.5335863806   
105      I1         0.560579495    2.616901197    2.757161432    0.4492392441   0.7642913539   1.578773868    1.386655591    2.684413573    -0.1112093408  0.3762587185   
106      I1         1.705715745    2.563298341    4.168659817    0.4016370178   0.1826518913   4.795533659    2.517180085    2.233698437    0.07718707265  0.6458552987   
107      I1         0.9430770165   1.780322116    4.436933425    0.9796379121   0.4543647245   2.017122039    1.832623488    1.748350872    -0.03120608914 0.7684096615   
108      I1         0.7827219914   1.636726289    4.230808878    0.2285896653   0.6010431956   8.467556951    2.375762359    2.149753597    -0.5042380506  0.3847928252   
109      I1         0.39006213     1.46124774     3.01046998     0.7310735944   0.02994830241  1.047536079    1.989129389    1.547697423    0.005065745218 0.8243218758   
110      I1         1.52698874     1.543263755    2.881948345    0.1643987006   0.4426261578   6.138323028    2.509554484    2.102520866    -0.5993828053  0.9063460886   
111      I1         0.3079017367   2.536586003    4.481868748    0.3277216254   0.635782298    8.275041911    1.678845499    2.136717203    -0.3090686696  0.5608890485   
112      I1         0.7312023572   2.341796621    3.288925612    0.4088656905   0.6984740392   1.350039983    2.800678373    2.528967261    0.02255895555  0.7962480675   
113      I1         1.212039554    1.211651357    3.142220271    0.176803382    0.6946949651   8.404803086    1.177082975    1.14706787     0.3482352455   0.3137804592   
114      I1         1.650778296    1.689175818    2.683784505    0.4766684494   0.7866513945   5.25479592     2.394412585    1.460711664    -0.2844874916  0.6904001405   
115      I1         1.889074199    2.232408175    2.50846943     0.06347138941  0.6400701768   9.262748823    1.597645393    2.081696223    -0.1855748085  0.81151925     
116      I1         1.80153224     1.784465805    3.494053802    0.5010571741   0.6275969085   9.337788661    2.051040357    2.452680857    -0.1755151924  1.154408994    
117      I1         0.4763555759   1.016417413    3.921895255    0.4723098789   0.2633067763   2.829426214    2.888885612    2.809252909    0.2741576219   0.2862775601   
118      I1         0.8045915082   2.402460187    4.274627782    0.9538877546   0.5218425283   2.339326773    2.081483326    2.991548843    -0.234783815   0.7792757128   
119      I1         0.3527387624   1.91308261     3.804717974    0.6347489478   0.3016913849   9.178860468    2.312635631    1.078406485    0.3003189758   0.4550522355   
120      I1         0.8994731689   2.159405959    4.374945498    0.5279647682   0.4310794512   5.215779391    1.106191658    2.910728087    -0.997362056   1.005407387    
121      I1         1.256161827    1.857502393    3.46348914     0.6653043869   0.06669942403  9.1037054      1.56710889     2.21313609     -0.04876499267 0.7163052359   
122      I1         1.29869262     2.030388091    2.738898102    0.2931131897   0.8236293767   4.472067808    1.654884462    1.301529781    -0.6860981001  0.5531386005   
123      I1         1.410844564    1.487714046    3.091685818    0.2525859039   0.07422057778  2.04783647     1.329853756    2.249181581    -0.9018835856  0.6369394669   
124      I1         0.7053730573   2.379669596    2.863816821    0.4681276703   0.1317473279   7.726871273    1.577128752    1.571707726    -0.3417933325  0.3981389102   
125      I1         0.4353517743   1.061800788    3.1970064      0.6682522869   0.2299757445   7.715318932    2.00437422     2.84578239     -0.9803152874  0.535073937    
126      I1         1.725021871    2.264217556    3.791282322    0.8494940825   0.1718932345   6.331887949    2.69666183     1.249947792    -0.6814753974  1.002683337    
127      I1         1.956024234    1.652709719    2.994224371    0.05664595001  0.151121497    9.005140482    2.645488423    2.767165204    -0.4087095368  1.401945336    
128      I1         1.389069653    2.133984655    3.317980748    0.7261567476   0.6440832183   6.197710501    1.501975874    2.207265161    -0.3691867149  0.5912313226   
129      I1         1.310744326    1.355304279    2.877630711    0.04281589581  0.77690164     2.245178107    1.933295766    1.051679375    -0.5640341115  0.4611108113   
130      I1         1.539037421    2.024084218    3.983472701    0.7997784599   0.1919118726   5.936447582    1.718780808    1.525514997    -0.4958067288  0.5831238622   
131      I1         0.4585553439   1.196024326    4.285975636    0.9046503801   0.9345541318   7.787279063    2.629893411    1.954409868    0.4977487452   0.6390344647   
132      I1         1.438799716    1.293362253    2.708406625    0.8183059822   0.8610236011   7.267569472    1.635537379    1.768128524    -0.1578848292  0.4174754699   
133      I1         1.031815732    1.176044486    3.086598135    0.3825326016   0.5114201736   4.014965611    1.766136123    2.756426172    0.4102066858   0.5850442764   
134      I1         0.7737662192   2.316377652    3.372267971    0.7672713686   0.5414871675   1.914269064    2.076761939    1.867388069    -0.2477146012  0.4694744094   
135      I1         0.9112346406   1.756530424    3.103053777    0.4397966583   0.8643014036   6.513782869    1.887639876    1.851661149    -0.6060908465  0.4950647655   
136      I1         0.5219047772   2.604477542    2.66725301     0.9572451715   0.0188045118   2.551934855    2.043637057    1.967697304    -0.743208094   3.676737356    
137      I1         1.591137745    2.110709864    3.352611263    0.6610366424   0.8718494731   3.708607551    1.119884879    2.32639768     0.1748002744   0.4155104121   
138      I1         0.6454610403   1.809580411    3.664249371    0.7913672041   0.2463200352   1.109917954    2.166315637    2.714241011    -0.7931030752  0.4470396457   
139      I1         0.8414370897   2.360140599    2.784622419    0.9076708301   0.1090620174   6.934065212    1.850242908    1.922580032    0.08140030466  1.237965106    
140      I1         0.3810226623   1.039329499    4.152292324    0.7525369395   0.6585332783   0.3232059656   2.666744679    1.012569475    0.04325270079  0.9222226277   
141      I1         1.489386704    1.126281319    2.847328631    0.9335967232   0.7426657893   0.208209793    1.34103727     2.285025321    -0.2056508785  1.194887662    
142      I1         1.339681715    1.305017817    3.215936495    0.1715781143   0.8192303817   8.686609669    2.286597887    1.530288264    -0.4602587897  0.732253985    
143      I1         1.674092136    1.557022881    3.416947156    0.365279752    0.6859801251   0.1113407298   1.390654797    2.053165459    0.291446451    0.4379726694   
144      I1         1.443875061    2.663067641    3.327214513    0.8420744192   0.7583853412   4.967030822    1.163320765    2.878748266    0.4756830101   0.3825168672   
145      I1         1.992340235    1.506790343    4.313984944    0.5620416207   0.0289882697   7.20546421     2.529807308    1.398387064    0.1296267963   0.8373783587   
146      I1         1.696146187    1.318163841    3.713125202    0.8233939192   0.3786067364   4.106631229    1.79062486     2.773922028    -0.2701563567  0.8031412735   
147      I1         0.9287867655   1.339953079    3.940201022    0.2415289168   0.3635230936   4.621020402    1.300453298    1.806497099    -0.09637191501 0.3225270149   
148      I1         1.823406715    2.197591557    3.735986787    0.541778606    0.9251221617   3.731313954    1.874484318    1.182156125    -0.6200039423  0.9999786058   
149      I1         0.8252572498   2.000293527    3.852631937    0.09484864392  0.5879647622   0.8439711334   1.96475935     2.572660665    -0.8591659148  0.7513708458   
150      I1         1.154517324    2.057175774    3.841892127    0.1211426688   0.5389951992   3.915869445    2.061894489    1.442730482    -0.4573468615  0.7917992329   
151      I1         1.861285023    2.423392337    4.364753591    0.1321148206   0.7203558098   9.856190522    2.63138056     2.562848517    -0.7009343187  1.153119587    
152      I1         0.8771454601   2.652883391    2.600405533    0.08296031287  0.6777095541   3.394123053    1.485446364    2.002885718    -0.6462789658  0.6937199022   
153      I1         0.44767833     2.634228482    4.297784858    0.4131563162   0.08719938606  6.909899875    2.567403702    1.456392491    -0.1173228013  0.9898822949   
154      I1         1.397354438    2.594635822    4.306825615    0.1381101293   0.1678155591   5.070087836    2.327160829    1.198765904    0.2271715269   0.7785710839   
155      I1         1.754165204    1.385725577    3.001275434    0.8731720152   0.49233943     6.776723139    2.447106668    1.034785166    0.4362056288   0.7746381371   
156      I1         0.6630983557   1.418938544    3.177042209    0.8947151221   0.9654515445   2.417095971    2.148177461    2.547204467    -0.8258318756  1.125699026    
157      I1         1.805055113    2.037184526    2.854658815    0.7031796      0.09937325054  5.80948257     2.927391008    1.629563675    -0.1924837851  0.8653275534   
158      I1         1.782005308    1.046126403    3.674731127    0.4276016541   0.7023414344   0.4232596352   1.286104827    2.112548551    -0.5738187407  0.7253560524   
159      I1         1.98336308     1.476827842    3.527121202    0.03104441363  0.3976787274   1.655307686    1.801185179    2.97050153     -0.03350474611 0.6617883506   
160      I1         1.518373807    1.395823821    3.747975762    0.1476893845   0.5959419406   9.643499685    2.490032122    2.508984455    -0.9127729103  0.9319042409   
161      I1         1.891687544    1.141502574    3.918206436    0.9694566188   0.7716847948   9.915759666    2.342152889    1.333932804    -0.5930704817  1.099529903    
162      I1         0.3728256627   2.523376056    3.363630834    0.3003703613   0.6129824364   8.826475595    2.478880185    2.464125349    0.3561360659   0.9200556495   
163      I1         1.223180696    1.945292096    3.602551072    0.1097605279   0.544416591    5.526973876    2.193111923    1.049866595    -0.08912579791 0.9847468136   
164      I1         1.23627656     2.45621537     2.544324651    0.7815431259   0.687578367    0.4799825509   1.00467271     2.906253323    -0.3715660011  2.096319014    
165      I1         1.35883135     1.402946111    3.25662178     0.9304729949   0.2769640907   7.598144076    1.40197012     1.611051786    -0.6262565604  0.4276283767   
166      I1         0.789572542    2.278022308    2.644512462    0.6501463064   0.5334932255   2.584305403    2.355196149    1.486800229    -0.1234604124  0.3871354944   
167      I1         1.008724434    2.145625973    3.592951777    0.5375843765   0.7372736794   3.326900484    2.432667207    1.776554718    -0.7202541734  0.8259574512   
168      I1         1.34845065     2.250487389    3.773679828    0.2022170083   0.8943826397   0.9808256413   1.205711045    2.259768528    0.4658150453   0.5180529224   
169      I1         0.4957277127   1.641290698    2.982554117    0.7165018842   0.1898148325   8.658035885    1.126246152    2.479740193    0.06720468532  0.959187554    
170      I1         0.6779745915   1.311800029    4.429994142    0.3882659227   0.2729843773   8.246207784    1.730036568    2.06842356     0.1782088311   0.7255403396   
171      I1         1.57691792     2.121766347    3.477901424    0.3576384864   0.041427187    5.440009602    2.817009697    1.387357021    0.1941498043   1.054713906    
172      I1         0.9905189919   2.286075393    2.745626434    0.6403466023   0.4776620772   9.694709661    2.940269468    2.335777621    -0.316111331   0.3182225107   
173      I1         1.195757245    2.204986631    4.027680889    0.8533427611   0.754291487    0.7883891887   2.999537154    1.436515761    -0.08464181337 0.4260056256   
174      I1         1.839793129    1.250427937    3.514350809    0.1755136478   0.05025664172  4.81531904     1.811775794    1.75126556     -0.4228087571  0.8142641637   
175      I1         1.001251893    2.069102264    4.200932026    0.4927495471   0.9266990333   6.002778232    1.977964255    1.72272138     -0.2525243224  0.5815633851   
176      I1         1.158709209    2.07451978     4.199785706    0.1522689735   0.3508865161   8.590859009    1.664849952    1.31425145     -0.81413218    0.5009471339   
177      I1         0.5788834067   1.901547742    3.706033907    0.7424456046   0.3536942089   7.140130212    1.527841217    1.473098479    -0.3182671369  0.4952431697   
178      I1         0.5964134953   1.497129676    3.568035854    0.4603745082   0.7983745614   2.099368541    1.265647057    1.128942869    0.3922900879   0.5529104905   
179      I1         1.638273917    2.56527134     3.266249106    0.9612380033   0.03605611256  9.036374273    1.955695207    1.673501397    0.4853100718   0.8548163235   
180      I1         1.547070958    1.238174427    3.30779728     0.6784136961   0.9066224618   7.112600664    2.406017211    2.611612008    0.2052384498   0.8471144221   
181      I1         0.6734119334   1.89441514     3.451950994    0.04624513343  0.2451389809   6.983583116    2.894923206    2.370622828    -0.6172324841  0.964800853    
182      I1         1.369271837    2.274721958    4.401371371    0.6304719765   0.7319429299   1.001748151    1.134532168    1.934124662    0.1214146187   0.7063724326   
183      I1         0.8612097478   1.263157119    3.242283537    0.9833121046   0.2101655837   5.760776018    1.896028394    2.483798056    -0.6511520969  0.6827646502   
184      I1         0.5328893243   1.549901358    4.343964989    0.7568711672   0.9796752624   6.452092482    2.114614931    1.200817661    -0.07599147536 0.8492060455   
185      I1         1.763925888    1.189145543    4.107978047    0.18731588     0.3711483416   0.3541249756   1.554376162    1.213190567    -0.06436896312 0.5176063495   
186      I1         0.9869559751   1.712974657    2.792456384    0.713796795    0.8113767914   0.6736454139   2.277645106    1.551537265    -0.3373749414  0.7183948429   
187      I1         0.8102282188   1.672796838    2.672124427    0.6727332147   0.7654600043   2.95335473     2.980105264    1.288401825    -0.006253148243 0.8482613454   
188      I1         0.5882173616   2.334124015    4.112339234    0.1991829632   0.265478951    0.9213748418   2.916511212    1.596500653    -0.2734560613  0.4572743642   
189      I1         1.453500029    2.581201481    3.343104422    0.9721338354   0.5057330862   2.691800039    2.869897388    2.532614329    -0.9851232096  0.6990433292   
190      I1         1.736972913    1.277543916    4.214466027    0.01145083127  0.1464932831   3.769961236    1.910359353    1.582927885    0.373312794    0.7834508503   
191      I1         1.20888945     2.05260005     2.941521391    0.7728527275   0.2590210574   8.097781065    2.231680124    1.164788993    -0.1749615954  0.3315371367   
192      I1         0.5040713005   1.927909829    2.692654783    0.7223955554   0.7255757899   0.80618625     1.337105899    1.369836423    0.4292227898   0.9118624127   
193      I1         1.623598457    1.283430578    2.806236369    0.8135260645   0.3921249435   6.396943043    2.360168329    1.915158293    -0.7702980807  0.5361447935   
194      I1         1.607192346    1.986444153    3.827213992    0.2363858541   0.4843905536   7.653929643    2.533405608    2.658092867    0.1574247546   0.9868172762   
195      I1         1.980969714    2.5130866      4.094441589    0.3225876825   0.9849853431   8.123806979    2.600889533    1.000652321    -0.8504502822  1.356372571    
196      I1         1.078928625    1.089384525    2.922492251    0.02480656156  0.4246184373   5.383896754    1.212518626    2.63125369     0.1444773172   0.3237006402   
197      I1         0.6022293771   2.369053499    3.134494032    0.3151516292   0.103980856    4.452162135    2.732860913    1.519325676    0.4485170142   0.7192784048   
198      I1         1.182617716    1.819858956    3.331379779    0.1845211468   0.4610069183   8.004857896    2.154613196    2.356551835    -0.6626628176  1.030362701    
199      I1         1.501985263    2.68783041     3.810259928    0.5692604473   0.3121974203   9.446711023    1.029328197    1.680968676    0.1679269736   0.4568503915   
200      I1         0.6291513254   2.484996524    3.896774347    0.4510187388   0.6035568613   4.226906781    2.843426921    2.042769189    -0.2992377181  0.5518030063   
201      I1         1.108024691    2.689506173    2.537037037    0.5725925926   0.9839506173   8.961111111    2.024691358    2.345679012    -0.9907407407  0.4329932584   
202      I1         0.8141975309   1.010493827    2.685185185    0.2338271605   0.9839506173   9.938888889    1.827160494    1.012345679    0.4907407407   1.345443772    
203      I1         1.108024691    2.647530864    2.759259259    0.5725925926   0.9839506173   7.861111111    1.654320988    1.012345679    0.4907407407   0.4255180635   
204      I1         1.191975309    1.010493827    2.685185185    0.5483950617   0.9839506173   6.761111111    1.901234568    2.617283951    -0.9907407407  0.8828955178   
205      I1         0.3314814815   1.829012346    3.154320988    0.5483950617   0.7661728395   0.1611111111   1.901234568    2.469135802    -0.5092592593  0.4998993449   
206      I1         0.8561728395   2.689506173    2.561728395    0.5483950617   0.01604938272  3.338888889    2.098765432    2.345679012    -0.5092592593  0.3331259226   
207      I1         1.254938272    1.451234568    2.734567901    0.7782716049   0.9839506173   6.761111111    2.074074074    2.987654321    0.4907407407   0.4318753657   
208      I1         0.6882716049   2.122839506    2.709876543    0.6209876543   0.669382716    5.661111111    2.320987654    2.839506173    0.4907407407   0.3067459743   
209      I1         1.108024691    2.437654321    2.759259259    0.5725925926   0.669382716    7.861111111    1.654320988    1.012345679    -0.9907407407  0.3681392368   
210      I1         1.15           2.311728395    2.537037037    0.6088888889   0.669382716    3.338888889    2.222222222    2              -0.5092592593  0.3467600117   
211      I1         1.066049383    2.605555556    2.858024691    0.7903703704   0.6572839506   3.461111111    2.839506173    2.543209877    0.4907407407   0.2696196463   
212      I1         1.129012346    2.689506173    2.833333333    0.7782716049   0.4516049383   5.538888889    2.49382716     2.691358025    0.3425925926   0.2791082719   
213      I1         0.5833333333   1.199382716    3.722222222    0.6330864198   0.9839506173   6.761111111    2.345679012    2.888888889    -0.5092592593  0.5097730686   
214      I1         0.6672839506   2.122839506    2.734567901    0.5120987654   0.5362962963   5.905555556    2.12345679     2.419753086    -0.6759259259  0.3920598823   
215      I1         1.024074074    1.745061728    2.611111111    0.7177777778   0.01604938272  7.738888889    2.271604938    2.148148148    0.4907407407   0.2869511297   
216      I1         0.4783950617   1.766049383    3.845679012    0.5483950617   0.1249382716   0.1611111111   2.543209877    2.543209877    0.4907407407   0.3073809219   
217      I1         0.9611111111   1.829012346    3.154320988    0.8387654321   0.4395061728   3.461111111    2.222222222    2.987654321    0.4907407407   0.3992793698   
218      I1         0.5203703704   1.430246914    3.327160494    0.669382716    0.3427160494   5.905555556    2.320987654    2.345679012    0.4907407407   0.5340775206   
219      I1         1.674691358    2.689506173    3.895061728    0.8145679012   0.9839506173   0.1611111111   1.432098765    1.654320988    0.4907407407   0.442859856    
220      I1         1.00308642     2.689506173    3.796296296    0.9234567901   0.9839506173   6.761111111    1.432098765    1.950617284    -0.5092592593  0.4543333643   
221      I1         0.9611111111   2.521604938    2.537037037    0.5725925926   0.669382716    9.938888889    1.654320988    1.901234568    0.287037037    0.340229029    
222      I1         1.233950617    2.689506173    4.191358025    0.4274074074   0.01604938272  9.938888889    1.432098765    1.382716049    0.4907407407   0.2831865894   
223      I1         0.3524691358   2.62654321     3.154320988    0.5483950617   0.330617284    0.1611111111   1.580246914    1.234567901    0.4907407407   0.4034347352   
224      I1         0.6672839506   2.689506173    3.796296296    0.7661728395   0.9839506173   0.1611111111   1.432098765    2.345679012    0.4907407407   0.4840687943   
225      I1         1.170987654    1.010493827    3.154320988    0.3427160494   0.9839506173   6.761111111    1.012345679    1.654320988    0.4907407407   0.4603033355   
226      I1         1.045061728    2.521604938    2.611111111    0.6572839506   0.3427160494   6.516666667    2.296296296    1.654320988    -0.3055555556  0.284391702    
227      I1         1.087037037    2.101851852    2.635802469    0.5120987654   0.330617284    6.761111111    1.777777778    1.209876543    0.3425925926   0.4633235832   
228      I1         0.8561728395   1.808024691    3.598765432    0.8992592593   0.5483950617   1.872222222    1.234567901    1.950617284    0.4907407407   0.488831389    
229      I1         0.6043209877   2.647530864    2.611111111    0.5120987654   0.5483950617   0.1611111111   1.87654321     1.654320988    0.3240740741   0.2188059188   
230      I1         0.6672839506   2.689506173    2.858024691    0.6209876543   0.669382716    0.1611111111   2.172839506    1.654320988    0.4907407407   0.2358985974   
231      I1         0.625308642    2.122839506    2.635802469    0.2217283951   0.6572839506   2.238888889    1.160493827    2.567901235    0.3425925926   0.3404044516   
232      I1         0.5833333333   2.122839506    2.635802469    0.5483950617   0.01604938272  0.1611111111   2.098765432    2.098765432    0.0462962963   0.2992313646   
233      I1         0.6672839506   1.010493827    3.99382716     0.137037037    0.8145679012   0.1611111111   2              1.432098765    -0.009259259259 0.3729902386   
234      I1         0.6672839506   1.010493827    3.37654321     0.6451851852   0.01604938272  0.1611111111   2.345679012    2.320987654    -0.9907407407  0.4395955782   
235      I1         1.212962963    2.269753086    2.882716049    0.7540740741   0.4395061728   6.761111111    2.444444444    2.419753086    -0.8240740741  0.3284223212   
236      I1         1.359876543    1.493209877    2.882716049    0.6572839506   0.6209876543   9.938888889    1.950617284    1.012345679    -0.5648148148  0.3924576276   
237      I1         1.129012346    2.14382716     3.574074074    0.8750617284   0.01604938272  3.827777778    1.654320988    1.654320988    -0.9907407407  0.592011702    
238      I1         1.401851852    2.332716049    4.191358025    0.4516049383   0.669382716    0.1611111111   1.555555556    1.012345679    0.4907407407   0.4078347761   
239      I1         1.212962963    1.010493827    4.240740741    0.2943209877   0.7782716049   9.938888889    1.654320988    1.456790123    0.4907407407   0.3526490751   
240      I1         0.7512345679   1.010493827    3.598765432    0.08864197531  0.5483950617   0.1611111111   1.209876543    1.75308642     0.4907407407   0.4652883017   
241      I1         1.29691358     2.689506173    3.722222222    0.5            0.9839506173   0.1611111111   1.135802469    2.12345679     -0.5092592593  0.5518745768   
242      I1         1.317901235    1.010493827    3.080246914    0.06444444444  0.8871604938   0.1611111111   1.012345679    1.777777778    0.4907407407   0.7182617697   
243      I1         0.5833333333   2.689506173    2.635802469    0.5120987654   0.6451851852   2.605555556    1.87654321     1.654320988    -0.06481481481 0.343484642    
244      I1         1.29691358     1.912962963    3.919753086    0.7782716049   0.669382716    9.938888889    1.234567901    1.012345679    0.4907407407   0.4407509065   
245      I1         0.5833333333   2.521604938    4.092592593    0.2459259259   0.7540740741   9.938888889    1.481481481    1.012345679    0.4907407407   0.6725023944   
246      I1         1.087037037    1.55617284     2.709876543    0.2217283951   0.415308642    1.138888889    1.234567901    2.024691358    0.4907407407   0.1868559183   
247      I1         1.066049383    1.55617284     2.833333333    0.1854320988   0.4395061728   9.938888889    1.234567901    2.098765432    0.4907407407   0.2686467599   
248      I1         0.8561728395   1.451234568    2.833333333    0.4395061728   0.1733333333   9.938888889    2.691358025    2.024691358    -0.8425925926  0.4514151928   
249      I1         1.108024691    1.010493827    3.771604938    0.1975308642   0.5967901235   9.938888889    1.234567901    1.432098765    0.4907407407   0.4723007429   
250      I1         1.170987654    1.55617284     3.87037037     0.5            0.3669135802   4.561111111    1.234567901    1.87654321     0.4907407407   0.3771805974   
251      I1         0.6672839506   1.010493827    3.25308642     0.5604938272   0.330617284    0.1611111111   1.679012346    1.654320988    -0.9907407407  0.3681768372   
252      I1         0.4783950617   1.010493827    3.820987654    0.3427160494   0.330617284    0.5277777778   2.691358025    1.555555556    -0.5092592593  0.328363204    
253      I1         0.3104938272   1.178395062    3.820987654    0.4879012346   0.330617284    2.238888889    2.049382716    1.654320988    -0.9907407407  0.5269501806   
254      I1         0.6672839506   1.577160494    2.734567901    0.330617284    0.4274074074   0.1611111111   1.283950617    1.901234568    0.4907407407   0.203007915    
255      I1         1.129012346    1.010493827    2.858024691    0.1491358025   0.669382716    2.238888889    1.308641975    1.728395062    -0.3240740741  0.5330608515   
256      I1         0.8141975309   2.122839506    2.512345679    0.4516049383   0.330617284    1.138888889    1.234567901    1.654320988    -0.5092592593  0.5767938389   
257      I1         0.8561728395   1.010493827    3.302469136    0.4274074074   0.4758024691   9.938888889    2.691358025    1.604938272    -0.9907407407  0.5833862341   
258      I1         1.00308642     2.269753086    2.734567901    0.330617284    0.5            0.1611111111   1.382716049    2.320987654    0.4907407407   0.3060930561   
259      I1         0.8561728395   1.010493827    4.117283951    0.07654320988  0.6088888889   7.861111111    2.024691358    1.456790123    0.4907407407   0.2818309727   
260      I1         0.3314814815   1.766049383    3.179012346    0.4516049383   0.1128395062   6.761111111    1.679012346    1.580246914    -0.8425925926  0.5638779979   
261      I1         0.4154320988   1.745061728    3.672839506    0.5            0.330617284    9.938888889    2.469135802    1.654320988    -0.9907407407  0.5469485621   
262      I1         1.191975309    1.85           2.611111111    0.137037037    0.5120987654   3.338888889    1.283950617    2.567901235    0.4907407407   0.2853477865   
263      I1         0.7932098765   1.933950617    3.228395062    0.1249382716   0.01604938272  3.338888889    1.135802469    1.012345679    -0.5092592593  0.6041091909   
264      I1         1.15           2.332716049    3.228395062    0.01604938272  0.4274074074   3.338888889    1.209876543    1.654320988    0.4907407407   0.5178587226   
265      I1         0.8561728395   1.55617284     2.759259259    0.6088888889   0.3427160494   0.1611111111   1.555555556    2.49382716     0.4907407407   0.2580663768   
266      I1         1.108024691    1.157407407    3.5            0.3185185185   0.3427160494   3.461111111    1.283950617    1.012345679    -0.5092592593  0.5121515151   
267      I1         0.8561728395   1.55617284     3.598765432    0.8266666667   0.5362962963   3.338888889    1.086419753    2.345679012    -0.5092592593  0.549751394    
268      I1         0.8141975309   1.010493827    3.820987654    0.3427160494   0.5120987654   0.1611111111   2.320987654    1.012345679    0.4907407407   0.3837869849   
269      I1         0.7302469136   1.55617284     3.179012346    0.4637037037   0.330617284    0.1611111111   1.679012346    2.987654321    -0.9907407407  0.6293753216   
270      I1         0.5413580247   1.115432099    3.475308642    0.669382716    0.4516049383   5.05           1.975308642    1.012345679    -0.9907407407  0.5033485963   
271      I1         0.562345679    1.367283951    3.179012346    0.669382716    0.4879012346   0.1611111111   1.481481481    1.901234568    0.4907407407   0.3456446341   
272      I1         0.5833333333   1.052469136    4.043209877    0.1491358025   0.5241975309   3.338888889    2.592592593    1.654320988    0.4907407407   0.2433730527   
273      I1         0.499382716    1.010493827    4.018518519    0.2217283951   0.5604938272   2.361111111    1.432098765    1.87654321     0.4907407407   0.2521952522   
274      I1         0.3104938272   2.14382716     4.067901235    0.3790123457   0.4637037037   0.1611111111   1.432098765    2.320987654    0.4907407407   0.2662211653   
275      I1         0.3104938272   1.640123457    4.141975309    0.2217283951   0.5241975309   3.461111111    1.901234568    2.222222222    0.4907407407   0.3059427532   
276      I1         1.066049383    1.010493827    4.067901235    0.4637037037   0.04024691358  0.1611111111   2.888888889    2.098765432    0.4907407407   0.257768608    
277      I1         1.359876543    1.010493827    3.845679012    0.3548148148   0.01604938272  0.1611111111   1.679012346    2.814814815    0.4907407407   0.4223634287   
278      I1         0.8771604938   1.55617284     3.99382716     0.7782716049   0.7419753086   0.1611111111   2.765432099    2.320987654    0.4907407407   0.3989019646   
279      I1         1.29691358     1.031481481    4.166666667    0.3911111111   0.01604938272  9.938888889    2.567901235    1.679012346    0.4907407407   0.4174507987   
280      I1         1.15           2.689506173    4.166666667    0.5967901235   0.01604938272  0.1611111111   2.790123457    1.654320988    0.4907407407   0.2920673531   
281      I1         1.066049383    1.661111111    4.141975309    0.4637037037   0.01604938272  0.1611111111   2.740740741    1.50617284     -0.9907407407  0.3714890473   
282      I1         0.7722222222   1.55617284     2.759259259    0.1975308642   0.1128395062   7.005555556    1.012345679    2.320987654    0.4907407407   0.2670892447   
283      I1         1.44382716     2.689506173    4.141975309    0.8750617284   0.4395061728   0.1611111111   2.148148148    1.950617284    -0.6759259259  0.4385005603   
284      I1         0.6672839506   1.010493827    3.820987654    0.584691358    0.330617284    9.938888889    1.679012346    1.654320988    0.4907407407   0.4649629618   
285      I1         0.8561728395   2.122839506    2.635802469    0.6572839506   0.330617284    1.261111111    2.567901235    2.987654321    0.4907407407   0.3113455304   
286      I1         0.6672839506   2.14382716     2.537037037    0.4274074074   0.9839506173   2.361111111    1.62962963     2.222222222    0.4907407407   0.3625047598   
287      I1         0.4783950617   2.689506173    3.820987654    0.3548148148   0.6572839506   0.1611111111   1.209876543    2.864197531    0.4907407407   0.6378446147   
288      I1         1.191975309    1.577160494    2.932098765    0.4879012346   0.5            0.1611111111   2.691358025    1.432098765    -0.9907407407  0.3459561959   
289      I1         1.170987654    1.010493827    3.080246914    0.2943209877   0.584691358    6.761111111    2.987654321    1.87654321     0.4907407407   0.5966689087   
290      I1         0.6672839506   1.010493827    3.179012346    0.3669135802   0.01604938272  0.1611111111   1.654320988    1.87654321     0.4907407407   0.6462900805   
291      I1         0.7512345679   1.55617284     4.141975309    0.1854320988   0.3911111111   8.961111111    2.074074074    1.012345679    -0.9907407407  0.3953752656   
292      I1         1.170987654    2.206790123    2.932098765    0.8750617284   0.5            7.861111111    2.345679012    1.901234568    0.4907407407   0.3200878821   
293      I1         1.401851852    2.269753086    2.907407407    0.6451851852   0.330617284    0.1611111111   2.172839506    1.012345679    -0.9907407407  0.4648977484   
294      I1         0.6043209877   1.010493827    3.895061728    0.01604938272  0.4032098765   9.938888889    1.654320988    2.296296296    0.1574074074   0.3723539656   
295      I1         1.212962963    2.689506173    4.191358025    0.8266666667   0.415308642    0.1611111111   1.580246914    2.049382716    0.4907407407   0.3201785073   
296      I1         0.6462962963   1.283333333    3.919753086    0.330617284    0.4395061728   6.761111111    2.962962963    1.654320988    0.4907407407   0.3887305838   
297      I1         0.6043209877   1.094444444    3.969135802    0.4395061728   0.415308642    0.1611111111   2.543209877    2.37037037     0.1388888889   0.2687876849   
298      I1         0.7302469136   1.010493827    3.351851852    0.7661728395   0.330617284    1.505555556    1.75308642     2.987654321    -0.4907407407  0.4389167679   
299      I1         0.8351851852   1.199382716    4.067901235    0.2217283951   0.2338271605   0.1611111111   2.987654321    1.135802469    -0.1759259259  0.3224492186   
300      I1         0.5413580247   1.535185185    4.216049383    0.02814814815  0.330617284    6.638888889    2.617283951    1.654320988    -0.009259259259 0.6368444427   
%eval_id interface log__t_efold_shallow log__t_efold_soil log__t_efold_karst f_exfiltration_shallow f_exfiltration_soil PDD_melt_factor log__Hmax_shallow log__fdd_threshold log__routing_K neg_kge        
301      I1         1.087037037    1.55617284     2.709876543    0.2217283951   0.415308642    1.138888889    1.234567901    2.024691358    0.4907407407   0.1868559183   
302      I1         1.257037037    1.55617284     2.709876543    0.2217283951   0.415308642    1.138888889    1.234567901    2.024691358    0.4907407407   0.2542197841   
303      I1         1.087037037    1.72617284     2.709876543    0.2217283951   0.415308642    1.138888889    1.234567901    2.024691358    0.4907407407   0.1835239102   
304      I1         1.087037037    1.55617284     2.909876543    0.2217283951   0.415308642    1.138888889    1.234567901    2.024691358    0.4907407407   0.1927612085   
305      I1         1.087037037    1.55617284     2.709876543    0.3197283951   0.415308642    1.138888889    1.234567901    2.024691358    0.4907407407   0.2128537755   
306      I1         1.087037037    1.55617284     2.709876543    0.2217283951   0.513308642    1.138888889    1.234567901    2.024691358    0.4907407407   0.2081788461   
307      I1         1.087037037    1.55617284     2.709876543    0.2217283951   0.415308642    2.128888889    1.234567901    2.024691358    0.4907407407   0.2013026074   
308      I1         1.087037037    1.55617284     2.709876543    0.2217283951   0.415308642    1.138888889    1.434567901    2.024691358    0.4907407407   0.358205451    
309      I1         1.087037037    1.55617284     2.709876543    0.2217283951   0.415308642    1.138888889    1.234567901    2.224691358    0.4907407407   0.1875978313   
310      I1         0.917037037    1.55617284     2.709876543    0.2217283951   0.415308642    1.138888889    1.234567901    2.024691358    0.4907407407   0.1880840979   
311      I1         1.087037037    1.38617284     2.709876543    0.2217283951   0.415308642    1.138888889    1.234567901    2.024691358    0.4907407407   0.197521866    
312      I1         1.087037037    1.55617284     2.509876543    0.2217283951   0.415308642    1.138888889    1.234567901    2.024691358    0.4907407407   0.1930562667   
313      I1         1.087037037    1.55617284     2.709876543    0.1237283951   0.415308642    1.138888889    1.234567901    2.024691358    0.4907407407   0.186736444    
314      I1         1.087037037    1.55617284     2.709876543    0.2217283951   0.317308642    1.138888889    1.234567901    2.024691358    0.4907407407   0.1776550612   
315      I1         1.087037037    1.55617284     2.709876543    0.2217283951   0.415308642    0.1488888889   1.234567901    2.024691358    0.4907407407   0.2714983338   
316      I1         1.087037037    1.55617284     2.709876543    0.2217283951   0.415308642    1.138888889    1.034567901    2.024691358    0.4907407407   0.5050084223   
317      I1         1.087037037    1.55617284     2.709876543    0.2217283951   0.415308642    1.138888889    1.234567901    1.824691358    0.4907407407   0.1941663028   
318      I1         1.087037037    1.55617284     2.709876543    0.2217283951   0.415308642    1.138888889    1.234567901    2.024691358    0.3407407407   0.2463960128   
319      I1         1.172037037    1.55617284     2.709876543    0.2217283951   0.415308642    1.138888889    1.234567901    2.024691358    0.4907407407   0.2118717978   
320      I1         1.087037037    1.64117284     2.709876543    0.2217283951   0.415308642    1.138888889    1.234567901    2.024691358    0.4907407407   0.1843126849   
321      I1         1.087037037    1.55617284     2.809876543    0.2217283951   0.415308642    1.138888889    1.234567901    2.024691358    0.4907407407   0.1832280775   
322      I1         1.087037037    1.55617284     2.709876543    0.2707283951   0.415308642    1.138888889    1.234567901    2.024691358    0.4907407407   0.1963062911   
323      I1         1.087037037    1.55617284     2.709876543    0.2217283951   0.464308642    1.138888889    1.234567901    2.024691358    0.4907407407   0.1958477466   
324      I1         1.087037037    1.55617284     2.709876543    0.2217283951   0.415308642    1.633888889    1.234567901    2.024691358    0.4907407407   0.1942099197   
325      I1         1.087037037    1.55617284     2.709876543    0.2217283951   0.415308642    1.138888889    1.334567901    2.024691358    0.4907407407   0.232338454    
326      I1         1.087037037    1.55617284     2.709876543    0.2217283951   0.415308642    1.138888889    1.234567901    2.124691358    0.4907407407   0.1844507724   
327      I1         1.002037037    1.55617284     2.709876543    0.2217283951   0.415308642    1.138888889    1.234567901    2.024691358    0.4907407407   0.1807039523   
328      I1         1.087037037    1.47117284     2.709876543    0.2217283951   0.415308642    1.138888889    1.234567901    2.024691358    0.4907407407   0.1913908437   
329      I1         1.087037037    1.55617284     2.609876543    0.2217283951   0.415308642    1.138888889    1.234567901    2.024691358    0.4907407407   0.1901969571   
330      I1         1.087037037    1.55617284     2.709876543    0.1727283951   0.415308642    1.138888889    1.234567901    2.024691358    0.4907407407   0.1840002777   
331      I1         1.087037037    1.55617284     2.709876543    0.2217283951   0.366308642    1.138888889    1.234567901    2.024691358    0.4907407407   0.1809116622   
332      I1         1.087037037    1.55617284     2.709876543    0.2217283951   0.415308642    0.6438888889   1.234567901    2.024691358    0.4907407407   0.1963708166   
333      I1         1.087037037    1.55617284     2.709876543    0.2217283951   0.415308642    1.138888889    1.134567901    2.024691358    0.4907407407   0.3158121004   
334      I1         1.087037037    1.55617284     2.709876543    0.2217283951   0.415308642    1.138888889    1.234567901    1.924691358    0.4907407407   0.1890937088   
335      I1         1.087037037    1.55617284     2.709876543    0.2217283951   0.415308642    1.138888889    1.234567901    2.024691358    0.4157407407   0.2115567958   
336      I1         1.002037037    1.64117284     2.709876543    0.2217283951   0.415308642    1.138888889    1.234567901    2.024691358    0.4907407407   0.1844542393   
337      I1         1.002037037    1.55617284     2.809876543    0.2217283951   0.415308642    1.138888889    1.234567901    2.024691358    0.4907407407   0.1849348056   
338      I1         1.002037037    1.55617284     2.709876543    0.2707283951   0.415308642    1.138888889    1.234567901    2.024691358    0.4907407407   0.1813921897   
339      I1         1.002037037    1.55617284     2.709876543    0.2217283951   0.464308642    1.138888889    1.234567901    2.024691358    0.4907407407   0.1841989601   
340      I1         1.002037037    1.55617284     2.709876543    0.2217283951   0.415308642    1.633888889    1.234567901    2.024691358    0.4907407407   0.1957589838   
341      I1         1.002037037    1.55617284     2.709876543    0.2217283951   0.415308642    1.138888889    1.334567901    2.024691358    0.4907407407   0.2588679979   
342      I1         1.002037037    1.55617284     2.709876543    0.2217283951   0.415308642    1.138888889    1.234567901    2.124691358    0.4907407407   0.1822359462   
343      I1         1.002037037    1.47117284     2.709876543    0.2217283951   0.415308642    1.138888889    1.234567901    2.024691358    0.4907407407   0.1792987657   
344      I1         1.002037037    1.55617284     2.609876543    0.2217283951   0.415308642    1.138888889    1.234567901    2.024691358    0.4907407407   0.1815614517   
345      I1         1.002037037    1.55617284     2.709876543    0.1727283951   0.415308642    1.138888889    1.234567901    2.024691358    0.4907407407   0.1873780603   
346      I1         1.002037037    1.55617284     2.709876543    0.2217283951   0.366308642    1.138888889    1.234567901    2.024691358    0.4907407407   0.1805551393   
347      I1         1.002037037    1.55617284     2.709876543    0.2217283951   0.415308642    0.6438888889   1.234567901    2.024691358    0.4907407407   0.1774780557   
348      I1         1.002037037    1.55617284     2.709876543    0.2217283951   0.415308642    1.138888889    1.134567901    2.024691358    0.4907407407   0.2687782916   
349      I1         1.002037037    1.55617284     2.709876543    0.2217283951   0.415308642    1.138888889    1.234567901    1.924691358    0.4907407407   0.1801570363   
350      I1         1.002037037    1.55617284     2.709876543    0.2217283951   0.415308642    1.138888889    1.234567901    2.024691358    0.4157407407   0.1936076825   
351      I1         1.002037037    1.64117284     2.709876543    0.2217283951   0.415308642    0.6438888889   1.234567901    2.024691358    0.4907407407   0.1761609392   
352      I1         1.002037037    1.55617284     2.809876543    0.2217283951   0.415308642    0.6438888889   1.234567901    2.024691358    0.4907407407   0.1762087125   
353      I1         1.002037037    1.55617284     2.709876543    0.2707283951   0.415308642    0.6438888889   1.234567901    2.024691358    0.4907407407   0.1868466487   
354      I1         1.002037037    1.55617284     2.709876543    0.2217283951   0.464308642    0.6438888889   1.234567901    2.024691358    0.4907407407   0.1861208228   
355      I1         1.002037037    1.55617284     2.709876543    0.2217283951   0.415308642    0.6438888889   1.334567901    2.024691358    0.4907407407   0.2315973702   
356      I1         1.002037037    1.55617284     2.709876543    0.2217283951   0.415308642    0.6438888889   1.234567901    2.124691358    0.4907407407   0.1765328316   
357      I1         0.917037037    1.55617284     2.709876543    0.2217283951   0.415308642    0.6438888889   1.234567901    2.024691358    0.4907407407   0.17418435     
358      I1         1.002037037    1.47117284     2.709876543    0.2217283951   0.415308642    0.6438888889   1.234567901    2.024691358    0.4907407407   0.1817819813   
359      I1         1.002037037    1.55617284     2.609876543    0.2217283951   0.415308642    0.6438888889   1.234567901    2.024691358    0.4907407407   0.1802525168   
360      I1         1.002037037    1.55617284     2.709876543    0.1727283951   0.415308642    0.6438888889   1.234567901    2.024691358    0.4907407407   0.1767934889   
361      I1         1.002037037    1.55617284     2.709876543    0.2217283951   0.366308642    0.6438888889   1.234567901    2.024691358    0.4907407407   0.1727246659   
362      I1         1.002037037    1.55617284     2.709876543    0.2217283951   0.415308642    0.1488888889   1.234567901    2.024691358    0.4907407407   0.2341993675   
363      I1         1.002037037    1.55617284     2.709876543    0.2217283951   0.415308642    0.6438888889   1.134567901    2.024691358    0.4907407407   0.2965530964   
364      I1         1.002037037    1.55617284     2.709876543    0.2217283951   0.415308642    0.6438888889   1.234567901    1.924691358    0.4907407407   0.1787833198   
365      I1         1.002037037    1.55617284     2.709876543    0.2217283951   0.415308642    0.6438888889   1.234567901    2.024691358    0.4157407407   0.1948111178   
366      I1         1.087037037    1.55617284     2.709876543    0.2217283951   0.366308642    0.6438888889   1.234567901    2.024691358    0.4907407407   0.1861872909   
367      I1         1.002037037    1.64117284     2.709876543    0.2217283951   0.366308642    0.6438888889   1.234567901    2.024691358    0.4907407407   0.1740952354   
368      I1         1.002037037    1.55617284     2.809876543    0.2217283951   0.366308642    0.6438888889   1.234567901    2.024691358    0.4907407407   0.1747693092   
369      I1         1.002037037    1.55617284     2.709876543    0.2707283951   0.366308642    0.6438888889   1.234567901    2.024691358    0.4907407407   0.1775044377   
370      I1         1.002037037    1.55617284     2.709876543    0.2217283951   0.366308642    0.6438888889   1.334567901    2.024691358    0.4907407407   0.2452610846   
371      I1         1.002037037    1.55617284     2.709876543    0.2217283951   0.366308642    0.6438888889   1.234567901    2.124691358    0.4907407407   0.1737181596   
372      I1         0.917037037    1.55617284     2.709876543    0.2217283951   0.366308642    0.6438888889   1.234567901    2.024691358    0.4907407407   0.1755426379   
373      I1         1.002037037    1.47117284     2.709876543    0.2217283951   0.366308642    0.6438888889   1.234567901    2.024691358    0.4907407407   0.1735561537   
374      I1         1.002037037    1.55617284     2.609876543    0.2217283951   0.366308642    0.6438888889   1.234567901    2.024691358    0.4907407407   0.1742877928   
375      I1         1.002037037    1.55617284     2.709876543    0.1727283951   0.366308642    0.6438888889   1.234567901    2.024691358    0.4907407407   0.1765608386   
376      I1         1.002037037    1.55617284     2.709876543    0.2217283951   0.317308642    0.6438888889   1.234567901    2.024691358    0.4907407407   0.1713164449   
377      I1         1.002037037    1.55617284     2.709876543    0.2217283951   0.366308642    0.1488888889   1.234567901    2.024691358    0.4907407407   0.22050046     
378      I1         1.002037037    1.55617284     2.709876543    0.2217283951   0.366308642    0.6438888889   1.134567901    2.024691358    0.4907407407   0.2793996186   
379      I1         1.002037037    1.55617284     2.709876543    0.2217283951   0.366308642    0.6438888889   1.234567901    1.924691358    0.4907407407   0.1729964744   
380      I1         1.002037037    1.55617284     2.709876543    0.2217283951   0.366308642    0.6438888889   1.234567901    2.024691358    0.4157407407   0.1863444454   
381      I1         1.044537037    1.55617284     2.709876543    0.2217283951   0.366308642    0.6438888889   1.234567901    2.024691358    0.4907407407   0.176936414    
382      I1         1.002037037    1.59867284     2.709876543    0.2217283951   0.366308642    0.6438888889   1.234567901    2.024691358    0.4907407407   0.1731545242   
383      I1         1.002037037    1.55617284     2.759876543    0.2217283951   0.366308642    0.6438888889   1.234567901    2.024691358    0.4907407407   0.1727817357   
384      I1         1.002037037    1.55617284     2.709876543    0.2462283951   0.366308642    0.6438888889   1.234567901    2.024691358    0.4907407407   0.1739192941   
385      I1         1.002037037    1.55617284     2.709876543    0.2217283951   0.390808642    0.6438888889   1.234567901    2.024691358    0.4907407407   0.1746462786   
386      I1         1.002037037    1.55617284     2.709876543    0.2217283951   0.366308642    0.8913888889   1.234567901    2.024691358    0.4907407407   0.1731593715   
387      I1         1.002037037    1.55617284     2.709876543    0.2217283951   0.366308642    0.6438888889   1.284567901    2.024691358    0.4907407407   0.1912994115   
388      I1         1.002037037    1.55617284     2.709876543    0.2217283951   0.366308642    0.6438888889   1.234567901    2.074691358    0.4907407407   0.173206615    
389      I1         0.959537037    1.55617284     2.709876543    0.2217283951   0.366308642    0.6438888889   1.234567901    2.024691358    0.4907407407   0.1729007168   
390      I1         1.002037037    1.51367284     2.709876543    0.2217283951   0.366308642    0.6438888889   1.234567901    2.024691358    0.4907407407   0.1728556132   
391      I1         1.002037037    1.55617284     2.659876543    0.2217283951   0.366308642    0.6438888889   1.234567901    2.024691358    0.4907407407   0.173371035    
392      I1         1.002037037    1.55617284     2.709876543    0.1972283951   0.366308642    0.6438888889   1.234567901    2.024691358    0.4907407407   0.1736976629   
393      I1         1.002037037    1.55617284     2.709876543    0.2217283951   0.341808642    0.6438888889   1.234567901    2.024691358    0.4907407407   0.1716407681   
394      I1         1.002037037    1.55617284     2.709876543    0.2217283951   0.366308642    0.3963888889   1.234567901    2.024691358    0.4907407407   0.1846881381   
395      I1         1.002037037    1.55617284     2.709876543    0.2217283951   0.366308642    0.6438888889   1.184567901    2.024691358    0.4907407407   0.2072519581   
396      I1         1.002037037    1.55617284     2.709876543    0.2217283951   0.366308642    0.6438888889   1.234567901    1.974691358    0.4907407407   0.1727957401   
397      I1         1.002037037    1.55617284     2.709876543    0.2217283951   0.366308642    0.6438888889   1.234567901    2.024691358    0.4532407407   0.1778314031   
398      I1         1.044537037    1.55617284     2.709876543    0.2217283951   0.341808642    0.6438888889   1.234567901    2.024691358    0.4907407407   0.1743049233   
399      I1         1.002037037    1.59867284     2.709876543    0.2217283951   0.341808642    0.6438888889   1.234567901    2.024691358    0.4907407407   0.1726062972   
400      I1         1.002037037    1.55617284     2.759876543    0.2217283951   0.341808642    0.6438888889   1.234567901    2.024691358    0.4907407407   0.1722845446   
401      I1         1.002037037    1.55617284     2.709876543    0.2462283951   0.341808642    0.6438888889   1.234567901    2.024691358    0.4907407407   0.1716828471   
402      I1         1.002037037    1.55617284     2.709876543    0.2217283951   0.341808642    0.8913888889   1.234567901    2.024691358    0.4907407407   0.1732484989   
403      I1         1.002037037    1.55617284     2.709876543    0.2217283951   0.341808642    0.6438888889   1.284567901    2.024691358    0.4907407407   0.1953697099   
404      I1         1.002037037    1.55617284     2.709876543    0.2217283951   0.341808642    0.6438888889   1.234567901    2.074691358    0.4907407407   0.1725171935   
405      I1         0.959537037    1.55617284     2.709876543    0.2217283951   0.341808642    0.6438888889   1.234567901    2.024691358    0.4907407407   0.173417547    
406      I1         1.002037037    1.51367284     2.709876543    0.2217283951   0.341808642    0.6438888889   1.234567901    2.024691358    0.4907407407   0.1711391769   
407      I1         1.002037037    1.55617284     2.659876543    0.2217283951   0.341808642    0.6438888889   1.234567901    2.024691358    0.4907407407   0.1719364208   
408      I1         1.002037037    1.55617284     2.709876543    0.1972283951   0.341808642    0.6438888889   1.234567901    2.024691358    0.4907407407   0.1737149873   
409      I1         1.002037037    1.55617284     2.709876543    0.2217283951   0.317308642    0.6438888889   1.234567901    2.024691358    0.4907407407   0.1713164449   
410      I1         1.002037037    1.55617284     2.709876543    0.2217283951   0.341808642    0.3963888889   1.234567901    2.024691358    0.4907407407   0.1817418897   
411      I1         1.002037037    1.55617284     2.709876543    0.2217283951   0.341808642    0.6438888889   1.184567901    2.024691358    0.4907407407   0.2014943245   
412      I1         1.002037037    1.55617284     2.709876543    0.2217283951   0.341808642    0.6438888889   1.234567901    1.974691358    0.4907407407   0.1715233863   
413      I1         1.002037037    1.55617284     2.709876543    0.2217283951   0.341808642    0.6438888889   1.234567901    2.024691358    0.4532407407   0.1757914183   
414      I1         1.023287037    1.55617284     2.709876543    0.2217283951   0.341808642    0.6438888889   1.234567901    2.024691358    0.4907407407   0.1723487777   
415      I1         1.002037037    1.57742284     2.709876543    0.2217283951   0.341808642    0.6438888889   1.234567901    2.024691358    0.4907407407   0.1720683722   
416      I1         1.002037037    1.55617284     2.734876543    0.2217283951   0.341808642    0.6438888889   1.234567901    2.024691358    0.4907407407   0.1717885265   
417      I1         1.002037037    1.55617284     2.709876543    0.2339783951   0.341808642    0.6438888889   1.234567901    2.024691358    0.4907407407   0.1713789331   
418      I1         1.002037037    1.55617284     2.709876543    0.2217283951   0.354058642    0.6438888889   1.234567901    2.024691358    0.4907407407   0.1720827822   
419      I1         1.002037037    1.55617284     2.709876543    0.2217283951   0.341808642    0.7676388889   1.234567901    2.024691358    0.4907407407   0.1717025715   
420      I1         1.002037037    1.55617284     2.709876543    0.2217283951   0.341808642    0.6438888889   1.259567901    2.024691358    0.4907407407   0.1779311278   
421      I1         1.002037037    1.55617284     2.709876543    0.2217283951   0.341808642    0.6438888889   1.234567901    2.049691358    0.4907407407   0.1717576893   
422      I1         0.980787037    1.55617284     2.709876543    0.2217283951   0.341808642    0.6438888889   1.234567901    2.024691358    0.4907407407   0.1720120654   
423      I1         1.002037037    1.53492284     2.709876543    0.2217283951   0.341808642    0.6438888889   1.234567901    2.024691358    0.4907407407   0.1713296882   
424      I1         1.002037037    1.55617284     2.684876543    0.2217283951   0.341808642    0.6438888889   1.234567901    2.024691358    0.4907407407   0.1717159671   
425      I1         1.002037037    1.55617284     2.709876543    0.2094783951   0.341808642    0.6438888889   1.234567901    2.024691358    0.4907407407   0.172432381    
426      I1         1.002037037    1.55617284     2.709876543    0.2217283951   0.329558642    0.6438888889   1.234567901    2.024691358    0.4907407407   0.1713886962   
427      I1         1.002037037    1.55617284     2.709876543    0.2217283951   0.341808642    0.5201388889   1.234567901    2.024691358    0.4907407407   0.1751132985   
428      I1         1.002037037    1.55617284     2.709876543    0.2217283951   0.341808642    0.6438888889   1.209567901    2.024691358    0.4907407407   0.1798664701   
429      I1         1.002037037    1.55617284     2.709876543    0.2217283951   0.341808642    0.6438888889   1.234567901    1.999691358    0.4907407407   0.1716323603   
430      I1         1.002037037    1.55617284     2.709876543    0.2217283951   0.341808642    0.6438888889   1.234567901    2.024691358    0.4719907407   0.1732589512   
431      I1         1.023287037    1.53492284     2.709876543    0.2217283951   0.341808642    0.6438888889   1.234567901    2.024691358    0.4907407407   0.172408746    
432      I1         1.002037037    1.53492284     2.734876543    0.2217283951   0.341808642    0.6438888889   1.234567901    2.024691358    0.4907407407   0.1713685426   
433      I1         1.002037037    1.53492284     2.709876543    0.2339783951   0.341808642    0.6438888889   1.234567901    2.024691358    0.4907407407   0.1713489335   
434      I1         1.002037037    1.53492284     2.709876543    0.2217283951   0.354058642    0.6438888889   1.234567901    2.024691358    0.4907407407   0.1719159985   
435      I1         1.002037037    1.53492284     2.709876543    0.2217283951   0.341808642    0.7676388889   1.234567901    2.024691358    0.4907407407   0.1710574587   
436      I1         1.002037037    1.53492284     2.709876543    0.2217283951   0.341808642    0.6438888889   1.259567901    2.024691358    0.4907407407   0.1763455071   
437      I1         1.002037037    1.53492284     2.709876543    0.2217283951   0.341808642    0.6438888889   1.234567901    2.049691358    0.4907407407   0.1713817792   
438      I1         0.980787037    1.53492284     2.709876543    0.2217283951   0.341808642    0.6438888889   1.234567901    2.024691358    0.4907407407   0.1713291867   
439      I1         1.002037037    1.53492284     2.684876543    0.2217283951   0.341808642    0.6438888889   1.234567901    2.024691358    0.4907407407   0.171487075    
440      I1         1.002037037    1.53492284     2.709876543    0.2094783951   0.341808642    0.6438888889   1.234567901    2.024691358    0.4907407407   0.1718513218   
441      I1         1.002037037    1.53492284     2.709876543    0.2217283951   0.329558642    0.6438888889   1.234567901    2.024691358    0.4907407407   0.1709494158   
442      I1         1.002037037    1.53492284     2.709876543    0.2217283951   0.341808642    0.5201388889   1.234567901    2.024691358    0.4907407407   0.1751534702   
443      I1         1.002037037    1.53492284     2.709876543    0.2217283951   0.341808642    0.6438888889   1.209567901    2.024691358    0.4907407407   0.1808597598   
444      I1         1.002037037    1.53492284     2.709876543    0.2217283951   0.341808642    0.6438888889   1.234567901    1.999691358    0.4907407407   0.171328793    
445      I1         1.002037037    1.53492284     2.709876543    0.2217283951   0.341808642    0.6438888889   1.234567901    2.024691358    0.4719907407   0.1731459275   
446      I1         1.023287037    1.53492284     2.709876543    0.2217283951   0.329558642    0.6438888889   1.234567901    2.024691358    0.4907407407   0.1716245844   
447      I1         1.002037037    1.53492284     2.734876543    0.2217283951   0.329558642    0.6438888889   1.234567901    2.024691358    0.4907407407   0.1711164735   
448      I1         1.002037037    1.53492284     2.709876543    0.2339783951   0.329558642    0.6438888889   1.234567901    2.024691358    0.4907407407   0.1706756598   
449      I1         1.002037037    1.53492284     2.709876543    0.2217283951   0.329558642    0.7676388889   1.234567901    2.024691358    0.4907407407   0.1710393595   
450      I1         1.002037037    1.53492284     2.709876543    0.2217283951   0.329558642    0.6438888889   1.259567901    2.024691358    0.4907407407   0.1773920902   
451      I1         1.002037037    1.53492284     2.709876543    0.2217283951   0.329558642    0.6438888889   1.234567901    2.049691358    0.4907407407   0.1710783958   
452      I1         0.980787037    1.53492284     2.709876543    0.2217283951   0.329558642    0.6438888889   1.234567901    2.024691358    0.4907407407   0.1713592691   
453      I1         1.002037037    1.51367284     2.709876543    0.2217283951   0.329558642    0.6438888889   1.234567901    2.024691358    0.4907407407   0.1706196947   
454      I1         1.002037037    1.53492284     2.684876543    0.2217283951   0.329558642    0.6438888889   1.234567901    2.024691358    0.4907407407   0.171008038    
455      I1         1.002037037    1.53492284     2.709876543    0.2094783951   0.329558642    0.6438888889   1.234567901    2.024691358    0.4907407407   0.1717560846   
456      I1         1.002037037    1.53492284     2.709876543    0.2217283951   0.317308642    0.6438888889   1.234567901    2.024691358    0.4907407407   0.1707647014   
457      I1         1.002037037    1.53492284     2.709876543    0.2217283951   0.329558642    0.5201388889   1.234567901    2.024691358    0.4907407407   0.1743944528   
458      I1         1.002037037    1.53492284     2.709876543    0.2217283951   0.329558642    0.6438888889   1.209567901    2.024691358    0.4907407407   0.17910405     
459      I1         1.002037037    1.53492284     2.709876543    0.2217283951   0.329558642    0.6438888889   1.234567901    1.999691358    0.4907407407   0.170938472    
460      I1         1.002037037    1.53492284     2.709876543    0.2217283951   0.329558642    0.6438888889   1.234567901    2.024691358    0.4719907407   0.1725222813   
461      I1         1.023287037    1.51367284     2.709876543    0.2217283951   0.329558642    0.6438888889   1.234567901    2.024691358    0.4907407407   0.171651372    
462      I1         1.002037037    1.51367284     2.734876543    0.2217283951   0.329558642    0.6438888889   1.234567901    2.024691358    0.4907407407   0.1706840709   
463      I1         1.002037037    1.51367284     2.709876543    0.2339783951   0.329558642    0.6438888889   1.234567901    2.024691358    0.4907407407   0.1706160476   
464      I1         1.002037037    1.51367284     2.709876543    0.2217283951   0.329558642    0.7676388889   1.234567901    2.024691358    0.4907407407   0.1703878831   
465      I1         1.002037037    1.51367284     2.709876543    0.2217283951   0.329558642    0.6438888889   1.259567901    2.024691358    0.4907407407   0.1758405689   
466      I1         1.002037037    1.51367284     2.709876543    0.2217283951   0.329558642    0.6438888889   1.234567901    2.049691358    0.4907407407   0.1706848591   
467      I1         0.980787037    1.51367284     2.709876543    0.2217283951   0.329558642    0.6438888889   1.234567901    2.024691358    0.4907407407   0.1706721445   
468      I1         1.002037037    1.49242284     2.709876543    0.2217283951   0.329558642    0.6438888889   1.234567901    2.024691358    0.4907407407   0.1704022058   
469      I1         1.002037037    1.51367284     2.684876543    0.2217283951   0.329558642    0.6438888889   1.234567901    2.024691358    0.4907407407   0.1707555263   
470      I1         1.002037037    1.51367284     2.709876543    0.2094783951   0.329558642    0.6438888889   1.234567901    2.024691358    0.4907407407   0.1711670661   
471      I1         1.002037037    1.51367284     2.709876543    0.2217283951   0.317308642    0.6438888889   1.234567901    2.024691358    0.4907407407   0.1703118406   
472      I1         1.002037037    1.51367284     2.709876543    0.2217283951   0.329558642    0.5201388889   1.234567901    2.024691358    0.4907407407   0.1744007459   
473      I1         1.002037037    1.51367284     2.709876543    0.2217283951   0.329558642    0.6438888889   1.209567901    2.024691358    0.4907407407   0.1800285524   
474      I1         1.002037037    1.51367284     2.709876543    0.2217283951   0.329558642    0.6438888889   1.234567901    1.999691358    0.4907407407   0.1706154615   
475      I1         1.002037037    1.51367284     2.709876543    0.2217283951   0.329558642    0.6438888889   1.234567901    2.024691358    0.4719907407   0.1723819495   
476      I1         1.023287037    1.51367284     2.709876543    0.2217283951   0.317308642    0.6438888889   1.234567901    2.024691358    0.4907407407   0.1709290945   
477      I1         1.002037037    1.51367284     2.734876543    0.2217283951   0.317308642    0.6438888889   1.234567901    2.024691358    0.4907407407   0.1705053739   
478      I1         1.002037037    1.51367284     2.709876543    0.2339783951   0.317308642    0.6438888889   1.234567901    2.024691358    0.4907407407   0.1700071021   
479      I1         1.002037037    1.51367284     2.709876543    0.2217283951   0.317308642    0.7676388889   1.234567901    2.024691358    0.4907407407   0.1704493892   
480      I1         1.002037037    1.51367284     2.709876543    0.2217283951   0.317308642    0.6438888889   1.259567901    2.024691358    0.4907407407   0.1769865571   
481      I1         1.002037037    1.51367284     2.709876543    0.2217283951   0.317308642    0.6438888889   1.234567901    2.049691358    0.4907407407   0.1704543606   
482      I1         0.980787037    1.51367284     2.709876543    0.2217283951   0.317308642    0.6438888889   1.234567901    2.024691358    0.4907407407   0.1707844318   
483      I1         1.002037037    1.49242284     2.709876543    0.2217283951   0.317308642    0.6438888889   1.234567901    2.024691358    0.4907407407   0.1699612001   
484      I1         1.002037037    1.51367284     2.684876543    0.2217283951   0.317308642    0.6438888889   1.234567901    2.024691358    0.4907407407   0.1703482962   
485      I1         1.002037037    1.51367284     2.709876543    0.2094783951   0.317308642    0.6438888889   1.234567901    2.024691358    0.4907407407   0.1711516083   
486      I1         1.002037037    1.51367284     2.709876543    0.2217283951   0.305058642    0.6438888889   1.234567901    2.024691358    0.4907407407   0.1702045479   
487      I1         1.002037037    1.51367284     2.709876543    0.2217283951   0.317308642    0.5201388889   1.234567901    2.024691358    0.4907407407   0.1737055149   
488      I1         1.002037037    1.51367284     2.709876543    0.2217283951   0.317308642    0.6438888889   1.209567901    2.024691358    0.4907407407   0.1783087958   
489      I1         1.002037037    1.51367284     2.709876543    0.2217283951   0.317308642    0.6438888889   1.234567901    1.999691358    0.4907407407   0.1702979883   
490      I1         1.002037037    1.51367284     2.709876543    0.2217283951   0.317308642    0.6438888889   1.234567901    2.024691358    0.4719907407   0.1718286396   
491      I1         1.044537037    1.49242284     2.709876543    0.2217283951   0.317308642    0.6438888889   1.234567901    2.024691358    0.4907407407   0.1731334922   
492      I1         1.002037037    1.49242284     2.759876543    0.2217283951   0.317308642    0.6438888889   1.234567901    2.024691358    0.4907407407   0.1704829857   
493      I1         1.002037037    1.49242284     2.709876543    0.2462283951   0.317308642    0.6438888889   1.234567901    2.024691358    0.4907407407   0.1704482152   
494      I1         1.002037037    1.49242284     2.709876543    0.2217283951   0.341808642    0.6438888889   1.234567901    2.024691358    0.4907407407   0.1710710998   
495      I1         1.002037037    1.49242284     2.709876543    0.2217283951   0.317308642    0.8913888889   1.234567901    2.024691358    0.4907407407   0.1711738925   
496      I1         1.002037037    1.49242284     2.709876543    0.2217283951   0.317308642    0.6438888889   1.284567901    2.024691358    0.4907407407   0.1924693356   
497      I1         1.002037037    1.49242284     2.709876543    0.2217283951   0.317308642    0.6438888889   1.234567901    2.074691358    0.4907407407   0.1707461989   
498      I1         0.959537037    1.49242284     2.709876543    0.2217283951   0.317308642    0.6438888889   1.234567901    2.024691358    0.4907407407   0.1712760584   
499      I1         1.002037037    1.44992284     2.709876543    0.2217283951   0.317308642    0.6438888889   1.234567901    2.024691358    0.4907407407   0.1695711709   
500      I1         1.002037037    1.49242284     2.659876543    0.2217283951   0.317308642    0.6438888889   1.234567901    2.024691358    0.4907407407   0.1703105657   
501      I1         1.002037037    1.49242284     2.709876543    0.1972283951   0.317308642    0.6438888889   1.234567901    2.024691358    0.4907407407   0.1716532288   
502      I1         1.002037037    1.49242284     2.709876543    0.2217283951   0.292808642    0.6438888889   1.234567901    2.024691358    0.4907407407   0.1697170844   
503      I1         1.002037037    1.49242284     2.709876543    0.2217283951   0.317308642    0.3963888889   1.234567901    2.024691358    0.4907407407   0.1806870696   
504      I1         1.002037037    1.49242284     2.709876543    0.2217283951   0.317308642    0.6438888889   1.184567901    2.024691358    0.4907407407   0.2017081702   
505      I1         1.002037037    1.49242284     2.709876543    0.2217283951   0.317308642    0.6438888889   1.234567901    1.974691358    0.4907407407   0.1698733434   
506      I1         1.002037037    1.49242284     2.709876543    0.2217283951   0.317308642    0.6438888889   1.234567901    2.024691358    0.4532407407   0.1742609094   
507      I1         1.023287037    1.49242284     2.709876543    0.2217283951   0.317308642    0.6438888889   1.234567901    2.024691358    0.4907407407   0.1709196449   
508      I1         1.002037037    1.49242284     2.734876543    0.2217283951   0.317308642    0.6438888889   1.234567901    2.024691358    0.4907407407   0.1700584428   
509      I1         1.002037037    1.49242284     2.709876543    0.2339783951   0.317308642    0.6438888889   1.234567901    2.024691358    0.4907407407   0.1699146994   
510      I1         1.002037037    1.49242284     2.709876543    0.2217283951   0.317308642    0.7676388889   1.234567901    2.024691358    0.4907407407   0.1697918808   
511      I1         1.002037037    1.49242284     2.709876543    0.2217283951   0.317308642    0.6438888889   1.259567901    2.024691358    0.4907407407   0.175470949    
512      I1         1.002037037    1.49242284     2.709876543    0.2217283951   0.317308642    0.6438888889   1.234567901    2.049691358    0.4907407407   0.1700425535   
513      I1         0.980787037    1.49242284     2.709876543    0.2217283951   0.317308642    0.6438888889   1.234567901    2.024691358    0.4907407407   0.1700926207   
514      I1         1.002037037    1.47117284     2.709876543    0.2217283951   0.317308642    0.6438888889   1.234567901    2.024691358    0.4907407407   0.1697143506   
515      I1         1.002037037    1.49242284     2.684876543    0.2217283951   0.317308642    0.6438888889   1.234567901    2.024691358    0.4907407407   0.1700698108   
516      I1         1.002037037    1.49242284     2.709876543    0.2094783951   0.317308642    0.6438888889   1.234567901    2.024691358    0.4907407407   0.1705532943   
517      I1         1.002037037    1.49242284     2.709876543    0.2217283951   0.305058642    0.6438888889   1.234567901    2.024691358    0.4907407407   0.1697367212   
518      I1         1.002037037    1.49242284     2.709876543    0.2217283951   0.317308642    0.5201388889   1.234567901    2.024691358    0.4907407407   0.173674593    
519      I1         1.002037037    1.49242284     2.709876543    0.2217283951   0.317308642    0.6438888889   1.209567901    2.024691358    0.4907407407   0.1791601809   
520      I1         1.002037037    1.49242284     2.709876543    0.2217283951   0.317308642    0.6438888889   1.234567901    1.999691358    0.4907407407   0.1699532411   
521      I1         1.002037037    1.49242284     2.709876543    0.2217283951   0.317308642    0.6438888889   1.234567901    2.024691358    0.4719907407   0.1716584339   
522      I1         1.023287037    1.47117284     2.709876543    0.2217283951   0.317308642    0.6438888889   1.234567901    2.024691358    0.4907407407   0.1710081216   
523      I1         1.002037037    1.47117284     2.734876543    0.2217283951   0.317308642    0.6438888889   1.234567901    2.024691358    0.4907407407   0.1697151399   
524      I1         1.002037037    1.47117284     2.709876543    0.2339783951   0.317308642    0.6438888889   1.234567901    2.024691358    0.4907407407   0.1699264385   
525      I1         1.002037037    1.47117284     2.709876543    0.2217283951   0.329558642    0.6438888889   1.234567901    2.024691358    0.4907407407   0.1702976889   
526      I1         1.002037037    1.47117284     2.709876543    0.2217283951   0.317308642    0.7676388889   1.234567901    2.024691358    0.4907407407   0.1692338396   
527      I1         1.002037037    1.47117284     2.709876543    0.2217283951   0.317308642    0.6438888889   1.259567901    2.024691358    0.4907407407   0.1740493842   
528      I1         1.002037037    1.47117284     2.709876543    0.2217283951   0.317308642    0.6438888889   1.234567901    2.049691358    0.4907407407   0.1697335141   
529      I1         0.980787037    1.47117284     2.709876543    0.2217283951   0.317308642    0.6438888889   1.234567901    2.024691358    0.4907407407   0.1695084258   
530      I1         1.002037037    1.47117284     2.684876543    0.2217283951   0.317308642    0.6438888889   1.234567901    2.024691358    0.4907407407   0.1698948901   
531      I1         1.002037037    1.47117284     2.709876543    0.2094783951   0.317308642    0.6438888889   1.234567901    2.024691358    0.4907407407   0.1700571854   
532      I1         1.002037037    1.47117284     2.709876543    0.2217283951   0.305058642    0.6438888889   1.234567901    2.024691358    0.4907407407   0.1693636438   
533      I1         1.002037037    1.47117284     2.709876543    0.2217283951   0.317308642    0.5201388889   1.234567901    2.024691358    0.4907407407   0.1737476382   
534      I1         1.002037037    1.47117284     2.709876543    0.2217283951   0.317308642    0.6438888889   1.209567901    2.024691358    0.4907407407   0.1801011759   
535      I1         1.002037037    1.47117284     2.709876543    0.2217283951   0.317308642    0.6438888889   1.234567901    1.999691358    0.4907407407   0.1697124848   
536      I1         1.002037037    1.47117284     2.709876543    0.2217283951   0.317308642    0.6438888889   1.234567901    2.024691358    0.4719907407   0.1715905354   
537      I1         1.023287037    1.47117284     2.709876543    0.2217283951   0.317308642    0.7676388889   1.234567901    2.024691358    0.4907407407   0.1695527106   
538      I1         1.002037037    1.47117284     2.734876543    0.2217283951   0.317308642    0.7676388889   1.234567901    2.024691358    0.4907407407   0.1695290984   
539      I1         1.002037037    1.47117284     2.709876543    0.2339783951   0.317308642    0.7676388889   1.234567901    2.024691358    0.4907407407   0.1687588516   
540      I1         1.002037037    1.47117284     2.709876543    0.2217283951   0.329558642    0.7676388889   1.234567901    2.024691358    0.4907407407   0.1694058109   
541      I1         1.002037037    1.47117284     2.709876543    0.2217283951   0.317308642    0.8913888889   1.234567901    2.024691358    0.4907407407   0.1704076841   
542      I1         1.002037037    1.47117284     2.709876543    0.2217283951   0.317308642    0.7676388889   1.259567901    2.024691358    0.4907407407   0.1767450908   
543      I1         1.002037037    1.47117284     2.709876543    0.2217283951   0.317308642    0.7676388889   1.234567901    2.049691358    0.4907407407   0.1697412436   
544      I1         0.980787037    1.47117284     2.709876543    0.2217283951   0.317308642    0.7676388889   1.234567901    2.024691358    0.4907407407   0.1699877244   
545      I1         1.002037037    1.44992284     2.709876543    0.2217283951   0.317308642    0.7676388889   1.234567901    2.024691358    0.4907407407   0.1687747436   
546      I1         1.002037037    1.47117284     2.684876543    0.2217283951   0.317308642    0.7676388889   1.234567901    2.024691358    0.4907407407   0.1691941301   
547      I1         1.002037037    1.47117284     2.709876543    0.2094783951   0.317308642    0.7676388889   1.234567901    2.024691358    0.4907407407   0.1702342246   
548      I1         1.002037037    1.47117284     2.709876543    0.2217283951   0.305058642    0.7676388889   1.234567901    2.024691358    0.4907407407   0.1692793042   
549      I1         1.002037037    1.47117284     2.709876543    0.2217283951   0.317308642    0.7676388889   1.209567901    2.024691358    0.4907407407   0.176274224    
550      I1         1.002037037    1.47117284     2.709876543    0.2217283951   0.317308642    0.7676388889   1.234567901    1.999691358    0.4907407407   0.1686921688   
551      I1         1.002037037    1.47117284     2.709876543    0.2217283951   0.317308642    0.7676388889   1.234567901    2.024691358    0.4719907407   0.1706440838   
552      I1         1.023287037    1.47117284     2.709876543    0.2217283951   0.317308642    0.7676388889   1.234567901    1.999691358    0.4907407407   0.1691912118   
553      I1         1.002037037    1.49242284     2.709876543    0.2217283951   0.317308642    0.7676388889   1.234567901    1.999691358    0.4907407407   0.1691909047   
554      I1         1.002037037    1.47117284     2.734876543    0.2217283951   0.317308642    0.7676388889   1.234567901    1.999691358    0.4907407407   0.1689395812   
555      I1         1.002037037    1.47117284     2.709876543    0.2339783951   0.317308642    0.7676388889   1.234567901    1.999691358    0.4907407407   0.1683485649   
556      I1         1.002037037    1.47117284     2.709876543    0.2217283951   0.329558642    0.7676388889   1.234567901    1.999691358    0.4907407407   0.1689447712   
557      I1         1.002037037    1.47117284     2.709876543    0.2217283951   0.317308642    0.8913888889   1.234567901    1.999691358    0.4907407407   0.1703734671   
558      I1         1.002037037    1.47117284     2.709876543    0.2217283951   0.317308642    0.7676388889   1.259567901    1.999691358    0.4907407407   0.1755908731   
559      I1         0.980787037    1.47117284     2.709876543    0.2217283951   0.317308642    0.7676388889   1.234567901    1.999691358    0.4907407407   0.1692710679   
560      I1         1.002037037    1.44992284     2.709876543    0.2217283951   0.317308642    0.7676388889   1.234567901    1.999691358    0.4907407407   0.1682936424   
561      I1         1.002037037    1.47117284     2.684876543    0.2217283951   0.317308642    0.7676388889   1.234567901    1.999691358    0.4907407407   0.1686899281   
562      I1         1.002037037    1.47117284     2.709876543    0.2094783951   0.317308642    0.7676388889   1.234567901    1.999691358    0.4907407407   0.1695659947   
563      I1         1.002037037    1.47117284     2.709876543    0.2217283951   0.305058642    0.7676388889   1.234567901    1.999691358    0.4907407407   0.1686622006   
564      I1         1.002037037    1.47117284     2.709876543    0.2217283951   0.317308642    0.7676388889   1.209567901    1.999691358    0.4907407407   0.1763912218   
565      I1         1.002037037    1.47117284     2.709876543    0.2217283951   0.317308642    0.7676388889   1.234567901    1.974691358    0.4907407407   0.169005904    
566      I1         1.002037037    1.47117284     2.709876543    0.2217283951   0.317308642    0.7676388889   1.234567901    1.999691358    0.4719907407   0.1702134295   
567      I1         1.023287037    1.44992284     2.709876543    0.2217283951   0.317308642    0.7676388889   1.234567901    1.999691358    0.4907407407   0.169120497    
568      I1         1.002037037    1.44992284     2.734876543    0.2217283951   0.317308642    0.7676388889   1.234567901    1.999691358    0.4907407407   0.1684484952   
569      I1         1.002037037    1.44992284     2.709876543    0.2339783951   0.317308642    0.7676388889   1.234567901    1.999691358    0.4907407407   0.168200195    
570      I1         1.002037037    1.44992284     2.709876543    0.2217283951   0.329558642    0.7676388889   1.234567901    1.999691358    0.4907407407   0.1686817722   
571      I1         1.002037037    1.44992284     2.709876543    0.2217283951   0.317308642    0.8913888889   1.234567901    1.999691358    0.4907407407   0.169712402    
572      I1         1.002037037    1.44992284     2.709876543    0.2217283951   0.317308642    0.7676388889   1.259567901    1.999691358    0.4907407407   0.1740602828   
573      I1         0.980787037    1.44992284     2.709876543    0.2217283951   0.317308642    0.7676388889   1.234567901    1.999691358    0.4907407407   0.1685412479   
574      I1         1.002037037    1.42867284     2.709876543    0.2217283951   0.317308642    0.7676388889   1.234567901    1.999691358    0.4907407407   0.1679940906   
575      I1         1.002037037    1.44992284     2.684876543    0.2217283951   0.317308642    0.7676388889   1.234567901    1.999691358    0.4907407407   0.1683605025   
576      I1         1.002037037    1.44992284     2.709876543    0.2094783951   0.317308642    0.7676388889   1.234567901    1.999691358    0.4907407407   0.1689277509   
577      I1         1.002037037    1.44992284     2.709876543    0.2217283951   0.305058642    0.7676388889   1.234567901    1.999691358    0.4907407407   0.1681445907   
578      I1         1.002037037    1.44992284     2.709876543    0.2217283951   0.317308642    0.6438888889   1.234567901    1.999691358    0.4907407407   0.1695754803   
579      I1         1.002037037    1.44992284     2.709876543    0.2217283951   0.317308642    0.7676388889   1.209567901    1.999691358    0.4907407407   0.177170786    
580      I1         1.002037037    1.44992284     2.709876543    0.2217283951   0.317308642    0.7676388889   1.234567901    1.974691358    0.4907407407   0.1686216108   
581      I1         1.002037037    1.44992284     2.709876543    0.2217283951   0.317308642    0.7676388889   1.234567901    1.999691358    0.4719907407   0.1699942871   
582      I1         1.044537037    1.42867284     2.709876543    0.2217283951   0.317308642    0.7676388889   1.234567901    1.999691358    0.4907407407   0.1714735881   
583      I1         1.002037037    1.42867284     2.759876543    0.2217283951   0.317308642    0.7676388889   1.234567901    1.999691358    0.4907407407   0.1684371484   
584      I1         1.002037037    1.42867284     2.709876543    0.2462283951   0.317308642    0.7676388889   1.234567901    1.999691358    0.4907407407   0.1688887127   
585      I1         1.002037037    1.42867284     2.709876543    0.2217283951   0.341808642    0.7676388889   1.234567901    1.999691358    0.4907407407   0.1693259972   
586      I1         1.002037037    1.42867284     2.709876543    0.2217283951   0.317308642    1.015138889    1.234567901    1.999691358    0.4907407407   0.1716030287   
587      I1         1.002037037    1.42867284     2.709876543    0.2217283951   0.317308642    0.7676388889   1.284567901    1.999691358    0.4907407407   0.1890340192   
588      I1         1.002037037    1.42867284     2.709876543    0.2217283951   0.317308642    0.7676388889   1.234567901    2.049691358    0.4907407407   0.1687338835   
589      I1         0.959537037    1.42867284     2.709876543    0.2217283951   0.317308642    0.7676388889   1.234567901    1.999691358    0.4907407407   0.1688829496   
590      I1         1.002037037    1.38617284     2.709876543    0.2217283951   0.317308642    0.7676388889   1.234567901    1.999691358    0.4907407407   0.1676961335   
591      I1         1.002037037    1.42867284     2.659876543    0.2217283951   0.317308642    0.7676388889   1.234567901    1.999691358    0.4907407407   0.1683914029   
592      I1         1.002037037    1.42867284     2.709876543    0.1972283951   0.317308642    0.7676388889   1.234567901    1.999691358    0.4907407407   0.1692949755   
593      I1         1.002037037    1.42867284     2.709876543    0.2217283951   0.292808642    0.7676388889   1.234567901    1.999691358    0.4907407407   0.1676837656   
594      I1         1.002037037    1.42867284     2.709876543    0.2217283951   0.317308642    0.5201388889   1.234567901    1.999691358    0.4907407407   0.1739437806   
595      I1         1.002037037    1.42867284     2.709876543    0.2217283951   0.317308642    0.7676388889   1.184567901    1.999691358    0.4907407407   0.2012198204   
596      I1         1.002037037    1.42867284     2.709876543    0.2217283951   0.317308642    0.7676388889   1.234567901    1.949691358    0.4907407407   0.1680165342   
597      I1         1.002037037    1.42867284     2.709876543    0.2217283951   0.317308642    0.7676388889   1.234567901    1.999691358    0.4532407407   0.17265178     
598      I1         1.023287037    1.42867284     2.709876543    0.2217283951   0.317308642    0.7676388889   1.234567901    1.999691358    0.4907407407   0.1691443054   
599      I1         1.002037037    1.42867284     2.734876543    0.2217283951   0.317308642    0.7676388889   1.234567901    1.999691358    0.4907407407   0.1680563707   
600      I1         1.002037037    1.42867284     2.709876543    0.2339783951   0.317308642    0.7676388889   1.234567901    1.999691358    0.4907407407   0.1681505838   
601      I1         1.002037037    1.42867284     2.709876543    0.2217283951   0.329558642    0.7676388889   1.234567901    1.999691358    0.4907407407   0.1685257088   
602      I1         1.002037037    1.42867284     2.709876543    0.2217283951   0.317308642    0.8913888889   1.234567901    1.999691358    0.4907407407   0.1691519639   
603      I1         1.002037037    1.42867284     2.709876543    0.2217283951   0.317308642    0.7676388889   1.259567901    1.999691358    0.4907407407   0.1726228168   
604      I1         1.002037037    1.42867284     2.709876543    0.2217283951   0.317308642    0.7676388889   1.234567901    2.024691358    0.4907407407   0.168413708    
605      I1         0.980787037    1.42867284     2.709876543    0.2217283951   0.317308642    0.7676388889   1.234567901    1.999691358    0.4907407407   0.1679196611   
606      I1         1.002037037    1.40742284     2.709876543    0.2217283951   0.317308642    0.7676388889   1.234567901    1.999691358    0.4907407407   0.1677960974   
607      I1         1.002037037    1.42867284     2.684876543    0.2217283951   0.317308642    0.7676388889   1.234567901    1.999691358    0.4907407407   0.1681297865   
608      I1         1.002037037    1.42867284     2.709876543    0.2094783951   0.317308642    0.7676388889   1.234567901    1.999691358    0.4907407407   0.1683873972   
609      I1         1.002037037    1.42867284     2.709876543    0.2217283951   0.305058642    0.7676388889   1.234567901    1.999691358    0.4907407407   0.1677180115   
610      I1         1.002037037    1.42867284     2.709876543    0.2217283951   0.317308642    0.6438888889   1.234567901    1.999691358    0.4907407407   0.1695404403   
611      I1         1.002037037    1.42867284     2.709876543    0.2217283951   0.317308642    0.7676388889   1.209567901    1.999691358    0.4907407407   0.1780326326   
612      I1         1.002037037    1.42867284     2.709876543    0.2217283951   0.317308642    0.7676388889   1.234567901    1.974691358    0.4907407407   0.1683376155   
613      I1         1.002037037    1.42867284     2.709876543    0.2217283951   0.317308642    0.7676388889   1.234567901    1.999691358    0.4719907407   0.1698722813   
614      I1         1.023287037    1.42867284     2.709876543    0.2217283951   0.305058642    0.7676388889   1.234567901    1.999691358    0.4907407407   0.1684132322   
615      I1         1.002037037    1.42867284     2.734876543    0.2217283951   0.305058642    0.7676388889   1.234567901    1.999691358    0.4907407407   0.1679247196   
616      I1         1.002037037    1.42867284     2.709876543    0.2339783951   0.305058642    0.7676388889   1.234567901    1.999691358    0.4907407407   0.1675337903   
617      I1         1.002037037    1.42867284     2.709876543    0.2217283951   0.305058642    0.8913888889   1.234567901    1.999691358    0.4907407407   0.1692322957   
618      I1         1.002037037    1.42867284     2.709876543    0.2217283951   0.305058642    0.7676388889   1.259567901    1.999691358    0.4907407407   0.1739871067   
619      I1         1.002037037    1.42867284     2.709876543    0.2217283951   0.305058642    0.7676388889   1.234567901    2.024691358    0.4907407407   0.1682227743   
620      I1         0.980787037    1.42867284     2.709876543    0.2217283951   0.305058642    0.7676388889   1.234567901    1.999691358    0.4907407407   0.1681074159   
621      I1         1.002037037    1.40742284     2.709876543    0.2217283951   0.305058642    0.7676388889   1.234567901    1.999691358    0.4907407407   0.1673859774   
622      I1         1.002037037    1.42867284     2.684876543    0.2217283951   0.305058642    0.7676388889   1.234567901    1.999691358    0.4907407407   0.1677429302   
623      I1         1.002037037    1.42867284     2.709876543    0.2094783951   0.305058642    0.7676388889   1.234567901    1.999691358    0.4907407407   0.1684426073   
624      I1         1.002037037    1.42867284     2.709876543    0.2217283951   0.292808642    0.7676388889   1.234567901    1.999691358    0.4907407407   0.1676837656   
625      I1         1.002037037    1.42867284     2.709876543    0.2217283951   0.305058642    0.6438888889   1.234567901    1.999691358    0.4907407407   0.1689016099   
626      I1         1.002037037    1.42867284     2.709876543    0.2217283951   0.305058642    0.7676388889   1.209567901    1.999691358    0.4907407407   0.176168397    
627      I1         1.002037037    1.42867284     2.709876543    0.2217283951   0.305058642    0.7676388889   1.234567901    1.974691358    0.4907407407   0.168031903    
628      I1         1.002037037    1.42867284     2.709876543    0.2217283951   0.305058642    0.7676388889   1.234567901    1.999691358    0.4719907407   0.1693217527   
629      I1         1.023287037    1.40742284     2.709876543    0.2217283951   0.305058642    0.7676388889   1.234567901    1.999691358    0.4907407407   0.1683866341   
630      I1         1.002037037    1.40742284     2.734876543    0.2217283951   0.305058642    0.7676388889   1.234567901    1.999691358    0.4907407407   0.1675071746   
631      I1         1.002037037    1.40742284     2.709876543    0.2339783951   0.305058642    0.7676388889   1.234567901    1.999691358    0.4907407407   0.167437426    
632      I1         1.002037037    1.40742284     2.709876543    0.2217283951   0.305058642    0.8913888889   1.234567901    1.999691358    0.4907407407   0.1686561795   
633      I1         1.002037037    1.40742284     2.709876543    0.2217283951   0.305058642    0.7676388889   1.259567901    1.999691358    0.4907407407   0.1725860717   
634      I1         1.002037037    1.40742284     2.709876543    0.2217283951   0.305058642    0.7676388889   1.234567901    2.024691358    0.4907407407   0.167833512    
635      I1         0.980787037    1.40742284     2.709876543    0.2217283951   0.305058642    0.7676388889   1.234567901    1.999691358    0.4907407407   0.1674703799   
636      I1         1.002037037    1.38617284     2.709876543    0.2217283951   0.305058642    0.7676388889   1.234567901    1.999691358    0.4907407407   0.167145964    
637      I1         1.002037037    1.40742284     2.684876543    0.2217283951   0.305058642    0.7676388889   1.234567901    1.999691358    0.4907407407   0.1674743085   
638      I1         1.002037037    1.40742284     2.709876543    0.2094783951   0.305058642    0.7676388889   1.234567901    1.999691358    0.4907407407   0.1678839682   
639      I1         1.002037037    1.40742284     2.709876543    0.2217283951   0.292808642    0.7676388889   1.234567901    1.999691358    0.4907407407   0.1672338067   
640      I1         1.002037037    1.40742284     2.709876543    0.2217283951   0.305058642    0.6438888889   1.234567901    1.999691358    0.4907407407   0.1688165308   
641      I1         1.002037037    1.40742284     2.709876543    0.2217283951   0.305058642    0.7676388889   1.209567901    1.999691358    0.4907407407   0.1769393111   
642      I1         1.002037037    1.40742284     2.709876543    0.2217283951   0.305058642    0.7676388889   1.234567901    1.974691358    0.4907407407   0.167713375    
643      I1         1.002037037    1.40742284     2.709876543    0.2217283951   0.305058642    0.7676388889   1.234567901    1.999691358    0.4719907407   0.1691572415   
644      I1         1.023287037    1.38617284     2.709876543    0.2217283951   0.305058642    0.7676388889   1.234567901    1.999691358    0.4907407407   0.1684421273   
645      I1         1.002037037    1.38617284     2.734876543    0.2217283951   0.305058642    0.7676388889   1.234567901    1.999691358    0.4907407407   0.1671823967   
646      I1         1.002037037    1.38617284     2.709876543    0.2339783951   0.305058642    0.7676388889   1.234567901    1.999691358    0.4907407407   0.1674304908   
647      I1         1.002037037    1.38617284     2.709876543    0.2217283951   0.305058642    0.8913888889   1.234567901    1.999691358    0.4907407407   0.1681716563   
648      I1         1.002037037    1.38617284     2.709876543    0.2217283951   0.305058642    0.7676388889   1.259567901    1.999691358    0.4907407407   0.1712810804   
649      I1         1.002037037    1.38617284     2.709876543    0.2217283951   0.305058642    0.7676388889   1.234567901    2.024691358    0.4907407407   0.1675360784   
650      I1         0.980787037    1.38617284     2.709876543    0.2217283951   0.305058642    0.7676388889   1.234567901    1.999691358    0.4907407407   0.1669323906   
651      I1         1.002037037    1.36492284     2.709876543    0.2217283951   0.305058642    0.7676388889   1.234567901    1.999691358    0.4907407407   0.1669951004   
652      I1         1.002037037    1.38617284     2.684876543    0.2217283951   0.305058642    0.7676388889   1.234567901    1.999691358    0.4907407407   0.1672969226   
653      I1         1.002037037    1.38617284     2.709876543    0.2094783951   0.305058642    0.7676388889   1.234567901    1.999691358    0.4907407407   0.1674188361   
654      I1         1.002037037    1.38617284     2.709876543    0.2217283951   0.292808642    0.7676388889   1.234567901    1.999691358    0.4907407407   0.1668696963   
655      I1         1.002037037    1.38617284     2.709876543    0.2217283951   0.305058642    0.6438888889   1.234567901    1.999691358    0.4907407407   0.16882082     
656      I1         1.002037037    1.38617284     2.709876543    0.2217283951   0.305058642    0.7676388889   1.209567901    1.999691358    0.4907407407   0.1777773234   
657      I1         1.002037037    1.38617284     2.709876543    0.2217283951   0.305058642    0.7676388889   1.234567901    1.974691358    0.4907407407   0.1674865959   
658      I1         1.002037037    1.38617284     2.709876543    0.2217283951   0.305058642    0.7676388889   1.234567901    1.999691358    0.4719907407   0.1690817098   
659      I1         1.023287037    1.38617284     2.709876543    0.2217283951   0.292808642    0.7676388889   1.234567901    1.999691358    0.4907407407   0.1676936935   
660      I1         1.002037037    1.38617284     2.734876543    0.2217283951   0.292808642    0.7676388889   1.234567901    1.999691358    0.4907407407   0.1670561943   
661      I1         1.002037037    1.38617284     2.709876543    0.2339783951   0.292808642    0.7676388889   1.234567901    1.999691358    0.4907407407   0.1667963108   
662      I1         1.002037037    1.38617284     2.709876543    0.2217283951   0.292808642    0.8913888889   1.234567901    1.999691358    0.4907407407   0.1682709973   
663      I1         1.002037037    1.38617284     2.709876543    0.2217283951   0.292808642    0.7676388889   1.259567901    1.999691358    0.4907407407   0.1727217986   
664      I1         1.002037037    1.38617284     2.709876543    0.2217283951   0.292808642    0.7676388889   1.234567901    2.024691358    0.4907407407   0.1673485083   
665      I1         0.980787037    1.38617284     2.709876543    0.2217283951   0.292808642    0.7676388889   1.234567901    1.999691358    0.4907407407   0.1671385952   
666      I1         1.002037037    1.36492284     2.709876543    0.2217283951   0.292808642    0.7676388889   1.234567901    1.999691358    0.4907407407   0.1665894024   
667      I1         1.002037037    1.38617284     2.684876543    0.2217283951   0.292808642    0.7676388889   1.234567901    1.999691358    0.4907407407   0.1669057575   
668      I1         1.002037037    1.38617284     2.709876543    0.2094783951   0.292808642    0.7676388889   1.234567901    1.999691358    0.4907407407   0.1674909447   
669      I1         1.002037037    1.38617284     2.709876543    0.2217283951   0.280558642    0.7676388889   1.234567901    1.999691358    0.4907407407   0.1668526211   
670      I1         1.002037037    1.38617284     2.709876543    0.2217283951   0.292808642    0.6438888889   1.234567901    1.999691358    0.4907407407   0.1681644267   
671      I1         1.002037037    1.38617284     2.709876543    0.2217283951   0.292808642    0.7676388889   1.209567901    1.999691358    0.4907407407   0.1758456405   
672      I1         1.002037037    1.38617284     2.709876543    0.2217283951   0.292808642    0.7676388889   1.234567901    1.974691358    0.4907407407   0.1671812467   
673      I1         1.002037037    1.38617284     2.709876543    0.2217283951   0.292808642    0.7676388889   1.234567901    1.999691358    0.4719907407   0.168523185    
674      I1         1.044537037    1.36492284     2.709876543    0.2217283951   0.292808642    0.7676388889   1.234567901    1.999691358    0.4907407407   0.1699725428   
675      I1         1.002037037    1.36492284     2.759876543    0.2217283951   0.292808642    0.7676388889   1.234567901    1.999691358    0.4907407407   0.1671290366   
676      I1         1.002037037    1.36492284     2.709876543    0.2462283951   0.292808642    0.7676388889   1.234567901    1.999691358    0.4907407407   0.1674678834   
677      I1         1.002037037    1.36492284     2.709876543    0.2217283951   0.317308642    0.7676388889   1.234567901    1.999691358    0.4907407407   0.1676903833   
678      I1         1.002037037    1.36492284     2.709876543    0.2217283951   0.292808642    1.015138889    1.234567901    1.999691358    0.4907407407   0.1702177079   
679      I1         1.002037037    1.36492284     2.709876543    0.2217283951   0.292808642    0.7676388889   1.284567901    1.999691358    0.4907407407   0.1881902838   
680      I1         1.002037037    1.36492284     2.709876543    0.2217283951   0.292808642    0.7676388889   1.234567901    2.049691358    0.4907407407   0.1673627278   
681      I1         0.959537037    1.36492284     2.709876543    0.2217283951   0.292808642    0.7676388889   1.234567901    1.999691358    0.4907407407   0.1676151506   
682      I1         1.002037037    1.32242284     2.709876543    0.2217283951   0.292808642    0.7676388889   1.234567901    1.999691358    0.4907407407   0.1662673157   
683      I1         1.002037037    1.36492284     2.659876543    0.2217283951   0.292808642    0.7676388889   1.234567901    1.999691358    0.4907407407   0.1669062328   
684      I1         1.002037037    1.36492284     2.709876543    0.1972283951   0.292808642    0.7676388889   1.234567901    1.999691358    0.4907407407   0.1679305937   
685      I1         1.002037037    1.36492284     2.709876543    0.2217283951   0.268308642    0.7676388889   1.234567901    1.999691358    0.4907407407   0.1665866663   
686      I1         1.002037037    1.36492284     2.709876543    0.2217283951   0.292808642    0.5201388889   1.234567901    1.999691358    0.4907407407   0.1724624746   
687      I1         1.002037037    1.36492284     2.709876543    0.2217283951   0.292808642    0.7676388889   1.184567901    1.999691358    0.4907407407   0.1998870332   
688      I1         1.002037037    1.36492284     2.709876543    0.2217283951   0.292808642    0.7676388889   1.234567901    1.949691358    0.4907407407   0.1665844293   
689      I1         1.002037037    1.36492284     2.709876543    0.2217283951   0.292808642    0.7676388889   1.234567901    1.999691358    0.4532407407   0.1711061779   
690      I1         1.023287037    1.36492284     2.709876543    0.2217283951   0.292808642    0.7676388889   1.234567901    1.999691358    0.4907407407   0.1676900151   
691      I1         1.002037037    1.36492284     2.734876543    0.2217283951   0.292808642    0.7676388889   1.234567901    1.999691358    0.4907407407   0.1666981047   
692      I1         1.002037037    1.36492284     2.709876543    0.2339783951   0.292808642    0.7676388889   1.234567901    1.999691358    0.4907407407   0.1667345544   
693      I1         1.002037037    1.36492284     2.709876543    0.2217283951   0.292808642    0.8913888889   1.234567901    1.999691358    0.4907407407   0.1677636912   
694      I1         1.002037037    1.36492284     2.709876543    0.2217283951   0.292808642    0.7676388889   1.259567901    1.999691358    0.4907407407   0.1714474274   
695      I1         1.002037037    1.36492284     2.709876543    0.2217283951   0.292808642    0.7676388889   1.234567901    2.024691358    0.4907407407   0.1670151541   
696      I1         0.980787037    1.36492284     2.709876543    0.2217283951   0.292808642    0.7676388889   1.234567901    1.999691358    0.4907407407   0.1665780251   
697      I1         1.002037037    1.34367284     2.709876543    0.2217283951   0.292808642    0.7676388889   1.234567901    1.999691358    0.4907407407   0.1663898387   
698      I1         1.002037037    1.36492284     2.684876543    0.2217283951   0.292808642    0.7676388889   1.234567901    1.999691358    0.4907407407   0.1666828077   
699      I1         1.002037037    1.36492284     2.709876543    0.2094783951   0.292808642    0.7676388889   1.234567901    1.999691358    0.4907407407   0.1670001256   
700      I1         1.002037037    1.36492284     2.709876543    0.2217283951   0.280558642    0.7676388889   1.234567901    1.999691358    0.4907407407   0.1664584333   
701      I1         1.002037037    1.36492284     2.709876543    0.2217283951   0.292808642    0.6438888889   1.234567901    1.999691358    0.4907407407   0.1681108751   
702      I1         1.002037037    1.36492284     2.709876543    0.2217283951   0.292808642    0.7676388889   1.209567901    1.999691358    0.4907407407   0.1765851231   
703      I1         1.002037037    1.36492284     2.709876543    0.2217283951   0.292808642    0.7676388889   1.234567901    1.974691358    0.4907407407   0.166912366    
704      I1         1.002037037    1.36492284     2.709876543    0.2217283951   0.292808642    0.7676388889   1.234567901    1.999691358    0.4719907407   0.168397555    
705      I1         1.023287037    1.34367284     2.709876543    0.2217283951   0.292808642    0.7676388889   1.234567901    1.999691358    0.4907407407   0.1677577937   
706      I1         1.002037037    1.34367284     2.734876543    0.2217283951   0.292808642    0.7676388889   1.234567901    1.999691358    0.4907407407   0.1664217265   
707      I1         1.002037037    1.34367284     2.709876543    0.2339783951   0.292808642    0.7676388889   1.234567901    1.999691358    0.4907407407   0.1667500546   
708      I1         1.002037037    1.34367284     2.709876543    0.2217283951   0.305058642    0.7676388889   1.234567901    1.999691358    0.4907407407   0.1669294137   
709      I1         1.002037037    1.34367284     2.709876543    0.2217283951   0.292808642    0.8913888889   1.234567901    1.999691358    0.4907407407   0.1673379661   
710      I1         1.002037037    1.34367284     2.709876543    0.2217283951   0.292808642    0.7676388889   1.259567901    1.999691358    0.4907407407   0.1702623149   
711      I1         1.002037037    1.34367284     2.709876543    0.2217283951   0.292808642    0.7676388889   1.234567901    2.024691358    0.4907407407   0.166762762    
712      I1         0.980787037    1.34367284     2.709876543    0.2217283951   0.292808642    0.7676388889   1.234567901    1.999691358    0.4907407407   0.166105571    
713      I1         1.002037037    1.34367284     2.684876543    0.2217283951   0.292808642    0.7676388889   1.234567901    1.999691358    0.4907407407   0.1665396974   
714      I1         1.002037037    1.34367284     2.709876543    0.2094783951   0.292808642    0.7676388889   1.234567901    1.999691358    0.4907407407   0.1665924979   
715      I1         1.002037037    1.34367284     2.709876543    0.2217283951   0.280558642    0.7676388889   1.234567901    1.999691358    0.4907407407   0.1661402636   
716      I1         1.002037037    1.34367284     2.709876543    0.2217283951   0.292808642    0.6438888889   1.234567901    1.999691358    0.4907407407   0.1681341906   
717      I1         1.002037037    1.34367284     2.709876543    0.2217283951   0.292808642    0.7676388889   1.209567901    1.999691358    0.4907407407   0.1773786553   
718      I1         1.002037037    1.34367284     2.709876543    0.2217283951   0.292808642    0.7676388889   1.234567901    1.974691358    0.4907407407   0.1667237378   
719      I1         1.002037037    1.34367284     2.709876543    0.2217283951   0.292808642    0.7676388889   1.234567901    1.999691358    0.4719907407   0.1683494098   
720      I1         0.980787037    1.34367284     2.734876543    0.2217283951   0.292808642    0.7676388889   1.234567901    1.999691358    0.4907407407   0.1664660722   
721      I1         0.980787037    1.34367284     2.709876543    0.2339783951   0.292808642    0.7676388889   1.234567901    1.999691358    0.4907407407   0.1657491126   
722      I1         0.980787037    1.34367284     2.709876543    0.2217283951   0.305058642    0.7676388889   1.234567901    1.999691358    0.4907407407   0.1661440402   
723      I1         0.980787037    1.34367284     2.709876543    0.2217283951   0.292808642    0.8913888889   1.234567901    1.999691358    0.4907407407   0.1679313042   
724      I1         0.980787037    1.34367284     2.709876543    0.2217283951   0.292808642    0.7676388889   1.259567901    1.999691358    0.4907407407   0.1732680653   
725      I1         0.980787037    1.34367284     2.709876543    0.2217283951   0.292808642    0.7676388889   1.234567901    2.024691358    0.4907407407   0.1666608779   
726      I1         0.959537037    1.34367284     2.709876543    0.2217283951   0.292808642    0.7676388889   1.234567901    1.999691358    0.4907407407   0.1668758659   
727      I1         0.980787037    1.32242284     2.709876543    0.2217283951   0.292808642    0.7676388889   1.234567901    1.999691358    0.4907407407   0.1657182462   
728      I1         0.980787037    1.34367284     2.684876543    0.2217283951   0.292808642    0.7676388889   1.234567901    1.999691358    0.4907407407   0.166008989    
729      I1         0.980787037    1.34367284     2.709876543    0.2094783951   0.292808642    0.7676388889   1.234567901    1.999691358    0.4907407407   0.1670284357   
730      I1         0.980787037    1.34367284     2.709876543    0.2217283951   0.280558642    0.7676388889   1.234567901    1.999691358    0.4907407407   0.1663550994   
731      I1         0.980787037    1.34367284     2.709876543    0.2217283951   0.292808642    0.6438888889   1.234567901    1.999691358    0.4907407407   0.1670266663   
732      I1         0.980787037    1.34367284     2.709876543    0.2217283951   0.292808642    0.7676388889   1.209567901    1.999691358    0.4907407407   0.1732001343   
733      I1         0.980787037    1.34367284     2.709876543    0.2217283951   0.292808642    0.7676388889   1.234567901    1.974691358    0.4907407407   0.1663838242   
734      I1         0.980787037    1.34367284     2.709876543    0.2217283951   0.292808642    0.7676388889   1.234567901    1.999691358    0.4719907407   0.1673051237   
735      I1         0.980787037    1.32242284     2.734876543    0.2217283951   0.292808642    0.7676388889   1.234567901    1.999691358    0.4907407407   0.1660049599   
736      I1         0.980787037    1.32242284     2.709876543    0.2339783951   0.292808642    0.7676388889   1.234567901    1.999691358    0.4907407407   0.1655786817   
737      I1         0.980787037    1.32242284     2.709876543    0.2217283951   0.305058642    0.7676388889   1.234567901    1.999691358    0.4907407407   0.165886761    
738      I1         0.980787037    1.32242284     2.709876543    0.2217283951   0.292808642    0.8913888889   1.234567901    1.999691358    0.4907407407   0.1673277364   
739      I1         0.980787037    1.32242284     2.709876543    0.2217283951   0.292808642    0.7676388889   1.259567901    1.999691358    0.4907407407   0.1719422323   
740      I1         0.980787037    1.32242284     2.709876543    0.2217283951   0.292808642    0.7676388889   1.234567901    2.024691358    0.4907407407   0.1662233932   
741      I1         0.959537037    1.32242284     2.709876543    0.2217283951   0.292808642    0.7676388889   1.234567901    1.999691358    0.4907407407   0.1662282286   
742      I1         0.980787037    1.30117284     2.709876543    0.2217283951   0.292808642    0.7676388889   1.234567901    1.999691358    0.4907407407   0.1654125286   
743      I1         0.980787037    1.32242284     2.684876543    0.2217283951   0.292808642    0.7676388889   1.234567901    1.999691358    0.4907407407   0.1656759519   
744      I1         0.980787037    1.32242284     2.709876543    0.2094783951   0.292808642    0.7676388889   1.234567901    1.999691358    0.4907407407   0.1664333607   
745      I1         0.980787037    1.32242284     2.709876543    0.2217283951   0.280558642    0.7676388889   1.234567901    1.999691358    0.4907407407   0.165854236    
746      I1         0.980787037    1.32242284     2.709876543    0.2217283951   0.292808642    0.6438888889   1.234567901    1.999691358    0.4907407407   0.1668564392   
747      I1         0.980787037    1.32242284     2.709876543    0.2217283951   0.292808642    0.7676388889   1.209567901    1.999691358    0.4907407407   0.1738139212   
748      I1         0.980787037    1.32242284     2.709876543    0.2217283951   0.292808642    0.7676388889   1.234567901    1.974691358    0.4907407407   0.1660077456   
749      I1         0.980787037    1.32242284     2.709876543    0.2217283951   0.292808642    0.7676388889   1.234567901    1.999691358    0.4719907407   0.1670690737   
750      I1         1.002037037    1.30117284     2.709876543    0.2217283951   0.292808642    0.7676388889   1.234567901    1.999691358    0.4907407407   0.1662156235   
751      I1         0.980787037    1.30117284     2.734876543    0.2217283951   0.292808642    0.7676388889   1.234567901    1.999691358    0.4907407407   0.1656263896   
752      I1         0.980787037    1.30117284     2.709876543    0.2339783951   0.292808642    0.7676388889   1.234567901    1.999691358    0.4907407407   0.1654861049   
753      I1         0.980787037    1.30117284     2.709876543    0.2217283951   0.305058642    0.7676388889   1.234567901    1.999691358    0.4907407407   0.1657150835   
754      I1         0.980787037    1.30117284     2.709876543    0.2217283951   0.292808642    0.8913888889   1.234567901    1.999691358    0.4907407407   0.1668072806   
755      I1         0.980787037    1.30117284     2.709876543    0.2217283951   0.292808642    0.7676388889   1.259567901    1.999691358    0.4907407407   0.1707070421   
756      I1         0.980787037    1.30117284     2.709876543    0.2217283951   0.292808642    0.7676388889   1.234567901    2.024691358    0.4907407407   0.1658682091   
757      I1         0.959537037    1.30117284     2.709876543    0.2217283951   0.292808642    0.7676388889   1.234567901    1.999691358    0.4907407407   0.165669503    
758      I1         0.980787037    1.27992284     2.709876543    0.2217283951   0.292808642    0.7676388889   1.234567901    1.999691358    0.4907407407   0.1651843671   
759      I1         0.980787037    1.30117284     2.684876543    0.2217283951   0.292808642    0.7676388889   1.234567901    1.999691358    0.4907407407   0.1654236926   
760      I1         0.980787037    1.30117284     2.709876543    0.2094783951   0.292808642    0.7676388889   1.234567901    1.999691358    0.4907407407   0.1659225532   
761      I1         0.980787037    1.30117284     2.709876543    0.2217283951   0.280558642    0.7676388889   1.234567901    1.999691358    0.4907407407   0.1654306536   
762      I1         0.980787037    1.30117284     2.709876543    0.2217283951   0.292808642    0.6438888889   1.234567901    1.999691358    0.4907407407   0.16676419     
763      I1         0.980787037    1.30117284     2.709876543    0.2217283951   0.292808642    0.7676388889   1.209567901    1.999691358    0.4907407407   0.1744828981   
764      I1         0.980787037    1.30117284     2.709876543    0.2217283951   0.292808642    0.7676388889   1.234567901    1.974691358    0.4907407407   0.165712743    
765      I1         0.980787037    1.30117284     2.709876543    0.2217283951   0.292808642    0.7676388889   1.234567901    1.999691358    0.4719907407   0.1669116111   
766      I1         1.023287037    1.27992284     2.709876543    0.2217283951   0.292808642    0.7676388889   1.234567901    1.999691358    0.4907407407   0.1683453041   
767      I1         0.980787037    1.27992284     2.759876543    0.2217283951   0.292808642    0.7676388889   1.234567901    1.999691358    0.4907407407   0.1657955108   
768      I1         0.980787037    1.27992284     2.709876543    0.2462283951   0.292808642    0.7676388889   1.234567901    1.999691358    0.4907407407   0.166372951    
769      I1         0.980787037    1.27992284     2.709876543    0.2217283951   0.317308642    0.7676388889   1.234567901    1.999691358    0.4907407407   0.1664185675   
770      I1         0.980787037    1.27992284     2.709876543    0.2217283951   0.292808642    1.015138889    1.234567901    1.999691358    0.4907407407   0.1688763975   
771      I1         0.980787037    1.27992284     2.709876543    0.2217283951   0.292808642    0.7676388889   1.284567901    1.999691358    0.4907407407   0.1854305947   
772      I1         0.980787037    1.27992284     2.709876543    0.2217283951   0.292808642    0.7676388889   1.234567901    2.049691358    0.4907407407   0.1659031413   
773      I1         0.938287037    1.27992284     2.709876543    0.2217283951   0.292808642    0.7676388889   1.234567901    1.999691358    0.4907407407   0.1657433988   
774      I1         0.980787037    1.23742284     2.709876543    0.2217283951   0.292808642    0.7676388889   1.234567901    1.999691358    0.4907407407   0.1649439817   
775      I1         0.980787037    1.27992284     2.659876543    0.2217283951   0.292808642    0.7676388889   1.234567901    1.999691358    0.4907407407   0.165444762    
776      I1         0.980787037    1.27992284     2.709876543    0.1972283951   0.292808642    0.7676388889   1.234567901    1.999691358    0.4907407407   0.1663545278   
777      I1         0.980787037    1.27992284     2.709876543    0.2217283951   0.268308642    0.7676388889   1.234567901    1.999691358    0.4907407407   0.1652947638   
778      I1         0.980787037    1.27992284     2.709876543    0.2217283951   0.292808642    0.5201388889   1.234567901    1.999691358    0.4907407407   0.1712146675   
779      I1         0.980787037    1.27992284     2.709876543    0.2217283951   0.292808642    0.7676388889   1.184567901    1.999691358    0.4907407407   0.1985239      
780      I1         0.980787037    1.27992284     2.709876543    0.2217283951   0.292808642    0.7676388889   1.234567901    1.949691358    0.4907407407   0.1651898076   
781      I1         0.980787037    1.27992284     2.709876543    0.2217283951   0.292808642    0.7676388889   1.234567901    1.999691358    0.4532407407   0.1693469569   
782      I1         1.002037037    1.27992284     2.709876543    0.2217283951   0.292808642    0.7676388889   1.234567901    1.999691358    0.4907407407   0.166232105    
783      I1         0.980787037    1.27992284     2.734876543    0.2217283951   0.292808642    0.7676388889   1.234567901    1.999691358    0.4907407407   0.1653264835   
784      I1         0.980787037    1.27992284     2.709876543    0.2339783951   0.292808642    0.7676388889   1.234567901    1.999691358    0.4907407407   0.1654669671   
785      I1         0.980787037    1.27992284     2.709876543    0.2217283951   0.305058642    0.7676388889   1.234567901    1.999691358    0.4907407407   0.1656241287   
786      I1         0.980787037    1.27992284     2.709876543    0.2217283951   0.292808642    0.8913888889   1.234567901    1.999691358    0.4907407407   0.1663667219   
787      I1         0.980787037    1.27992284     2.709876543    0.2217283951   0.292808642    0.7676388889   1.259567901    1.999691358    0.4907407407   0.1695607945   
788      I1         0.980787037    1.27992284     2.709876543    0.2217283951   0.292808642    0.7676388889   1.234567901    2.024691358    0.4907407407   0.1655915527   
789      I1         0.959537037    1.27992284     2.709876543    0.2217283951   0.292808642    0.7676388889   1.234567901    1.999691358    0.4907407407   0.1651963446   
790      I1         0.980787037    1.25867284     2.709876543    0.2217283951   0.292808642    0.7676388889   1.234567901    1.999691358    0.4907407407   0.1650296425   
791      I1         0.980787037    1.27992284     2.684876543    0.2217283951   0.292808642    0.7676388889   1.234567901    1.999691358    0.4907407407   0.1652480504   
792      I1         0.980787037    1.27992284     2.709876543    0.2094783951   0.292808642    0.7676388889   1.234567901    1.999691358    0.4907407407   0.1654926354   
793      I1         0.980787037    1.27992284     2.709876543    0.2217283951   0.280558642    0.7676388889   1.234567901    1.999691358    0.4907407407   0.1650810502   
794      I1         0.980787037    1.27992284     2.709876543    0.2217283951   0.292808642    0.6438888889   1.234567901    1.999691358    0.4907407407   0.1667452942   
795      I1         0.980787037    1.27992284     2.709876543    0.2217283951   0.292808642    0.7676388889   1.209567901    1.999691358    0.4907407407   0.1752014498   
796      I1         0.980787037    1.27992284     2.709876543    0.2217283951   0.292808642    0.7676388889   1.234567901    1.974691358    0.4907407407   0.1654946672   
797      I1         0.980787037    1.27992284     2.709876543    0.2217283951   0.292808642    0.7676388889   1.234567901    1.999691358    0.4719907407   0.1668284506   
798      I1         0.991412037    1.27992284     2.709876543    0.2217283951   0.292808642    0.7676388889   1.234567901    1.999691358    0.4907407407   0.1655798258   
799      I1         0.980787037    1.29054784     2.709876543    0.2217283951   0.292808642    0.7676388889   1.234567901    1.999691358    0.4907407407   0.1652889994   
800      I1         0.980787037    1.27992284     2.722376543    0.2217283951   0.292808642    0.7676388889   1.234567901    1.999691358    0.4907407407   0.1652234443   
801      I1         0.980787037    1.27992284     2.709876543    0.2278533951   0.292808642    0.7676388889   1.234567901    1.999691358    0.4907407407   0.1652496551   
802      I1         0.980787037    1.27992284     2.709876543    0.2217283951   0.298933642    0.7676388889   1.234567901    1.999691358    0.4907407407   0.1653610214   
803      I1         0.980787037    1.27992284     2.709876543    0.2217283951   0.292808642    0.8295138889   1.234567901    1.999691358    0.4907407407   0.1657600262   
804      I1         0.980787037    1.27992284     2.709876543    0.2217283951   0.292808642    0.7676388889   1.247067901    1.999691358    0.4907407407   0.1657673058   
805      I1         0.980787037    1.27992284     2.709876543    0.2217283951   0.292808642    0.7676388889   1.234567901    2.012191358    0.4907407407   0.1655915135   
806      I1         0.970162037    1.27992284     2.709876543    0.2217283951   0.292808642    0.7676388889   1.234567901    1.999691358    0.4907407407   0.1650619737   
807      I1         0.980787037    1.26929784     2.709876543    0.2217283951   0.292808642    0.7676388889   1.234567901    1.999691358    0.4907407407   0.1650980964   
808      I1         0.980787037    1.27992284     2.697376543    0.2217283951   0.292808642    0.7676388889   1.234567901    1.999691358    0.4907407407   0.1651959863   
809      I1         0.980787037    1.27992284     2.709876543    0.2156033951   0.292808642    0.7676388889   1.234567901    1.999691358    0.4907407407   0.1652668685   
810      I1         0.980787037    1.27992284     2.709876543    0.2217283951   0.286683642    0.7676388889   1.234567901    1.999691358    0.4907407407   0.1650918425   
811      I1         0.980787037    1.27992284     2.709876543    0.2217283951   0.292808642    0.7057638889   1.234567901    1.999691358    0.4907407407   0.1656352429   
812      I1         0.980787037    1.27992284     2.709876543    0.2217283951   0.292808642    0.7676388889   1.222067901    1.999691358    0.4907407407   0.1683753847   
813      I1         0.980787037    1.27992284     2.709876543    0.2217283951   0.292808642    0.7676388889   1.234567901    1.987191358    0.4907407407   0.1652369709   
814      I1         0.980787037    1.27992284     2.709876543    0.2217283951   0.292808642    0.7676388889   1.234567901    1.999691358    0.4813657407   0.165895418    
