%eval_id interface log__t_efold_shallow log__t_efold_soil log__t_efold_karst f_exfiltration_shallow f_exfiltration_soil PDD_melt_factor log__Hmax_shallow log__fdd_threshold log__routing_K neg_kge        
1        I1         0.7532060067   1.803974027    4.034865254    0.5464695878   0.1635546553   1.859937277    3.203003556    2.632224577    0.7131848629   0.5369534869   
2        I1         1.794343393    1.019503261    3.113013275    0.8872960347   0.2320823149   7.873275089    3.317583316    2.640541189    -0.2255531883  0.6345859139   
3        I1         1.067199112    1.61212834     4.490403984    0.8478317      0.1603355566   4.124568675    1.012927465    2.371848246    0.1390536817   0.7233548822   
4        I1         1.836534251    1.147302869    3.727471997    0.6029956616   0.6551352417   0.1807719634   1.070727581    1.93392245     -0.5472635126  1.942679418    
5        I1         0.4860849217   1.051732896    3.690887563    0.2561986722   0.0484617857   4.260571914    1.973763582    2.47090494     -0.6475707042  0.7930535831   
6        I1         0.4101983734   2.170776757    3.180371454    0.5086660562   0.2394207409   6.860116878    3.176884412    1.848326915    -0.6826532873  0.3671428464   
7        I1         1.47259        2.412265176    3.937910057    0.9393210314   0.0894577734   1.944446759    1.440257593    2.496674109    -0.6133731743  0.8921333117   
8        I1         0.953608261    1.655148762    3.956057599    0.09303893924  0.5615971726   8.336986464    1.226427779    1.965905222    0.6110925662   0.56547726     
9        I1         0.4628172735   1.717098167    2.932351306    0.113720066    0.3475508259   2.62875419     3.19877864     2.990147625    -0.01998934437 0.8468160837   
10       I1         1.688565927    1.234350195    2.523780995    0.5779265914   0.4564087718   3.542413203    2.245780458    2.365151971    0.6551433886   0.7347302624   
11       I1         1.973633855    2.580928054    3.680743783    0.4415317787   0.4057471772   1.53493775     2.925735374    1.918962267    0.6773881374   1.109879114    
12       I1         0.4144263736   1.083198933    3.381960818    0.558378643    0.8862407109   9.715090123    1.34939073     2.485737901    -0.9437352644  1.588986197    
13       I1         1.043622035    1.74734508     2.583711319    0.3448198588   0.8368809941   9.498619974    1.572937828    2.45369922     0.4091078814   0.4388997432   
14       I1         1.134513451    2.441534055    2.952759793    0.03813466218  0.4079067984   9.507725647    2.517988877    2.863991727    0.6850006266   1.188003958    
15       I1         1.594082283    1.374613359    2.967713737    0.9003524212   0.7828581071   6.606688437    2.585269133    1.81128809     -0.5616498593  0.3805646372   
16       I1         1.934856469    1.069215033    3.066677678    0.2707709073   0.08092113079  6.155527653    1.369440362    1.916209577    -0.9677895738  1.621779973    
17       I1         1.102904672    1.573901481    2.902711628    0.3397412588   0.4506584715   1.606485542    1.736800534    1.891707514    -0.9350628189  0.5238736037   
18       I1         0.8935711441   1.772377062    4.004195038    0.02371272381  0.4360966493   1.811339385    2.780756949    2.127227608    0.1914898392   0.8984585364   
19       I1         1.717127327    1.985281329    3.967034914    0.7006101316   0.8974859361   5.329205753    1.80580799     2.275466573    -0.8556308219  0.6179508476   
20       I1         0.6937674698   1.836495014    3.030591996    0.8367118221   0.5786699087   1.782084131    2.945800992    2.808607526    0.7574520278   0.4354786515   
21       I1         1.085978899    1.883261704    4.323662808    0.4219138684   0.09676746852  2.517408922    1.106618721    1.819131001    0.8473944594   0.7387121712   
22       I1         1.372596453    2.24825311     2.915510221    0.3343624794   0.5722213742   3.05496928     2.827058448    1.955475885    -0.5978229838  0.818206218    
23       I1         1.922741166    2.542529793    3.053189839    0.8252154038   0.3955700382   3.445593885    3.284479811    2.932295817    -0.5152986868  0.7833723057   
24       I1         1.771281175    2.152574619    3.655579597    0.217349812    0.5912584852   5.002589404    2.369755719    2.748756015    -0.1312413158  1.041453536    
25       I1         0.5405389815   1.163132893    3.39532452     0.5146591661   0.2183877448   4.359482509    3.4632993      2.101323238    0.8738520004   0.4894186026   
26       I1         1.749238512    2.085767437    3.044128049    0.7974454449   0.0202472069   0.2658313869   1.622142185    2.589276892    0.4183691122   0.2552264871   
27       I1         1.910222725    2.343000912    4.385810799    0.5209092171   0.9181502093   3.295380328    3.156593598    2.751782319    -0.2682026754  0.9259158547   
28       I1         1.630208966    1.327161093    3.239729348    0.8073782172   0.3825561817   6.581371864    3.230032266    2.27411792     0.9415600852   0.6330797645   
29       I1         1.323262714    1.967639135    2.654786181    0.5888760907   0.01450288372  2.796858207    1.322500014    2.196963128    -0.05362138171 0.5356304655   
30       I1         1.387476395    1.942919303    3.556788171    0.7386928392   0.4709062678   7.073311939    2.127179725    2.303658563    0.06175191386  0.4381900573   
31       I1         1.497551585    2.014978683    3.026651672    0.949850622    0.8481798991   4.691825391    1.192543659    2.965131896    0.3082678198   0.7925908757   
32       I1         1.898912245    2.451447862    2.610208957    0.5327328235   0.3368864109   7.427433249    3.091278636    2.870333786    0.8290657198   0.9736063486   
33       I1         1.464272455    1.682658681    3.409354918    0.1959069276   0.5544735924   5.842297847    1.857330859    2.556805721    0.8631666059   0.7921578728   
34       I1         0.750449124    1.749507082    4.478365765    0.8580020919   0.05804388927  3.242695856    3.239999224    2.723749093    -0.2493684223  0.6050556456   
35       I1         0.7117369792   2.209231162    2.766611993    0.8315033959   0.5753240014   1.724995369    3.217602306    2.207348406    0.3300959522   0.5249417741   
36       I1         1.280693964    2.614324739    4.453154615    0.2612767029   0.8056751453   1.39817282     1.669623209    1.97466366     0.11031589     0.7039282161   
37       I1         0.6319291476   2.506003395    3.631972749    0.2840264418   0.5019211353   7.393651079    1.886774861    2.361661056    -0.8208565188  0.7754136637   
38       I1         1.293213112    1.224759496    4.126820906    0.4808505761   0.8883612712   9.566788489    2.030036401    2.914181423    0.7884600047   0.4131582244   
39       I1         0.3355633099   1.919688301    4.075871714    0.2769810949   0.5510643014   8.796494637    3.016951563    2.685695858    0.1546866607   0.6423451959   
40       I1         1.330620213    1.793080032    3.42561734     0.09902767284  0.3613541698   9.776148407    2.466265489    2.154126524    0.6216193772   1.019351257    
41       I1         0.6141995046   2.389903838    2.517908039    0.6169280782   0.3414622524   6.366329451    2.617147676    2.893560115    -0.665372179   0.3083373672   
42       I1         1.149262703    2.357674334    2.568326192    0.5822604601   0.06154652329  5.606839782    1.557789656    2.009770536    -0.3982805622  0.4428357473   
43       I1         1.668035661    1.604534193    3.750492283    0.6439829026   0.9455688395   7.928094173    2.630282138    2.616217122    0.2529168315   0.5966816025   
44       I1         0.3428379557   1.847479596    3.122012242    0.9884591002   0.8757510767   6.790676587    3.420496642    2.73962437     -0.3161020339  3.301524008    
45       I1         1.853645615    1.373503888    2.822218806    0.3521041237   0.6711742736   7.860261202    3.386731765    2.262155878    -0.731468413   0.8864585001   
46       I1         0.5149777703   2.626616406    2.63633544     0.2955854276   0.1531534745   4.936652069    2.052768736    2.296872209    -0.9098927775  0.7390001257   
47       I1         0.9294416391   1.107859401    4.054003948    0.2227157457   0.1267405837   3.84481336     2.416570064    2.926880684    -0.6793532971  0.8311572895   
48       I1         0.6216393137   2.499987905    3.278778149    0.3718642419   0.9554539488   5.705490445    2.728509133    2.389151135    0.04549729501  0.6014918128   
49       I1         0.326611012    1.584203397    3.619972848    0.2339020498   0.1419592755   2.46863673     1.076624096    1.812757254    0.5300758283   0.5563271345   
50       I1         1.924432175    2.318925935    4.417192063    0.8681825689   0.9145586888   4.728388251    2.159048172    2.788029297    -0.4484045901  0.6378368066   
51       I1         1.478389462    1.413229567    3.294143353    0.5854851737   0.9560722305   4.540652858    1.51539879     2.431311523    0.7632529959   0.2739205798   
52       I1         0.9723733239   1.723872528    3.837321156    0.2147362467   0.6257103703   2.919820596    3.132106181    2.882056884    0.3540714493   0.6737047181   
53       I1         0.8821798522   1.702193035    3.161199709    0.4189936291   0.8399781579   8.89327451     2.291507961    2.77502858     0.896290918    0.5124160097   
54       I1         0.4245520053   1.361384978    4.011008415    0.08766672647  0.2548298908   2.320547786    1.646961503    2.648516958    -0.9207260133  0.8647043328   
55       I1         1.87357065     2.007925509    3.448172915    0.8862005328   0.6658387523   9.11421837     1.278774894    2.239335901    0.1475979792   1.000703004    
56       I1         1.615738806    1.959262515    4.145300529    0.3293674977   0.3072631867   8.445035646    1.06137196     2.620011962    -0.8362398428  1.003918092    
57       I1         1.112238945    2.668124379    3.222304965    0.07700316282  0.7930541209   4.188251874    3.073056107    2.339323863    -0.8951686568  1.111051787    
58       I1         0.3196891923   1.185621855    4.187532481    0.9177468062   0.1369696217   7.556041401    1.94753824     2.514067028    -0.3682675131  1.870131948    
59       I1         0.7405778344   1.664404193    3.877114796    0.2681338213   0.3268439017   7.517247668    1.098534421    2.65487997     -0.4216008069  0.699868079    
60       I1         1.02088661     1.886373824    4.260009646    0.1046475444   0.2249136607   2.745035188    1.528022256    2.954874025    -0.1464763786  0.8640565532   
61       I1         1.73112323     1.445530588    3.624950022    0.617714539    0.7141551185   7.31854531     2.186557027    2.979106123    -0.2919008558  0.6594248028   
62       I1         0.5688303017   1.977115245    4.336244821    0.3100129122   0.676343048    6.638751157    1.764824294    2.906969079    -0.3082750511  0.5855289202   
63       I1         1.657882582    2.429422706    4.357984449    0.5638364349   0.2931487373   7.366692812    2.763191849    2.394104906    -0.3829862052  0.8264904844   
64       I1         1.511211025    2.640566316    2.553667634    0.551155623    0.2130497318   5.154428555    1.455073717    2.189153291    -0.3782508807  0.6865721628   
65       I1         1.428796657    2.093133211    4.172514511    0.7495471175   0.70896935     6.251763132    2.275823257    2.540675949    0.6419535811   0.507486522    
66       I1         1.419750923    1.028271672    2.571287427    0.6891905616   0.4883536824   2.998884002    1.685179173    2.843005517    0.4838406779   0.2606269447   
67       I1         1.943173811    1.625971422    2.83204905     0.595768273    0.8448070479   0.7093392765   1.904653541    2.836080041    0.4528827645   0.368211075    
68       I1         1.960481221    2.305676635    4.464930667    0.9442640393   0.4980782255   4.87901256     2.377638508    2.314654191    0.3794369204   0.7790018968   
69       I1         0.8338031471   2.462591002    3.074430617    0.4037020077   0.2851291717   3.110961491    1.117540016    2.060278864    0.01927118562  0.4573507149   
70       I1         0.6855942515   1.128098203    4.081349423    0.8663153199   0.5252304942   8.552060966    1.389500424    2.566951899    0.4742314741   0.6376348687   
71       I1         1.122030833    2.407561628    4.390373804    0.1431957361   0.3286958889   3.8669091      1.870636091    2.0143264      -0.8749536589  0.9932614672   
72       I1         0.553361954    1.831029792    2.970168461    0.7065451786   0.320789198    3.14755921     2.268349657    2.156881224    -0.3561805945  0.6115623101   
73       I1         1.049861075    2.299507961    2.625546715    0.7643641493   0.799860378    1.450095686    2.532528402    2.699476585    -0.1805586802  0.2442299037   
74       I1         1.311619337    2.129130358    3.432439771    0.2856764246   0.9658664552   2.162021918    2.994583751    2.00058177     -0.1743758834  0.7401331146   
75       I1         0.7175991738   2.553750709    3.536263838    0.07026284222  0.4379601099   3.583289689    2.084853484    2.489000101    0.7076809434   1.097783302    
76       I1         0.3665247071   1.598521984    2.538179608    0.8782930763   0.9486573197   9.991714094    1.584984229    1.909883741    -0.1988495462  2.254858181    
77       I1         1.226553525    1.001664257    2.724693147    0.05053750021  0.6205541782   3.510819458    3.28990503     2.79992329     -0.4027113958  0.5700901631   
78       I1         1.130394371    2.488288281    4.068925653    0.2064273717   0.9710181614   0.610352996    3.343020981    2.971837793    0.3186856942   0.8918682687   
79       I1         0.4016286348   2.695719894    3.487997143    0.6860621967   0.9391876196   8.042952388    1.463704901    2.265131216    -0.798999223   0.8133456012   
80       I1         1.871245481    1.732326328    4.223294394    0.7759797059   0.4663169356   9.21027408     3.109061162    1.895848868    -0.8450636577  0.8046536971   
81       I1         0.6553529962   1.513949634    4.251197975    0.3084367129   0.3741970611   1.285742782    3.14079486     2.600061146    0.3874012286   0.5983165918   
82       I1         1.060029389    1.157943759    3.501041045    0.6915519842   0.2024594346   9.372141183    1.244573648    2.573714119    0.5199986261   0.2266042858   
83       I1         0.9614019113   1.457003444    4.049628781    0.06617458841  0.9851536558   5.978678452    1.290537531    2.830661704    0.7499216936   0.294480299    
84       I1         0.7944527712   2.675928452    2.591971168    0.01798505188  0.2796770395   4.333426039    2.56921467     2.181329042    0.9786169096   1.08437226     
85       I1         1.681532474    1.527252954    3.200341316    0.382103955    0.1210128828   0.5099906425   1.787044704    2.382264349    0.5844859061   0.5563237433   
86       I1         1.266772467    1.271565045    3.64413611     0.4610007422   0.7229535531   3.635699302    1.932478028    1.8572245      -0.7798352057  0.3393405532   
87       I1         0.7647534265   1.347875166    4.244123627    0.784987453    0.5659573334   8.731779812    2.410994495    1.832739816    0.03871476879  0.5587799076   
88       I1         1.562283398    2.239934853    3.787971582    0.3745767377   0.3176662589   2.198446692    2.982508151    2.89738415     -0.3431669847  0.8730559979   
89       I1         1.272207432    2.103798969    3.908262726    0.4982750828   0.1170697451   8.936209867    1.596636268    2.148016045    -0.7431881437  0.6604653418   
90       I1         1.247219238    1.43732954     3.574314535    0.5177268601   0.1802341327   8.1829479      3.454779949    2.47502582     0.7798784874   0.6697967498   
91       I1         0.9170691111   1.097353254    3.888234681    0.1590168536   0.1980706214   3.172767327    1.760686845    2.957841405    -0.70755506    0.835488998    
92       I1         0.8594859709   1.56709405     3.763815005    0.6088469602   0.5163311147   5.557819973    1.537824066    2.814069171    0.2797102277   0.2247725875   
93       I1         0.8516816416   2.223409274    3.994306987    0.651920224    0.6491970592   5.677937282    1.18308511     2.423915373    -0.9518850166  0.8256395925   
94       I1         0.9691902626   1.111207504    4.136342117    0.4330385135   0.8574453403   4.573599613    2.96451766     1.791664066    -0.2075161303  0.4314992743   
95       I1         1.028443506    1.217210995    3.154730813    0.3600863832   0.8789850653   5.489382569    2.673346641    2.547447249    0.4688421696   0.3497862917   
96       I1         0.4951711073   2.47746857     3.583271132    0.9161871134   0.8292179932   4.009172571    1.038891193    1.802594394    0.66482792     0.9309629275   
97       I1         1.168425809    1.872888018    2.895323663    0.6011013242   0.9086691245   1.188839618    1.982000801    1.983758661    -0.6354022696  0.2865181346   
98       I1         1.096953965    1.866032498    2.770685731    0.6256104145   0.4135150461   6.060494108    2.818549392    2.063904519    -0.7803528873  0.3653266547   
99       I1         1.55234451     2.179753498    2.819203554    0.3952466911   0.2963966409   6.727539677    2.486941031    2.245756594    -0.2512348219  0.896692104    
100      I1         0.4423657064   1.524782968    2.711888592    0.1365093359   0.6078054416   9.841775118    1.30241882     2.630256344    0.8157359027   0.5800462279   
101      I1         1.567202837    1.433003144    3.549174485    0.1260542698   0.4213703107   1.203283781    2.501488129    1.766758704    -0.1053272063  0.9166654576   
102      I1         1.190534918    1.58737199     3.975040031    0.2485902988   0.8168480328   0.5881341888   2.861752951    2.307314879    -0.9194684933  0.4688807767   
103      I1         1.81565993     2.183767031    4.445073272    0.923528304    0.07153671873  5.122869491    2.554142808    2.767372567    0.929566737    0.7141000553   
104      I1         0.3160663151   1.472429143    3.864345957    0.4886333168   0.7478827292   1.29660512     3.442628548    2.168440703    -0.7177629824  0.5744949038   
105      I1         0.560579495    2.616901197    2.757161432    0.4492392441   0.7642913539   1.578773868    1.483319489    2.802758483    0.1850542123   0.4391257443   
106      I1         1.705715745    2.563298341    4.168659817    0.4016370178   0.1826518913   4.795533659    2.896475106    2.521061523    0.4362494302   0.9548084888   
107      I1         0.9430770165   1.780322116    4.436933425    0.9796379121   0.4543647245   2.017122039    2.04077936     2.217719295    0.2917252145   0.9163231824   
108      I1         0.7827219914   1.636726289    4.230808878    0.2285896653   0.6010431956   8.467556951    2.719702949    2.468595998    -0.3389840675  0.5991309617   
109      I1         0.39006213     1.46124774     3.01046998     0.7310735944   0.02994830241  1.047536079    2.236411736    2.09231089     0.3400876603   0.4191605923   
110      I1         1.52698874     1.543263755    2.881948345    0.1643987006   0.4426261578   6.138323028    2.886943105    2.439075541    -0.4658437404  0.9090380592   
111      I1         0.3079017367   2.536586003    4.481868748    0.3277216254   0.635782298    8.275041911    1.848556874    2.460448252    -0.07875822608 0.6659460005   
112      I1         0.7312023572   2.341796621    3.288925612    0.4088656905   0.6984740392   1.350039983    3.250847966    2.705604538    0.3634119407   0.592465456    
113      I1         1.212039554    1.211651357    3.142220271    0.176803382    0.6946949651   8.404803086    1.221353719    1.841917419    0.797646994    0.2479882786   
114      I1         1.650778296    1.689175818    2.683784505    0.4766684494   0.7866513945   5.25479592     2.743015731    2.03794479     -0.04598332212 0.7114883823   
115      I1         1.889074199    2.232408175    2.50846943     0.06347138941  0.6400701768   9.262748823    1.747056741    2.426060139    0.08590025529  0.4777296341   
116      I1         1.80153224     1.784465805    3.494053802    0.5010571741   0.6275969085   9.337788661    2.313800446    2.657925536    0.09931307681  0.8438235913   
117      I1         0.4763555759   1.016417413    3.921895255    0.4723098789   0.2633067763   2.829426214    3.361107015    2.880783068    0.6988768292   0.4878131575   
118      I1         0.8045915082   2.402460187    4.274627782    0.9538877546   0.5218425283   2.339326773    2.351854157    2.994718027    0.02028824671  1.075076683    
119      I1         0.3527387624   1.91308261     3.804717974    0.6347489478   0.3016913849   9.178860468    2.640794539    1.799004053    0.7337586344   0.416624488    
120      I1         0.8994731689   2.159405959    4.374945498    0.5279647682   0.4310794512   5.215779391    1.132739572    2.944205054    -0.9964827414  0.7004693011   
121      I1         1.256161827    1.857502393    3.46348914     0.6653043869   0.06669942403  9.1037054      1.708886113    2.508210056    0.2683133431   0.4277577592   
122      I1         1.29869262     2.030388091    2.738898102    0.2931131897   0.8236293767   4.472067808    1.818605578    1.938456113    -0.5814641335  0.683360067    
123      I1         1.410844564    1.487714046    3.091685818    0.2525859039   0.07422057778  2.04783647     1.412317196    2.530738488    -0.8691781141  0.77172632     
124      I1         0.7053730573   2.379669596    2.863816821    0.4681276703   0.1317473279   7.726871273    1.72141094     2.107317329    -0.12239111    0.4879804846   
125      I1         0.4353517743   1.061800788    3.1970064      0.6682522869   0.2299757445   7.715318932    2.255467775    2.903613994    -0.9737537166  0.6753151093   
126      I1         1.725021871    2.264217556    3.791282322    0.8494940825   0.1718932345   6.331887949    3.120827288    1.90621737     -0.5753005299  0.6381507162   
127      I1         1.956024234    1.652709719    2.994224371    0.05664595001  0.151121497    9.005140482    3.056860529    2.854478252    -0.2116127157  1.263349415    
128      I1         1.389069653    2.133984655    3.317980748    0.7261567476   0.6440832183   6.197710501    1.627469842    2.504540726    -0.1589156199  0.3455534758   
129      I1         1.310744326    1.355304279    2.877630711    0.04281589581  0.77690164     2.245178107    2.166619707    1.782299609    -0.4187121487  0.5347210505   
130      I1         1.539037421    2.024084218    3.983472701    0.7997784599   0.1919118726   5.936447582    1.89847601     2.078446873    -0.327742305   0.4523784686   
131      I1         0.4585553439   1.196024326    4.285975636    0.9046503801   0.9345541318   7.787279063    3.037366763    2.346506168    0.9969983269   0.6262529957   
132      I1         1.438799716    1.293362253    2.708406625    0.8183059822   0.8610236011   7.267569472    1.794421724    2.230080327    0.1228202277   0.2698917071   
133      I1         1.031815732    1.176044486    3.086598135    0.3825326016   0.5114201736   4.014965611    1.957670154    2.847766357    0.880275581    0.5336956263   
134      I1         0.7737662192   2.316377652    3.372267971    0.7672713686   0.5414871675   1.914269064    2.345952424    2.292117543    0.003047198458 0.3700140549   
135      I1         0.9112346406   1.756530424    3.103053777    0.4397966583   0.8643014036   6.513782869    2.109549846    2.282288218    -0.4747877953  0.3468871882   
136      I1         0.5219047772   2.604477542    2.66725301     0.9572451715   0.0188045118   2.551934855    2.304546321    2.354810815    -0.657610792   2.594657904    
137      I1         1.591137745    2.110709864    3.352611263    0.6610366424   0.8718494731   3.708607551    1.149856099    2.57899855     0.5664003658   0.4739404864   
138      I1         0.6454610403   1.809580411    3.664249371    0.7913672041   0.2463200352   1.109917954    2.457894546    2.821400632    -0.7241374337  0.6741018048   
139      I1         0.8414370897   2.360140599    2.784622419    0.9076708301   0.1090620174   6.934065212    2.062803635    2.32661252     0.4418670729   0.6454924171   
140      I1         0.3810226623   1.039329499    4.152292324    0.7525369395   0.6585332783   0.3232059656   3.083430849    1.757855922    0.3910036011   0.7633270598   
141      I1         1.489386704    1.126281319    2.847328631    0.9335967232   0.7426657893   0.208209793    1.426296588    2.553140825    0.05913216204  0.8696570187   
142      I1         1.339681715    1.305017817    3.215936495    0.1715781143   0.8192303817   8.686609669    2.608247359    2.081430165    -0.2803450529  0.5009495981   
143      I1         1.674092136    1.557022881    3.416947156    0.365279752    0.6859801251   0.1113407298   1.488318497    2.408228412    0.7219286014   0.2847805705   
144      I1         1.443875061    2.663067641    3.327214513    0.8420744192   0.7583853412   4.967030822    1.204150956    2.924217666    0.9675773468   0.3457172041   
145      I1         1.992340235    1.506790343    4.313984944    0.5620416207   0.0289882697   7.20546421     2.912259135    1.998991915    0.5061690618   1.089335255    
146      I1         1.696146187    1.318163841    3.713125202    0.8233939192   0.3786067364   4.106631229    1.988281074    2.858701268    -0.02687514233 0.4492854567   
147      I1         0.9287867655   1.339953079    3.940201022    0.2415289168   0.3635230936   4.621020402    1.375566622    2.254060687    0.2048374467   0.5269493934   
148      I1         1.823406715    2.197591557    3.735986787    0.541778606    0.9251221617   3.731313954    2.093105397    1.863847578    -0.4933385898  0.7489113106   
149      I1         0.8252572498   2.000293527    3.852631937    0.09484864392  0.5879647622   0.8439711334   2.205949187    2.732912916    -0.8122212197  0.8770890387   
150      I1         1.154517324    2.057175774    3.841892127    0.1211426688   0.5389951992   3.915869445    2.327368111    2.026706551    -0.276462482   0.9224623029   
151      I1         1.861285023    2.423392337    4.364753591    0.1321148206   0.7203558098   9.856190522    3.0392257      2.726780323    -0.6012457583  1.169270559    
152      I1         0.8771454601   2.652883391    2.600405533    0.08296031287  0.6777095541   3.394123053    1.606807955    2.376803574    -0.5283719544  0.9795252312   
153      I1         0.44767833     2.634228482    4.297784858    0.4131563162   0.08719938606  6.909899875    2.959254627    2.035245307    0.1769029316   0.616687746    
154      I1         1.397354438    2.594635822    4.306825615    0.1381101293   0.1678155591   5.070087836    2.658951036    1.87422869     0.6362287025   1.096994567    
155      I1         1.754165204    1.385725577    3.001275434    0.8731720152   0.49233943     6.776723139    2.808883335    1.771740729    0.9149408384   0.6838767917   
156      I1         0.6630983557   1.418938544    3.177042209    0.8947151221   0.9654515445   2.417095971    2.435221826    2.717002792    -0.7677758341  1.903685005    
157      I1         1.805055113    2.037184526    2.854658815    0.7031796      0.09937325054  5.80948257     3.40923876     2.143477297    0.07668828648  0.815283804    
158      I1         1.782005308    1.046126403    3.674731127    0.4276016541   0.7023414344   0.4232596352   1.357631033    2.445342844    -0.4317583209  1.203110474    
159      I1         1.98336308     1.476827842    3.527121202    0.03104441363  0.3976787274   1.655307686    2.001481473    2.981563456    0.2886603385   0.6353424067   
160      I1         1.518373807    1.395823821    3.747975762    0.1476893845   0.5959419406   9.643499685    2.862540153    2.693115284    -0.8836972137  0.7863752464   
161      I1         1.891687544    1.141502574    3.918206436    0.9694566188   0.7716847948   9.915759666    2.677691111    1.958708002    -0.4574273089  0.6791022455   
162      I1         0.3728256627   2.523376056    3.363630834    0.3003703613   0.6129824364   8.826475595    2.848600231    2.665078343    0.8081814212   0.8115876124   
163      I1         1.223180696    1.945292096    3.602551072    0.1097605279   0.544416591    5.526973876    2.491389903    1.781166622    0.2144989361   0.9167334074   
164      I1         1.23627656     2.45621537     2.544324651    0.7815431259   0.687578367    0.4799825509   1.005840887    2.941408327    -0.1620880015  1.68661112     
165      I1         1.35883135     1.402946111    3.25662178     0.9304729949   0.2769640907   7.598144076    1.502462651    2.131907366    -0.5016754139  0.6987200762   
166      I1         0.789572542    2.278022308    2.644512462    0.6501463064   0.5334932255   2.584305403    2.693995187    2.054250143    0.1687194501   0.2195889226   
167      I1         1.008724434    2.145625973    3.592951777    0.5375843765   0.7372736794   3.326900484    2.790834008    2.235346699    -0.6270055646  0.435287836    
168      I1         1.34845065     2.250487389    3.773679828    0.2022170083   0.8943826397   0.9808256413   1.257138806    2.53735533     0.9544200604   0.3698370094   
169      I1         0.4957277127   1.641290698    2.982554117    0.7165018842   0.1898148325   8.658035885    1.15780769     2.67483762     0.4229395804   0.4533463013   
170      I1         0.6779745915   1.311800029    4.429994142    0.3882659227   0.2729843773   8.246207784    1.91254571     2.417764725    0.5709451081   0.6283458675   
171      I1         1.57691792     2.121766347    3.477901424    0.3576384864   0.041427187    5.440009602    3.271262121    1.992098138    0.5921997391   0.9613192047   
172      I1         0.9905189919   2.286075393    2.745626434    0.6403466023   0.4776620772   9.694709661    3.425336835    2.584861013    -0.08814844138 0.362998531    
173      I1         1.195757245    2.204986631    4.027680889    0.8533427611   0.754291487    0.7883891887   3.499421442    2.022822351    0.2204775822   0.3047855784   
174      I1         1.839793129    1.250427937    3.514350809    0.1755136478   0.05025664172  4.81531904     2.014719743    2.219540975    -0.2304116761  0.910346489    
175      I1         1.001251893    2.069102264    4.200932026    0.4927495471   0.9266990333   6.002778232    2.222455318    2.201700863    -0.003365763137 0.4562385052   
176      I1         1.158709209    2.07451978     4.199785706    0.1522689735   0.3508865161   8.590859009    1.831062441    1.946407156    -0.75217624    0.9609747743   
177      I1         0.5788834067   1.901547742    3.706033907    0.7424456046   0.3536942089   7.140130212    1.659801522    2.045686549    -0.09102284916 0.513965371    
178      I1         0.5964134953   1.497129676    3.568035854    0.4603745082   0.7983745614   2.099368541    1.332058821    1.830589293    0.8563867838   0.2946090121   
179      I1         1.638273917    2.56527134     3.266249106    0.9612380033   0.03605611256  9.036374273    2.194619009    2.170938373    0.9804134291   0.5782435838   
180      I1         1.547070958    1.238174427    3.30779728     0.6784136961   0.9066224618   7.112600664    2.757521514    2.757257505    0.6069845997   0.4591087598   
181      I1         0.6734119334   1.89441514     3.451950994    0.04624513343  0.2451389809   6.983583116    3.368654007    2.606639267    -0.4896433121  1.043351894    
182      I1         1.369271837    2.274721958    4.401371371    0.6304719765   0.7319429299   1.001748151    1.16816521     2.333827914    0.4952194916   0.2794476002   
183      I1         0.8612097478   1.263157119    3.242283537    0.9833121046   0.2101655837   5.760776018    2.120035492    2.677373785    -0.5348694626  1.708897853    
184      I1         0.5328893243   1.549901358    4.343964989    0.7568711672   0.9796752624   6.452092482    2.393268664    1.875511038    0.2320113662   1.019417965    
185      I1         1.763925888    1.189145543    4.107978047    0.18731588     0.3711483416   0.3541249756   1.692970203    1.883244105    0.2475080492   0.6464510182   
186      I1         0.9869559751   1.712974657    2.792456384    0.713796795    0.8113767914   0.6736454139   2.597056382    2.094710791    -0.1164999219  0.3962445456   
187      I1         0.8102282188   1.672796838    2.672124427    0.6727332147   0.7654600043   2.95335473     3.47513158     1.93025114     0.3249958023   0.3422235175   
188      I1         0.5882173616   2.334124015    4.112339234    0.1991829632   0.265478951    0.9213748418   3.395639015    2.122812908    -0.03127474847 0.7938204017   
189      I1         1.453500029    2.581201481    3.343104422    0.9721338354   0.5057330862   2.691800039    3.337371736    2.707883956    -0.9801642794  0.344794596    
190      I1         1.736972913    1.277543916    4.214466027    0.01145083127  0.1464932831   3.769961236    2.137949191    2.114329928    0.8310837253   1.247191989    
191      I1         1.20888945     2.05260005     2.941521391    0.7728527275   0.2590210574   8.097781065    2.539600155    1.852993121    0.1000512061   0.3024922937   
192      I1         0.5040713005   1.927909829    2.692654783    0.7223955554   0.7255757899   0.80618625     1.421382374    1.981147764    0.9056303865   0.3267656945   
193      I1         1.623598457    1.283430578    2.806236369    0.8135260645   0.3921249435   6.396943043    2.700210411    2.321973933    -0.6937307743  0.509384213    
194      I1         1.607192346    1.986444153    3.827213992    0.2363858541   0.4843905536   7.653929643    2.91675701     2.786308042    0.5432330061   0.9748013101   
195      I1         1.980969714    2.5130866      4.094441589    0.3225876825   0.9849853431   8.123806979    3.001111917    1.7504077      -0.8006003763  1.158030174    
196      I1         1.078928625    1.089384525    2.922492251    0.02480656156  0.4246184373   5.383896754    1.265648282    2.769533556    0.5259697562   0.3129649993   
197      I1         0.6022293771   2.369053499    3.134494032    0.3151516292   0.103980856    4.452162135    3.166076141    2.074578547    0.931356019    0.761658492    
198      I1         1.182617716    1.819858956    3.331379779    0.1845211468   0.4610069183   8.004857896    2.443266495    2.597844897    -0.5502170901  0.8529725201   
199      I1         1.501985263    2.68783041     3.810259928    0.5692604473   0.3121974203   9.446711023    1.036660246    2.175605422    0.5572359647   0.2995326056   
200      I1         0.6291513254   2.484996524    3.896774347    0.4510187388   0.6035568613   4.226906781    3.304283651    2.401730743    -0.06565029081 0.5136218139   
201      I1         1.087037037    2.689506173    2.512345679    0.7782716049   0.1733333333   0.1611111111   3.052469136    1.757716049    0.3456790123   0.2755613164   
202      I1         0.9611111111   2.689506173    2.512345679    0.7903703704   0.8750617284   9.938888889    2.959876543    1.757716049    0.987654321    0.40898523     
203      I1         0.7722222222   2.689506173    4.487654321    0.6088888889   0.5483950617   0.1611111111   2.12654321     2.992283951    -0.987654321   0.2876712851   
204      I1         0.5203703704   1.388271605    3.820987654    0.5604938272   0.01604938272  0.1611111111   2.774691358    2.992283951    -0.962962963   0.3414768665   
205      I1         1.233950617    2.563580247    2.833333333    0.8266666667   0.5483950617   3.461111111    3.083333333    2.992283951    -0.3209876543  0.2543954892   
206      I1         0.8771604938   1.010493827    4.487654321    0.8024691358   0.7782716049   9.938888889    3.268518519    1.757716049    0.987654321    0.4448072461   
207      I1         1.129012346    2.14382716     2.512345679    0.8145679012   0.415308642    9.938888889    3.145061728    1.757716049    0.02469135802  0.2744966243   
208      I1         1.129012346    2.62654321     4.141975309    0.8145679012   0.3064197531   0.1611111111   3.145061728    1.757716049    -0.4938271605  0.2992738919   
209      I1         1.359876543    1.891975309    3.154320988    0.8750617284   0.330617284    0.1611111111   3.484567901    2.575617284    -0.3209876543  0.3457292656   
210      I1         1.066049383    2.311728395    3.62345679     0.7903703704   0.4516049383   5.05           2.959876543    2.49845679     -0.1234567901  0.2545943318   
211      I1         1.317901235    1.975925926    4.487654321    0.7903703704   0.9839506173   9.938888889    1.447530864    2.992283951    0.987654321    0.3470324089   
212      I1         1.800617284    2.689506173    4.388888889    0.5241975309   0.7782716049   0.1611111111   1.416666667    2.992283951    0.987654321    0.3561018226   
213      I1         0.8771604938   2.689506173    4.487654321    0.6209876543   0.8871604938   6.516666667    1.416666667    2.992283951    0.3209876543   0.2702455079   
214      I1         1.15           1.010493827    3.845679012    0.3427160494   0.9839506173   0.1611111111   1.324074074    2.992283951    0.4691358025   0.8712108249   
215      I1         0.3944444444   1.577160494    3.820987654    0.6572839506   0.01604938272  2.972222222    1.694444444    2.158950617    0.987654321    0.4949805602   
216      I1         1.045061728    1.933950617    3.37654321     0.7419753086   0.4758024691   4.927777778    1.416666667    1.788580247    0.8395061728   0.289619706    
217      I1         1.422839506    2.395679012    2.512345679    0.8145679012   0.9839506173   0.1611111111   2.033950617    2.992283951    0.6419753086   0.3987698172   
218      I1         0.562345679    2.605555556    4.487654321    0.584691358    0.584691358    3.338888889    1.293209877    2.066358025    0.0987654321   0.2843152169   
219      I1         0.9191358025   2.689506173    4.487654321    0.6572839506   0.669382716    7.861111111    1.540123457    2.158950617    -0.0987654321  0.2875483723   
220      I1         1.170987654    2.332716049    3.845679012    0.7177777778   0.6572839506   3.338888889    2.219135802    2.992283951    -0.987654321   0.308757837    
221      I1         0.6672839506   1.010493827    3.154320988    0.6572839506   0.01604938272  7.127777778    2.682098765    2.313271605    0.3209876543   0.2652609632   
222      I1         1.716666667    2.14382716     2.512345679    0.1854320988   0.7419753086   3.338888889    1.015432099    2.405864198    0.7654320988   0.4682486377   
223      I1         1.569753086    2.164814815    4.339506173    0.7903703704   0.2459259259   1.261111111    1.385802469    2.976851852    0.9135802469   0.3329755645   
224      I1         1.170987654    1.010493827    2.512345679    0.6572839506   0.9839506173   9.938888889    1.817901235    2.158950617    0.2469135802   0.60722204     
225      I1         0.6462962963   1.367283951    4.487654321    0.5483950617   0.4516049383   3.338888889    2.527777778    2.992283951    -0.987654321   0.2710805918   
226      I1         1.695679012    1.598148148    3.302469136    0.5120987654   0.5            5.05           1.293209877    2.637345679    0.987654321    0.2994541732   
227      I1         0.5413580247   2.122839506    3.154320988    0.6088888889   0.6572839506   5.416666667    1.293209877    2.513888889    0.987654321    0.4179175385   
228      I1         1.44382716     2.62654321     4.487654321    0.5362962963   0.8508641975   3.338888889    1.385802469    2.158950617    0.6913580247   0.2724657008   
229      I1         0.8771604938   2.14382716     4.487654321    0.6572839506   0.5241975309   3.216666667    1.416666667    2.683641975    0.3209876543   0.2258912718   
230      I1         0.5413580247   1.010493827    3.327160494    0.5483950617   0.2096296296   0.1611111111   1.540123457    2.266975309    0.3209876543   0.2287186808   
231      I1         0.7932098765   2.122839506    3.697530864    0.6451851852   0.1733333333   0.1611111111   2.805555556    2.807098765    -0.3950617284  0.2398975128   
232      I1         1.066049383    2.689506173    4.290123457    0.5483950617   0.6572839506   0.1611111111   1.540123457    2.729938272    -0.0987654321  0.3918781708   
233      I1         0.625308642    1.55617284     4.487654321    0.6088888889   0.1249382716   9.938888889    2.805555556    2.62191358     -0.5185185185  0.3369274318   
234      I1         0.6043209877   1.55617284     2.858024691    0.5120987654   0.415308642    2.727777778    2.774691358    2.992283951    -0.987654321   0.2712779895   
235      I1         0.8561728395   1.010493827    2.512345679    0.04024691358  0.8750617284   2.238888889    1.478395062    2.020061728    0.987654321    0.3748004002   
236      I1         1.422839506    1.55617284     2.512345679    0.8508641975   0.04024691358  6.761111111    1.75617284     2.158950617    0.3703703704   0.2891953527   
237      I1         0.5413580247   1.07345679     3.154320988    0.6451851852   0.3427160494   0.1611111111   1.817901235    2.143518519    0.7654320988   0.3275827077   
238      I1         0.6672839506   1.577160494    3.796296296    0.6572839506   0.2096296296   3.338888889    1.447530864    2.86882716     0.3209876543   0.2189170535   
239      I1         0.4154320988   1.010493827    2.808641975    0.3427160494   0.5241975309   0.7722222222   1.478395062    1.88117284     0.6419753086   0.2405702485   
240      I1         0.562345679    1.577160494    3.37654321     0.5483950617   0.415308642    1.138888889    1.324074074    1.757716049    0.3209876543   0.1914514151   
241      I1         0.3524691358   1.577160494    3.845679012    0.4637037037   0.5            0.1611111111   1.324074074    2.158950617    0.3209876543   0.2269059939   
242      I1         0.7722222222   1.010493827    4.438271605    0.6451851852   0.3185185185   3.338888889    1.324074074    2.020061728    0.3209876543   0.2371541584   
243      I1         0.499382716    1.010493827    3.00617284     0.4637037037   0.330617284    3.338888889    1.231481481    2.174382716    0.5432098765   0.211601213    
244      I1         0.5203703704   1.262345679    3.401234568    0.4516049383   0.330617284    2.361111111    1.354938272    1.757716049    0.3209876543   0.2421590582   
245      I1         0.6672839506   2.689506173    3.179012346    0.5483950617   0.7782716049   1.138888889    2.188271605    2.992283951    -0.9382716049  0.3365354407   
246      I1         1.170987654    1.85           4.487654321    0.6935802469   0.669382716    7.372222222    1.231481481    2.529320988    0.5679012346   0.2173583395   
247      I1         0.8561728395   1.577160494    3.820987654    0.6209876543   0.330617284    1.261111111    2.157407407    2.86882716     -0.987654321   0.238277182    
248      I1         0.5413580247   1.010493827    2.956790123    0.4516049383   0.330617284    1.138888889    3.484567901    2.591049383    -0.3456790123  0.2545112535   
249      I1         0.4154320988   1.55617284     2.512345679    0.5120987654   0.1249382716   0.1611111111   3.175925926    2.729938272    -0.1234567901  0.294105786    
250      I1         0.6672839506   1.010493827    2.512345679    0.3548148148   0.6572839506   6.761111111    3.330246914    2.591049383    -0.1975308642  0.278896757    
251      I1         0.499382716    1.010493827    3.154320988    0.4637037037   0.3669135802   3.461111111    3.052469136    2.591049383    -0.3209876543  0.2639024109   
252      I1         0.6672839506   2.689506173    3.154320988    0.5483950617   0.2096296296   0.1611111111   3.237654321    2.992283951    -0.987654321   0.3456800813   
253      I1         0.8561728395   2.122839506    2.512345679    0.6209876543   0.330617284    3.461111111    2.682098765    2.992283951    -0.3456790123  0.2995556747   
254      I1         0.625308642    1.619135802    3.154320988    0.5483950617   0.3427160494   0.1611111111   3.268518519    2.174382716    -0.3456790123  0.2229130702   
255      I1         0.6462962963   2.122839506    4.067901235    0.6088888889   0.3427160494   0.7722222222   2.651234568    2.729938272    -0.987654321   0.2591914527   
256      I1         1.422839506    1.766049383    3.820987654    0.4758024691   0.9839506173   0.1611111111   1.447530864    2.297839506    0.987654321    0.3967941562   
257      I1         0.562345679    1.55617284     3.722222222    0.6088888889   0.4274074074   1.261111111    1.354938272    2.189814815    0.4691358025   0.1931019185   
258      I1         1.422839506    1.766049383    3.475308642    0.7903703704   0.6572839506   8.961111111    1.540123457    2.760802469    0.6172839506   0.2414740402   
259      I1         0.8771604938   1.954938272    3.820987654    0.6209876543   0.3669135802   8.961111111    1.262345679    2.158950617    0.2469135802   0.2529278546   
260      I1         0.4364197531   1.367283951    2.709876543    0.4879012346   0.4758024691   0.1611111111   1.293209877    2.174382716    0.6172839506   0.2363767602   
261      I1         1.611728395    2.122839506    3.154320988    0.5362962963   0.5362962963   0.1611111111   1.416666667    2.992283951    0.6913580247   0.2749986143   
262      I1         0.8771604938   1.010493827    2.709876543    0.6088888889   0.3427160494   3.827777778    1.385802469    2.158950617    0.4197530864   0.2093935207   
263      I1         0.6043209877   1.577160494    3.524691358    0.5483950617   0.4032098765   0.4055555556   1.262345679    2.452160494    0.2469135802   0.2188600992   
264      I1         1.44382716     1.010493827    2.709876543    0.01604938272  0.8871604938   6.761111111    1.354938272    2.158950617    0.4197530864   0.3116544461   
265      I1         0.6672839506   2.689506173    3.919753086    0.6572839506   0.9234567901   1.138888889    1.632716049    1.757716049    0.6666666667   0.2744451702   
266      I1         0.8561728395   2.164814815    4.067901235    0.6572839506   0.6814814815   3.338888889    1.509259259    1.757716049    0.3209876543   0.218078745    
267      I1         1.129012346    2.689506173    2.512345679    0.7782716049   0.7782716049   2.85           2.867283951    2.020061728    0.1234567901   0.235581644    
268      I1         0.6672839506   2.521604938    3.845679012    0.7419753086   0.01604938272  4.438888889    2.867283951    1.896604938    0.5679012346   0.2791934939   
269      I1         0.7302469136   1.577160494    3.845679012    0.6209876543   0.3427160494   3.338888889    1.447530864    2.158950617    0.2469135802   0.2157947544   
270      I1         1.359876543    1.577160494    2.512345679    0.3427160494   0.3427160494   8.961111111    1.200617284    1.757716049    0.3209876543   0.3851466002   
271      I1         1.422839506    2.14382716     3.080246914    0.8145679012   0.9839506173   6.761111111    2.12654321     2.992283951    -0.2716049383  0.3494307233   
272      I1         1.066049383    1.933950617    2.956790123    0.7782716049   0.3427160494   3.338888889    3.114197531    1.757716049    0.1975308642   0.2470478516   
273      I1         1.254938272    2.689506173    2.512345679    0.7782716049   0.5120987654   0.1611111111   2.37345679     1.927469136    -0.3209876543  0.2521206255   
274      I1         0.8771604938   1.010493827    3.154320988    0.8387654321   0.3427160494   9.938888889    2.558641975    2.961419753    0.987654321    0.4090541212   
275      I1         0.8771604938   2.689506173    2.512345679    0.7177777778   0.3427160494   8.961111111    2.74382716     2.591049383    0.3456790123   0.2720065922   
276      I1         0.7512345679   2.689506173    3.401234568    0.6088888889   0.6572839506   8.35           2.064814815    2.992283951    -0.5679012346  0.3250283989   
277      I1         1.233950617    2.605555556    2.709876543    0.8266666667   0.4516049383   6.638888889    1.848765432    1.757716049    0.3950617284   0.2812615055   
278      I1         1.422839506    2.689506173    2.709876543    0.8266666667   0.01604938272  0.1611111111   1.848765432    2.992283951    0.5185185185   0.3217898464   
279      I1         1.066049383    1.052469136    3.154320988    0.8145679012   0.01604938272  9.938888889    2.836419753    2.174382716    0.0987654321   0.2784098741   
280      I1         1.212962963    1.577160494    2.932098765    0.8266666667   0.330617284    8.961111111    1.848765432    2.992283951    0.2469135802   0.2744183894   
281      I1         1.15           2.689506173    3.820987654    0.8750617284   0.8145679012   6.761111111    1.540123457    2.158950617    0.9135802469   0.3363347946   
282      I1         1.401851852    2.689506173    4.487654321    0.4516049383   0.669382716    9.938888889    1.046296296    1.88117284     0.3209876543   0.3457611298   
283      I1         1.066049383    1.766049383    4.487654321    0.7782716049   0.3427160494   0.1611111111   3.083333333    2.992283951    -0.987654321   0.3252218932   
284      I1         1.401851852    2.521604938    4.487654321    0.669382716    0.9839506173   9.938888889    3.453703704    2.992283951    0.987654321    0.6560156337   
285      I1         1.066049383    2.689506173    3.401234568    0.7782716049   0.5967901235   0.1611111111   2.990740741    2.992283951    -0.02469135802 0.2746686783   
286      I1         1.129012346    2.689506173    2.882716049    0.7782716049   0.330617284    3.461111111    3.145061728    2.575617284    -0.987654321   0.2462574066   
287      I1         1.066049383    2.059876543    3.475308642    0.7782716049   0.01604938272  7.861111111    3.052469136    2.313271605    -0.6419753086  0.2662160749   
288      I1         1.066049383    2.689506173    2.512345679    0.7782716049   0.330617284    3.461111111    2.651234568    2.266975309    -0.04938271605 0.2385536037   
289      I1         1.275925926    1.577160494    3.820987654    0.8992592593   0.6330864198   9.938888889    2.929012346    1.788580247    0.3703703704   0.3637160026   
290      I1         1.422839506    1.85           2.932098765    0.8145679012   0.5483950617   2.727777778    1.848765432    2.174382716    0.3209876543   0.3062104082   
291      I1         1.92654321     1.010493827    3.845679012    0.4032098765   0.6572839506   0.1611111111   1.447530864    1.788580247    0.987654321    0.3811412375   
292      I1         0.9191358025   1.010493827    2.512345679    0.3427160494   0.6451851852   9.938888889    1.169753086    1.88117284     0.987654321    0.3289134135   
293      I1         1.129012346    1.010493827    2.561728395    0.1007407407   0.7782716049   3.338888889    1.015432099    2.158950617    0.987654321    0.3704067531   
294      I1         0.562345679    1.010493827    3.154320988    0.5604938272   0.669382716    0.1611111111   1.169753086    1.757716049    0.5925925926   0.6770833819   
295      I1         0.4783950617   1.954938272    2.512345679    0.5483950617   0.3427160494   0.1611111111   1.416666667    1.757716049    0.4444444444   0.2105777343   
296      I1         0.4783950617   1.912962963    3.574074074    0.5            0.5483950617   3.461111111    1.324074074    1.757716049    0.4444444444   0.2824123233   
297      I1         0.8351851852   1.010493827    2.512345679    0.584691358    0.1007407407   9.816666667    1.416666667    2.992283951    0.1728395062   0.2582926835   
298      I1         1.275925926    1.010493827    3.549382716    0.4516049383   0.4879012346   8.594444444    1.293209877    2.992283951    0.6666666667   0.2455879307   
299      I1         0.8771604938   1.010493827    2.512345679    0.3427160494   0.3790123457   3.461111111    1.231481481    1.88117284     0.987654321    0.3774112162   
300      I1         0.3944444444   1.178395062    4.487654321    0.2943209877   0.862962963    0.1611111111   1.848765432    2.729938272    0.987654321    0.5073082394   
%eval_id interface log__t_efold_shallow log__t_efold_soil log__t_efold_karst f_exfiltration_shallow f_exfiltration_soil PDD_melt_factor log__Hmax_shallow log__fdd_threshold log__routing_K neg_kge        
301      I1         0.562345679    1.577160494    3.37654321     0.5483950617   0.415308642    1.138888889    1.324074074    1.757716049    0.3209876543   0.1914514151   
302      I1         0.732345679    1.577160494    3.37654321     0.5483950617   0.415308642    1.138888889    1.324074074    1.757716049    0.3209876543   0.1692748647   
303      I1         0.562345679    1.747160494    3.37654321     0.5483950617   0.415308642    1.138888889    1.324074074    1.757716049    0.3209876543   0.1750573154   
304      I1         0.562345679    1.577160494    3.57654321     0.5483950617   0.415308642    1.138888889    1.324074074    1.757716049    0.3209876543   0.1835066806   
305      I1         0.562345679    1.577160494    3.37654321     0.6463950617   0.415308642    1.138888889    1.324074074    1.757716049    0.3209876543   0.3315353624   
306      I1         0.562345679    1.577160494    3.37654321     0.5483950617   0.513308642    1.138888889    1.324074074    1.757716049    0.3209876543   0.223031715    
307      I1         0.562345679    1.577160494    3.37654321     0.5483950617   0.415308642    2.128888889    1.324074074    1.757716049    0.3209876543   0.2001100616   
308      I1         0.562345679    1.577160494    3.37654321     0.5483950617   0.415308642    1.138888889    1.574074074    1.757716049    0.3209876543   0.1873795489   
309      I1         0.562345679    1.577160494    3.37654321     0.5483950617   0.415308642    1.138888889    1.324074074    1.882716049    0.3209876543   0.1871280144   
310      I1         0.562345679    1.577160494    3.37654321     0.5483950617   0.415308642    1.138888889    1.324074074    1.757716049    0.5209876543   0.1840599435   
311      I1         0.392345679    1.577160494    3.37654321     0.5483950617   0.415308642    1.138888889    1.324074074    1.757716049    0.3209876543   0.2177885732   
312      I1         0.562345679    1.407160494    3.37654321     0.5483950617   0.415308642    1.138888889    1.324074074    1.757716049    0.3209876543   0.2160118583   
313      I1         0.562345679    1.577160494    3.17654321     0.5483950617   0.415308642    1.138888889    1.324074074    1.757716049    0.3209876543   0.2067968283   
314      I1         0.562345679    1.577160494    3.37654321     0.4503950617   0.415308642    1.138888889    1.324074074    1.757716049    0.3209876543   0.2087199766   
315      I1         0.562345679    1.577160494    3.37654321     0.5483950617   0.317308642    1.138888889    1.324074074    1.757716049    0.3209876543   0.1749839167   
316      I1         0.562345679    1.577160494    3.37654321     0.5483950617   0.415308642    0.1488888889   1.324074074    1.757716049    0.3209876543   0.2167184805   
317      I1         0.562345679    1.577160494    3.37654321     0.5483950617   0.415308642    1.138888889    1.074074074    1.757716049    0.3209876543   0.3940242866   
318      I1         0.562345679    1.577160494    3.37654321     0.5483950617   0.415308642    1.138888889    1.324074074    1.757716049    0.1209876543   0.2849006175   
319      I1         0.902345679    1.577160494    3.37654321     0.5483950617   0.415308642    1.138888889    1.324074074    1.757716049    0.3209876543   0.1586897105   
320      I1         0.732345679    1.747160494    3.37654321     0.5483950617   0.415308642    1.138888889    1.324074074    1.757716049    0.3209876543   0.1658698131   
321      I1         0.732345679    1.577160494    3.57654321     0.5483950617   0.415308642    1.138888889    1.324074074    1.757716049    0.3209876543   0.1745051924   
322      I1         0.732345679    1.577160494    3.37654321     0.6463950617   0.415308642    1.138888889    1.324074074    1.757716049    0.3209876543   0.2788682372   
323      I1         0.732345679    1.577160494    3.37654321     0.5483950617   0.513308642    1.138888889    1.324074074    1.757716049    0.3209876543   0.1942634626   
324      I1         0.732345679    1.577160494    3.37654321     0.5483950617   0.415308642    2.128888889    1.324074074    1.757716049    0.3209876543   0.1822297236   
325      I1         0.732345679    1.577160494    3.37654321     0.5483950617   0.415308642    1.138888889    1.574074074    1.757716049    0.3209876543   0.2120831296   
326      I1         0.732345679    1.577160494    3.37654321     0.5483950617   0.415308642    1.138888889    1.324074074    1.882716049    0.3209876543   0.1675485664   
327      I1         0.732345679    1.577160494    3.37654321     0.5483950617   0.415308642    1.138888889    1.324074074    1.757716049    0.5209876543   0.1843973872   
328      I1         0.732345679    1.407160494    3.37654321     0.5483950617   0.415308642    1.138888889    1.324074074    1.757716049    0.3209876543   0.1873905961   
329      I1         0.732345679    1.577160494    3.17654321     0.5483950617   0.415308642    1.138888889    1.324074074    1.757716049    0.3209876543   0.178891544    
330      I1         0.732345679    1.577160494    3.37654321     0.4503950617   0.415308642    1.138888889    1.324074074    1.757716049    0.3209876543   0.2131009541   
331      I1         0.732345679    1.577160494    3.37654321     0.5483950617   0.317308642    1.138888889    1.324074074    1.757716049    0.3209876543   0.1675000954   
332      I1         0.732345679    1.577160494    3.37654321     0.5483950617   0.415308642    0.1488888889   1.324074074    1.757716049    0.3209876543   0.2015533913   
333      I1         0.732345679    1.577160494    3.37654321     0.5483950617   0.415308642    1.138888889    1.074074074    1.757716049    0.3209876543   0.4085334191   
334      I1         0.732345679    1.577160494    3.37654321     0.5483950617   0.415308642    1.138888889    1.324074074    1.757716049    0.1209876543   0.244579476    
335      I1         1.072345679    1.577160494    3.37654321     0.5483950617   0.415308642    1.138888889    1.324074074    1.757716049    0.3209876543   0.1653828922   
336      I1         0.902345679    1.747160494    3.37654321     0.5483950617   0.415308642    1.138888889    1.324074074    1.757716049    0.3209876543   0.1625073197   
337      I1         0.902345679    1.577160494    3.57654321     0.5483950617   0.415308642    1.138888889    1.324074074    1.757716049    0.3209876543   0.173159292    
338      I1         0.902345679    1.577160494    3.37654321     0.6463950617   0.415308642    1.138888889    1.324074074    1.757716049    0.3209876543   0.2444743361   
339      I1         0.902345679    1.577160494    3.37654321     0.5483950617   0.513308642    1.138888889    1.324074074    1.757716049    0.3209876543   0.1780096051   
340      I1         0.902345679    1.577160494    3.37654321     0.5483950617   0.415308642    2.128888889    1.324074074    1.757716049    0.3209876543   0.1739887608   
341      I1         0.902345679    1.577160494    3.37654321     0.5483950617   0.415308642    1.138888889    1.574074074    1.757716049    0.3209876543   0.2504885862   
342      I1         0.902345679    1.577160494    3.37654321     0.5483950617   0.415308642    1.138888889    1.324074074    1.882716049    0.3209876543   0.1585895691   
343      I1         0.902345679    1.577160494    3.37654321     0.5483950617   0.415308642    1.138888889    1.324074074    1.757716049    0.5209876543   0.1796355078   
344      I1         0.902345679    1.407160494    3.37654321     0.5483950617   0.415308642    1.138888889    1.324074074    1.757716049    0.3209876543   0.1718107483   
345      I1         0.902345679    1.577160494    3.17654321     0.5483950617   0.415308642    1.138888889    1.324074074    1.757716049    0.3209876543   0.1652542738   
346      I1         0.902345679    1.577160494    3.37654321     0.4503950617   0.415308642    1.138888889    1.324074074    1.757716049    0.3209876543   0.2071605282   
347      I1         0.902345679    1.577160494    3.37654321     0.5483950617   0.317308642    1.138888889    1.324074074    1.757716049    0.3209876543   0.164912683    
348      I1         0.902345679    1.577160494    3.37654321     0.5483950617   0.415308642    0.1488888889   1.324074074    1.757716049    0.3209876543   0.2036604114   
349      I1         0.902345679    1.577160494    3.37654321     0.5483950617   0.415308642    1.138888889    1.074074074    1.757716049    0.3209876543   0.4402574412   
350      I1         0.902345679    1.577160494    3.37654321     0.5483950617   0.415308642    1.138888889    1.324074074    1.757716049    0.1209876543   0.2311046504   
351      I1         0.987345679    1.577160494    3.37654321     0.5483950617   0.415308642    1.138888889    1.324074074    1.757716049    0.3209876543   0.1590476719   
352      I1         0.902345679    1.662160494    3.37654321     0.5483950617   0.415308642    1.138888889    1.324074074    1.757716049    0.3209876543   0.1580228693   
353      I1         0.902345679    1.577160494    3.47654321     0.5483950617   0.415308642    1.138888889    1.324074074    1.757716049    0.3209876543   0.1632597927   
354      I1         0.902345679    1.577160494    3.37654321     0.5973950617   0.415308642    1.138888889    1.324074074    1.757716049    0.3209876543   0.1902069154   
355      I1         0.902345679    1.577160494    3.37654321     0.5483950617   0.464308642    1.138888889    1.324074074    1.757716049    0.3209876543   0.1658241601   
356      I1         0.902345679    1.577160494    3.37654321     0.5483950617   0.415308642    1.633888889    1.324074074    1.757716049    0.3209876543   0.1674889841   
357      I1         0.902345679    1.577160494    3.37654321     0.5483950617   0.415308642    1.138888889    1.449074074    1.757716049    0.3209876543   0.1945518121   
358      I1         0.902345679    1.577160494    3.37654321     0.5483950617   0.415308642    1.138888889    1.324074074    1.820216049    0.3209876543   0.1583047116   
359      I1         0.902345679    1.577160494    3.37654321     0.5483950617   0.415308642    1.138888889    1.324074074    1.757716049    0.4209876543   0.1573848874   
360      I1         0.817345679    1.577160494    3.37654321     0.5483950617   0.415308642    1.138888889    1.324074074    1.757716049    0.3209876543   0.1627570913   
361      I1         0.902345679    1.492160494    3.37654321     0.5483950617   0.415308642    1.138888889    1.324074074    1.757716049    0.3209876543   0.1640976171   
362      I1         0.902345679    1.577160494    3.27654321     0.5483950617   0.415308642    1.138888889    1.324074074    1.757716049    0.3209876543   0.1604773529   
363      I1         0.902345679    1.577160494    3.37654321     0.4993950617   0.415308642    1.138888889    1.324074074    1.757716049    0.3209876543   0.1732086572   
364      I1         0.902345679    1.577160494    3.37654321     0.5483950617   0.366308642    1.138888889    1.324074074    1.757716049    0.3209876543   0.158780374    
365      I1         0.902345679    1.577160494    3.37654321     0.5483950617   0.415308642    0.6438888889   1.324074074    1.757716049    0.3209876543   0.1615619972   
366      I1         0.902345679    1.577160494    3.37654321     0.5483950617   0.415308642    1.138888889    1.199074074    1.757716049    0.3209876543   0.2720128917   
367      I1         0.902345679    1.577160494    3.37654321     0.5483950617   0.415308642    1.138888889    1.324074074    1.757716049    0.2209876543   0.1868084681   
368      I1         0.944845679    1.577160494    3.37654321     0.5483950617   0.415308642    1.138888889    1.324074074    1.757716049    0.3209876543   0.1581806834   
369      I1         0.902345679    1.619660494    3.37654321     0.5483950617   0.415308642    1.138888889    1.324074074    1.757716049    0.3209876543   0.1576465232   
370      I1         0.902345679    1.577160494    3.42654321     0.5483950617   0.415308642    1.138888889    1.324074074    1.757716049    0.3209876543   0.1601400006   
371      I1         0.902345679    1.577160494    3.37654321     0.5728950617   0.415308642    1.138888889    1.324074074    1.757716049    0.3209876543   0.1704490133   
372      I1         0.902345679    1.577160494    3.37654321     0.5483950617   0.439808642    1.138888889    1.324074074    1.757716049    0.3209876543   0.161474761    
373      I1         0.902345679    1.577160494    3.37654321     0.5483950617   0.415308642    1.386388889    1.324074074    1.757716049    0.3209876543   0.1640867031   
374      I1         0.902345679    1.577160494    3.37654321     0.5483950617   0.415308642    1.138888889    1.386574074    1.757716049    0.3209876543   0.167699137    
375      I1         0.902345679    1.577160494    3.37654321     0.5483950617   0.415308642    1.138888889    1.324074074    1.788966049    0.3209876543   0.158439324    
376      I1         0.902345679    1.577160494    3.37654321     0.5483950617   0.415308642    1.138888889    1.324074074    1.757716049    0.3709876543   0.1545154767   
377      I1         0.859845679    1.577160494    3.37654321     0.5483950617   0.415308642    1.138888889    1.324074074    1.757716049    0.3209876543   0.1604161006   
378      I1         0.902345679    1.534660494    3.37654321     0.5483950617   0.415308642    1.138888889    1.324074074    1.757716049    0.3209876543   0.1609523403   
379      I1         0.902345679    1.577160494    3.32654321     0.5483950617   0.415308642    1.138888889    1.324074074    1.757716049    0.3209876543   0.1589327048   
380      I1         0.902345679    1.577160494    3.37654321     0.5238950617   0.415308642    1.138888889    1.324074074    1.757716049    0.3209876543   0.1608595748   
381      I1         0.902345679    1.577160494    3.37654321     0.5483950617   0.390808642    1.138888889    1.324074074    1.757716049    0.3209876543   0.1577848001   
382      I1         0.902345679    1.577160494    3.37654321     0.5483950617   0.415308642    0.8913888889   1.324074074    1.757716049    0.3209876543   0.1558952147   
383      I1         0.902345679    1.577160494    3.37654321     0.5483950617   0.415308642    1.138888889    1.261574074    1.757716049    0.3209876543   0.2014212344   
384      I1         0.902345679    1.577160494    3.37654321     0.5483950617   0.415308642    1.138888889    1.324074074    1.757716049    0.2709876543   0.1698920546   
385      I1         0.944845679    1.577160494    3.37654321     0.5483950617   0.415308642    1.138888889    1.324074074    1.757716049    0.3709876543   0.1529667375   
386      I1         0.902345679    1.619660494    3.37654321     0.5483950617   0.415308642    1.138888889    1.324074074    1.757716049    0.3709876543   0.1553870335   
387      I1         0.902345679    1.577160494    3.42654321     0.5483950617   0.415308642    1.138888889    1.324074074    1.757716049    0.3709876543   0.1578410936   
388      I1         0.902345679    1.577160494    3.37654321     0.5728950617   0.415308642    1.138888889    1.324074074    1.757716049    0.3709876543   0.1601206715   
389      I1         0.902345679    1.577160494    3.37654321     0.5483950617   0.439808642    1.138888889    1.324074074    1.757716049    0.3709876543   0.1550119705   
390      I1         0.902345679    1.577160494    3.37654321     0.5483950617   0.415308642    1.386388889    1.324074074    1.757716049    0.3709876543   0.1616425383   
391      I1         0.902345679    1.577160494    3.37654321     0.5483950617   0.415308642    1.138888889    1.386574074    1.757716049    0.3709876543   0.1738693245   
392      I1         0.902345679    1.577160494    3.37654321     0.5483950617   0.415308642    1.138888889    1.324074074    1.788966049    0.3709876543   0.1548751073   
393      I1         0.859845679    1.577160494    3.37654321     0.5483950617   0.415308642    1.138888889    1.324074074    1.757716049    0.3709876543   0.1564715751   
394      I1         0.902345679    1.534660494    3.37654321     0.5483950617   0.415308642    1.138888889    1.324074074    1.757716049    0.3709876543   0.1549021411   
395      I1         0.902345679    1.577160494    3.32654321     0.5483950617   0.415308642    1.138888889    1.324074074    1.757716049    0.3709876543   0.1526317579   
396      I1         0.902345679    1.577160494    3.37654321     0.5238950617   0.415308642    1.138888889    1.324074074    1.757716049    0.3709876543   0.1618110318   
397      I1         0.902345679    1.577160494    3.37654321     0.5483950617   0.390808642    1.138888889    1.324074074    1.757716049    0.3709876543   0.155770872    
398      I1         0.902345679    1.577160494    3.37654321     0.5483950617   0.415308642    0.8913888889   1.324074074    1.757716049    0.3709876543   0.1513439441   
399      I1         0.902345679    1.577160494    3.37654321     0.5483950617   0.415308642    1.138888889    1.261574074    1.757716049    0.3709876543   0.1815069914   
400      I1         0.944845679    1.577160494    3.37654321     0.5483950617   0.415308642    0.8913888889   1.324074074    1.757716049    0.3709876543   0.150283669    
401      I1         0.902345679    1.619660494    3.37654321     0.5483950617   0.415308642    0.8913888889   1.324074074    1.757716049    0.3709876543   0.1510787232   
402      I1         0.902345679    1.577160494    3.42654321     0.5483950617   0.415308642    0.8913888889   1.324074074    1.757716049    0.3709876543   0.1536673882   
403      I1         0.902345679    1.577160494    3.37654321     0.5728950617   0.415308642    0.8913888889   1.324074074    1.757716049    0.3709876543   0.160062052    
404      I1         0.902345679    1.577160494    3.37654321     0.5483950617   0.439808642    0.8913888889   1.324074074    1.757716049    0.3709876543   0.153058415    
405      I1         0.902345679    1.577160494    3.37654321     0.5483950617   0.415308642    0.8913888889   1.386574074    1.757716049    0.3709876543   0.1680620071   
406      I1         0.902345679    1.577160494    3.37654321     0.5483950617   0.415308642    0.8913888889   1.324074074    1.788966049    0.3709876543   0.1511215445   
407      I1         0.902345679    1.577160494    3.37654321     0.5483950617   0.415308642    0.8913888889   1.324074074    1.757716049    0.4209876543   0.1537635387   
408      I1         0.859845679    1.577160494    3.37654321     0.5483950617   0.415308642    0.8913888889   1.324074074    1.757716049    0.3709876543   0.1531008699   
409      I1         0.902345679    1.534660494    3.37654321     0.5483950617   0.415308642    0.8913888889   1.324074074    1.757716049    0.3709876543   0.1528504261   
410      I1         0.902345679    1.577160494    3.32654321     0.5483950617   0.415308642    0.8913888889   1.324074074    1.757716049    0.3709876543   0.1505424083   
411      I1         0.902345679    1.577160494    3.37654321     0.5238950617   0.415308642    0.8913888889   1.324074074    1.757716049    0.3709876543   0.1556550719   
412      I1         0.902345679    1.577160494    3.37654321     0.5483950617   0.390808642    0.8913888889   1.324074074    1.757716049    0.3709876543   0.1513921673   
413      I1         0.902345679    1.577160494    3.37654321     0.5483950617   0.415308642    0.6438888889   1.324074074    1.757716049    0.3709876543   0.1554866962   
414      I1         0.902345679    1.577160494    3.37654321     0.5483950617   0.415308642    0.8913888889   1.261574074    1.757716049    0.3709876543   0.1828858947   
415      I1         0.987345679    1.577160494    3.37654321     0.5483950617   0.415308642    0.8913888889   1.324074074    1.757716049    0.3709876543   0.1500886323   
416      I1         0.944845679    1.619660494    3.37654321     0.5483950617   0.415308642    0.8913888889   1.324074074    1.757716049    0.3709876543   0.1496661567   
417      I1         0.944845679    1.577160494    3.42654321     0.5483950617   0.415308642    0.8913888889   1.324074074    1.757716049    0.3709876543   0.1524492513   
418      I1         0.944845679    1.577160494    3.37654321     0.5728950617   0.415308642    0.8913888889   1.324074074    1.757716049    0.3709876543   0.1593965263   
419      I1         0.944845679    1.577160494    3.37654321     0.5483950617   0.439808642    0.8913888889   1.324074074    1.757716049    0.3709876543   0.1523095866   
420      I1         0.944845679    1.577160494    3.37654321     0.5483950617   0.415308642    0.8913888889   1.386574074    1.757716049    0.3709876543   0.1666585615   
421      I1         0.944845679    1.577160494    3.37654321     0.5483950617   0.415308642    0.8913888889   1.324074074    1.788966049    0.3709876543   0.1500003663   
422      I1         0.944845679    1.577160494    3.37654321     0.5483950617   0.415308642    0.8913888889   1.324074074    1.757716049    0.4209876543   0.1517722262   
423      I1         0.944845679    1.534660494    3.37654321     0.5483950617   0.415308642    0.8913888889   1.324074074    1.757716049    0.3709876543   0.1520470499   
424      I1         0.944845679    1.577160494    3.32654321     0.5483950617   0.415308642    0.8913888889   1.324074074    1.757716049    0.3709876543   0.149793852    
425      I1         0.944845679    1.577160494    3.37654321     0.5238950617   0.415308642    0.8913888889   1.324074074    1.757716049    0.3709876543   0.1534438044   
426      I1         0.944845679    1.577160494    3.37654321     0.5483950617   0.390808642    0.8913888889   1.324074074    1.757716049    0.3709876543   0.1499728887   
427      I1         0.944845679    1.577160494    3.37654321     0.5483950617   0.415308642    0.6438888889   1.324074074    1.757716049    0.3709876543   0.1555657208   
428      I1         0.944845679    1.577160494    3.37654321     0.5483950617   0.415308642    0.8913888889   1.261574074    1.757716049    0.3709876543   0.1865740188   
429      I1         0.944845679    1.577160494    3.37654321     0.5483950617   0.415308642    0.8913888889   1.324074074    1.757716049    0.3209876543   0.1559606958   
430      I1         0.966095679    1.577160494    3.37654321     0.5483950617   0.415308642    0.8913888889   1.324074074    1.757716049    0.3709876543   0.1500820803   
431      I1         0.944845679    1.598410494    3.37654321     0.5483950617   0.415308642    0.8913888889   1.324074074    1.757716049    0.3709876543   0.1498208091   
432      I1         0.944845679    1.577160494    3.40154321     0.5483950617   0.415308642    0.8913888889   1.324074074    1.757716049    0.3709876543   0.151155324    
433      I1         0.944845679    1.577160494    3.37654321     0.5606450617   0.415308642    0.8913888889   1.324074074    1.757716049    0.3709876543   0.1534837449   
434      I1         0.944845679    1.577160494    3.37654321     0.5483950617   0.427558642    0.8913888889   1.324074074    1.757716049    0.3709876543   0.1510866992   
435      I1         0.944845679    1.577160494    3.37654321     0.5483950617   0.415308642    1.015138889    1.324074074    1.757716049    0.3709876543   0.1511309556   
436      I1         0.944845679    1.577160494    3.37654321     0.5483950617   0.415308642    0.8913888889   1.355324074    1.757716049    0.3709876543   0.1536389494   
437      I1         0.944845679    1.577160494    3.37654321     0.5483950617   0.415308642    0.8913888889   1.324074074    1.773341049    0.3709876543   0.150119327    
438      I1         0.944845679    1.577160494    3.37654321     0.5483950617   0.415308642    0.8913888889   1.324074074    1.757716049    0.3959876543   0.1501576567   
439      I1         0.923595679    1.577160494    3.37654321     0.5483950617   0.415308642    0.8913888889   1.324074074    1.757716049    0.3709876543   0.1507302913   
440      I1         0.944845679    1.555910494    3.37654321     0.5483950617   0.415308642    0.8913888889   1.324074074    1.757716049    0.3709876543   0.151034663    
441      I1         0.944845679    1.577160494    3.35154321     0.5483950617   0.415308642    0.8913888889   1.324074074    1.757716049    0.3709876543   0.1498370762   
442      I1         0.944845679    1.577160494    3.37654321     0.5361450617   0.415308642    0.8913888889   1.324074074    1.757716049    0.3709876543   0.1503500244   
443      I1         0.944845679    1.577160494    3.37654321     0.5483950617   0.403058642    0.8913888889   1.324074074    1.757716049    0.3709876543   0.1499136519   
444      I1         0.944845679    1.577160494    3.37654321     0.5483950617   0.415308642    0.7676388889   1.324074074    1.757716049    0.3709876543   0.1516941851   
445      I1         0.944845679    1.577160494    3.37654321     0.5483950617   0.415308642    0.8913888889   1.292824074    1.757716049    0.3709876543   0.1625031744   
446      I1         0.944845679    1.577160494    3.37654321     0.5483950617   0.415308642    0.8913888889   1.324074074    1.757716049    0.3459876543   0.1522242642   
447      I1         0.966095679    1.598410494    3.37654321     0.5483950617   0.415308642    0.8913888889   1.324074074    1.757716049    0.3709876543   0.1494846145   
448      I1         0.944845679    1.598410494    3.40154321     0.5483950617   0.415308642    0.8913888889   1.324074074    1.757716049    0.3709876543   0.1510280153   
449      I1         0.944845679    1.598410494    3.37654321     0.5606450617   0.415308642    0.8913888889   1.324074074    1.757716049    0.3709876543   0.1520918259   
450      I1         0.944845679    1.598410494    3.37654321     0.5483950617   0.427558642    0.8913888889   1.324074074    1.757716049    0.3709876543   0.1502388237   
451      I1         0.944845679    1.598410494    3.37654321     0.5483950617   0.415308642    1.015138889    1.324074074    1.757716049    0.3709876543   0.1509546553   
452      I1         0.944845679    1.598410494    3.37654321     0.5483950617   0.415308642    0.8913888889   1.355324074    1.757716049    0.3709876543   0.1550021777   
453      I1         0.944845679    1.598410494    3.37654321     0.5483950617   0.415308642    0.8913888889   1.324074074    1.773341049    0.3709876543   0.1498642865   
454      I1         0.944845679    1.598410494    3.37654321     0.5483950617   0.415308642    0.8913888889   1.324074074    1.757716049    0.3959876543   0.1501390039   
455      I1         0.923595679    1.598410494    3.37654321     0.5483950617   0.415308642    0.8913888889   1.324074074    1.757716049    0.3709876543   0.150355317    
456      I1         0.944845679    1.598410494    3.35154321     0.5483950617   0.415308642    0.8913888889   1.324074074    1.757716049    0.3709876543   0.1490308283   
457      I1         0.944845679    1.598410494    3.37654321     0.5361450617   0.415308642    0.8913888889   1.324074074    1.757716049    0.3709876543   0.150915581    
458      I1         0.944845679    1.598410494    3.37654321     0.5483950617   0.403058642    0.8913888889   1.324074074    1.757716049    0.3709876543   0.1498189387   
459      I1         0.944845679    1.598410494    3.37654321     0.5483950617   0.415308642    0.7676388889   1.324074074    1.757716049    0.3709876543   0.1507575529   
460      I1         0.944845679    1.598410494    3.37654321     0.5483950617   0.415308642    0.8913888889   1.292824074    1.757716049    0.3709876543   0.1603599934   
461      I1         0.944845679    1.598410494    3.37654321     0.5483950617   0.415308642    0.8913888889   1.324074074    1.757716049    0.3459876543   0.151306156    
462      I1         0.966095679    1.598410494    3.35154321     0.5483950617   0.415308642    0.8913888889   1.324074074    1.757716049    0.3709876543   0.1488317228   
463      I1         0.944845679    1.619660494    3.35154321     0.5483950617   0.415308642    0.8913888889   1.324074074    1.757716049    0.3709876543   0.1485331162   
464      I1         0.944845679    1.598410494    3.35154321     0.5606450617   0.415308642    0.8913888889   1.324074074    1.757716049    0.3709876543   0.15239685     
465      I1         0.944845679    1.598410494    3.35154321     0.5483950617   0.427558642    0.8913888889   1.324074074    1.757716049    0.3709876543   0.1498514885   
466      I1         0.944845679    1.598410494    3.35154321     0.5483950617   0.415308642    1.015138889    1.324074074    1.757716049    0.3709876543   0.1498772547   
467      I1         0.944845679    1.598410494    3.35154321     0.5483950617   0.415308642    0.8913888889   1.355324074    1.757716049    0.3709876543   0.1527679811   
468      I1         0.944845679    1.598410494    3.35154321     0.5483950617   0.415308642    0.8913888889   1.324074074    1.773341049    0.3709876543   0.1488705461   
469      I1         0.944845679    1.598410494    3.35154321     0.5483950617   0.415308642    0.8913888889   1.324074074    1.757716049    0.3959876543   0.1488730519   
470      I1         0.923595679    1.598410494    3.35154321     0.5483950617   0.415308642    0.8913888889   1.324074074    1.757716049    0.3709876543   0.1494924699   
471      I1         0.944845679    1.598410494    3.32654321     0.5483950617   0.415308642    0.8913888889   1.324074074    1.757716049    0.3709876543   0.1486535617   
472      I1         0.944845679    1.598410494    3.35154321     0.5361450617   0.415308642    0.8913888889   1.324074074    1.757716049    0.3709876543   0.1490597385   
473      I1         0.944845679    1.598410494    3.35154321     0.5483950617   0.403058642    0.8913888889   1.324074074    1.757716049    0.3709876543   0.1486225387   
474      I1         0.944845679    1.598410494    3.35154321     0.5483950617   0.415308642    0.7676388889   1.324074074    1.757716049    0.3709876543   0.1504676977   
475      I1         0.944845679    1.598410494    3.35154321     0.5483950617   0.415308642    0.8913888889   1.292824074    1.757716049    0.3709876543   0.1619222856   
476      I1         0.944845679    1.598410494    3.35154321     0.5483950617   0.415308642    0.8913888889   1.324074074    1.757716049    0.3459876543   0.1510480427   
477      I1         0.966095679    1.619660494    3.35154321     0.5483950617   0.415308642    0.8913888889   1.324074074    1.757716049    0.3709876543   0.1481700076   
478      I1         0.944845679    1.640910494    3.35154321     0.5483950617   0.415308642    0.8913888889   1.324074074    1.757716049    0.3709876543   0.1483517912   
479      I1         0.944845679    1.619660494    3.35154321     0.5606450617   0.415308642    0.8913888889   1.324074074    1.757716049    0.3709876543   0.1509306007   
480      I1         0.944845679    1.619660494    3.35154321     0.5483950617   0.427558642    0.8913888889   1.324074074    1.757716049    0.3709876543   0.148965502    
481      I1         0.944845679    1.619660494    3.35154321     0.5483950617   0.415308642    1.015138889    1.324074074    1.757716049    0.3709876543   0.1496809991   
482      I1         0.944845679    1.619660494    3.35154321     0.5483950617   0.415308642    0.8913888889   1.355324074    1.757716049    0.3709876543   0.1542143671   
483      I1         0.944845679    1.619660494    3.35154321     0.5483950617   0.415308642    0.8913888889   1.324074074    1.773341049    0.3709876543   0.1485972726   
484      I1         0.944845679    1.619660494    3.35154321     0.5483950617   0.415308642    0.8913888889   1.324074074    1.757716049    0.3959876543   0.148847773    
485      I1         0.923595679    1.619660494    3.35154321     0.5483950617   0.415308642    0.8913888889   1.324074074    1.757716049    0.3709876543   0.1491005206   
486      I1         0.944845679    1.619660494    3.32654321     0.5483950617   0.415308642    0.8913888889   1.324074074    1.757716049    0.3709876543   0.1478078938   
487      I1         0.944845679    1.619660494    3.35154321     0.5361450617   0.415308642    0.8913888889   1.324074074    1.757716049    0.3709876543   0.1496499203   
488      I1         0.944845679    1.619660494    3.35154321     0.5483950617   0.403058642    0.8913888889   1.324074074    1.757716049    0.3709876543   0.1484982595   
489      I1         0.944845679    1.619660494    3.35154321     0.5483950617   0.415308642    0.7676388889   1.324074074    1.757716049    0.3709876543   0.1494508814   
490      I1         0.944845679    1.619660494    3.35154321     0.5483950617   0.415308642    0.8913888889   1.292824074    1.757716049    0.3709876543   0.1596805887   
491      I1         0.944845679    1.619660494    3.35154321     0.5483950617   0.415308642    0.8913888889   1.324074074    1.757716049    0.3459876543   0.1500671153   
492      I1         0.966095679    1.619660494    3.32654321     0.5483950617   0.415308642    0.8913888889   1.324074074    1.757716049    0.3709876543   0.1475990509   
493      I1         0.944845679    1.640910494    3.32654321     0.5483950617   0.415308642    0.8913888889   1.324074074    1.757716049    0.3709876543   0.147275357    
494      I1         0.944845679    1.619660494    3.32654321     0.5606450617   0.415308642    0.8913888889   1.324074074    1.757716049    0.3709876543   0.1512917752   
495      I1         0.944845679    1.619660494    3.32654321     0.5483950617   0.427558642    0.8913888889   1.324074074    1.757716049    0.3709876543   0.1486246942   
496      I1         0.944845679    1.619660494    3.32654321     0.5483950617   0.415308642    1.015138889    1.324074074    1.757716049    0.3709876543   0.1486674815   
497      I1         0.944845679    1.619660494    3.32654321     0.5483950617   0.415308642    0.8913888889   1.355324074    1.757716049    0.3709876543   0.1520407271   
498      I1         0.944845679    1.619660494    3.32654321     0.5483950617   0.415308642    0.8913888889   1.324074074    1.773341049    0.3709876543   0.1476593559   
499      I1         0.944845679    1.619660494    3.32654321     0.5483950617   0.415308642    0.8913888889   1.324074074    1.757716049    0.3959876543   0.1476420153   
500      I1         0.923595679    1.619660494    3.32654321     0.5483950617   0.415308642    0.8913888889   1.324074074    1.757716049    0.3709876543   0.1482874165   
501      I1         0.944845679    1.619660494    3.30154321     0.5483950617   0.415308642    0.8913888889   1.324074074    1.757716049    0.3709876543   0.1474793454   
502      I1         0.944845679    1.619660494    3.32654321     0.5361450617   0.415308642    0.8913888889   1.324074074    1.757716049    0.3709876543   0.1478594945   
503      I1         0.944845679    1.619660494    3.32654321     0.5483950617   0.403058642    0.8913888889   1.324074074    1.757716049    0.3709876543   0.1473833387   
504      I1         0.944845679    1.619660494    3.32654321     0.5483950617   0.415308642    0.7676388889   1.324074074    1.757716049    0.3709876543   0.1492255012   
505      I1         0.944845679    1.619660494    3.32654321     0.5483950617   0.415308642    0.8913888889   1.292824074    1.757716049    0.3709876543   0.1613089627   
506      I1         0.944845679    1.619660494    3.32654321     0.5483950617   0.415308642    0.8913888889   1.324074074    1.757716049    0.3459876543   0.1498813342   
507      I1         0.987345679    1.640910494    3.32654321     0.5483950617   0.415308642    0.8913888889   1.324074074    1.757716049    0.3709876543   0.1467080006   
508      I1         0.944845679    1.683410494    3.32654321     0.5483950617   0.415308642    0.8913888889   1.324074074    1.757716049    0.3709876543   0.1472752303   
509      I1         0.944845679    1.640910494    3.37654321     0.5483950617   0.415308642    0.8913888889   1.324074074    1.757716049    0.3709876543   0.1498164698   
510      I1         0.944845679    1.640910494    3.32654321     0.5728950617   0.415308642    0.8913888889   1.324074074    1.757716049    0.3709876543   0.1553274918   
511      I1         0.944845679    1.640910494    3.32654321     0.5483950617   0.439808642    0.8913888889   1.324074074    1.757716049    0.3709876543   0.1484971152   
512      I1         0.944845679    1.640910494    3.32654321     0.5483950617   0.415308642    1.138888889    1.324074074    1.757716049    0.3709876543   0.1506712563   
513      I1         0.944845679    1.640910494    3.32654321     0.5483950617   0.415308642    0.8913888889   1.386574074    1.757716049    0.3709876543   0.1690531375   
514      I1         0.944845679    1.640910494    3.32654321     0.5483950617   0.415308642    0.8913888889   1.324074074    1.788966049    0.3709876543   0.1473148331   
515      I1         0.944845679    1.640910494    3.32654321     0.5483950617   0.415308642    0.8913888889   1.324074074    1.757716049    0.4209876543   0.1497226883   
516      I1         0.902345679    1.640910494    3.32654321     0.5483950617   0.415308642    0.8913888889   1.324074074    1.757716049    0.3709876543   0.1486720742   
517      I1         0.944845679    1.640910494    3.27654321     0.5483950617   0.415308642    0.8913888889   1.324074074    1.757716049    0.3709876543   0.1462894302   
518      I1         0.944845679    1.640910494    3.32654321     0.5238950617   0.415308642    0.8913888889   1.324074074    1.757716049    0.3709876543   0.1527302773   
519      I1         0.944845679    1.640910494    3.32654321     0.5483950617   0.390808642    0.8913888889   1.324074074    1.757716049    0.3709876543   0.14755135     
520      I1         0.944845679    1.640910494    3.32654321     0.5483950617   0.415308642    0.6438888889   1.324074074    1.757716049    0.3709876543   0.151580774    
521      I1         0.944845679    1.640910494    3.32654321     0.5483950617   0.415308642    0.8913888889   1.261574074    1.757716049    0.3709876543   0.1841258514   
522      I1         0.944845679    1.640910494    3.32654321     0.5483950617   0.415308642    0.8913888889   1.324074074    1.757716049    0.3209876543   0.1523097353   
523      I1         0.987345679    1.640910494    3.27654321     0.5483950617   0.415308642    0.8913888889   1.324074074    1.757716049    0.3709876543   0.1465351475   
524      I1         0.944845679    1.683410494    3.27654321     0.5483950617   0.415308642    0.8913888889   1.324074074    1.757716049    0.3709876543   0.1448882592   
525      I1         0.944845679    1.640910494    3.27654321     0.5728950617   0.415308642    0.8913888889   1.324074074    1.757716049    0.3709876543   0.157837166    
526      I1         0.944845679    1.640910494    3.27654321     0.5483950617   0.439808642    0.8913888889   1.324074074    1.757716049    0.3709876543   0.1488577068   
527      I1         0.944845679    1.640910494    3.27654321     0.5483950617   0.415308642    1.138888889    1.324074074    1.757716049    0.3709876543   0.1484947726   
528      I1         0.944845679    1.640910494    3.27654321     0.5483950617   0.415308642    0.8913888889   1.386574074    1.757716049    0.3709876543   0.1645663285   
529      I1         0.944845679    1.640910494    3.27654321     0.5483950617   0.415308642    0.8913888889   1.324074074    1.788966049    0.3709876543   0.1457931113   
530      I1         0.944845679    1.640910494    3.27654321     0.5483950617   0.415308642    0.8913888889   1.324074074    1.757716049    0.4209876543   0.1469242484   
531      I1         0.902345679    1.640910494    3.27654321     0.5483950617   0.415308642    0.8913888889   1.324074074    1.757716049    0.3709876543   0.1472891698   
532      I1         0.944845679    1.598410494    3.27654321     0.5483950617   0.415308642    0.8913888889   1.324074074    1.757716049    0.3709876543   0.1489981059   
533      I1         0.944845679    1.640910494    3.22654321     0.5483950617   0.415308642    0.8913888889   1.324074074    1.757716049    0.3709876543   0.1466359661   
534      I1         0.944845679    1.640910494    3.27654321     0.5238950617   0.415308642    0.8913888889   1.324074074    1.757716049    0.3709876543   0.1481428333   
535      I1         0.944845679    1.640910494    3.27654321     0.5483950617   0.390808642    0.8913888889   1.324074074    1.757716049    0.3709876543   0.1451131368   
536      I1         0.944845679    1.640910494    3.27654321     0.5483950617   0.415308642    0.6438888889   1.324074074    1.757716049    0.3709876543   0.1527513594   
537      I1         0.944845679    1.640910494    3.27654321     0.5483950617   0.415308642    0.8913888889   1.261574074    1.757716049    0.3709876543   0.1903542425   
538      I1         0.944845679    1.640910494    3.27654321     0.5483950617   0.415308642    0.8913888889   1.324074074    1.757716049    0.3209876543   0.1534710017   
539      I1         0.987345679    1.683410494    3.27654321     0.5483950617   0.415308642    0.8913888889   1.324074074    1.757716049    0.3709876543   0.144191067    
540      I1         0.944845679    1.725910494    3.27654321     0.5483950617   0.415308642    0.8913888889   1.324074074    1.757716049    0.3709876543   0.1451482774   
541      I1         0.944845679    1.683410494    3.27654321     0.5728950617   0.415308642    0.8913888889   1.324074074    1.757716049    0.3709876543   0.15306866     
542      I1         0.944845679    1.683410494    3.27654321     0.5483950617   0.439808642    0.8913888889   1.324074074    1.757716049    0.3709876543   0.145896535    
543      I1         0.944845679    1.683410494    3.27654321     0.5483950617   0.415308642    1.138888889    1.324074074    1.757716049    0.3709876543   0.1485477151   
544      I1         0.944845679    1.683410494    3.27654321     0.5483950617   0.415308642    0.8913888889   1.386574074    1.757716049    0.3709876543   0.1698530514   
545      I1         0.944845679    1.683410494    3.27654321     0.5483950617   0.415308642    0.8913888889   1.324074074    1.788966049    0.3709876543   0.1450865012   
546      I1         0.944845679    1.683410494    3.27654321     0.5483950617   0.415308642    0.8913888889   1.324074074    1.757716049    0.4209876543   0.1476846225   
547      I1         0.902345679    1.683410494    3.27654321     0.5483950617   0.415308642    0.8913888889   1.324074074    1.757716049    0.3709876543   0.1465143497   
548      I1         0.944845679    1.683410494    3.22654321     0.5483950617   0.415308642    0.8913888889   1.324074074    1.757716049    0.3709876543   0.1439095408   
549      I1         0.944845679    1.683410494    3.27654321     0.5238950617   0.415308642    0.8913888889   1.324074074    1.757716049    0.3709876543   0.1513534327   
550      I1         0.944845679    1.683410494    3.27654321     0.5483950617   0.390808642    0.8913888889   1.324074074    1.757716049    0.3709876543   0.1452270783   
551      I1         0.944845679    1.683410494    3.27654321     0.5483950617   0.415308642    0.6438888889   1.324074074    1.757716049    0.3709876543   0.1490666874   
552      I1         0.944845679    1.683410494    3.27654321     0.5483950617   0.415308642    0.8913888889   1.261574074    1.757716049    0.3709876543   0.1840563788   
553      I1         0.944845679    1.683410494    3.27654321     0.5483950617   0.415308642    0.8913888889   1.324074074    1.757716049    0.3209876543   0.1499397383   
554      I1         0.987345679    1.683410494    3.22654321     0.5483950617   0.415308642    0.8913888889   1.324074074    1.757716049    0.3709876543   0.1441258326   
555      I1         0.944845679    1.725910494    3.22654321     0.5483950617   0.415308642    0.8913888889   1.324074074    1.757716049    0.3709876543   0.1428059319   
556      I1         0.944845679    1.683410494    3.22654321     0.5728950617   0.415308642    0.8913888889   1.324074074    1.757716049    0.3709876543   0.1554002204   
557      I1         0.944845679    1.683410494    3.22654321     0.5483950617   0.439808642    0.8913888889   1.324074074    1.757716049    0.3709876543   0.1461141753   
558      I1         0.944845679    1.683410494    3.22654321     0.5483950617   0.415308642    1.138888889    1.324074074    1.757716049    0.3709876543   0.1464172273   
559      I1         0.944845679    1.683410494    3.22654321     0.5483950617   0.415308642    0.8913888889   1.386574074    1.757716049    0.3709876543   0.1658474296   
560      I1         0.944845679    1.683410494    3.22654321     0.5483950617   0.415308642    0.8913888889   1.324074074    1.788966049    0.3709876543   0.1435472149   
561      I1         0.944845679    1.683410494    3.22654321     0.5483950617   0.415308642    0.8913888889   1.324074074    1.757716049    0.4209876543   0.1449960073   
562      I1         0.902345679    1.683410494    3.22654321     0.5483950617   0.415308642    0.8913888889   1.324074074    1.757716049    0.3709876543   0.1450700803   
563      I1         0.944845679    1.683410494    3.17654321     0.5483950617   0.415308642    0.8913888889   1.324074074    1.757716049    0.3709876543   0.1440786776   
564      I1         0.944845679    1.683410494    3.22654321     0.5238950617   0.415308642    0.8913888889   1.324074074    1.757716049    0.3709876543   0.1471302487   
565      I1         0.944845679    1.683410494    3.22654321     0.5483950617   0.390808642    0.8913888889   1.324074074    1.757716049    0.3709876543   0.1429715464   
566      I1         0.944845679    1.683410494    3.22654321     0.5483950617   0.415308642    0.6438888889   1.324074074    1.757716049    0.3709876543   0.1502014616   
567      I1         0.944845679    1.683410494    3.22654321     0.5483950617   0.415308642    0.8913888889   1.261574074    1.757716049    0.3709876543   0.1898165658   
568      I1         0.944845679    1.683410494    3.22654321     0.5483950617   0.415308642    0.8913888889   1.324074074    1.757716049    0.3209876543   0.1510982503   
569      I1         0.987345679    1.725910494    3.22654321     0.5483950617   0.415308642    0.8913888889   1.324074074    1.757716049    0.3709876543   0.1418688072   
570      I1         0.944845679    1.768410494    3.22654321     0.5483950617   0.415308642    0.8913888889   1.324074074    1.757716049    0.3709876543   0.1435019964   
571      I1         0.944845679    1.725910494    3.22654321     0.5728950617   0.415308642    0.8913888889   1.324074074    1.757716049    0.3709876543   0.1505688714   
572      I1         0.944845679    1.725910494    3.22654321     0.5483950617   0.439808642    0.8913888889   1.324074074    1.757716049    0.3709876543   0.143432413    
573      I1         0.944845679    1.725910494    3.22654321     0.5483950617   0.415308642    1.138888889    1.324074074    1.757716049    0.3709876543   0.1469074831   
574      I1         0.944845679    1.725910494    3.22654321     0.5483950617   0.415308642    0.8913888889   1.386574074    1.757716049    0.3709876543   0.1714308909   
575      I1         0.944845679    1.725910494    3.22654321     0.5483950617   0.415308642    0.8913888889   1.324074074    1.788966049    0.3709876543   0.1432815968   
576      I1         0.944845679    1.725910494    3.22654321     0.5483950617   0.415308642    0.8913888889   1.324074074    1.757716049    0.4209876543   0.1462241828   
577      I1         0.902345679    1.725910494    3.22654321     0.5483950617   0.415308642    0.8913888889   1.324074074    1.757716049    0.3709876543   0.144749182    
578      I1         0.944845679    1.725910494    3.17654321     0.5483950617   0.415308642    0.8913888889   1.324074074    1.757716049    0.3709876543   0.1416827307   
579      I1         0.944845679    1.725910494    3.22654321     0.5238950617   0.415308642    0.8913888889   1.324074074    1.757716049    0.3709876543   0.1507560498   
580      I1         0.944845679    1.725910494    3.22654321     0.5483950617   0.390808642    0.8913888889   1.324074074    1.757716049    0.3709876543   0.1433686293   
581      I1         0.944845679    1.725910494    3.22654321     0.5483950617   0.415308642    0.6438888889   1.324074074    1.757716049    0.3709876543   0.1465812253   
582      I1         0.944845679    1.725910494    3.22654321     0.5483950617   0.415308642    0.8913888889   1.261574074    1.757716049    0.3709876543   0.1834764592   
583      I1         0.944845679    1.725910494    3.22654321     0.5483950617   0.415308642    0.8913888889   1.324074074    1.757716049    0.3209876543   0.1475548955   
584      I1         1.029845679    1.725910494    3.17654321     0.5483950617   0.415308642    0.8913888889   1.324074074    1.757716049    0.3709876543   0.144225484    
585      I1         0.944845679    1.810910494    3.17654321     0.5483950617   0.415308642    0.8913888889   1.324074074    1.757716049    0.3709876543   0.142442108    
586      I1         0.944845679    1.725910494    3.27654321     0.5483950617   0.415308642    0.8913888889   1.324074074    1.757716049    0.3709876543   0.1451482774   
587      I1         0.944845679    1.725910494    3.17654321     0.5973950617   0.415308642    0.8913888889   1.324074074    1.757716049    0.3709876543   0.1714403954   
588      I1         0.944845679    1.725910494    3.17654321     0.5483950617   0.464308642    0.8913888889   1.324074074    1.757716049    0.3709876543   0.1460191865   
589      I1         0.944845679    1.725910494    3.17654321     0.5483950617   0.415308642    1.386388889    1.324074074    1.757716049    0.3709876543   0.1523491082   
590      I1         0.944845679    1.725910494    3.17654321     0.5483950617   0.415308642    0.8913888889   1.449074074    1.757716049    0.3709876543   0.2103812662   
591      I1         0.944845679    1.725910494    3.17654321     0.5483950617   0.415308642    0.8913888889   1.324074074    1.820216049    0.3709876543   0.1423391692   
592      I1         0.944845679    1.725910494    3.17654321     0.5483950617   0.415308642    0.8913888889   1.324074074    1.757716049    0.4709876543   0.1525876704   
593      I1         0.859845679    1.725910494    3.17654321     0.5483950617   0.415308642    0.8913888889   1.324074074    1.757716049    0.3709876543   0.145282002    
594      I1         0.944845679    1.640910494    3.17654321     0.5483950617   0.415308642    0.8913888889   1.324074074    1.757716049    0.3709876543   0.1478312105   
595      I1         0.944845679    1.725910494    3.07654321     0.5483950617   0.415308642    0.8913888889   1.324074074    1.757716049    0.3709876543   0.1419477572   
596      I1         0.944845679    1.725910494    3.17654321     0.4993950617   0.415308642    0.8913888889   1.324074074    1.757716049    0.3709876543   0.1613542638   
597      I1         0.944845679    1.725910494    3.17654321     0.5483950617   0.366308642    0.8913888889   1.324074074    1.757716049    0.3709876543   0.1418513889   
598      I1         0.944845679    1.725910494    3.17654321     0.5483950617   0.415308642    0.3963888889   1.324074074    1.757716049    0.3709876543   0.1662408977   
599      I1         0.944845679    1.725910494    3.17654321     0.5483950617   0.415308642    0.8913888889   1.199074074    1.757716049    0.3709876543   0.2693882167   
600      I1         0.944845679    1.725910494    3.17654321     0.5483950617   0.415308642    0.8913888889   1.324074074    1.757716049    0.2709876543   0.163032398    
601      I1         0.987345679    1.725910494    3.17654321     0.5483950617   0.415308642    0.8913888889   1.324074074    1.757716049    0.3709876543   0.1417342404   
602      I1         0.944845679    1.768410494    3.17654321     0.5483950617   0.415308642    0.8913888889   1.324074074    1.757716049    0.3709876543   0.1411577872   
603      I1         0.944845679    1.725910494    3.17654321     0.5728950617   0.415308642    0.8913888889   1.324074074    1.757716049    0.3709876543   0.1525957617   
604      I1         0.944845679    1.725910494    3.17654321     0.5483950617   0.439808642    0.8913888889   1.324074074    1.757716049    0.3709876543   0.1433621081   
605      I1         0.944845679    1.725910494    3.17654321     0.5483950617   0.415308642    1.138888889    1.324074074    1.757716049    0.3709876543   0.1447164791   
606      I1         0.944845679    1.725910494    3.17654321     0.5483950617   0.415308642    0.8913888889   1.386574074    1.757716049    0.3709876543   0.1679661039   
607      I1         0.944845679    1.725910494    3.17654321     0.5483950617   0.415308642    0.8913888889   1.324074074    1.788966049    0.3709876543   0.14160932     
608      I1         0.944845679    1.725910494    3.17654321     0.5483950617   0.415308642    0.8913888889   1.324074074    1.757716049    0.4209876543   0.1436179764   
609      I1         0.902345679    1.725910494    3.17654321     0.5483950617   0.415308642    0.8913888889   1.324074074    1.757716049    0.3709876543   0.1431440805   
610      I1         0.944845679    1.725910494    3.12654321     0.5483950617   0.415308642    0.8913888889   1.324074074    1.757716049    0.3709876543   0.1415334512   
611      I1         0.944845679    1.725910494    3.17654321     0.5238950617   0.415308642    0.8913888889   1.324074074    1.757716049    0.3709876543   0.1469759057   
612      I1         0.944845679    1.725910494    3.17654321     0.5483950617   0.390808642    0.8913888889   1.324074074    1.757716049    0.3709876543   0.1411777755   
613      I1         0.944845679    1.725910494    3.17654321     0.5483950617   0.415308642    0.6438888889   1.324074074    1.757716049    0.3709876543   0.147534134    
614      I1         0.944845679    1.725910494    3.17654321     0.5483950617   0.415308642    0.8913888889   1.261574074    1.757716049    0.3709876543   0.1885772014   
615      I1         0.944845679    1.725910494    3.17654321     0.5483950617   0.415308642    0.8913888889   1.324074074    1.757716049    0.3209876543   0.148540226    
616      I1         0.966095679    1.725910494    3.17654321     0.5483950617   0.415308642    0.8913888889   1.324074074    1.757716049    0.3709876543   0.1414856335   
617      I1         0.944845679    1.747160494    3.17654321     0.5483950617   0.415308642    0.8913888889   1.324074074    1.757716049    0.3709876543   0.1411730118   
618      I1         0.944845679    1.725910494    3.20154321     0.5483950617   0.415308642    0.8913888889   1.324074074    1.757716049    0.3709876543   0.1421012804   
619      I1         0.944845679    1.725910494    3.17654321     0.5606450617   0.415308642    0.8913888889   1.324074074    1.757716049    0.3709876543   0.1456603167   
620      I1         0.944845679    1.725910494    3.17654321     0.5483950617   0.427558642    0.8913888889   1.324074074    1.757716049    0.3709876543   0.1423855125   
621      I1         0.944845679    1.725910494    3.17654321     0.5483950617   0.415308642    1.015138889    1.324074074    1.757716049    0.3709876543   0.1426627277   
622      I1         0.944845679    1.725910494    3.17654321     0.5483950617   0.415308642    0.8913888889   1.355324074    1.757716049    0.3709876543   0.1495338468   
623      I1         0.944845679    1.725910494    3.17654321     0.5483950617   0.415308642    0.8913888889   1.324074074    1.773341049    0.3709876543   0.1416562225   
624      I1         0.944845679    1.725910494    3.17654321     0.5483950617   0.415308642    0.8913888889   1.324074074    1.757716049    0.3959876543   0.1416184616   
625      I1         0.923595679    1.725910494    3.17654321     0.5483950617   0.415308642    0.8913888889   1.324074074    1.757716049    0.3709876543   0.1422886013   
626      I1         0.944845679    1.704660494    3.17654321     0.5483950617   0.415308642    0.8913888889   1.324074074    1.757716049    0.3709876543   0.1426601169   
627      I1         0.944845679    1.725910494    3.15154321     0.5483950617   0.415308642    0.8913888889   1.324074074    1.757716049    0.3709876543   0.1415105567   
628      I1         0.944845679    1.725910494    3.17654321     0.5361450617   0.415308642    0.8913888889   1.324074074    1.757716049    0.3709876543   0.1423249091   
629      I1         0.944845679    1.725910494    3.17654321     0.5483950617   0.403058642    0.8913888889   1.324074074    1.757716049    0.3709876543   0.1412768527   
630      I1         0.944845679    1.725910494    3.17654321     0.5483950617   0.415308642    0.7676388889   1.324074074    1.757716049    0.3709876543   0.1431476988   
631      I1         0.944845679    1.725910494    3.17654321     0.5483950617   0.415308642    0.8913888889   1.292824074    1.757716049    0.3709876543   0.1585021968   
632      I1         0.944845679    1.725910494    3.17654321     0.5483950617   0.415308642    0.8913888889   1.324074074    1.757716049    0.3459876543   0.1440079827   
633      I1         0.966095679    1.747160494    3.17654321     0.5483950617   0.415308642    0.8913888889   1.324074074    1.757716049    0.3709876543   0.1406316007   
634      I1         0.944845679    1.747160494    3.20154321     0.5483950617   0.415308642    0.8913888889   1.324074074    1.757716049    0.3709876543   0.1419183342   
635      I1         0.944845679    1.747160494    3.17654321     0.5606450617   0.415308642    0.8913888889   1.324074074    1.757716049    0.3709876543   0.1438999625   
636      I1         0.944845679    1.747160494    3.17654321     0.5483950617   0.427558642    0.8913888889   1.324074074    1.757716049    0.3709876543   0.1414764138   
637      I1         0.944845679    1.747160494    3.17654321     0.5483950617   0.415308642    1.015138889    1.324074074    1.757716049    0.3709876543   0.1425803823   
638      I1         0.944845679    1.747160494    3.17654321     0.5483950617   0.415308642    0.8913888889   1.355324074    1.757716049    0.3709876543   0.1515438051   
639      I1         0.944845679    1.747160494    3.17654321     0.5483950617   0.415308642    0.8913888889   1.324074074    1.773341049    0.3709876543   0.1415375162   
640      I1         0.944845679    1.747160494    3.17654321     0.5483950617   0.415308642    0.8913888889   1.324074074    1.757716049    0.3959876543   0.1418004452   
641      I1         0.923595679    1.747160494    3.17654321     0.5483950617   0.415308642    0.8913888889   1.324074074    1.757716049    0.3709876543   0.1420357493   
642      I1         0.944845679    1.747160494    3.15154321     0.5483950617   0.415308642    0.8913888889   1.324074074    1.757716049    0.3709876543   0.1406878356   
643      I1         0.944845679    1.747160494    3.17654321     0.5361450617   0.415308642    0.8913888889   1.324074074    1.757716049    0.3709876543   0.1433422475   
644      I1         0.944845679    1.747160494    3.17654321     0.5483950617   0.403058642    0.8913888889   1.324074074    1.757716049    0.3709876543   0.141158838    
645      I1         0.944845679    1.747160494    3.17654321     0.5483950617   0.415308642    0.7676388889   1.324074074    1.757716049    0.3709876543   0.141941439    
646      I1         0.944845679    1.747160494    3.17654321     0.5483950617   0.415308642    0.8913888889   1.292824074    1.757716049    0.3709876543   0.1558425393   
647      I1         0.944845679    1.747160494    3.17654321     0.5483950617   0.415308642    0.8913888889   1.324074074    1.757716049    0.3459876543   0.1427702953   
648      I1         0.987345679    1.747160494    3.17654321     0.5483950617   0.415308642    0.8913888889   1.324074074    1.757716049    0.3709876543   0.1405125676   
649      I1         0.966095679    1.768410494    3.17654321     0.5483950617   0.415308642    0.8913888889   1.324074074    1.757716049    0.3709876543   0.1402550513   
650      I1         0.966095679    1.747160494    3.20154321     0.5483950617   0.415308642    0.8913888889   1.324074074    1.757716049    0.3709876543   0.1411672806   
651      I1         0.966095679    1.747160494    3.17654321     0.5606450617   0.415308642    0.8913888889   1.324074074    1.757716049    0.3709876543   0.1442477699   
652      I1         0.966095679    1.747160494    3.17654321     0.5483950617   0.427558642    0.8913888889   1.324074074    1.757716049    0.3709876543   0.1411950428   
653      I1         0.966095679    1.747160494    3.17654321     0.5483950617   0.415308642    1.015138889    1.324074074    1.757716049    0.3709876543   0.1417038078   
654      I1         0.966095679    1.747160494    3.17654321     0.5483950617   0.415308642    0.8913888889   1.355324074    1.757716049    0.3709876543   0.1499219275   
655      I1         0.966095679    1.747160494    3.17654321     0.5483950617   0.415308642    0.8913888889   1.324074074    1.773341049    0.3709876543   0.1407392314   
656      I1         0.966095679    1.747160494    3.17654321     0.5483950617   0.415308642    0.8913888889   1.324074074    1.757716049    0.3959876543   0.1405918922   
657      I1         0.966095679    1.747160494    3.15154321     0.5483950617   0.415308642    0.8913888889   1.324074074    1.757716049    0.3709876543   0.14037004     
658      I1         0.966095679    1.747160494    3.17654321     0.5361450617   0.415308642    0.8913888889   1.324074074    1.757716049    0.3709876543   0.141739107    
659      I1         0.966095679    1.747160494    3.17654321     0.5483950617   0.403058642    0.8913888889   1.324074074    1.757716049    0.3709876543   0.1403511281   
660      I1         0.966095679    1.747160494    3.17654321     0.5483950617   0.415308642    0.7676388889   1.324074074    1.757716049    0.3709876543   0.1420602082   
661      I1         0.966095679    1.747160494    3.17654321     0.5483950617   0.415308642    0.8913888889   1.292824074    1.757716049    0.3709876543   0.1580511011   
662      I1         0.966095679    1.747160494    3.17654321     0.5483950617   0.415308642    0.8913888889   1.324074074    1.757716049    0.3459876543   0.1430019631   
663      I1         0.987345679    1.768410494    3.17654321     0.5483950617   0.415308642    0.8913888889   1.324074074    1.757716049    0.3709876543   0.1397186314   
664      I1         0.966095679    1.789660494    3.17654321     0.5483950617   0.415308642    0.8913888889   1.324074074    1.757716049    0.3709876543   0.1403628307   
665      I1         0.966095679    1.768410494    3.20154321     0.5483950617   0.415308642    0.8913888889   1.324074074    1.757716049    0.3709876543   0.1411229308   
666      I1         0.966095679    1.768410494    3.17654321     0.5606450617   0.415308642    0.8913888889   1.324074074    1.757716049    0.3709876543   0.1425766767   
667      I1         0.966095679    1.768410494    3.17654321     0.5483950617   0.427558642    0.8913888889   1.324074074    1.757716049    0.3709876543   0.1404303684   
668      I1         0.966095679    1.768410494    3.17654321     0.5483950617   0.415308642    1.015138889    1.324074074    1.757716049    0.3709876543   0.1417786595   
669      I1         0.966095679    1.768410494    3.17654321     0.5483950617   0.415308642    0.8913888889   1.355324074    1.757716049    0.3709876543   0.1519821286   
670      I1         0.966095679    1.768410494    3.17654321     0.5483950617   0.415308642    0.8913888889   1.324074074    1.773341049    0.3709876543   0.1407572905   
671      I1         0.966095679    1.768410494    3.17654321     0.5483950617   0.415308642    0.8913888889   1.324074074    1.757716049    0.3959876543   0.1408931103   
672      I1         0.966095679    1.768410494    3.15154321     0.5483950617   0.415308642    0.8913888889   1.324074074    1.757716049    0.3709876543   0.1396664093   
673      I1         0.966095679    1.768410494    3.17654321     0.5361450617   0.415308642    0.8913888889   1.324074074    1.757716049    0.3709876543   0.1428290093   
674      I1         0.966095679    1.768410494    3.17654321     0.5483950617   0.403058642    0.8913888889   1.324074074    1.757716049    0.3709876543   0.1403466783   
675      I1         0.966095679    1.768410494    3.17654321     0.5483950617   0.415308642    0.7676388889   1.324074074    1.757716049    0.3709876543   0.1409189303   
676      I1         0.966095679    1.768410494    3.17654321     0.5483950617   0.415308642    0.8913888889   1.292824074    1.757716049    0.3709876543   0.1554884716   
677      I1         0.966095679    1.768410494    3.17654321     0.5483950617   0.415308642    0.8913888889   1.324074074    1.757716049    0.3459876543   0.1418712596   
678      I1         0.987345679    1.768410494    3.15154321     0.5483950617   0.415308642    0.8913888889   1.324074074    1.757716049    0.3709876543   0.1394133266   
679      I1         0.966095679    1.789660494    3.15154321     0.5483950617   0.415308642    0.8913888889   1.324074074    1.757716049    0.3709876543   0.1394676523   
680      I1         0.966095679    1.768410494    3.15154321     0.5606450617   0.415308642    0.8913888889   1.324074074    1.757716049    0.3709876543   0.1429584525   
681      I1         0.966095679    1.768410494    3.15154321     0.5483950617   0.427558642    0.8913888889   1.324074074    1.757716049    0.3709876543   0.140087307    
682      I1         0.966095679    1.768410494    3.15154321     0.5483950617   0.415308642    1.015138889    1.324074074    1.757716049    0.3709876543   0.1409120393   
683      I1         0.966095679    1.768410494    3.15154321     0.5483950617   0.415308642    0.8913888889   1.355324074    1.757716049    0.3709876543   0.1504354      
684      I1         0.966095679    1.768410494    3.15154321     0.5483950617   0.415308642    0.8913888889   1.324074074    1.773341049    0.3709876543   0.1399387281   
685      I1         0.966095679    1.768410494    3.15154321     0.5483950617   0.415308642    0.8913888889   1.324074074    1.757716049    0.3959876543   0.1398993407   
686      I1         0.944845679    1.768410494    3.15154321     0.5483950617   0.415308642    0.8913888889   1.324074074    1.757716049    0.3709876543   0.1403678514   
687      I1         0.966095679    1.768410494    3.12654321     0.5483950617   0.415308642    0.8913888889   1.324074074    1.757716049    0.3709876543   0.1393265319   
688      I1         0.966095679    1.768410494    3.15154321     0.5361450617   0.415308642    0.8913888889   1.324074074    1.757716049    0.3709876543   0.1414271452   
689      I1         0.966095679    1.768410494    3.15154321     0.5483950617   0.403058642    0.8913888889   1.324074074    1.757716049    0.3709876543   0.1395162825   
690      I1         0.966095679    1.768410494    3.15154321     0.5483950617   0.415308642    0.7676388889   1.324074074    1.757716049    0.3709876543   0.1408617785   
691      I1         0.966095679    1.768410494    3.15154321     0.5483950617   0.415308642    0.8913888889   1.292824074    1.757716049    0.3709876543   0.1569607848   
692      I1         0.966095679    1.768410494    3.15154321     0.5483950617   0.415308642    0.8913888889   1.324074074    1.757716049    0.3459876543   0.1418265973   
693      I1         1.008595679    1.768410494    3.12654321     0.5483950617   0.415308642    0.8913888889   1.324074074    1.757716049    0.3709876543   0.1401498557   
694      I1         0.966095679    1.810910494    3.12654321     0.5483950617   0.415308642    0.8913888889   1.324074074    1.757716049    0.3709876543   0.138834352    
695      I1         0.966095679    1.768410494    3.12654321     0.5728950617   0.415308642    0.8913888889   1.324074074    1.757716049    0.3709876543   0.1504521946   
696      I1         0.966095679    1.768410494    3.12654321     0.5483950617   0.439808642    0.8913888889   1.324074074    1.757716049    0.3709876543   0.1408503145   
697      I1         0.966095679    1.768410494    3.12654321     0.5483950617   0.415308642    1.138888889    1.324074074    1.757716049    0.3709876543   0.1424181299   
698      I1         0.966095679    1.768410494    3.12654321     0.5483950617   0.415308642    0.8913888889   1.386574074    1.757716049    0.3709876543   0.1691111186   
699      I1         0.966095679    1.768410494    3.12654321     0.5483950617   0.415308642    0.8913888889   1.324074074    1.788966049    0.3709876543   0.1393529214   
700      I1         0.966095679    1.768410494    3.12654321     0.5483950617   0.415308642    0.8913888889   1.324074074    1.757716049    0.4209876543   0.1411419661   
701      I1         0.923595679    1.768410494    3.12654321     0.5483950617   0.415308642    0.8913888889   1.324074074    1.757716049    0.3709876543   0.1406868502   
702      I1         0.966095679    1.725910494    3.12654321     0.5483950617   0.415308642    0.8913888889   1.324074074    1.757716049    0.3709876543   0.141763163    
703      I1         0.966095679    1.768410494    3.07654321     0.5483950617   0.415308642    0.8913888889   1.324074074    1.757716049    0.3709876543   0.1392080174   
704      I1         0.966095679    1.768410494    3.12654321     0.5238950617   0.415308642    0.8913888889   1.324074074    1.757716049    0.3709876543   0.1452747794   
705      I1         0.966095679    1.768410494    3.12654321     0.5483950617   0.390808642    0.8913888889   1.324074074    1.757716049    0.3709876543   0.1388350168   
706      I1         0.966095679    1.768410494    3.12654321     0.5483950617   0.415308642    0.6438888889   1.324074074    1.757716049    0.3709876543   0.1458649696   
707      I1         0.966095679    1.768410494    3.12654321     0.5483950617   0.415308642    0.8913888889   1.261574074    1.757716049    0.3709876543   0.1905303062   
708      I1         0.966095679    1.768410494    3.12654321     0.5483950617   0.415308642    0.8913888889   1.324074074    1.757716049    0.3209876543   0.1470750879   
709      I1         0.987345679    1.768410494    3.12654321     0.5483950617   0.415308642    0.8913888889   1.324074074    1.757716049    0.3709876543   0.1393586827   
710      I1         0.966095679    1.789660494    3.12654321     0.5483950617   0.415308642    0.8913888889   1.324074074    1.757716049    0.3709876543   0.1388209563   
711      I1         0.966095679    1.768410494    3.12654321     0.5606450617   0.415308642    0.8913888889   1.324074074    1.757716049    0.3709876543   0.1434567954   
712      I1         0.966095679    1.768410494    3.12654321     0.5483950617   0.427558642    0.8913888889   1.324074074    1.757716049    0.3709876543   0.1399698908   
713      I1         0.966095679    1.768410494    3.12654321     0.5483950617   0.415308642    1.015138889    1.324074074    1.757716049    0.3709876543   0.1402987318   
714      I1         0.966095679    1.768410494    3.12654321     0.5483950617   0.415308642    0.8913888889   1.355324074    1.757716049    0.3709876543   0.1490583915   
715      I1         0.966095679    1.768410494    3.12654321     0.5483950617   0.415308642    0.8913888889   1.324074074    1.773341049    0.3709876543   0.1393654974   
716      I1         0.966095679    1.768410494    3.12654321     0.5483950617   0.415308642    0.8913888889   1.324074074    1.757716049    0.3959876543   0.1391322546   
717      I1         0.944845679    1.768410494    3.12654321     0.5483950617   0.415308642    0.8913888889   1.324074074    1.757716049    0.3709876543   0.1398109138   
718      I1         0.966095679    1.747160494    3.12654321     0.5483950617   0.415308642    0.8913888889   1.324074074    1.757716049    0.3709876543   0.1403320214   
719      I1         0.966095679    1.768410494    3.10154321     0.5483950617   0.415308642    0.8913888889   1.324074074    1.757716049    0.3709876543   0.1391909698   
720      I1         0.966095679    1.768410494    3.12654321     0.5361450617   0.415308642    0.8913888889   1.324074074    1.757716049    0.3709876543   0.1402353484   
721      I1         0.966095679    1.768410494    3.12654321     0.5483950617   0.403058642    0.8913888889   1.324074074    1.757716049    0.3709876543   0.1389443423   
722      I1         0.966095679    1.768410494    3.12654321     0.5483950617   0.415308642    0.7676388889   1.324074074    1.757716049    0.3709876543   0.1410040554   
723      I1         0.966095679    1.768410494    3.12654321     0.5483950617   0.415308642    0.8913888889   1.292824074    1.757716049    0.3709876543   0.1583788588   
724      I1         0.966095679    1.768410494    3.12654321     0.5483950617   0.415308642    0.8913888889   1.324074074    1.757716049    0.3459876543   0.1420061036   
725      I1         0.987345679    1.789660494    3.12654321     0.5483950617   0.415308642    0.8913888889   1.324074074    1.757716049    0.3709876543   0.1383789822   
726      I1         0.966095679    1.789660494    3.12654321     0.5606450617   0.415308642    0.8913888889   1.324074074    1.757716049    0.3709876543   0.1416654159   
727      I1         0.966095679    1.789660494    3.12654321     0.5483950617   0.427558642    0.8913888889   1.324074074    1.757716049    0.3709876543   0.1390780902   
728      I1         0.966095679    1.789660494    3.12654321     0.5483950617   0.415308642    1.015138889    1.324074074    1.757716049    0.3709876543   0.1402877845   
729      I1         0.966095679    1.789660494    3.12654321     0.5483950617   0.415308642    0.8913888889   1.355324074    1.757716049    0.3709876543   0.1511396905   
730      I1         0.966095679    1.789660494    3.12654321     0.5483950617   0.415308642    0.8913888889   1.324074074    1.773341049    0.3709876543   0.139301434    
731      I1         0.966095679    1.789660494    3.12654321     0.5483950617   0.415308642    0.8913888889   1.324074074    1.757716049    0.3959876543   0.1393799457   
732      I1         0.944845679    1.789660494    3.12654321     0.5483950617   0.415308642    0.8913888889   1.324074074    1.757716049    0.3709876543   0.1397265163   
733      I1         0.966095679    1.789660494    3.10154321     0.5483950617   0.415308642    0.8913888889   1.324074074    1.757716049    0.3709876543   0.1383967542   
734      I1         0.966095679    1.789660494    3.12654321     0.5361450617   0.415308642    0.8913888889   1.324074074    1.757716049    0.3709876543   0.141337912    
735      I1         0.966095679    1.789660494    3.12654321     0.5483950617   0.403058642    0.8913888889   1.324074074    1.757716049    0.3709876543   0.1388196105   
736      I1         0.966095679    1.789660494    3.12654321     0.5483950617   0.415308642    0.7676388889   1.324074074    1.757716049    0.3709876543   0.1397055612   
737      I1         0.966095679    1.789660494    3.12654321     0.5483950617   0.415308642    0.8913888889   1.292824074    1.757716049    0.3709876543   0.1557865834   
738      I1         0.966095679    1.789660494    3.12654321     0.5483950617   0.415308642    0.8913888889   1.324074074    1.757716049    0.3459876543   0.1406907401   
739      I1         1.008595679    1.789660494    3.12654321     0.5483950617   0.415308642    0.8913888889   1.324074074    1.757716049    0.3709876543   0.138730015    
740      I1         0.987345679    1.810910494    3.12654321     0.5483950617   0.415308642    0.8913888889   1.324074074    1.757716049    0.3709876543   0.1378926056   
741      I1         0.987345679    1.789660494    3.15154321     0.5483950617   0.415308642    0.8913888889   1.324074074    1.757716049    0.3709876543   0.138752246    
742      I1         0.987345679    1.789660494    3.12654321     0.5606450617   0.415308642    0.8913888889   1.324074074    1.757716049    0.3709876543   0.1424444822   
743      I1         0.987345679    1.789660494    3.12654321     0.5483950617   0.427558642    0.8913888889   1.324074074    1.757716049    0.3709876543   0.1389670263   
744      I1         0.987345679    1.789660494    3.12654321     0.5483950617   0.415308642    1.015138889    1.324074074    1.757716049    0.3709876543   0.1393934022   
745      I1         0.987345679    1.789660494    3.12654321     0.5483950617   0.415308642    0.8913888889   1.355324074    1.757716049    0.3709876543   0.1489816312   
746      I1         0.987345679    1.789660494    3.12654321     0.5483950617   0.415308642    0.8913888889   1.324074074    1.773341049    0.3709876543   0.1384537434   
747      I1         0.987345679    1.789660494    3.12654321     0.5483950617   0.415308642    0.8913888889   1.324074074    1.757716049    0.3959876543   0.1380283169   
748      I1         0.987345679    1.789660494    3.10154321     0.5483950617   0.415308642    0.8913888889   1.324074074    1.757716049    0.3709876543   0.1382342355   
749      I1         0.987345679    1.789660494    3.12654321     0.5361450617   0.415308642    0.8913888889   1.324074074    1.757716049    0.3709876543   0.1394394644   
750      I1         0.987345679    1.789660494    3.12654321     0.5483950617   0.403058642    0.8913888889   1.324074074    1.757716049    0.3709876543   0.1380365556   
751      I1         0.987345679    1.789660494    3.12654321     0.5483950617   0.415308642    0.7676388889   1.324074074    1.757716049    0.3709876543   0.1402188017   
752      I1         0.987345679    1.789660494    3.12654321     0.5483950617   0.415308642    0.8913888889   1.292824074    1.757716049    0.3709876543   0.1585960369   
753      I1         0.987345679    1.789660494    3.12654321     0.5483950617   0.415308642    0.8913888889   1.324074074    1.757716049    0.3459876543   0.1413281647   
754      I1         1.008595679    1.810910494    3.12654321     0.5483950617   0.415308642    0.8913888889   1.324074074    1.757716049    0.3709876543   0.1377193362   
755      I1         0.987345679    1.832160494    3.12654321     0.5483950617   0.415308642    0.8913888889   1.324074074    1.757716049    0.3709876543   0.1379133578   
756      I1         0.987345679    1.810910494    3.15154321     0.5483950617   0.415308642    0.8913888889   1.324074074    1.757716049    0.3709876543   0.13858306     
757      I1         0.987345679    1.810910494    3.12654321     0.5606450617   0.415308642    0.8913888889   1.324074074    1.757716049    0.3709876543   0.1406853188   
758      I1         0.987345679    1.810910494    3.12654321     0.5483950617   0.427558642    0.8913888889   1.324074074    1.757716049    0.3709876543   0.1381098656   
759      I1         0.987345679    1.810910494    3.12654321     0.5483950617   0.415308642    1.015138889    1.324074074    1.757716049    0.3709876543   0.1394439962   
760      I1         0.987345679    1.810910494    3.12654321     0.5483950617   0.415308642    0.8913888889   1.355324074    1.757716049    0.3709876543   0.151003485    
761      I1         0.987345679    1.810910494    3.12654321     0.5483950617   0.415308642    0.8913888889   1.324074074    1.773341049    0.3709876543   0.1384073872   
762      I1         0.987345679    1.810910494    3.12654321     0.5483950617   0.415308642    0.8913888889   1.324074074    1.757716049    0.3959876543   0.1382939739   
763      I1         0.987345679    1.810910494    3.10154321     0.5483950617   0.415308642    0.8913888889   1.324074074    1.757716049    0.3709876543   0.1374457087   
764      I1         0.987345679    1.810910494    3.12654321     0.5361450617   0.415308642    0.8913888889   1.324074074    1.757716049    0.3709876543   0.1405176934   
765      I1         0.987345679    1.810910494    3.12654321     0.5483950617   0.403058642    0.8913888889   1.324074074    1.757716049    0.3709876543   0.137914147    
766      I1         0.987345679    1.810910494    3.12654321     0.5483950617   0.415308642    0.7676388889   1.324074074    1.757716049    0.3709876543   0.1388852695   
767      I1         0.987345679    1.810910494    3.12654321     0.5483950617   0.415308642    0.8913888889   1.292824074    1.757716049    0.3709876543   0.1560682552   
768      I1         0.987345679    1.810910494    3.12654321     0.5483950617   0.415308642    0.8913888889   1.324074074    1.757716049    0.3459876543   0.1400132714   
769      I1         1.008595679    1.810910494    3.10154321     0.5483950617   0.415308642    0.8913888889   1.324074074    1.757716049    0.3709876543   0.1376126349   
770      I1         0.987345679    1.832160494    3.10154321     0.5483950617   0.415308642    0.8913888889   1.324074074    1.757716049    0.3709876543   0.1371819478   
771      I1         0.987345679    1.810910494    3.10154321     0.5606450617   0.415308642    0.8913888889   1.324074074    1.757716049    0.3709876543   0.1411184099   
772      I1         0.987345679    1.810910494    3.10154321     0.5483950617   0.427558642    0.8913888889   1.324074074    1.757716049    0.3709876543   0.1378724271   
773      I1         0.987345679    1.810910494    3.10154321     0.5483950617   0.415308642    1.015138889    1.324074074    1.757716049    0.3709876543   0.1387017474   
774      I1         0.987345679    1.810910494    3.10154321     0.5483950617   0.415308642    0.8913888889   1.355324074    1.757716049    0.3709876543   0.1497123764   
775      I1         0.987345679    1.810910494    3.10154321     0.5483950617   0.415308642    0.8913888889   1.324074074    1.773341049    0.3709876543   0.1377287319   
776      I1         0.987345679    1.810910494    3.10154321     0.5483950617   0.415308642    0.8913888889   1.324074074    1.757716049    0.3959876543   0.1374523777   
777      I1         0.966095679    1.810910494    3.10154321     0.5483950617   0.415308642    0.8913888889   1.324074074    1.757716049    0.3709876543   0.138135773    
778      I1         0.987345679    1.810910494    3.07654321     0.5483950617   0.415308642    0.8913888889   1.324074074    1.757716049    0.3709876543   0.1372046291   
779      I1         0.987345679    1.810910494    3.10154321     0.5361450617   0.415308642    0.8913888889   1.324074074    1.757716049    0.3709876543   0.139324655    
780      I1         0.987345679    1.810910494    3.10154321     0.5483950617   0.403058642    0.8913888889   1.324074074    1.757716049    0.3709876543   0.1372584653   
781      I1         0.987345679    1.810910494    3.10154321     0.5483950617   0.415308642    0.7676388889   1.324074074    1.757716049    0.3709876543   0.138991712    
782      I1         0.987345679    1.810910494    3.10154321     0.5483950617   0.415308642    0.8913888889   1.292824074    1.757716049    0.3709876543   0.1574149264   
783      I1         0.987345679    1.810910494    3.10154321     0.5483950617   0.415308642    0.8913888889   1.324074074    1.757716049    0.3459876543   0.140122817    
784      I1         1.029845679    1.832160494    3.10154321     0.5483950617   0.415308642    0.8913888889   1.324074074    1.757716049    0.3709876543   0.1373852291   
785      I1         0.987345679    1.874660494    3.10154321     0.5483950617   0.415308642    0.8913888889   1.324074074    1.757716049    0.3709876543   0.1381576325   
786      I1         0.987345679    1.832160494    3.15154321     0.5483950617   0.415308642    0.8913888889   1.324074074    1.757716049    0.3709876543   0.1388766652   
787      I1         0.987345679    1.832160494    3.10154321     0.5728950617   0.415308642    0.8913888889   1.324074074    1.757716049    0.3709876543   0.1456814438   
788      I1         0.987345679    1.832160494    3.10154321     0.5483950617   0.439808642    0.8913888889   1.324074074    1.757716049    0.3709876543   0.1375239019   
789      I1         0.987345679    1.832160494    3.10154321     0.5483950617   0.415308642    1.138888889    1.324074074    1.757716049    0.3709876543   0.1419341889   
790      I1         0.987345679    1.832160494    3.10154321     0.5483950617   0.415308642    0.8913888889   1.386574074    1.757716049    0.3709876543   0.1739402584   
791      I1         0.987345679    1.832160494    3.10154321     0.5483950617   0.415308642    0.8913888889   1.324074074    1.788966049    0.3709876543   0.1381057428   
792      I1         0.987345679    1.832160494    3.10154321     0.5483950617   0.415308642    0.8913888889   1.324074074    1.757716049    0.4209876543   0.14062429     
793      I1         0.944845679    1.832160494    3.10154321     0.5483950617   0.415308642    0.8913888889   1.324074074    1.757716049    0.3709876543   0.1399325685   
794      I1         0.987345679    1.832160494    3.05154321     0.5483950617   0.415308642    0.8913888889   1.324074074    1.757716049    0.3709876543   0.1363256438   
795      I1         0.987345679    1.832160494    3.10154321     0.5238950617   0.415308642    0.8913888889   1.324074074    1.757716049    0.3709876543   0.1467896532   
796      I1         0.987345679    1.832160494    3.10154321     0.5483950617   0.390808642    0.8913888889   1.324074074    1.757716049    0.3709876543   0.1377011893   
797      I1         0.987345679    1.832160494    3.10154321     0.5483950617   0.415308642    0.6438888889   1.324074074    1.757716049    0.3709876543   0.1420875779   
798      I1         0.987345679    1.832160494    3.10154321     0.5483950617   0.415308642    0.8913888889   1.261574074    1.757716049    0.3709876543   0.1880329216   
799      I1         0.987345679    1.832160494    3.10154321     0.5483950617   0.415308642    0.8913888889   1.324074074    1.757716049    0.3209876543   0.1436328593   
800      I1         1.029845679    1.832160494    3.05154321     0.5483950617   0.415308642    0.8913888889   1.324074074    1.757716049    0.3709876543   0.1379126057   
801      I1         0.987345679    1.874660494    3.05154321     0.5483950617   0.415308642    0.8913888889   1.324074074    1.757716049    0.3709876543   0.1364774557   
802      I1         0.987345679    1.832160494    3.05154321     0.5728950617   0.415308642    0.8913888889   1.324074074    1.757716049    0.3709876543   0.1471285532   
803      I1         0.987345679    1.832160494    3.05154321     0.5483950617   0.439808642    0.8913888889   1.324074074    1.757716049    0.3709876543   0.1373549814   
804      I1         0.987345679    1.832160494    3.05154321     0.5483950617   0.415308642    1.138888889    1.324074074    1.757716049    0.3709876543   0.1401936422   
805      I1         0.987345679    1.832160494    3.05154321     0.5483950617   0.415308642    0.8913888889   1.386574074    1.757716049    0.3709876543   0.1718446842   
806      I1         0.987345679    1.832160494    3.05154321     0.5483950617   0.415308642    0.8913888889   1.324074074    1.788966049    0.3709876543   0.1367582742   
807      I1         0.987345679    1.832160494    3.05154321     0.5483950617   0.415308642    0.8913888889   1.324074074    1.757716049    0.4209876543   0.138763732    
808      I1         0.944845679    1.832160494    3.05154321     0.5483950617   0.415308642    0.8913888889   1.324074074    1.757716049    0.3709876543   0.1383902317   
809      I1         0.987345679    1.789660494    3.05154321     0.5483950617   0.415308642    0.8913888889   1.324074074    1.757716049    0.3709876543   0.1384034056   
810      I1         0.987345679    1.832160494    3.00154321     0.5483950617   0.415308642    0.8913888889   1.324074074    1.757716049    0.3709876543   0.13604443     
811      I1         0.987345679    1.832160494    3.05154321     0.5238950617   0.415308642    0.8913888889   1.324074074    1.757716049    0.3709876543   0.144419932    
812      I1         0.987345679    1.832160494    3.05154321     0.5483950617   0.390808642    0.8913888889   1.324074074    1.757716049    0.3709876543   0.1361928614   
813      I1         0.987345679    1.832160494    3.05154321     0.5483950617   0.415308642    0.6438888889   1.324074074    1.757716049    0.3709876543   0.1430940229   
814      I1         0.987345679    1.832160494    3.05154321     0.5483950617   0.415308642    0.8913888889   1.261574074    1.757716049    0.3709876543   0.1914835082   
815      I1         0.987345679    1.832160494    3.05154321     0.5483950617   0.415308642    0.8913888889   1.324074074    1.757716049    0.3209876543   0.1447248006   
