%eval_id interface log__t_efold_shallow log__t_efold_soil log__t_efold_karst f_exfiltration_shallow f_exfiltration_soil PDD_melt_factor log__Hmax_shallow log__fdd_threshold f_direct_runoff log__routing_K neg_kge        
1        I1         0.4423657064   1.793080032    4.199785706    0.1211426688   0.3368864109   2.745035188    1.488318497    2.219610289    0.2432812144   -0.9980545135  0.5654949988   
2        I1         0.6022293771   2.152574619    4.172514511    0.784987453    0.8862407109   9.507725647    1.244573648    1.622544334    0.3468503071   0.2783298605   0.9859681128   
3        I1         1.763925888    2.68783041     4.200932026    0.2955854276   0.4564087718   8.097781065    1.91254571     0.9053462594   0.1179070114   0.5455694798   0.8031734444   
4        I1         0.9287867655   1.402946111    3.222304965    0.1590168536   0.2590210574   3.326900484    1.51539879     2.344272776    0.2942257329   -0.6726587056  0.3935875708   
5        I1         1.782005308    1.977115245    4.478365765    0.651920224    0.1678155591   3.14755921     1.117540016    2.824513642    0.4577709313   0.8897844816   0.3418023673   
6        I1         0.7944527712   1.283430578    2.517908039    0.5086660562   0.2024594346   9.991714094    1.692970203    0.4326027368   0.392736277    -0.06298993815 0.9387860428   
7        I1         1.922741166    2.604477542    2.915510221    0.5638364349   0.7583853412   8.590859009    1.627469842    2.768673585    0.08810732396  -0.02203825858 0.5616465267   
8        I1         1.272207432    1.543263755    3.278778149    0.9612380033   0.5218425283   6.860116878    1.80580799     2.446880534    0.4017461499   0.4489506757   0.6507939162   
9        I1         1.20888945     1.942919303    4.152292324    0.5888760907   0.6010431956   3.510819458    2.222455318    2.955752295    0.2921798625   -0.2807772382  0.3860631372   
10       I1         1.311619337    1.028271672    3.727471997    0.2856764246   0.687578367    5.936447582    2.255467775    0.2981488567   0.2978724598   0.1512880353   0.2895451295   
11       I1         1.501985263    1.945292096    3.177042209    0.4088656905   0.07153671873  8.042952388    2.763191849    2.606592097    0.3765422654   0.4755614028   0.4151229982   
12       I1         1.182617716    2.412265176    3.735986787    0.05053750021  0.1826518913   1.29660512     1.646961503    1.072711507    0.4494117485   0.08707755232  0.4140420582   
13       I1         1.688565927    1.682658681    3.690887563    0.2022170083   0.2633067763   0.6736454139   2.501488129    1.229174108    0.1554372798   -0.1571790295  0.8082757472   
14       I1         1.464272455    2.183767031    4.004195038    0.7974454449   0.7642913539   3.583289689    1.012927465    2.034827753    0.1420604198   0.4205037677   0.6407888644   
15       I1         0.8516816416   1.506790343    4.214466027    0.5692604473   0.5722213742   2.245178107    1.572937828    1.189815824    0.2365946546   0.7687462438   0.3179295725   
16       I1         1.339681715    2.626616406    4.445073272    0.5146591661   0.9849853431   5.557819973    1.957670154    1.850547656    0.2647830405   0.8112419738   0.4827951323   
17       I1         1.134513451    1.128098203    3.242283537    0.6029956616   0.1802341327   1.606485542    1.412317196    2.397014436    0.3012093617   0.0173950174   0.4377807703   
18       I1         0.7737662192   1.689175818    3.574314535    0.6347489478   0.1210128828   1.047536079    1.18308511     1.833760868    0.04094003929  0.6252732461   0.2110130768   
19       I1         0.3196891923   1.189145543    4.336244821    0.09902767284  0.06669942403  2.04783647     1.818605578    0.4713771753   0.2279628897   -0.1447030144  0.7133178232   
20       I1         0.8821798522   2.581201481    3.30779728     0.8782930763   0.5879647622   9.915759666    1.30241882     0.1506174106   0.2491585592   0.780800284    0.5799620261   
21       I1         0.4144263736   1.373503888    3.074430617    0.6860621967   0.4610069183   6.909899875    3.284479811    1.467986534    0.3685578685   0.6685311376   0.8466717899   
22       I1         0.8102282188   1.919688301    3.487997143    0.1381101293   0.8168480328   1.188839618    2.137949191    2.441694162    0.4700688953   0.09794129226  0.4757894195   
23       I1         0.5149777703   2.5130866      2.994224371    0.4681276703   0.8481798991   2.919820596    2.743015731    2.263476683    0.1046339666   0.04236431721  0.2671677356   
24       I1         0.9170691111   1.58737199     3.372267971    0.2612767029   0.1603355566   4.573599613    3.420496642    2.634639258    0.4393630069   0.393814444    0.245534001    
25       I1         1.910222725    1.083198933    2.970168461    0.9003524212   0.9486573197   8.89327451     2.719702949    2.932410703    0.2807050569   -0.5747835484  0.4389072087   
26       I1         1.749238512    1.772377062    2.952759793    0.382103955    0.3955700382   7.393651079    2.982508151    1.60263534     0.1729312372   -0.5572477695  0.683041223    
27       I1         1.681532474    1.655148762    4.244123627    0.6891905616   0.9145586888   6.002778232    2.304546321    0.5610207874   0.2868994948   0.2916516117   0.3424367877   
28       I1         1.453500029    1.74734508     3.239729348    0.04624513343  0.9554539488   6.251763132    2.345952424    0.405509442    0.06896564158  -0.4473377488  0.5406068064   
29       I1         0.9430770165   2.488288281    2.610208957    0.1431957361   0.09676746852  7.873275089    1.584984229    2.293450892    0.4137858471   -0.4306645188  0.6129148803   
30       I1         0.3527387624   1.46124774     2.806236369    0.1991829632   0.799860378    3.635699302    2.693995187    1.23631492     0.4992495817   -0.3447059842  1.992968652    
31       I1         0.8414370897   1.836495014    3.030591996    0.8073782172   0.6491970592   2.320547786    3.091278636    2.571361517    0.3738048729   0.03849020072  1.313124295    
32       I1         1.960481221    2.057175774    3.583271132    0.7913672041   0.8236293767   6.197710501    3.14079486     2.753721959    0.1936117029   0.9777560008   0.7340132266   
33       I1         1.55234451     1.107859401    3.864345957    0.3576384864   0.2548298908   6.790676587    3.337371736    0.7446692734   0.4886050151   0.07695197333  0.3545987515   
34       I1         1.497551585    1.141502574    2.822218806    0.6011013242   0.9654515445   8.686609669    1.794421724    0.3400980331   0.3270669549   -0.09652702728 0.6493851744   
35       I1         1.607192346    1.361384978    3.044128049    0.4397966583   0.2729843773   4.691825391    1.988281074    2.417418012    0.3632206911   -0.7542186101  0.5017667623   
36       I1         0.44767833     1.883261704    2.571287427    0.7261567476   0.1419592755   4.009172571    3.001111917    0.1262265452   0.192397081    0.8311775617   0.4037889293   
37       I1         0.5219047772   2.093133211    3.46348914     0.113720066    0.9181502093   6.396943043    2.861752951    2.196188023    0.3799996565   -0.6233192396  0.8142978795   
38       I1         1.943173811    1.016417413    3.921895255    0.3600863832   0.4079067984   5.329205753    2.673346641    2.86609213     0.2654379785   -0.878236079   0.6474038794   
39       I1         1.591137745    1.749507082    2.644512462    0.5177268601   0.8757510767   7.715318932    1.440257593    2.336997822    0.3477509003   0.2071744931   0.3789317109   
40       I1         1.102904672    2.594635822    4.306825615    0.7997784599   0.07422057778  4.472067808    3.425336835    0.2206018046   0.07055925439  -0.791859964   0.2978037981   
41       I1         1.195757245    1.487714046    3.592951777    0.5209092171   0.06154652329  2.551934855    2.052768736    1.401186994    0.07933667817  0.6510909115   0.5591472041   
42       I1         0.3810226623   2.563298341    4.481868748    0.9538877546   0.7372736794   3.445593885    2.700210411    0.9699036579   0.2886716652   -0.9044161408  3.618681799    
43       I1         1.891687544    1.355304279    4.034865254    0.5375843765   0.0894577734   9.1037054      1.455073717    0.6640957225   0.2272442877   -0.7811938372  0.8484480211   
44       I1         0.3728256627   2.110709864    2.66725301     0.541778606    0.6257103703   2.46863673     3.442628548    1.533962724    0.149322151    -0.05456170283 0.7590582694   
45       I1         1.638273917    2.239934853    4.490403984    0.8478317      0.5659573334   8.404803086    2.912259135    1.927537981    0.4764075966   -0.08900651058 0.6562078547   
46       I1         1.410844564    2.318925935    3.956057599    0.6088469602   0.4057471772   7.267569472    1.038891193    0.2359845949   0.4787352096   -0.4113787211  1.389700373    
47       I1         0.7827219914   1.732326328    4.357984449    0.176803382    0.3121974203   2.691800039    2.127179725    2.744544277    0.4374804234   0.8749023706   0.5427919391   
48       I1         0.3428379557   2.145625973    4.323662808    0.1046475444   0.5252304942   4.87901256     2.275823257    1.976913885    0.2748282692   0.983086052    0.7007735744   
49       I1         1.293213112    1.56709405     4.313984944    0.8681825689   0.2851291717   7.860261202    2.848600231    1.773600242    0.3350219151   0.1168228686   0.4720936398   
50       I1         0.4585553439   2.675928452    2.819203554    0.4766684494   0.5389951992   2.584305403    2.56921467     1.740061967    0.006561570854 -0.2501633093  0.3346397806   
51       I1         1.836534251    1.780322116    2.591971168    0.6610366424   0.2320823149   5.760776018    2.517988877    1.301082103    0.02013287669  -0.04712206415 0.792843609    
52       I1         0.5964134953   1.927909829    2.738898102    0.08296031287  0.6129824364   8.1829479      1.426296588    1.355170059    0.08559730201  0.4018172235   0.4428311067   
53       I1         1.973633855    2.223409274    4.112339234    0.3151516292   0.8643014036   3.542413203    1.557789656    0.07479989212  0.2236681984   0.3850097436   0.2023349039   
54       I1         1.853645615    2.523376056    3.122012242    0.6915519842   0.8448070479   0.5881341888   1.322500014    1.174406162    0.2094779996   -0.07476144347 1.164596828    
55       I1         1.112238945    2.343000912    4.168659817    0.949850622    0.4506584715   8.552060966    2.120035492    1.635147656    0.1808843795   0.9255985642   0.4277198723   
56       I1         0.6319291476   2.580928054    3.556788171    0.7006101316   0.1531534745   3.708607551    3.016951563    2.540658062    0.4104883953   0.9181777908   0.3781590409   
57       I1         1.330620213    2.536586003    3.39532452     0.3003703613   0.6440832183   6.638751157    2.393268664    0.3500372832   0.1642082538   -0.2103591266  0.579330797    
58       I1         0.39006213     2.56527134     2.654786181    0.8420744192   0.7654600043   0.4232596352   1.226427779    2.949854696    0.4212501566   -0.7681657974  3.175583602    
59       I1         0.3355633099   1.046126403    4.436933425    0.7815431259   0.9455688395   9.498619974    2.369755719    1.724630396    0.03873408558  0.6329500294   1.007394714    
60       I1         0.4101983734   1.147302869    3.750492283    0.2415289168   0.7716847948   9.005140482    3.166076141    1.41437727     0.3385178623   -7.235899568e-05 0.9547875058   
61       I1         1.226553525    2.179753498    3.154730813    0.3882659227   0.9710181614   6.727539677    1.483319489    0.2471834899   0.3858082515   -0.7152486752  0.8212731781   
62       I1         0.8994731689   1.339953079    3.841892127    0.1321148206   0.2130497318   9.643499685    2.416570064    0.2732341874   0.3312489506   -0.3158081701  0.5026905409   
63       I1         1.060029389    1.857502393    4.417192063    0.558378643    0.1267405837   5.440009602    2.945800992    2.278743805    0.004958930138 -0.5155752647  0.519127615    
64       I1         0.8252572498   2.299507961    3.42561734     0.5779265914   0.1170697451   9.694709661    2.166619707    1.688878128    0.1542534487   0.7589184742   0.4070488666   
65       I1         1.889074199    1.305017817    2.692654783    0.8183059822   0.4883536824   1.724995369    2.757521514    1.122526308    0.2613743238   -0.531564993   0.4508235629   
66       I1         1.547070958    2.379669596    3.266249106    0.9572451715   0.1369696217   9.11421837     3.304283651    2.088028708    0.4853900213   -0.9553510224  1.391225976    
67       I1         0.7175991738   2.45621537     3.747975762    0.7386928392   0.6275969085   4.795533659    2.377638508    0.5810355321   0.3221650846   0.3064342475   0.6439211457   
68       I1         1.871245481    1.803974027    4.274627782    0.4510187388   0.3825561817   7.427433249    1.857330859    2.713879364    0.4539339757   -0.7011728606  0.6575439659   
69       I1         1.956024234    1.831029792    3.001275434    0.9046503801   0.3635230936   1.001748151    1.708886113    0.4414138806   0.09968856042  -0.1940968489  0.649591971    
70       I1         1.980969714    2.209231162    4.230808878    0.2561986722   0.4980782255   4.967030822    3.230032266    1.564153784    0.07656730642  -0.6332853558  1.077078605    
71       I1         0.5882173616   1.756530424    3.215936495    0.5464695878   0.8610236011   0.3541249756   1.659801522    1.451545956    0.4823916842   0.3746822862   1.10832798     
72       I1         1.049861075    1.224759496    4.385810799    0.9796379121   0.4213703107   0.9808256413   1.290537531    0.601396248    0.3296714236   -0.2618834835  1.730340957    
73       I1         0.9691902626   1.598521984    4.364753591    0.551155623    0.7930541209   4.728388251    2.486941031    1.545851775    0.4193470343   -0.5288417244  1.070701671    
74       I1         0.4245520053   1.097353254    3.416947156    0.2339020498   0.4543647245   1.450095686    1.389500424    0.1470914168   0.1211753283   -0.3580367082  0.4476002528   
75       I1         1.539037421    1.472429143    2.50846943     0.4330385135   0.4426261578   8.658035885    2.818549392    1.517434438    0.08365695525  0.5838857674   0.6435485817   
76       I1         0.6779745915   2.07451978     3.026651672    0.7165018842   0.5510643014   2.62875419     2.084853484    0.8273058978   0.4657916515   0.5777933976   0.7738512101   
77       I1         1.323262714    2.484996524    2.724693147    0.7568711672   0.1898148325   4.333426039    3.239999224    1.504328578    0.3132292079   -0.968217014   0.6435345439   
78       I1         1.247219238    2.553750709    3.1970064      0.18731588     0.6035568613   5.215779391    2.245780458    2.688801086    0.04694469508  -0.5811000444  0.7949074814   
79       I1         0.3160663151   1.959262515    3.967034914    0.6439829026   0.5334932255   4.260571914    2.994583751    2.171711927    0.2335874273   0.7356340076   0.2954257686   
80       I1         1.717127327    1.985281329    3.680743783    0.4016370178   0.1718932345   0.8439711334   3.156593598    1.653781299    0.3557348951   0.9475177981   0.6808357262   
81       I1         1.438799716    2.069102264    3.619972848    0.9393210314   0.6658387523   6.331887949    1.15780769     0.9765149368   0.100544254    0.6490267084   0.440629363    
82       I1         1.168425809    2.334124015    3.448172915    0.3745767377   0.8292179932   3.731313954    3.120827288    1.08408207     0.03126158527  -0.1099314254  0.5404610385   
83       I1         1.419750923    2.429422706    4.297784858    0.4189936291   0.4135150461   5.526973876    1.502462651    0.8743918281   0.4740727295   -0.3854052914  0.6162442923   
84       I1         0.3079017367   1.089384525    2.784622419    0.2147362467   0.8789850653   7.598144076    1.870636091    1.897622279    0.1131841218   -0.3993295059  1.584997432    
85       I1         1.489386704    1.652709719    3.142220271    0.4415317787   0.2463200352   4.188251874    2.532528402    1.337555709    0.3080028415   -0.6973804885  0.3976207297   
86       I1         1.696146187    1.723872528    3.877114796    0.4808505761   0.6859801251   4.106631229    2.896475106    0.1659144012   0.3051193955   0.2695118445   0.446011797    
87       I1         0.8338031471   1.413229567    2.792456384    0.3100129122   0.2963966409   2.162021918    2.959254627    0.9552385088   0.2133809053   0.535236729    0.2873863919   
88       I1         1.478389462    2.264217556    3.409354918    0.617714539    0.3475508259   2.517408922    1.132739572    0.2573387999   0.3170783358   0.7412024202   0.2582437339   
89       I1         0.553361954    2.506003395    4.081349423    0.7424456046   0.2249136607   5.383896754    2.093105397    1.257883007    0.4090571756   -0.9187194154  1.500592476    
90       I1         1.615738806    1.497129676    3.327214513    0.03104441363  0.1980706214   1.859937277    1.685179173    1.261119775    0.2775789725   0.28403948     0.4626093866   
91       I1         0.8045915082   1.641290698    3.494053802    0.4927495471   0.1090620174   8.826475595    1.098534421    1.617396896    0.1829493312   0.05901592311  0.5025247392   
92       I1         1.256161827    1.211651357    3.918206436    0.4610007422   0.3414622524   8.731779812    3.203003556    2.1564407      0.1124457275   0.6110877849   0.5591114572   
93       I1         1.87357065     2.05260005     3.103053777    0.3225876825   0.4310794512   1.811339385    3.499421442    2.055934242    0.4471150012   0.9978569893   0.6061788864   
94       I1         1.23627656     2.305676635    3.331379779    0.06617458841  0.3711483416   9.856190522    2.491389903    2.112615225    0.09665670642  -0.7239237134  0.7982956235   
95       I1         0.4016286348   2.159405959    3.975040031    0.3448198588   0.8192303817   5.606839782    2.640794539    2.117338985    0.1095875352   -0.8075849816  0.4394905158   
96       I1         0.6855942515   2.462591002    2.863816821    0.1643987006   0.3286958889   8.336986464    1.848556874    2.716936522    0.4684630001   0.9533441939   0.4434720914   
97       I1         0.4957277127   2.014978683    3.713125202    0.8731720152   0.103980856    7.31854531     3.056860529    0.6845887361   0.440813249    0.7730474147   0.8494649551   
98       I1         1.130394371    2.316377652    4.464930667    0.2227157457   0.8574453403   5.705490445    3.217602306    0.8575615895   0.09324860885  0.2349830838   0.6259288373   
99       I1         1.80153224     2.441534055    2.770685731    0.7223955554   0.6777095541   6.366329451    3.395639015    0.01885421188  0.3545922781   -0.6079400208  0.5154383428   
100      I1         0.7312023572   2.640566316    2.538179608    0.9304729949   0.3536942089   9.446711023    1.070727581    1.810897742    0.2303104435   -0.7327913343  2.739235431    
101      I1         1.567202837    1.702193035    3.477901424    0.9721338354   0.5912584852   0.610352996    1.463704901    0.04022089047  0.4946542274   0.1270111801   0.8869223252   
102      I1         0.9869559751   1.234350195    3.01046998     0.3521041237   0.6400701768   1.655307686    1.16816521     0.9443455124   0.2064060292   0.2409425337   0.6535960368   
103      I1         0.750449124    1.43732954     2.708406625    0.8862005328   0.676343048    7.20546421     2.159048172    2.245670059    0.3604667682   -0.8910758467  2.4009156      
104      I1         0.7647534265   1.524782968    2.922492251    0.1845211468   0.9345541318   6.452092482    1.982000801    2.358990998    0.2847634204   0.4916040971   0.3506712579   
105      I1         0.6937674698   2.170776757    3.888234681    0.9442640393   0.2394207409   6.138323028    2.327368111    2.137298854    0.3893089912   -0.6565079305  2.854850272    
106      I1         0.4951711073   2.121766347    2.902711628    0.595768273    0.8056751453   3.110961491    2.291507961    1.579748189    0.02907569658  0.6930523617   0.2403551989   
107      I1         1.594082283    1.513949634    4.145300529    0.8233939192   0.320789198    4.81531904     2.030036401    2.976354299    0.1378988525   0.5990093136   0.4536891292   
108      I1         1.372596453    1.573901481    2.711888592    0.4886333168   0.5114201736   3.84481336     1.332058821    2.83750996     0.20486033     0.8218181873   0.2372509251   
109      I1         1.389069653    2.129130358    3.432439771    0.7672713686   0.3786067364   7.517247668    1.736800534    1.328780551    0.08016167572  -0.8556511931  0.3280870371   
110      I1         1.031815732    2.423392337    3.113013275    0.02480656156  0.7023414344   9.841775118    3.0392257      0.5008992053   0.2450026639   0.358344629    0.5627682186   
111      I1         0.6630983557   1.311800029    3.983472701    0.6784136961   0.7229535531   4.226906781    3.19877864     0.7789885138   0.04478587029  -0.1749893431  0.8148827585   
112      I1         0.326611012    2.357674334    3.527121202    0.9335967232   0.9066224618   7.653929643    3.271262121    2.003666432    0.1876578944   -0.3358898936  3.143854328    
113      I1         1.823406715    2.085767437    3.64413611     0.217349812    0.9851536558   8.246207784    3.4632993      0.4522946708   0.3118770123   0.897851405    0.7394573369   
114      I1         1.934856469    1.318163841    3.664249371    0.1260542698   0.4360966493   0.208209793    2.728509133    0.7954323962   0.073111235    -0.2006824421  0.9750956794   
115      I1         1.008724434    1.625971422    4.126820906    0.4037020077   0.3741970611   3.05496928     3.250847966    1.277491723    0.4951033573   -0.4933075011  0.8057093222   
116      I1         1.668035661    2.024084218    3.791282322    0.03813466218  0.2101655837   2.417095971    1.596636268    1.476364732    0.4918943367   -0.4294300845  0.6274114895   
117      I1         0.4763555759   1.664404193    4.343964989    0.2769810949   0.5544735924   4.621020402    1.760686845    0.3837209791   0.1970968211   -0.5910295451  0.433288784    
118      I1         1.861285023    2.616901197    4.011008415    0.06347138941  0.9086691245   7.366692812    1.622142185    2.794035414    0.3961214765   0.5107292462   0.2912670193   
119      I1         0.7053730573   2.652883391    3.896774347    0.8135260645   0.08092113079  1.109917954    1.747056741    1.431614803    0.008052606538 0.4187665043   0.3371653405   
120      I1         1.266772467    1.277543916    2.625546715    0.9833121046   0.7203558098   8.123806979    3.176884412    0.301226491    0.1445997983   -0.3086182263  0.8580364486   
121      I1         0.5788834067   2.369053499    4.136342117    0.09484864392  0.1317473279   0.1113407298   2.554142808    2.916316551    0.05025019426  -0.37708185    0.8591438323   
122      I1         1.57691792     1.584203397    3.810259928    0.1365093359   0.0484617857   7.556041401    2.04077936     1.765770963    0.06713289676  -0.8828290536  1.007603961    
123      I1         0.6454610403   1.819858956    4.401371371    0.5279647682   0.5414871675   7.726871273    1.72141094     1.164832077    0.03609229452  0.55345136     0.4278314325   
124      I1         1.02088661     1.872888018    3.091685818    0.01145083127  0.4843905536   1.39817282     1.221353719    1.126898341    0.1579331217   -0.8385064662  0.721813612    
125      I1         1.028443506    2.250487389    3.200341316    0.1959069276   0.4246184373   7.928094173    1.904653541    0.7302003434   0.05491177819  -0.9747974373  0.6285218061   
126      I1         0.953608261    2.389903838    2.63633544     0.4219138684   0.4379601099   6.983583116    1.787044704    2.673580145    0.41620698     -0.9828944431  0.8202585771   
127      I1         1.043622035    2.103798969    3.655579597    0.7495471175   0.05025664172  9.776148407    1.036660246    1.035189702    0.3916000915   -0.4514733095  1.482401137    
128      I1         1.212039554    1.163132893    3.827213992    0.8663153199   0.2451389809   1.944446759    3.28990503     2.987323265    0.1609548514   -0.2487443876  0.4960981197   
129      I1         1.428796657    1.061800788    4.187532481    0.3277216254   0.5786699087   9.566788489    1.34939073     1.792017861    0.06195594001  0.1669103962   0.3938838419   
130      I1         0.9905189919   1.847479596    3.674731127    0.08766672647  0.6946949651   7.140130212    2.808883335    2.298921494    0.210271095    0.3296049156   0.5301301071   
131      I1         1.839793129    1.263157119    3.908262726    0.8580020919   0.9266990333   6.060494108    2.313800446    2.404277565    0.2550720617   -0.3234803816  0.4179005024   
132      I1         1.736972913    2.204986631    2.941521391    0.2285896653   0.6078054416   8.936209867    2.062803635    1.383870048    0.01406618389  0.8683338323   0.8887776218   
133      I1         1.81565993     1.385725577    4.453154615    0.3293674977   0.5959419406   6.581371864    2.780756949    2.776725789    0.4828390047   -0.1682505118  0.5198514494   
134      I1         1.29869262     1.986444153    3.624950022    0.2363858541   0.041427187    4.014965611    1.278774894    0.09999375941  0.464096696    0.3191128178   0.2920297699   
135      I1         0.5405389815   1.527252954    4.260009646    0.4603745082   0.8368809941   1.578773868    2.443266495    0.788272496    0.2507617996   0.1362516691   0.6404868788   
136      I1         1.001251893    2.007925509    4.068925653    0.8533427611   0.6551352417   1.350039983    1.265648282    0.1934143029   0.06420296407  -0.470073533   1.149010849    
137      I1         0.5688303017   1.476827842    3.568035854    0.3084367129   0.1464932831   5.677937282    1.369440362    1.004257686    0.3814924391   0.1056065886   0.3680947814   
138      I1         1.34845065     2.197591557    4.049628781    0.6256104145   0.3072631867   6.776723139    1.204150956    1.705075804    0.1335390649   -0.6886126368  0.8606284259   
139      I1         0.789572542    2.542529793    3.706033907    0.07026284222  0.02994830241  8.445035646    3.109061162    2.375098487    0.2385041695   0.6883682326   0.7485488389   
140      I1         1.650778296    2.634228482    2.895323663    0.5854851737   0.8974859361   0.7883891887   1.06137196     0.6343833602   0.4269202358   0.7021587851   0.4955967715   
141      I1         0.6291513254   2.499987905    2.583711319    0.1522689735   0.3268439017   5.842297847    2.925735374    0.5547546341   0.4449696218   -0.8263593524  0.9559586465   
142      I1         0.7532060067   1.549901358    3.514350809    0.3825326016   0.7255757899   3.242695856    2.539600155    0.6234492863   0.0911494326   -0.9219368995  0.4541046142   
143      I1         1.096953965    1.91308261     3.937910057    0.6169280782   0.7983745614   1.914269064    3.386731765    0.5975805961   0.303624734    -0.8667647265  0.7061760583   
144      I1         1.085978899    1.604534193    3.053189839    0.1715781143   0.2183877448   9.372141183    3.40923876     2.55376601     0.1680644237   0.4805376359   0.6270396733   
145      I1         0.8771454601   2.274721958    3.25662178     0.7759797059   0.8718494731   2.998884002    1.076624096    2.01426454     0.02252680563  0.001682806734 1.333611667    
146      I1         0.8594859709   1.217210995    3.086598135    0.2707709073   0.754291487    6.513782869    2.91675701     0.3989029848   0.2421813129   0.7177708768   0.3897692675   
147      I1         0.7117369792   2.407561628    3.180371454    0.6653043869   0.4709062678   5.80948257     2.466265489    0.05217774912  0.1266653526   0.02958508316  0.5041587185   
148      I1         0.6141995046   1.126281319    3.501041045    0.3952466911   0.2299757445   5.25479592     2.457894546    0.3197858511   0.03270547147  0.9000424935   0.5459955477   
149      I1         0.560579495    1.051732896    3.787971582    0.6682522869   0.3508865161   7.073311939    1.606807955    1.936333729    0.3825189571   0.06832655325  1.013809374    
150      I1         1.397354438    1.61212834     3.940201022    0.3718642419   0.5163311147   0.7093392765   2.617147676    0.0009784810385 0.2194022225   0.186216058    0.4222566454   
151      I1         1.705715745    2.695719894    3.363630834    0.07700316282  0.7828581071   0.5099906425   2.410994495    1.152192786    0.1799137368   0.3322936707   0.7784134322   
152      I1         1.369271837    1.374613359    2.568326192    0.8947151221   0.08719938606  3.769961236    1.89847601     1.668822826    0.3590623576   0.5278011112   0.3828047142   
153      I1         1.387476395    2.037184526    3.066677678    0.1097605279   0.9658664552   0.4799825509   2.585269133    0.6547736416   0.2596786922   -0.2904173244  0.3854234289   
154      I1         0.4353517743   1.636726289    3.994306987    0.4131563162   0.265478951    2.017122039    3.073056107    1.730171856    0.00087931466  -0.8406845044  0.4291377185   
155      I1         1.674092136    1.196024326    3.134494032    0.5620416207   0.151121497    1.285742782    2.630282138    2.519815896    0.1770247861   -0.4649674457  0.5447477647   
156      I1         0.8935711441   1.001664257    2.766611993    0.9177468062   0.9391876196   8.796494637    2.351854157    1.021453014    0.1709744915   -0.6424419064  1.915690939    
157      I1         0.9294416391   1.418938544    4.054003948    0.3343624794   0.2796770395   0.3232059656   1.257138806    1.98959652     0.4304821503   0.8521097122   0.3920932353   
158      I1         1.511211025    1.293362253    2.932351306    0.5327328235   0.9560722305   7.112600664    3.343020981    2.891697661    0.127589172    -0.2707591796  0.3558219163   
159      I1         0.6734119334   1.176044486    3.381960818    0.2681338213   0.2931487373   4.124568675    3.368654007    2.225697083    0.3229313036   0.4626603695   0.2427383494   
160      I1         1.443875061    1.069215033    2.683784505    0.8252154038   0.49233943     2.796858207    2.109549846    1.960684558    0.3408529852   0.1421200426   0.4875500088   
161      I1         0.4628172735   2.451447862    4.027680889    0.9884591002   0.09937325054  5.070087836    2.658951036    0.7096477183   0.1061748675   0.3613063374   1.913976185    
162      I1         1.794343393    1.327161093    3.317980748    0.7525369395   0.1635546553   5.489382569    1.528022256    1.010252096    0.01202874585  -0.1894601465  0.7246448747   
163      I1         1.562283398    1.886373824    4.075871714    0.6501463064   0.05804388927  9.337788661    1.537824066    0.894750979    0.1162826344   0.844111533    0.5652111278   
164      I1         1.067199112    1.967639135    2.757161432    0.02371272381  0.0202472069   9.262748823    2.608247359    1.819704135    0.2962635531   0.5613505349   0.5809025916   
165      I1         1.623598457    2.24825311     4.223294394    0.5822604601   0.635782298    2.198446692    2.96451766     2.859379984    0.1245811465   0.4339775939   0.6297355003   
166      I1         1.35883135     1.712974657    3.343104422    0.4982750828   0.4663169356   0.2658313869   1.421382374    2.660883043    0.2714750638   -0.1204428759  0.4758071765   
167      I1         1.754165204    1.457003444    4.429994142    0.5010571741   0.9251221617   9.715090123    1.886774861    1.492435792    0.1504298594   0.6726338467   0.4876314211   
168      I1         1.52698874     2.47746857     2.553667634    0.04281589581  0.6205541782   2.829426214    1.831062441    2.487139301    0.4054048443   -0.9447178837  0.5918680545   
169      I1         1.149262703    1.809580411    3.852631937    0.8872960347   0.6711742736   4.540652858    1.375566622    2.62321324     0.05805604147  0.504993468    0.3972498471   
170      I1         0.3665247071   1.866032498    2.967713737    0.713796795    0.70896935     2.95335473     1.669623209    2.650747806    0.1453219628   -0.2361866766  1.498721427    
171      I1         0.6553529962   2.030388091    3.763815005    0.6727332147   0.3613541698   8.467556951    1.973763582    1.097636174    0.3672105424   -0.5678006295  1.21212973     
172      I1         0.8612097478   2.360140599    2.881948345    0.7310735944   0.5019211353   4.452162135    2.597056382    2.898819371    0.4027731416   0.2215269727   0.7801960338   
173      I1         1.47259        1.039329499    3.161199709    0.8315033959   0.0188045118   2.339326773    2.677691111    0.9165776792   0.05504119858  0.1793324215   0.3327424967   
174      I1         1.992340235    1.238174427    3.602551072    0.4723098789   0.8113767914   1.53493775     2.014719743    0.7533708459   0.01981849668  -0.7780745034  0.6892783372   
175      I1         1.98336308     2.286075393    4.285975636    0.01798505188  0.3921249435   9.036374273    2.862540153    1.312493302    0.1981209674   -0.2284970162  1.034951556    
176      I1         1.154517324    1.672796838    2.600405533    0.1476893845   0.9796752624   3.295380328    2.790834008    0.6910674963   0.3522769703   0.6025767316   0.3220564953   
177      I1         0.4860849217   2.232408175    4.390373804    0.3397412588   0.7426657893   5.002589404    2.194619009    2.593588089    0.04984990593  -0.3650833687  0.4449452642   
178      I1         1.924432175    1.347875166    2.83204905     0.2485902988   0.8943826397   8.275041911    1.764824294    1.37273744     0.1871912945   0.8038941396   0.3826290598   
179      I1         1.310744326    1.019503261    3.804717974    0.4492392441   0.7319429299   8.004857896    1.005840887    2.818122399    0.2548177964   -0.1155121248  1.119741292    
180      I1         0.9723733239   1.717098167    3.451950994    0.7728527275   0.544416591    6.155527653    1.94753824     0.8431757703   0.4572664299   -0.03989210821 1.432284148    
181      I1         0.5040713005   1.250427937    3.536263838    0.2525859039   0.8399781579   9.21027408     1.149856099    2.078921093    0.332523988    -0.5447635154  1.525953837    
182      I1         1.771281175    2.278022308    3.352611263    0.9076708301   0.5753240014   7.787279063    2.205949187    0.3749216878   0.4618486148   -0.8131123543  0.9703816741   
183      I1         1.158709209    1.395823821    3.837321156    0.2840264418   0.2769640907   4.936652069    2.435221826    1.209745649    0.4247192073   0.1951076042   0.3167290736   
184      I1         1.190534918    2.668124379    2.745626434    0.7031796      0.0289882697   9.178860468    3.361107015    1.873772372    0.3199275569   -0.01703443872 0.4724682802   
185      I1         1.078928625    1.271565045    2.672124427    0.2064273717   0.1919118726   6.934065212    2.001481473    0.4931421236   0.2002876135   0.4576014747   0.4818817845   
186      I1         1.122030833    1.89441514     3.549174485    0.05664595001  0.7478827292   3.172767327    1.192543659    0.518172534    0.3709601695   0.3483731743   0.2097579079   
187      I1         1.725021871    2.402460187    4.374945498    0.2931131897   0.01450288372  5.978678452    3.037366763    0.1176097277   0.3448592301   -0.5081619491  0.7696756693   
188      I1         0.7405778344   2.614324739    2.847328631    0.8494940825   0.7866513945   1.782084131    2.827058448    2.179021285    0.2208750195   0.7977858274   0.5457119124   
189      I1         0.5328893243   1.157943759    3.294143353    0.1755136478   0.3976787274   0.1807719634   3.132106181    1.913873397    0.1356431728   -0.138376339   0.223116282    
190      I1         1.280693964    1.445530588    3.773679828    0.4276016541   0.77690164     0.9213748418   3.454779949    0.1985755591   0.1652539831   -0.6650278309  0.378307724    
191      I1         1.805055113    2.663067641    3.631972749    0.8367118221   0.6585332783   5.122869491    1.932478028    2.04014675     0.0262078358   -0.7452620384  0.6195563668   
192      I1         1.73112323     2.341796621    3.288925612    0.9694566188   0.6984740392   2.099368541    3.47513158     1.053967897    0.3980499348   -0.4000719468  0.7384881033   
193      I1         0.9614019113   2.000293527    2.982554117    0.9161871134   0.5615971726   6.606688437    2.886943105    2.320806701    0.2750128015   0.2565493833   0.9622247463   
194      I1         1.898912245    1.784465805    2.523780995    0.923528304    0.03605611256  0.80618625     2.236411736    2.460068593    0.1313030512   0.9367367763   0.6758261505   
195      I1         0.6216393137   1.185621855    4.107978047    0.6403466023   0.3176662589   3.915869445    2.268349657    0.5391927832   0.4334396586   -0.6194494164  1.293462743    
196      I1         1.630208966    1.433003144    2.877630711    0.09303893924  0.5057330862   5.154428555    1.357631033    1.889652792    0.01623429528  0.2114804164   0.4747116786   
197      I1         1.223180696    1.557022881    2.544324651    0.7065451786   0.3016913849   3.394123053    2.186557027    0.07751906206  0.217189671    0.9639004481   0.3658936001   
198      I1         1.518373807    2.133984655    2.854658815    0.6304719765   0.7141551185   1.203283781    1.106618721    2.491270314    0.4520453553   -0.4858760842  1.886913186    
199      I1         0.9112346406   1.901547742    4.251197975    0.365279752    0.8883612712   4.359482509    3.317583316    0.8215461351   0.4282962157   0.7213354982   0.2982776046   
200      I1         1.657882582    1.111207504    4.094441589    0.7643641493   0.4776620772   3.8669091      3.083430849    2.526620359    0.2691720716   -0.9321049033  0.4029426442   
201      I1         0.6043209877   2.164814815    3.722222222    0.5241975309   0.01604938272  0.1611111111   1.87962963     2.981481481    0.1450617284   0.2222222222   0.3117345164   
202      I1         1.066049383    2.14382716     4.018518519    0.7056790123   0.1733333333   0.1611111111   3.484567901    0.01851851852  0.2314814815   0.7407407407   0.3355602322   
203      I1         1.611728395    1.787037037    2.512345679    0.4516049383   0.8992592593   7.983333333    2.12654321     2.981481481    0.3302469136   0.2962962963   0.3788824311   
204      I1         1.842592593    1.346296296    3.12962963     0.4032098765   0.330617284    7.25           1.015432099    0.01851851852  0.3364197531   0.7654320988   0.4364993568   
205      I1         1.77962963     1.22037037     3.5            0.3790123457   0.6572839506   6.883333333    1.848765432    0.01851851852  0.2808641975   0.02469135802  0.3812649166   
206      I1         1.359876543    1.787037037    3.401234568    0.5725925926   0.137037037    3.338888889    1.848765432    2.981481481    0.3302469136   0.2962962963   0.2965015342   
207      I1         0.562345679    2.542592593    3.820987654    0.6572839506   0.6814814815   3.338888889    2.682098765    2.944444444    0.1574074074   0.987654321    0.3834348421   
208      I1         1.212962963    2.14382716     3.154320988    0.1491358025   0.9839506173   3.95           1.015432099    2.944444444    0.3425925926   0.987654321    0.2896362488   
209      I1         1.422839506    2.353703704    2.512345679    0.5241975309   0.5362962963   5.416666667    1.015432099    0.01851851852  0.287037037    0.987654321    0.3286570134   
210      I1         1.15           1.933950617    3.574074074    0.6572839506   0.6330864198   0.1611111111   2.682098765    2.388888889    0.1697530864   0.2222222222   0.2729203998   
211      I1         0.8771604938   1.85           3.574074074    0.3427160494   0.5725925926   3.461111111    3.484567901    2.722222222    0.2438271605   0.1975308642   0.3035637585   
212      I1         0.5413580247   2.14382716     4.166666667    0.3548148148   0.1249382716   0.1611111111   1.848765432    2.018518519    0.1574074074   -0.6666666667  0.4723213332   
213      I1         0.3944444444   2.353703704    3.549382716    0.4516049383   0.5725925926   2.361111111    2.836419753    2.018518519    0.05864197531  0.3703703704   0.2679139709   
214      I1         0.6672839506   2.47962963     3.154320988    0.2701234568   0.8750617284   3.216666667    2.527777778    2.944444444    0.274691358    0.987654321    0.570091169    
215      I1         0.8771604938   1.829012346    3.820987654    0.7540740741   0.137037037    1.383333333    1.509259259    2.018518519    0.1450617284   0.6666666667   0.2547715171   
216      I1         1.233950617    2.668518519    3.598765432    0.5483950617   0.7903703704   4.316666667    2.929012346    2.981481481    0.212962963    -0.0987654321  0.3854146846   
217      I1         1.422839506    1.535185185    3.820987654    0.6572839506   0.6451851852   3.338888889    2.651234568    2.722222222    0.1018518519   -0.3209876543  0.3417898407   
218      I1         1.506790123    1.55617284     2.981481481    0.862962963    0.3427160494   5.783333333    3.453703704    2.981481481    0.3364197531   0.5432098765   0.2781968602   
219      I1         1.233950617    1.535185185    3.820987654    0.6209876543   0.330617284    3.216666667    2.929012346    2.981481481    0.2685185185   -0.07407407407 0.3071577779   
220      I1         1.15           2.542592593    3.845679012    0.8387654321   0.01604938272  3.216666667    3.453703704    0.01851851852  0.3364197531   0.987654321    0.378461219    
221      I1         1.087037037    1.010493827    3.845679012    0.3548148148   0.01604938272  0.1611111111   1.848765432    2.981481481    0.3055555556   0              0.423821442    
222      I1         1.842592593    2.14382716     3.944444444    0.01604938272  0.01604938272  3.216666667    1.046296296    0.01851851852  0.3919753086   0.987654321    0.8451046901   
223      I1         1.087037037    2.14382716     4.240740741    0.137037037    0.9718518519   3.338888889    2.651234568    0.01851851852  0.3364197531   -0.987654321   0.577104304    
224      I1         1.15           2.437654321    3.598765432    0.8145679012   0.02814814815  5.416666667    2.651234568    1.055555556    0.01543209877  0.3456790123   0.2629341867   
225      I1         0.8771604938   2.14382716     2.709876543    0.5483950617   0.7177777778   1.75           2.342592593    2.981481481    0.08333333333  0.3209876543   0.3305519107   
226      I1         1.77962963     2.14382716     3.87037037     0.2217283951   0.9839506173   5.416666667    1.169753086    0.9814814815   0.2314814815   0.3209876543   0.6863058716   
227      I1         1.989506173    2.311728395    3.648148148    0.4274074074   0.8387654321   0.2833333333   1.262345679    0.01851851852  0.225308642    0.3703703704   0.6686007438   
228      I1         1.212962963    2.14382716     3.351851852    0.2217283951   0.7782716049   3.338888889    1.601851852    0.01851851852  0.4969135802   0.6666666667   0.2798527364   
229      I1         1.275925926    2.14382716     3.944444444    0.8266666667   0.1007407407   1.75           2.311728395    0.01851851852  0.02777777778  -0.3209876543  0.2641866881   
230      I1         1.401851852    1.912962963    2.685185185    0.01604938272  0.6572839506   3.338888889    1.848765432    0.01851851852  0.4475308642   0.2222222222   0.2851020331   
231      I1         1.29691358     2.14382716     4.314814815    0.6572839506   0.4274074074   3.338888889    2.527777778    0.05555555556  0.1697530864   -0.987654321   0.3533983837   
232      I1         1.401851852    1.577160494    3.203703704    0.5483950617   0.6572839506   3.338888889    1.87962963     2.981481481    0.4537037037   0.987654321    0.3684530419   
233      I1         1.212962963    2.14382716     3.425925926    0.1128395062   0.7782716049   3.338888889    1.972222222    1.018518519    0.4351851852   -0.1728395062  0.5062532069   
234      I1         1.087037037    2.689506173    3.845679012    0.5483950617   0.02814814815  0.2833333333   2.25           2.981481481    0.3364197531   0.1728395062   0.2476009612   
235      I1         1.15           2.353703704    3.820987654    0.584691358    0.04024691358  0.2833333333   2.527777778    2.981481481    0.1697530864   -0.3950617284  0.349661335    
236      I1         0.625308642    1.745061728    3.425925926    0.1975308642   0.2822222222   5.294444444    2.342592593    0.01851851852  0.25           0.1234567901   0.3400201127   
237      I1         0.9401234568   2.689506173    2.981481481    0.4758024691   0.3185185185   3.216666667    2.651234568    1.833333333    0.3858024691   0.6419753086   0.2367843668   
238      I1         1.29691358     1.010493827    3.722222222    0.01604938272  0.5362962963   3.338888889    1.848765432    0.7222222222   0.3364197531   0.7407407407   0.4915338263   
239      I1         0.8771604938   1.724074074    4.487654321    0.4274074074   0.01604938272  3.95           1.509259259    0.01851851852  0.1141975309   -0.3209876543  0.6161465306   
240      I1         0.9820987654   1.010493827    3.154320988    0.3911111111   0.330617284    3.216666667    3.484567901    2.055555556    0.4166666667   0.987654321    0.337766502    
241      I1         1.087037037    2.689506173    2.907407407    0.05234567901  0.330617284    3.338888889    1.015432099    2.018518519    0.3425925926   0.6666666667   0.1876660648   
242      I1         0.5413580247   2.542592593    3.277777778    0.4879012346   0.01604938272  5.783333333    1.972222222    0.01851851852  0.1697530864   0.3456790123   0.2422333388   
243      I1         0.7932098765   2.542592593    2.907407407    0.3427160494   0.01604938272  3.216666667    1.262345679    2.018518519    0.3302469136   0.4444444444   0.1895090354   
244      I1         0.8561728395   2.14382716     2.537037037    0.5241975309   0.01604938272  3.216666667    1.015432099    2.944444444    0.200617284    0.6666666667   0.2932480846   
245      I1         1.15           2.164814815    3.154320988    0.4395061728   0.2338271605   1.016666667    1.848765432    1.944444444    0.4290123457   0.2716049383   0.2706231073   
246      I1         1.233950617    2.668518519    3.425925926    0.01604938272  0.330617284    3.338888889    1.046296296    0.05555555556  0.225308642    0.5679012346   0.2842186538   
247      I1         0.625308642    2.47962963     3.524691358    0.6572839506   0.02814814815  3.338888889    1.817901235    1.277777778    0.08333333333  0.6172839506   0.2706259409   
248      I1         0.9611111111   2.353703704    3.203703704    0.1249382716   0.330617284    3.338888889    1.015432099    0.01851851852  0.4166666667   0.5679012346   0.213340073    
249      I1         1.527777778    2.332716049    3.401234568    0.862962963    0.330617284    3.216666667    2.682098765    0.01851851852  0.3364197531   0.8148148148   0.3288132752   
250      I1         0.625308642    1.010493827    3.154320988    0.1733333333   0.330617284    2.85           2.805555556    0.01851851852  0.1080246914   -0.7407407407  0.2967673488   
251      I1         1.066049383    2.668518519    3.845679012    0.01604938272  0.6572839506   3.338888889    1.046296296    0.05555555556  0.3919753086   0.7407407407   0.3614377301   
252      I1         0.8771604938   2.227777778    4.314814815    0.5            0.01604938272  3.338888889    1.570987654    0.9814814815   0.3425925926   0.4691358025   0.4053263201   
253      I1         0.4783950617   2.689506173    2.981481481    0.4516049383   0.3427160494   8.838888889    2.342592593    2.981481481    0.212962963    0.4444444444   0.3680668547   
254      I1         0.9611111111   2.542592593    3.87037037     0.6572839506   0.669382716    3.338888889    3.453703704    2.981481481    0.3364197531   0.987654321    0.3755897989   
255      I1         0.9611111111   1.535185185    2.759259259    0.07654320988  0.330617284    0.1611111111   1.509259259    2.981481481    0.3364197531   0.3950617284   0.41972391     
256      I1         1.024074074    2.689506173    2.709876543    0.2701234568   0.330617284    3.338888889    3.453703704    0.7222222222   0.4166666667   0.987654321    0.4268984749   
257      I1         1.422839506    1.010493827    2.512345679    0.2338271605   0.4637037037   2.116666667    2.682098765    0.05555555556  0.3240740741   -0.3456790123  0.4204396339   
258      I1         0.8771604938   1.975925926    3.401234568    0.4516049383   0.137037037    2.483333333    3.484567901    0.01851851852  0.3919753086   0.5925925926   0.2445694049   
259      I1         1.44382716     1.346296296    3.574074074    0.8024691358   0.3427160494   3.338888889    2.990740741    0.9814814815   0.003086419753 -0.8888888889  0.3285674779   
260      I1         0.8771604938   2.542592593    3.919753086    0.7782716049   0.02814814815  0.1611111111   2.558641975    1.055555556    0.009259259259 0.5679012346   0.3071284322   
261      I1         1.15           2.14382716     3.845679012    0.3548148148   0.669382716    0.1611111111   3.453703704    0.7222222222   0.4660493827   0.4691358025   0.2531498097   
262      I1         1.233950617    2.14382716     3.87037037     0.6209876543   0.669382716    3.338888889    3.484567901    0.05555555556  0.3981481481   0.5925925926   0.2569064909   
263      I1         1.15           2.521604938    3.87037037     0.6572839506   0.3427160494   0.1611111111   1.941358025    1.944444444    0.225308642    0.2222222222   0.2396510721   
264      I1         0.5833333333   1.55617284     3.845679012    0.2822222222   0.330617284    7.005555556    3.484567901    0.3888888889   0.08333333333  -0.6172839506  0.4787839321   
265      I1         1.380864198    2.164814815    4.092592593    0.6572839506   0.01604938272  3.338888889    3.484567901    1.388888889    0.3919753086   0.2962962963   0.2854604023   
266      I1         1.338888889    2.14382716     4.487654321    0.4637037037   0.3185185185   0.1611111111   2.25           2.981481481    0.4351851852   0              0.3323882926   
267      I1         1.170987654    2.521604938    3.203703704    0.4516049383   0.01604938272  6.883333333    3.484567901    1.388888889    0.4722222222   0.5679012346   0.251612659    
268      I1         0.8771604938   2.689506173    2.981481481    0.6088888889   0.2217283951   0.1611111111   2.404320988    1.722222222    0.1697530864   0.2962962963   0.2910687497   
269      I1         1.338888889    1.577160494    3.425925926    0.9234567901   0.5            2.85           2.651234568    0.01851851852  0.003086419753 0.987654321    0.4281444044   
270      I1         1.317901235    1.010493827    3.154320988    0.6088888889   0.6451851852   2.483333333    1.015432099    2.018518519    0.2314814815   0.987654321    0.4430613027   
271      I1         1.233950617    1.975925926    3.327160494    0.8750617284   0.4516049383   3.95           2.157407407    0.01851851852  0.1203703704   0.5679012346   0.3464975402   
272      I1         1.087037037    2.206790123    2.512345679    0.1007407407   0.6451851852   6.761111111    1.169753086    1.388888889    0.3364197531   0.6666666667   0.2454854823   
273      I1         1.233950617    2.647530864    3.12962963     0.5483950617   0.5362962963   3.338888889    1.87962963     0.9814814815   0.3240740741   0.3209876543   0.2223404485   
274      I1         1.338888889    2.332716049    2.512345679    0.5483950617   0.330617284    6.15           1.324074074    2.981481481    0.2314814815   0.3209876543   0.2222906351   
275      I1         0.4574074074   2.521604938    3.87037037     0.5483950617   0.669382716    0.1611111111   2.682098765    0.01851851852  0.1203703704   0.5185185185   0.2307284501   
276      I1         1.191975309    2.14382716     2.537037037    0.8266666667   0.01604938272  3.338888889    2.805555556    2.981481481    0.3364197531   0.962962963    0.3804637013   
277      I1         1.066049383    2.689506173    2.537037037    0.3669135802   0.01604938272  2.483333333    2.682098765    1.055555556    0.4722222222   0.3209876543   0.329647012    
278      I1         1.233950617    2.521604938    3.574074074    0.5483950617   0.4395061728   4.316666667    1.972222222    2.981481481    0.3240740741   0.2469135802   0.2934285769   
279      I1         0.5833333333   2.038888889    3.00617284     0.2459259259   0.02814814815  3.338888889    1.015432099    0.7592592593   0.2314814815   0.5925925926   0.187476093    
280      I1         0.5203703704   2.14382716     3.154320988    0.415308642    0.1733333333   2.483333333    1.262345679    0.6851851852   0.1759259259   0.3456790123   0.2081443955   
281      I1         1.212962963    1.577160494    3.845679012    0.3427160494   0.01604938272  3.338888889    3.299382716    0.7222222222   0.4722222222   0.3703703704   0.3466674033   
282      I1         1.674691358    1.724074074    3.179012346    0.7903703704   0.330617284    3.338888889    1.447530864    0.8333333333   0.4413580247   0.7407407407   0.2378215224   
283      I1         1.15           1.829012346    2.512345679    0.5            0.9839506173   0.65           2.558641975    0.537037037    0.3179012346   0.6666666667   0.3195494436   
284      I1         1.233950617    2.14382716     4.487654321    0.5            0.3911111111   0.1611111111   2.682098765    0.01851851852  0.25           -0.2222222222  0.3582117558   
285      I1         1.422839506    2.164814815    3.179012346    0.3911111111   0.330617284    3.338888889    1.848765432    0.05555555556  0.4351851852   0.2469135802   0.2464229159   
286      I1         1.359876543    1.724074074    2.512345679    0.5            0.330617284    3.216666667    1.848765432    1.018518519    0.3055555556   0.3209876543   0.2714448914   
287      I1         1.233950617    1.031481481    3.351851852    0.6572839506   0.01604938272  3.338888889    2.095679012    0.2777777778   0.1697530864   -0.8148148148  0.2959090405   
288      I1         0.6462962963   1.409259259    3.154320988    0.1612345679   0.9718518519   0.1611111111   3.299382716    0.9444444444   0.08950617284  -0.3456790123  1.149085877    
289      I1         1.401851852    1.031481481    3.598765432    0.3669135802   0.9839506173   2.238888889    2.898148148    1.018518519    0.2314814815   -0.3209876543  0.7107696574   
290      I1         0.562345679    2.017901235    2.907407407    0.3427160494   0.06444444444  1.016666667    1.848765432    0.01851851852  0.2685185185   0.4197530864   0.1808200051   
291      I1         0.5203703704   1.766049383    3.154320988    0.6209876543   0.4637037037   2.85           2.095679012    0.01851851852  0.1141975309   0.7407407407   0.3035753844   
292      I1         1.422839506    1.55617284     2.685185185    0.6330864198   0.6572839506   9.938888889    2.682098765    1.055555556    0.1203703704   -0.962962963   0.3494944143   
293      I1         1.129012346    1.010493827    2.611111111    0.2580246914   0.3427160494   0.2833333333   3.484567901    0.9444444444   0.3919753086   0.3703703704   0.2857258209   
294      I1         0.8771604938   1.010493827    3.574074074    0.3790123457   0.3427160494   0.1611111111   2.342592593    1.611111111    0.1018518519   -0.4197530864  0.2509402587   
295      I1         1.989506173    2.290740741    4.487654321    0.3427160494   0.8871604938   9.938888889    1.972222222    0.05555555556  0.3240740741   0.3209876543   0.4954393745   
296      I1         1.359876543    1.975925926    3.845679012    0.669382716    0.862962963    7.983333333    2.12654321     2.981481481    0.3117283951   0.5925925926   0.3078796843   
297      I1         0.5413580247   2.689506173    3.845679012    0.5            0.9355555556   3.338888889    2.712962963    0.01851851852  0.009259259259 0.4938271605   0.2810072794   
298      I1         0.6672839506   2.290740741    4.462962963    0.4758024691   0.3427160494   3.216666667    3.484567901    0.05555555556  0.3302469136   0.987654321    0.5518043348   
299      I1         1.359876543    2.668518519    2.907407407    0.6451851852   0.3427160494   0.1611111111   2.805555556    0.01851851852  0.4228395062   0.6913580247   0.3651786619   
300      I1         1.233950617    2.332716049    2.512345679    0.5483950617   0.669382716    3.216666667    1.416666667    0.05555555556  0.274691358    0.5185185185   0.1760027868   
%eval_id interface log__t_efold_shallow log__t_efold_soil log__t_efold_karst f_exfiltration_shallow f_exfiltration_soil PDD_melt_factor log__Hmax_shallow log__fdd_threshold f_direct_runoff log__routing_K neg_kge        
301      I1         1.233950617    2.332716049    2.512345679    0.5483950617   0.669382716    3.216666667    1.416666667    0.05555555556  0.274691358    0.5185185185   0.1760027868   
302      I1         1.403950617    2.332716049    2.512345679    0.5483950617   0.669382716    3.216666667    1.416666667    0.05555555556  0.274691358    0.5185185185   0.1580647466   
303      I1         1.233950617    2.502716049    2.512345679    0.5483950617   0.669382716    3.216666667    1.416666667    0.05555555556  0.274691358    0.5185185185   0.1749379323   
304      I1         1.233950617    2.332716049    2.712345679    0.5483950617   0.669382716    3.216666667    1.416666667    0.05555555556  0.274691358    0.5185185185   0.1760474334   
305      I1         1.233950617    2.332716049    2.512345679    0.6463950617   0.669382716    3.216666667    1.416666667    0.05555555556  0.274691358    0.5185185185   0.2124415446   
306      I1         1.233950617    2.332716049    2.512345679    0.5483950617   0.767382716    3.216666667    1.416666667    0.05555555556  0.274691358    0.5185185185   0.1767756341   
307      I1         1.233950617    2.332716049    2.512345679    0.5483950617   0.669382716    4.206666667    1.416666667    0.05555555556  0.274691358    0.5185185185   0.1807851824   
308      I1         1.233950617    2.332716049    2.512345679    0.5483950617   0.669382716    3.216666667    1.666666667    0.05555555556  0.274691358    0.5185185185   0.2609441908   
309      I1         1.233950617    2.332716049    2.512345679    0.5483950617   0.669382716    3.216666667    1.416666667    0.3555555556   0.274691358    0.5185185185   0.174430292    
310      I1         1.233950617    2.332716049    2.512345679    0.5483950617   0.669382716    3.216666667    1.416666667    0.05555555556  0.324691358    0.5185185185   0.1900251213   
311      I1         1.233950617    2.332716049    2.512345679    0.5483950617   0.669382716    3.216666667    1.416666667    0.05555555556  0.274691358    0.7185185185   0.2369892284   
312      I1         1.063950617    2.332716049    2.512345679    0.5483950617   0.669382716    3.216666667    1.416666667    0.05555555556  0.274691358    0.5185185185   0.2005288173   
313      I1         1.233950617    2.162716049    2.512345679    0.5483950617   0.669382716    3.216666667    1.416666667    0.05555555556  0.274691358    0.5185185185   0.1801248566   
314      I1         1.233950617    2.332716049    2.512345679    0.4503950617   0.669382716    3.216666667    1.416666667    0.05555555556  0.274691358    0.5185185185   0.1976707121   
315      I1         1.233950617    2.332716049    2.512345679    0.5483950617   0.571382716    3.216666667    1.416666667    0.05555555556  0.274691358    0.5185185185   0.1754152596   
316      I1         1.233950617    2.332716049    2.512345679    0.5483950617   0.669382716    2.226666667    1.416666667    0.05555555556  0.274691358    0.5185185185   0.1699375232   
317      I1         1.233950617    2.332716049    2.512345679    0.5483950617   0.669382716    3.216666667    1.166666667    0.05555555556  0.274691358    0.5185185185   0.3433380204   
318      I1         1.233950617    2.332716049    2.512345679    0.5483950617   0.669382716    3.216666667    1.416666667    0.05555555556  0.224691358    0.5185185185   0.1709639846   
319      I1         1.233950617    2.332716049    2.512345679    0.5483950617   0.669382716    3.216666667    1.416666667    0.05555555556  0.274691358    0.3185185185   0.2001108433   
320      I1         1.573950617    2.332716049    2.512345679    0.5483950617   0.669382716    3.216666667    1.416666667    0.05555555556  0.274691358    0.5185185185   0.1545098108   
321      I1         1.403950617    2.502716049    2.512345679    0.5483950617   0.669382716    3.216666667    1.416666667    0.05555555556  0.274691358    0.5185185185   0.1569707566   
322      I1         1.403950617    2.332716049    2.712345679    0.5483950617   0.669382716    3.216666667    1.416666667    0.05555555556  0.274691358    0.5185185185   0.1580900309   
323      I1         1.403950617    2.332716049    2.512345679    0.6463950617   0.669382716    3.216666667    1.416666667    0.05555555556  0.274691358    0.5185185185   0.1822150675   
324      I1         1.403950617    2.332716049    2.512345679    0.5483950617   0.767382716    3.216666667    1.416666667    0.05555555556  0.274691358    0.5185185185   0.1587318311   
325      I1         1.403950617    2.332716049    2.512345679    0.5483950617   0.669382716    4.206666667    1.416666667    0.05555555556  0.274691358    0.5185185185   0.1632451683   
326      I1         1.403950617    2.332716049    2.512345679    0.5483950617   0.669382716    3.216666667    1.666666667    0.05555555556  0.274691358    0.5185185185   0.3052880692   
327      I1         1.403950617    2.332716049    2.512345679    0.5483950617   0.669382716    3.216666667    1.416666667    0.3555555556   0.274691358    0.5185185185   0.1571974347   
328      I1         1.403950617    2.332716049    2.512345679    0.5483950617   0.669382716    3.216666667    1.416666667    0.05555555556  0.324691358    0.5185185185   0.1672164796   
329      I1         1.403950617    2.332716049    2.512345679    0.5483950617   0.669382716    3.216666667    1.416666667    0.05555555556  0.274691358    0.7185185185   0.2243488228   
330      I1         1.403950617    2.162716049    2.512345679    0.5483950617   0.669382716    3.216666667    1.416666667    0.05555555556  0.274691358    0.5185185185   0.1611218534   
331      I1         1.403950617    2.332716049    2.512345679    0.4503950617   0.669382716    3.216666667    1.416666667    0.05555555556  0.274691358    0.5185185185   0.1750904887   
332      I1         1.403950617    2.332716049    2.512345679    0.5483950617   0.571382716    3.216666667    1.416666667    0.05555555556  0.274691358    0.5185185185   0.1575269209   
333      I1         1.403950617    2.332716049    2.512345679    0.5483950617   0.669382716    2.226666667    1.416666667    0.05555555556  0.274691358    0.5185185185   0.1524068369   
334      I1         1.403950617    2.332716049    2.512345679    0.5483950617   0.669382716    3.216666667    1.166666667    0.05555555556  0.274691358    0.5185185185   0.3653786732   
335      I1         1.403950617    2.332716049    2.512345679    0.5483950617   0.669382716    3.216666667    1.416666667    0.05555555556  0.224691358    0.5185185185   0.154692001    
336      I1         1.403950617    2.332716049    2.512345679    0.5483950617   0.669382716    3.216666667    1.416666667    0.05555555556  0.274691358    0.3185185185   0.2020342724   
337      I1         1.488950617    2.332716049    2.512345679    0.5483950617   0.669382716    3.216666667    1.416666667    0.05555555556  0.274691358    0.5185185185   0.1529185769   
338      I1         1.403950617    2.417716049    2.512345679    0.5483950617   0.669382716    3.216666667    1.416666667    0.05555555556  0.274691358    0.5185185185   0.1574179338   
339      I1         1.403950617    2.332716049    2.612345679    0.5483950617   0.669382716    3.216666667    1.416666667    0.05555555556  0.274691358    0.5185185185   0.1580649826   
340      I1         1.403950617    2.332716049    2.512345679    0.5973950617   0.669382716    3.216666667    1.416666667    0.05555555556  0.274691358    0.5185185185   0.1653023169   
341      I1         1.403950617    2.332716049    2.512345679    0.5483950617   0.718382716    3.216666667    1.416666667    0.05555555556  0.274691358    0.5185185185   0.1583809765   
342      I1         1.403950617    2.332716049    2.512345679    0.5483950617   0.669382716    3.711666667    1.416666667    0.05555555556  0.274691358    0.5185185185   0.1605987565   
343      I1         1.403950617    2.332716049    2.512345679    0.5483950617   0.669382716    3.216666667    1.541666667    0.05555555556  0.274691358    0.5185185185   0.2324144432   
344      I1         1.403950617    2.332716049    2.512345679    0.5483950617   0.669382716    3.216666667    1.416666667    0.2055555556   0.274691358    0.5185185185   0.1575514369   
345      I1         1.403950617    2.332716049    2.512345679    0.5483950617   0.669382716    3.216666667    1.416666667    0.05555555556  0.299691358    0.5185185185   0.1617858571   
346      I1         1.403950617    2.332716049    2.512345679    0.5483950617   0.669382716    3.216666667    1.416666667    0.05555555556  0.274691358    0.6185185185   0.1852739961   
347      I1         1.318950617    2.332716049    2.512345679    0.5483950617   0.669382716    3.216666667    1.416666667    0.05555555556  0.274691358    0.5185185185   0.1659488557   
348      I1         1.403950617    2.247716049    2.512345679    0.5483950617   0.669382716    3.216666667    1.416666667    0.05555555556  0.274691358    0.5185185185   0.1591252685   
349      I1         1.403950617    2.332716049    2.512345679    0.4993950617   0.669382716    3.216666667    1.416666667    0.05555555556  0.274691358    0.5185185185   0.163209309    
350      I1         1.403950617    2.332716049    2.512345679    0.5483950617   0.620382716    3.216666667    1.416666667    0.05555555556  0.274691358    0.5185185185   0.1577809371   
351      I1         1.403950617    2.332716049    2.512345679    0.5483950617   0.669382716    2.721666667    1.416666667    0.05555555556  0.274691358    0.5185185185   0.1551537053   
352      I1         1.403950617    2.332716049    2.512345679    0.5483950617   0.669382716    3.216666667    1.291666667    0.05555555556  0.274691358    0.5185185185   0.2196207321   
353      I1         1.403950617    2.332716049    2.512345679    0.5483950617   0.669382716    3.216666667    1.416666667    0.05555555556  0.249691358    0.5185185185   0.1559633367   
354      I1         1.403950617    2.332716049    2.512345679    0.5483950617   0.669382716    3.216666667    1.416666667    0.05555555556  0.274691358    0.4185185185   0.1619093115   
355      I1         1.488950617    2.417716049    2.512345679    0.5483950617   0.669382716    3.216666667    1.416666667    0.05555555556  0.274691358    0.5185185185   0.1520020258   
356      I1         1.488950617    2.332716049    2.612345679    0.5483950617   0.669382716    3.216666667    1.416666667    0.05555555556  0.274691358    0.5185185185   0.153025465    
357      I1         1.488950617    2.332716049    2.512345679    0.5973950617   0.669382716    3.216666667    1.416666667    0.05555555556  0.274691358    0.5185185185   0.1622332836   
358      I1         1.488950617    2.332716049    2.512345679    0.5483950617   0.718382716    3.216666667    1.416666667    0.05555555556  0.274691358    0.5185185185   0.153357556    
359      I1         1.488950617    2.332716049    2.512345679    0.5483950617   0.669382716    3.711666667    1.416666667    0.05555555556  0.274691358    0.5185185185   0.1546350264   
360      I1         1.488950617    2.332716049    2.512345679    0.5483950617   0.669382716    3.216666667    1.541666667    0.05555555556  0.274691358    0.5185185185   0.2252217144   
361      I1         1.488950617    2.332716049    2.512345679    0.5483950617   0.669382716    3.216666667    1.416666667    0.2055555556   0.274691358    0.5185185185   0.1520172989   
362      I1         1.488950617    2.332716049    2.512345679    0.5483950617   0.669382716    3.216666667    1.416666667    0.05555555556  0.299691358    0.5185185185   0.156604044    
363      I1         1.488950617    2.332716049    2.512345679    0.5483950617   0.669382716    3.216666667    1.416666667    0.05555555556  0.274691358    0.6185185185   0.1761504234   
364      I1         1.488950617    2.247716049    2.512345679    0.5483950617   0.669382716    3.216666667    1.416666667    0.05555555556  0.274691358    0.5185185185   0.1543819489   
365      I1         1.488950617    2.332716049    2.512345679    0.4993950617   0.669382716    3.216666667    1.416666667    0.05555555556  0.274691358    0.5185185185   0.1537721902   
366      I1         1.488950617    2.332716049    2.512345679    0.5483950617   0.620382716    3.216666667    1.416666667    0.05555555556  0.274691358    0.5185185185   0.152507545    
367      I1         1.488950617    2.332716049    2.512345679    0.5483950617   0.669382716    2.721666667    1.416666667    0.05555555556  0.274691358    0.5185185185   0.1509277715   
368      I1         1.488950617    2.332716049    2.512345679    0.5483950617   0.669382716    3.216666667    1.291666667    0.05555555556  0.274691358    0.5185185185   0.2340249038   
369      I1         1.488950617    2.332716049    2.512345679    0.5483950617   0.669382716    3.216666667    1.416666667    0.05555555556  0.249691358    0.5185185185   0.1501648774   
370      I1         1.488950617    2.332716049    2.512345679    0.5483950617   0.669382716    3.216666667    1.416666667    0.05555555556  0.274691358    0.4185185185   0.1685020755   
371      I1         1.573950617    2.332716049    2.512345679    0.5483950617   0.669382716    3.216666667    1.416666667    0.05555555556  0.249691358    0.5185185185   0.1516246308   
372      I1         1.488950617    2.417716049    2.512345679    0.5483950617   0.669382716    3.216666667    1.416666667    0.05555555556  0.249691358    0.5185185185   0.1494019601   
373      I1         1.488950617    2.332716049    2.612345679    0.5483950617   0.669382716    3.216666667    1.416666667    0.05555555556  0.249691358    0.5185185185   0.1502069448   
374      I1         1.488950617    2.332716049    2.512345679    0.5973950617   0.669382716    3.216666667    1.416666667    0.05555555556  0.249691358    0.5185185185   0.1577396327   
375      I1         1.488950617    2.332716049    2.512345679    0.5483950617   0.718382716    3.216666667    1.416666667    0.05555555556  0.249691358    0.5185185185   0.1505286428   
376      I1         1.488950617    2.332716049    2.512345679    0.5483950617   0.669382716    3.711666667    1.416666667    0.05555555556  0.249691358    0.5185185185   0.1523360489   
377      I1         1.488950617    2.332716049    2.512345679    0.5483950617   0.669382716    3.216666667    1.541666667    0.05555555556  0.249691358    0.5185185185   0.2305115368   
378      I1         1.488950617    2.332716049    2.512345679    0.5483950617   0.669382716    3.216666667    1.416666667    0.2055555556   0.249691358    0.5185185185   0.149611949    
379      I1         1.488950617    2.332716049    2.512345679    0.5483950617   0.669382716    3.216666667    1.416666667    0.05555555556  0.249691358    0.6185185185   0.1759714386   
380      I1         1.488950617    2.247716049    2.512345679    0.5483950617   0.669382716    3.216666667    1.416666667    0.05555555556  0.249691358    0.5185185185   0.1513694713   
381      I1         1.488950617    2.332716049    2.512345679    0.4993950617   0.669382716    3.216666667    1.416666667    0.05555555556  0.249691358    0.5185185185   0.1534843399   
382      I1         1.488950617    2.332716049    2.512345679    0.5483950617   0.620382716    3.216666667    1.416666667    0.05555555556  0.249691358    0.5185185185   0.1498296919   
383      I1         1.488950617    2.332716049    2.512345679    0.5483950617   0.669382716    2.721666667    1.416666667    0.05555555556  0.249691358    0.5185185185   0.147800073    
384      I1         1.488950617    2.332716049    2.512345679    0.5483950617   0.669382716    3.216666667    1.291666667    0.05555555556  0.249691358    0.5185185185   0.2337985487   
385      I1         1.488950617    2.332716049    2.512345679    0.5483950617   0.669382716    3.216666667    1.416666667    0.05555555556  0.224691358    0.5185185185   0.1482474389   
386      I1         1.488950617    2.332716049    2.512345679    0.5483950617   0.669382716    3.216666667    1.416666667    0.05555555556  0.249691358    0.4185185185   0.1628492532   
387      I1         1.531450617    2.332716049    2.512345679    0.5483950617   0.669382716    3.216666667    1.416666667    0.05555555556  0.249691358    0.5185185185   0.1493081818   
388      I1         1.488950617    2.375216049    2.512345679    0.5483950617   0.669382716    3.216666667    1.416666667    0.05555555556  0.249691358    0.5185185185   0.1497443666   
389      I1         1.488950617    2.332716049    2.562345679    0.5483950617   0.669382716    3.216666667    1.416666667    0.05555555556  0.249691358    0.5185185185   0.1501848829   
390      I1         1.488950617    2.332716049    2.512345679    0.5728950617   0.669382716    3.216666667    1.416666667    0.05555555556  0.249691358    0.5185185185   0.1527282265   
391      I1         1.488950617    2.332716049    2.512345679    0.5483950617   0.693882716    3.216666667    1.416666667    0.05555555556  0.249691358    0.5185185185   0.1503430944   
392      I1         1.488950617    2.332716049    2.512345679    0.5483950617   0.669382716    3.464166667    1.416666667    0.05555555556  0.249691358    0.5185185185   0.1511842884   
393      I1         1.488950617    2.332716049    2.512345679    0.5483950617   0.669382716    3.216666667    1.479166667    0.05555555556  0.249691358    0.5185185185   0.1831226291   
394      I1         1.488950617    2.332716049    2.512345679    0.5483950617   0.669382716    3.216666667    1.416666667    0.1305555556   0.249691358    0.5185185185   0.1500783257   
395      I1         1.488950617    2.332716049    2.512345679    0.5483950617   0.669382716    3.216666667    1.416666667    0.05555555556  0.262191358    0.5185185185   0.1514358963   
396      I1         1.488950617    2.332716049    2.512345679    0.5483950617   0.669382716    3.216666667    1.416666667    0.05555555556  0.249691358    0.5685185185   0.1601915247   
397      I1         1.446450617    2.332716049    2.512345679    0.5483950617   0.669382716    3.216666667    1.416666667    0.05555555556  0.249691358    0.5185185185   0.152539249    
398      I1         1.488950617    2.290216049    2.512345679    0.5483950617   0.669382716    3.216666667    1.416666667    0.05555555556  0.249691358    0.5185185185   0.1506929327   
399      I1         1.488950617    2.332716049    2.512345679    0.5238950617   0.669382716    3.216666667    1.416666667    0.05555555556  0.249691358    0.5185185185   0.1506270222   
400      I1         1.488950617    2.332716049    2.512345679    0.5483950617   0.644882716    3.216666667    1.416666667    0.05555555556  0.249691358    0.5185185185   0.1499938169   
401      I1         1.488950617    2.332716049    2.512345679    0.5483950617   0.669382716    2.969166667    1.416666667    0.05555555556  0.249691358    0.5185185185   0.1489621737   
402      I1         1.488950617    2.332716049    2.512345679    0.5483950617   0.669382716    3.216666667    1.354166667    0.05555555556  0.249691358    0.5185185185   0.1763811904   
403      I1         1.488950617    2.332716049    2.512345679    0.5483950617   0.669382716    3.216666667    1.416666667    0.05555555556  0.237191358    0.5185185185   0.1490952764   
404      I1         1.488950617    2.332716049    2.512345679    0.5483950617   0.669382716    3.216666667    1.416666667    0.05555555556  0.249691358    0.4685185185   0.1507339776   
405      I1         1.531450617    2.332716049    2.512345679    0.5483950617   0.669382716    2.969166667    1.416666667    0.05555555556  0.249691358    0.5185185185   0.1485197177   
406      I1         1.488950617    2.375216049    2.512345679    0.5483950617   0.669382716    2.969166667    1.416666667    0.05555555556  0.249691358    0.5185185185   0.1484889751   
407      I1         1.488950617    2.332716049    2.562345679    0.5483950617   0.669382716    2.969166667    1.416666667    0.05555555556  0.249691358    0.5185185185   0.1489962796   
408      I1         1.488950617    2.332716049    2.512345679    0.5728950617   0.669382716    2.969166667    1.416666667    0.05555555556  0.249691358    0.5185185185   0.1520600011   
409      I1         1.488950617    2.332716049    2.512345679    0.5483950617   0.693882716    2.969166667    1.416666667    0.05555555556  0.249691358    0.5185185185   0.1491625528   
410      I1         1.488950617    2.332716049    2.512345679    0.5483950617   0.669382716    2.969166667    1.479166667    0.05555555556  0.249691358    0.5185185185   0.1806315988   
411      I1         1.488950617    2.332716049    2.512345679    0.5483950617   0.669382716    2.969166667    1.416666667    0.1305555556   0.249691358    0.5185185185   0.1488265462   
412      I1         1.488950617    2.332716049    2.512345679    0.5483950617   0.669382716    2.969166667    1.416666667    0.05555555556  0.262191358    0.5185185185   0.1503303052   
413      I1         1.488950617    2.332716049    2.512345679    0.5483950617   0.669382716    2.969166667    1.416666667    0.05555555556  0.249691358    0.5685185185   0.1583767357   
414      I1         1.446450617    2.332716049    2.512345679    0.5483950617   0.669382716    2.969166667    1.416666667    0.05555555556  0.249691358    0.5185185185   0.1510405661   
415      I1         1.488950617    2.290216049    2.512345679    0.5483950617   0.669382716    2.969166667    1.416666667    0.05555555556  0.249691358    0.5185185185   0.1495572789   
416      I1         1.488950617    2.332716049    2.512345679    0.5238950617   0.669382716    2.969166667    1.416666667    0.05555555556  0.249691358    0.5185185185   0.1488754447   
417      I1         1.488950617    2.332716049    2.512345679    0.5483950617   0.644882716    2.969166667    1.416666667    0.05555555556  0.249691358    0.5185185185   0.1487691496   
418      I1         1.488950617    2.332716049    2.512345679    0.5483950617   0.669382716    2.969166667    1.354166667    0.05555555556  0.249691358    0.5185185185   0.1768518489   
419      I1         1.488950617    2.332716049    2.512345679    0.5483950617   0.669382716    2.969166667    1.416666667    0.05555555556  0.237191358    0.5185185185   0.1477946908   
420      I1         1.488950617    2.332716049    2.512345679    0.5483950617   0.669382716    2.969166667    1.416666667    0.05555555556  0.249691358    0.4685185185   0.1502955159   
421      I1         1.531450617    2.332716049    2.512345679    0.5483950617   0.669382716    2.969166667    1.416666667    0.05555555556  0.237191358    0.5185185185   0.1471610205   
422      I1         1.488950617    2.375216049    2.512345679    0.5483950617   0.669382716    2.969166667    1.416666667    0.05555555556  0.237191358    0.5185185185   0.1473688159   
423      I1         1.488950617    2.332716049    2.562345679    0.5483950617   0.669382716    2.969166667    1.416666667    0.05555555556  0.237191358    0.5185185185   0.1478118905   
424      I1         1.488950617    2.332716049    2.512345679    0.5728950617   0.669382716    2.969166667    1.416666667    0.05555555556  0.237191358    0.5185185185   0.1503562322   
425      I1         1.488950617    2.332716049    2.512345679    0.5483950617   0.693882716    2.969166667    1.416666667    0.05555555556  0.237191358    0.5185185185   0.1479752289   
426      I1         1.488950617    2.332716049    2.512345679    0.5483950617   0.669382716    2.969166667    1.479166667    0.05555555556  0.237191358    0.5185185185   0.1810858892   
427      I1         1.488950617    2.332716049    2.512345679    0.5483950617   0.669382716    2.969166667    1.416666667    0.1305555556   0.237191358    0.5185185185   0.1477129679   
428      I1         1.488950617    2.332716049    2.512345679    0.5483950617   0.669382716    2.969166667    1.416666667    0.05555555556  0.237191358    0.5685185185   0.1579753029   
429      I1         1.446450617    2.332716049    2.512345679    0.5483950617   0.669382716    2.969166667    1.416666667    0.05555555556  0.237191358    0.5185185185   0.15012456     
430      I1         1.488950617    2.290216049    2.512345679    0.5483950617   0.669382716    2.969166667    1.416666667    0.05555555556  0.237191358    0.5185185185   0.1483292941   
431      I1         1.488950617    2.332716049    2.512345679    0.5238950617   0.669382716    2.969166667    1.416666667    0.05555555556  0.237191358    0.5185185185   0.1483642403   
432      I1         1.488950617    2.332716049    2.512345679    0.5483950617   0.644882716    2.969166667    1.416666667    0.05555555556  0.237191358    0.5185185185   0.1476215771   
433      I1         1.488950617    2.332716049    2.512345679    0.5483950617   0.669382716    2.721666667    1.416666667    0.05555555556  0.237191358    0.5185185185   0.1465322104   
434      I1         1.488950617    2.332716049    2.512345679    0.5483950617   0.669382716    2.969166667    1.354166667    0.05555555556  0.237191358    0.5185185185   0.1763237679   
435      I1         1.488950617    2.332716049    2.512345679    0.5483950617   0.669382716    2.969166667    1.416666667    0.05555555556  0.224691358    0.5185185185   0.1468461455   
436      I1         1.488950617    2.332716049    2.512345679    0.5483950617   0.669382716    2.969166667    1.416666667    0.05555555556  0.237191358    0.4685185185   0.1482439354   
437      I1         1.531450617    2.332716049    2.512345679    0.5483950617   0.669382716    2.721666667    1.416666667    0.05555555556  0.237191358    0.5185185185   0.1464007924   
438      I1         1.488950617    2.375216049    2.512345679    0.5483950617   0.669382716    2.721666667    1.416666667    0.05555555556  0.237191358    0.5185185185   0.1460493829   
439      I1         1.488950617    2.332716049    2.562345679    0.5483950617   0.669382716    2.721666667    1.416666667    0.05555555556  0.237191358    0.5185185185   0.1465639569   
440      I1         1.488950617    2.332716049    2.512345679    0.5728950617   0.669382716    2.721666667    1.416666667    0.05555555556  0.237191358    0.5185185185   0.1496549348   
441      I1         1.488950617    2.332716049    2.512345679    0.5483950617   0.693882716    2.721666667    1.416666667    0.05555555556  0.237191358    0.5185185185   0.1467366804   
442      I1         1.488950617    2.332716049    2.512345679    0.5483950617   0.669382716    2.721666667    1.479166667    0.05555555556  0.237191358    0.5185185185   0.1785646547   
443      I1         1.488950617    2.332716049    2.512345679    0.5483950617   0.669382716    2.721666667    1.416666667    0.1305555556   0.237191358    0.5185185185   0.1463988116   
444      I1         1.488950617    2.332716049    2.512345679    0.5483950617   0.669382716    2.721666667    1.416666667    0.05555555556  0.237191358    0.5685185185   0.1561180522   
445      I1         1.446450617    2.332716049    2.512345679    0.5483950617   0.669382716    2.721666667    1.416666667    0.05555555556  0.237191358    0.5185185185   0.1485341795   
446      I1         1.488950617    2.290216049    2.512345679    0.5483950617   0.669382716    2.721666667    1.416666667    0.05555555556  0.237191358    0.5185185185   0.1471390425   
447      I1         1.488950617    2.332716049    2.512345679    0.5238950617   0.669382716    2.721666667    1.416666667    0.05555555556  0.237191358    0.5185185185   0.1465412444   
448      I1         1.488950617    2.332716049    2.512345679    0.5483950617   0.644882716    2.721666667    1.416666667    0.05555555556  0.237191358    0.5185185185   0.1463353936   
449      I1         1.488950617    2.332716049    2.512345679    0.5483950617   0.669382716    2.474166667    1.416666667    0.05555555556  0.237191358    0.5185185185   0.145470881    
450      I1         1.488950617    2.332716049    2.512345679    0.5483950617   0.669382716    2.721666667    1.354166667    0.05555555556  0.237191358    0.5185185185   0.1768396091   
451      I1         1.488950617    2.332716049    2.512345679    0.5483950617   0.669382716    2.721666667    1.416666667    0.05555555556  0.224691358    0.5185185185   0.1454834149   
452      I1         1.488950617    2.332716049    2.512345679    0.5483950617   0.669382716    2.721666667    1.416666667    0.05555555556  0.237191358    0.4685185185   0.1477843078   
453      I1         1.531450617    2.332716049    2.512345679    0.5483950617   0.669382716    2.474166667    1.416666667    0.05555555556  0.237191358    0.5185185185   0.1458632261   
454      I1         1.488950617    2.375216049    2.512345679    0.5483950617   0.669382716    2.474166667    1.416666667    0.05555555556  0.237191358    0.5185185185   0.1449287035   
455      I1         1.488950617    2.332716049    2.562345679    0.5483950617   0.669382716    2.474166667    1.416666667    0.05555555556  0.237191358    0.5185185185   0.1455175621   
456      I1         1.488950617    2.332716049    2.512345679    0.5728950617   0.669382716    2.474166667    1.416666667    0.05555555556  0.237191358    0.5185185185   0.1491527415   
457      I1         1.488950617    2.332716049    2.512345679    0.5483950617   0.693882716    2.474166667    1.416666667    0.05555555556  0.237191358    0.5185185185   0.1457000565   
458      I1         1.488950617    2.332716049    2.512345679    0.5483950617   0.669382716    2.474166667    1.479166667    0.05555555556  0.237191358    0.5185185185   0.1760609851   
459      I1         1.488950617    2.332716049    2.512345679    0.5483950617   0.669382716    2.474166667    1.416666667    0.1305555556   0.237191358    0.5185185185   0.1452827245   
460      I1         1.488950617    2.332716049    2.512345679    0.5483950617   0.669382716    2.474166667    1.416666667    0.05555555556  0.249691358    0.5185185185   0.1468434598   
461      I1         1.488950617    2.332716049    2.512345679    0.5483950617   0.669382716    2.474166667    1.416666667    0.05555555556  0.237191358    0.5685185185   0.154375465    
462      I1         1.446450617    2.332716049    2.512345679    0.5483950617   0.669382716    2.474166667    1.416666667    0.05555555556  0.237191358    0.5185185185   0.1471082596   
463      I1         1.488950617    2.290216049    2.512345679    0.5483950617   0.669382716    2.474166667    1.416666667    0.05555555556  0.237191358    0.5185185185   0.1461518548   
464      I1         1.488950617    2.332716049    2.512345679    0.5238950617   0.669382716    2.474166667    1.416666667    0.05555555556  0.237191358    0.5185185185   0.144855876    
465      I1         1.488950617    2.332716049    2.512345679    0.5483950617   0.644882716    2.474166667    1.416666667    0.05555555556  0.237191358    0.5185185185   0.1452494664   
466      I1         1.488950617    2.332716049    2.512345679    0.5483950617   0.669382716    2.226666667    1.416666667    0.05555555556  0.237191358    0.5185185185   0.1443369727   
467      I1         1.488950617    2.332716049    2.512345679    0.5483950617   0.669382716    2.474166667    1.354166667    0.05555555556  0.237191358    0.5185185185   0.1775279638   
468      I1         1.488950617    2.332716049    2.512345679    0.5483950617   0.669382716    2.474166667    1.416666667    0.05555555556  0.224691358    0.5185185185   0.14432222     
469      I1         1.488950617    2.332716049    2.512345679    0.5483950617   0.669382716    2.474166667    1.416666667    0.05555555556  0.237191358    0.4685185185   0.1475244752   
470      I1         1.573950617    2.332716049    2.512345679    0.5483950617   0.669382716    2.474166667    1.416666667    0.05555555556  0.224691358    0.5185185185   0.1496165969   
471      I1         1.488950617    2.417716049    2.512345679    0.5483950617   0.669382716    2.474166667    1.416666667    0.05555555556  0.224691358    0.5185185185   0.1434176925   
472      I1         1.488950617    2.332716049    2.612345679    0.5483950617   0.669382716    2.474166667    1.416666667    0.05555555556  0.224691358    0.5185185185   0.1443847716   
473      I1         1.488950617    2.332716049    2.512345679    0.5973950617   0.669382716    2.474166667    1.416666667    0.05555555556  0.224691358    0.5185185185   0.1530946589   
474      I1         1.488950617    2.332716049    2.512345679    0.5483950617   0.718382716    2.474166667    1.416666667    0.05555555556  0.224691358    0.5185185185   0.1447538642   
475      I1         1.488950617    2.332716049    2.512345679    0.5483950617   0.669382716    2.474166667    1.541666667    0.05555555556  0.224691358    0.5185185185   0.2276375057   
476      I1         1.488950617    2.332716049    2.512345679    0.5483950617   0.669382716    2.474166667    1.416666667    0.2055555556   0.224691358    0.5185185185   0.1437150504   
477      I1         1.488950617    2.332716049    2.512345679    0.5483950617   0.669382716    2.474166667    1.416666667    0.05555555556  0.249691358    0.5185185185   0.1468434598   
478      I1         1.488950617    2.332716049    2.512345679    0.5483950617   0.669382716    2.474166667    1.416666667    0.05555555556  0.224691358    0.6185185185   0.1696971491   
479      I1         1.403950617    2.332716049    2.512345679    0.5483950617   0.669382716    2.474166667    1.416666667    0.05555555556  0.224691358    0.5185185185   0.1491952711   
480      I1         1.488950617    2.247716049    2.512345679    0.5483950617   0.669382716    2.474166667    1.416666667    0.05555555556  0.224691358    0.5185185185   0.1457512243   
481      I1         1.488950617    2.332716049    2.512345679    0.4993950617   0.669382716    2.474166667    1.416666667    0.05555555556  0.224691358    0.5185185185   0.1471088763   
482      I1         1.488950617    2.332716049    2.512345679    0.5483950617   0.620382716    2.474166667    1.416666667    0.05555555556  0.224691358    0.5185185185   0.1439228397   
483      I1         1.488950617    2.332716049    2.512345679    0.5483950617   0.669382716    1.979166667    1.416666667    0.05555555556  0.224691358    0.5185185185   0.1413514013   
484      I1         1.488950617    2.332716049    2.512345679    0.5483950617   0.669382716    2.474166667    1.291666667    0.05555555556  0.224691358    0.5185185185   0.2390464287   
485      I1         1.488950617    2.332716049    2.512345679    0.5483950617   0.669382716    2.474166667    1.416666667    0.05555555556  0.199691358    0.5185185185   0.1423783502   
486      I1         1.488950617    2.332716049    2.512345679    0.5483950617   0.669382716    2.474166667    1.416666667    0.05555555556  0.224691358    0.4185185185   0.1581324635   
487      I1         1.573950617    2.332716049    2.512345679    0.5483950617   0.669382716    1.979166667    1.416666667    0.05555555556  0.224691358    0.5185185185   0.1490426862   
488      I1         1.488950617    2.417716049    2.512345679    0.5483950617   0.669382716    1.979166667    1.416666667    0.05555555556  0.224691358    0.5185185185   0.1402248111   
489      I1         1.488950617    2.332716049    2.612345679    0.5483950617   0.669382716    1.979166667    1.416666667    0.05555555556  0.224691358    0.5185185185   0.141469201    
490      I1         1.488950617    2.332716049    2.512345679    0.5973950617   0.669382716    1.979166667    1.416666667    0.05555555556  0.224691358    0.5185185185   0.1520123067   
491      I1         1.488950617    2.332716049    2.512345679    0.5483950617   0.718382716    1.979166667    1.416666667    0.05555555556  0.224691358    0.5185185185   0.141885291    
492      I1         1.488950617    2.332716049    2.512345679    0.5483950617   0.669382716    1.979166667    1.541666667    0.05555555556  0.224691358    0.5185185185   0.2216705649   
493      I1         1.488950617    2.332716049    2.512345679    0.5483950617   0.669382716    1.979166667    1.416666667    0.2055555556   0.224691358    0.5185185185   0.140401924    
494      I1         1.488950617    2.332716049    2.512345679    0.5483950617   0.669382716    1.979166667    1.416666667    0.05555555556  0.249691358    0.5185185185   0.1441464552   
495      I1         1.488950617    2.332716049    2.512345679    0.5483950617   0.669382716    1.979166667    1.416666667    0.05555555556  0.224691358    0.6185185185   0.164699658    
496      I1         1.403950617    2.332716049    2.512345679    0.5483950617   0.669382716    1.979166667    1.416666667    0.05555555556  0.224691358    0.5185185185   0.1447552919   
497      I1         1.488950617    2.247716049    2.512345679    0.5483950617   0.669382716    1.979166667    1.416666667    0.05555555556  0.224691358    0.5185185185   0.1431143536   
498      I1         1.488950617    2.332716049    2.512345679    0.4993950617   0.669382716    1.979166667    1.416666667    0.05555555556  0.224691358    0.5185185185   0.1418929493   
499      I1         1.488950617    2.332716049    2.512345679    0.5483950617   0.620382716    1.979166667    1.416666667    0.05555555556  0.224691358    0.5185185185   0.1408493965   
500      I1         1.488950617    2.332716049    2.512345679    0.5483950617   0.669382716    1.484166667    1.416666667    0.05555555556  0.224691358    0.5185185185   0.1393279589   
501      I1         1.488950617    2.332716049    2.512345679    0.5483950617   0.669382716    1.979166667    1.291666667    0.05555555556  0.224691358    0.5185185185   0.2418580069   
502      I1         1.488950617    2.332716049    2.512345679    0.5483950617   0.669382716    1.979166667    1.416666667    0.05555555556  0.199691358    0.5185185185   0.1393328355   
503      I1         1.488950617    2.332716049    2.512345679    0.5483950617   0.669382716    1.979166667    1.416666667    0.05555555556  0.224691358    0.4185185185   0.1574119594   
504      I1         1.531450617    2.332716049    2.512345679    0.5483950617   0.669382716    1.979166667    1.416666667    0.05555555556  0.224691358    0.5185185185   0.1431287496   
505      I1         1.488950617    2.375216049    2.512345679    0.5483950617   0.669382716    1.979166667    1.416666667    0.05555555556  0.224691358    0.5185185185   0.140727351    
506      I1         1.488950617    2.332716049    2.562345679    0.5483950617   0.669382716    1.979166667    1.416666667    0.05555555556  0.224691358    0.5185185185   0.1414126813   
507      I1         1.488950617    2.332716049    2.512345679    0.5728950617   0.669382716    1.979166667    1.416666667    0.05555555556  0.224691358    0.5185185185   0.1457152756   
508      I1         1.488950617    2.332716049    2.512345679    0.5483950617   0.693882716    1.979166667    1.416666667    0.05555555556  0.224691358    0.5185185185   0.1416143209   
509      I1         1.488950617    2.332716049    2.512345679    0.5483950617   0.669382716    2.226666667    1.416666667    0.05555555556  0.224691358    0.5185185185   0.1431027989   
510      I1         1.488950617    2.332716049    2.512345679    0.5483950617   0.669382716    1.979166667    1.479166667    0.05555555556  0.224691358    0.5185185185   0.1704280281   
511      I1         1.488950617    2.332716049    2.512345679    0.5483950617   0.669382716    1.979166667    1.416666667    0.1305555556   0.224691358    0.5185185185   0.1410948885   
512      I1         1.488950617    2.332716049    2.512345679    0.5483950617   0.669382716    1.979166667    1.416666667    0.05555555556  0.237191358    0.5185185185   0.1426414262   
513      I1         1.488950617    2.332716049    2.512345679    0.5483950617   0.669382716    1.979166667    1.416666667    0.05555555556  0.224691358    0.5685185185   0.1495529691   
514      I1         1.446450617    2.332716049    2.512345679    0.5483950617   0.669382716    1.979166667    1.416666667    0.05555555556  0.224691358    0.5185185185   0.1423632396   
515      I1         1.488950617    2.290216049    2.512345679    0.5483950617   0.669382716    1.979166667    1.416666667    0.05555555556  0.224691358    0.5185185185   0.1421322843   
516      I1         1.488950617    2.332716049    2.512345679    0.5238950617   0.669382716    1.979166667    1.416666667    0.05555555556  0.224691358    0.5185185185   0.1400162105   
517      I1         1.488950617    2.332716049    2.512345679    0.5483950617   0.644882716    1.979166667    1.416666667    0.05555555556  0.224691358    0.5185185185   0.1410964609   
518      I1         1.488950617    2.332716049    2.512345679    0.5483950617   0.669382716    1.731666667    1.416666667    0.05555555556  0.224691358    0.5185185185   0.1398686941   
519      I1         1.488950617    2.332716049    2.512345679    0.5483950617   0.669382716    1.979166667    1.354166667    0.05555555556  0.224691358    0.5185185185   0.1781533327   
520      I1         1.488950617    2.332716049    2.512345679    0.5483950617   0.669382716    1.979166667    1.416666667    0.05555555556  0.212191358    0.5185185185   0.1402489808   
521      I1         1.488950617    2.332716049    2.512345679    0.5483950617   0.669382716    1.979166667    1.416666667    0.05555555556  0.224691358    0.4685185185   0.144228185    
522      I1         1.531450617    2.332716049    2.512345679    0.5483950617   0.669382716    1.731666667    1.416666667    0.05555555556  0.224691358    0.5185185185   0.1424274757   
523      I1         1.488950617    2.375216049    2.512345679    0.5483950617   0.669382716    1.731666667    1.416666667    0.05555555556  0.224691358    0.5185185185   0.1391782277   
524      I1         1.488950617    2.332716049    2.562345679    0.5483950617   0.669382716    1.731666667    1.416666667    0.05555555556  0.224691358    0.5185185185   0.139946708    
525      I1         1.488950617    2.332716049    2.512345679    0.5728950617   0.669382716    1.731666667    1.416666667    0.05555555556  0.224691358    0.5185185185   0.14484678     
526      I1         1.488950617    2.332716049    2.512345679    0.5483950617   0.693882716    1.731666667    1.416666667    0.05555555556  0.224691358    0.5185185185   0.1401586385   
527      I1         1.488950617    2.332716049    2.512345679    0.5483950617   0.669382716    1.731666667    1.479166667    0.05555555556  0.224691358    0.5185185185   0.1667492563   
528      I1         1.488950617    2.332716049    2.512345679    0.5483950617   0.669382716    1.731666667    1.416666667    0.1305555556   0.224691358    0.5185185185   0.13954423     
529      I1         1.488950617    2.332716049    2.512345679    0.5483950617   0.669382716    1.731666667    1.416666667    0.05555555556  0.237191358    0.5185185185   0.141230903    
530      I1         1.488950617    2.332716049    2.512345679    0.5483950617   0.669382716    1.731666667    1.416666667    0.05555555556  0.224691358    0.5685185185   0.1470875902   
531      I1         1.446450617    2.332716049    2.512345679    0.5483950617   0.669382716    1.731666667    1.416666667    0.05555555556  0.224691358    0.5185185185   0.1403060332   
532      I1         1.488950617    2.290216049    2.512345679    0.5483950617   0.669382716    1.731666667    1.416666667    0.05555555556  0.224691358    0.5185185185   0.1407299492   
533      I1         1.488950617    2.332716049    2.512345679    0.5238950617   0.669382716    1.731666667    1.416666667    0.05555555556  0.224691358    0.5185185185   0.137660596    
534      I1         1.488950617    2.332716049    2.512345679    0.5483950617   0.644882716    1.731666667    1.416666667    0.05555555556  0.224691358    0.5185185185   0.1395864407   
535      I1         1.488950617    2.332716049    2.512345679    0.5483950617   0.669382716    1.731666667    1.354166667    0.05555555556  0.224691358    0.5185185185   0.1788561772   
536      I1         1.488950617    2.332716049    2.512345679    0.5483950617   0.669382716    1.731666667    1.416666667    0.05555555556  0.212191358    0.5185185185   0.1387143633   
537      I1         1.488950617    2.332716049    2.512345679    0.5483950617   0.669382716    1.731666667    1.416666667    0.05555555556  0.224691358    0.4685185185   0.1435669404   
538      I1         1.531450617    2.332716049    2.512345679    0.5238950617   0.669382716    1.731666667    1.416666667    0.05555555556  0.224691358    0.5185185185   0.1378268432   
539      I1         1.488950617    2.375216049    2.512345679    0.5238950617   0.669382716    1.731666667    1.416666667    0.05555555556  0.224691358    0.5185185185   0.1372548808   
540      I1         1.488950617    2.332716049    2.562345679    0.5238950617   0.669382716    1.731666667    1.416666667    0.05555555556  0.224691358    0.5185185185   0.1376593827   
541      I1         1.488950617    2.332716049    2.512345679    0.5238950617   0.693882716    1.731666667    1.416666667    0.05555555556  0.224691358    0.5185185185   0.1378341193   
542      I1         1.488950617    2.332716049    2.512345679    0.5238950617   0.669382716    1.731666667    1.479166667    0.05555555556  0.224691358    0.5185185185   0.1737141337   
543      I1         1.488950617    2.332716049    2.512345679    0.5238950617   0.669382716    1.731666667    1.416666667    0.1305555556   0.224691358    0.5185185185   0.1376126645   
544      I1         1.488950617    2.332716049    2.512345679    0.5238950617   0.669382716    1.731666667    1.416666667    0.05555555556  0.237191358    0.5185185185   0.1384522981   
545      I1         1.488950617    2.332716049    2.512345679    0.5238950617   0.669382716    1.731666667    1.416666667    0.05555555556  0.224691358    0.5685185185   0.1489090595   
546      I1         1.446450617    2.332716049    2.512345679    0.5238950617   0.669382716    1.731666667    1.416666667    0.05555555556  0.224691358    0.5185185185   0.1400356637   
547      I1         1.488950617    2.290216049    2.512345679    0.5238950617   0.669382716    1.731666667    1.416666667    0.05555555556  0.224691358    0.5185185185   0.1381743786   
548      I1         1.488950617    2.332716049    2.512345679    0.4993950617   0.669382716    1.731666667    1.416666667    0.05555555556  0.224691358    0.5185185185   0.1388587587   
549      I1         1.488950617    2.332716049    2.512345679    0.5238950617   0.644882716    1.731666667    1.416666667    0.05555555556  0.224691358    0.5185185185   0.1374959164   
550      I1         1.488950617    2.332716049    2.512345679    0.5238950617   0.669382716    1.484166667    1.416666667    0.05555555556  0.224691358    0.5185185185   0.1359039742   
551      I1         1.488950617    2.332716049    2.512345679    0.5238950617   0.669382716    1.731666667    1.354166667    0.05555555556  0.224691358    0.5185185185   0.1704018371   
552      I1         1.488950617    2.332716049    2.512345679    0.5238950617   0.669382716    1.731666667    1.416666667    0.05555555556  0.212191358    0.5185185185   0.1370163168   
553      I1         1.488950617    2.332716049    2.512345679    0.5238950617   0.669382716    1.731666667    1.416666667    0.05555555556  0.224691358    0.4685185185   0.1374672632   
554      I1         1.531450617    2.332716049    2.512345679    0.5238950617   0.669382716    1.484166667    1.416666667    0.05555555556  0.224691358    0.5185185185   0.1375088032   
555      I1         1.488950617    2.375216049    2.512345679    0.5238950617   0.669382716    1.484166667    1.416666667    0.05555555556  0.224691358    0.5185185185   0.1353616445   
556      I1         1.488950617    2.332716049    2.562345679    0.5238950617   0.669382716    1.484166667    1.416666667    0.05555555556  0.224691358    0.5185185185   0.1359362634   
557      I1         1.488950617    2.332716049    2.512345679    0.5238950617   0.693882716    1.484166667    1.416666667    0.05555555556  0.224691358    0.5185185185   0.1361343815   
558      I1         1.488950617    2.332716049    2.512345679    0.5238950617   0.669382716    1.484166667    1.479166667    0.05555555556  0.224691358    0.5185185185   0.1692141799   
559      I1         1.488950617    2.332716049    2.512345679    0.5238950617   0.669382716    1.484166667    1.416666667    0.1305555556   0.224691358    0.5185185185   0.1355000056   
560      I1         1.488950617    2.332716049    2.512345679    0.5238950617   0.669382716    1.484166667    1.416666667    0.05555555556  0.237191358    0.5185185185   0.1369193937   
561      I1         1.488950617    2.332716049    2.512345679    0.5238950617   0.669382716    1.484166667    1.416666667    0.05555555556  0.224691358    0.5685185185   0.1458739549   
562      I1         1.446450617    2.332716049    2.512345679    0.5238950617   0.669382716    1.484166667    1.416666667    0.05555555556  0.224691358    0.5185185185   0.1374398552   
563      I1         1.488950617    2.290216049    2.512345679    0.5238950617   0.669382716    1.484166667    1.416666667    0.05555555556  0.224691358    0.5185185185   0.1365884052   
564      I1         1.488950617    2.332716049    2.512345679    0.4993950617   0.669382716    1.484166667    1.416666667    0.05555555556  0.224691358    0.5185185185   0.1358395177   
565      I1         1.488950617    2.332716049    2.512345679    0.5238950617   0.644882716    1.484166667    1.416666667    0.05555555556  0.224691358    0.5185185185   0.1356827025   
566      I1         1.488950617    2.332716049    2.512345679    0.5238950617   0.669382716    1.236666667    1.416666667    0.05555555556  0.224691358    0.5185185185   0.1343391884   
567      I1         1.488950617    2.332716049    2.512345679    0.5238950617   0.669382716    1.484166667    1.354166667    0.05555555556  0.224691358    0.5185185185   0.1724055353   
568      I1         1.488950617    2.332716049    2.512345679    0.5238950617   0.669382716    1.484166667    1.416666667    0.05555555556  0.212191358    0.5185185185   0.135049038    
569      I1         1.488950617    2.332716049    2.512345679    0.5238950617   0.669382716    1.484166667    1.416666667    0.05555555556  0.224691358    0.4685185185   0.1374036095   
570      I1         1.531450617    2.332716049    2.512345679    0.5238950617   0.669382716    1.236666667    1.416666667    0.05555555556  0.224691358    0.5185185185   0.1379833643   
571      I1         1.488950617    2.375216049    2.512345679    0.5238950617   0.669382716    1.236666667    1.416666667    0.05555555556  0.224691358    0.5185185185   0.1336075043   
572      I1         1.488950617    2.332716049    2.562345679    0.5238950617   0.669382716    1.236666667    1.416666667    0.05555555556  0.224691358    0.5185185185   0.1344264198   
573      I1         1.488950617    2.332716049    2.512345679    0.5483950617   0.669382716    1.236666667    1.416666667    0.05555555556  0.224691358    0.5185185185   0.1394709824   
574      I1         1.488950617    2.332716049    2.512345679    0.5238950617   0.693882716    1.236666667    1.416666667    0.05555555556  0.224691358    0.5185185185   0.1346465377   
575      I1         1.488950617    2.332716049    2.512345679    0.5238950617   0.669382716    1.236666667    1.479166667    0.05555555556  0.224691358    0.5185185185   0.161126033    
576      I1         1.488950617    2.332716049    2.512345679    0.5238950617   0.669382716    1.236666667    1.416666667    0.1305555556   0.224691358    0.5185185185   0.1336723196   
577      I1         1.488950617    2.332716049    2.512345679    0.5238950617   0.669382716    1.236666667    1.416666667    0.05555555556  0.237191358    0.5185185185   0.1356420171   
578      I1         1.488950617    2.332716049    2.512345679    0.5238950617   0.669382716    1.236666667    1.416666667    0.05555555556  0.224691358    0.5685185185   0.1416213317   
579      I1         1.446450617    2.332716049    2.512345679    0.5238950617   0.669382716    1.236666667    1.416666667    0.05555555556  0.224691358    0.5185185185   0.1343557774   
580      I1         1.488950617    2.290216049    2.512345679    0.5238950617   0.669382716    1.236666667    1.416666667    0.05555555556  0.224691358    0.5185185185   0.1352530729   
581      I1         1.488950617    2.332716049    2.512345679    0.4993950617   0.669382716    1.236666667    1.416666667    0.05555555556  0.224691358    0.5185185185   0.1317840683   
582      I1         1.488950617    2.332716049    2.512345679    0.5238950617   0.644882716    1.236666667    1.416666667    0.05555555556  0.224691358    0.5185185185   0.1340398015   
583      I1         1.488950617    2.332716049    2.512345679    0.5238950617   0.669382716    0.9891666667   1.416666667    0.05555555556  0.224691358    0.5185185185   0.136839155    
584      I1         1.488950617    2.332716049    2.512345679    0.5238950617   0.669382716    1.236666667    1.354166667    0.05555555556  0.224691358    0.5185185185   0.1764827053   
585      I1         1.488950617    2.332716049    2.512345679    0.5238950617   0.669382716    1.236666667    1.416666667    0.05555555556  0.212191358    0.5185185185   0.1334020926   
586      I1         1.488950617    2.332716049    2.512345679    0.5238950617   0.669382716    1.236666667    1.416666667    0.05555555556  0.224691358    0.4685185185   0.1378895004   
587      I1         1.573950617    2.332716049    2.512345679    0.4993950617   0.669382716    1.236666667    1.416666667    0.05555555556  0.224691358    0.5185185185   0.1395745985   
588      I1         1.488950617    2.417716049    2.512345679    0.4993950617   0.669382716    1.236666667    1.416666667    0.05555555556  0.224691358    0.5185185185   0.1309489571   
589      I1         1.488950617    2.332716049    2.612345679    0.4993950617   0.669382716    1.236666667    1.416666667    0.05555555556  0.224691358    0.5185185185   0.1318066375   
590      I1         1.488950617    2.332716049    2.512345679    0.4993950617   0.718382716    1.236666667    1.416666667    0.05555555556  0.224691358    0.5185185185   0.132187243    
591      I1         1.488950617    2.332716049    2.512345679    0.4993950617   0.669382716    1.236666667    1.541666667    0.05555555556  0.224691358    0.5185185185   0.223460473    
592      I1         1.488950617    2.332716049    2.512345679    0.4993950617   0.669382716    1.236666667    1.416666667    0.2055555556   0.224691358    0.5185185185   0.1312976182   
593      I1         1.488950617    2.332716049    2.512345679    0.4993950617   0.669382716    1.236666667    1.416666667    0.05555555556  0.249691358    0.5185185185   0.1336112866   
594      I1         1.488950617    2.332716049    2.512345679    0.4993950617   0.669382716    1.236666667    1.416666667    0.05555555556  0.224691358    0.6185185185   0.1600279392   
595      I1         1.403950617    2.332716049    2.512345679    0.4993950617   0.669382716    1.236666667    1.416666667    0.05555555556  0.224691358    0.5185185185   0.1375405613   
596      I1         1.488950617    2.247716049    2.512345679    0.4993950617   0.669382716    1.236666667    1.416666667    0.05555555556  0.224691358    0.5185185185   0.1331268449   
597      I1         1.488950617    2.332716049    2.512345679    0.4503950617   0.669382716    1.236666667    1.416666667    0.05555555556  0.224691358    0.5185185185   0.1358277646   
598      I1         1.488950617    2.332716049    2.512345679    0.4993950617   0.620382716    1.236666667    1.416666667    0.05555555556  0.224691358    0.5185185185   0.131418197    
599      I1         1.488950617    2.332716049    2.512345679    0.4993950617   0.669382716    0.7416666667   1.416666667    0.05555555556  0.224691358    0.5185185185   0.1408760606   
600      I1         1.488950617    2.332716049    2.512345679    0.4993950617   0.669382716    1.236666667    1.291666667    0.05555555556  0.224691358    0.5185185185   0.2350500681   
601      I1         1.488950617    2.332716049    2.512345679    0.4993950617   0.669382716    1.236666667    1.416666667    0.05555555556  0.199691358    0.5185185185   0.1302052509   
602      I1         1.488950617    2.332716049    2.512345679    0.4993950617   0.669382716    1.236666667    1.416666667    0.05555555556  0.224691358    0.4185185185   0.1439361034   
603      I1         1.531450617    2.332716049    2.512345679    0.4993950617   0.669382716    1.236666667    1.416666667    0.05555555556  0.224691358    0.5185185185   0.1329967733   
604      I1         1.488950617    2.375216049    2.512345679    0.4993950617   0.669382716    1.236666667    1.416666667    0.05555555556  0.224691358    0.5185185185   0.1313233089   
605      I1         1.488950617    2.332716049    2.562345679    0.4993950617   0.669382716    1.236666667    1.416666667    0.05555555556  0.224691358    0.5185185185   0.1317935519   
606      I1         1.488950617    2.332716049    2.512345679    0.4993950617   0.693882716    1.236666667    1.416666667    0.05555555556  0.224691358    0.5185185185   0.1319808859   
607      I1         1.488950617    2.332716049    2.512345679    0.4993950617   0.669382716    1.236666667    1.479166667    0.05555555556  0.224691358    0.5185185185   0.1681364959   
608      I1         1.488950617    2.332716049    2.512345679    0.4993950617   0.669382716    1.236666667    1.416666667    0.1305555556   0.224691358    0.5185185185   0.1316177348   
609      I1         1.488950617    2.332716049    2.512345679    0.4993950617   0.669382716    1.236666667    1.416666667    0.05555555556  0.237191358    0.5185185185   0.1325846164   
610      I1         1.488950617    2.332716049    2.512345679    0.4993950617   0.669382716    1.236666667    1.416666667    0.05555555556  0.224691358    0.5685185185   0.1430932035   
611      I1         1.446450617    2.332716049    2.512345679    0.4993950617   0.669382716    1.236666667    1.416666667    0.05555555556  0.224691358    0.5185185185   0.1339238812   
612      I1         1.488950617    2.290216049    2.512345679    0.4993950617   0.669382716    1.236666667    1.416666667    0.05555555556  0.224691358    0.5185185185   0.1323679701   
613      I1         1.488950617    2.332716049    2.512345679    0.4748950617   0.669382716    1.236666667    1.416666667    0.05555555556  0.224691358    0.5185185185   0.1325766112   
614      I1         1.488950617    2.332716049    2.512345679    0.4993950617   0.644882716    1.236666667    1.416666667    0.05555555556  0.224691358    0.5185185185   0.1315965813   
615      I1         1.488950617    2.332716049    2.512345679    0.4993950617   0.669382716    0.9891666667   1.416666667    0.05555555556  0.224691358    0.5185185185   0.1319335717   
616      I1         1.488950617    2.332716049    2.512345679    0.4993950617   0.669382716    1.236666667    1.354166667    0.05555555556  0.224691358    0.5185185185   0.1678860965   
617      I1         1.488950617    2.332716049    2.512345679    0.4993950617   0.669382716    1.236666667    1.416666667    0.05555555556  0.212191358    0.5185185185   0.1310104201   
618      I1         1.488950617    2.332716049    2.512345679    0.4993950617   0.669382716    1.236666667    1.416666667    0.05555555556  0.224691358    0.4685185185   0.131713072    
619      I1         1.531450617    2.332716049    2.512345679    0.4993950617   0.669382716    1.236666667    1.416666667    0.05555555556  0.212191358    0.5185185185   0.1324049098   
620      I1         1.488950617    2.375216049    2.512345679    0.4993950617   0.669382716    1.236666667    1.416666667    0.05555555556  0.212191358    0.5185185185   0.1305611471   
621      I1         1.488950617    2.332716049    2.562345679    0.4993950617   0.669382716    1.236666667    1.416666667    0.05555555556  0.212191358    0.5185185185   0.1310130023   
622      I1         1.488950617    2.332716049    2.512345679    0.4993950617   0.693882716    1.236666667    1.416666667    0.05555555556  0.212191358    0.5185185185   0.1312030648   
623      I1         1.488950617    2.332716049    2.512345679    0.4993950617   0.669382716    1.484166667    1.416666667    0.05555555556  0.212191358    0.5185185185   0.1354663166   
624      I1         1.488950617    2.332716049    2.512345679    0.4993950617   0.669382716    1.236666667    1.479166667    0.05555555556  0.212191358    0.5185185185   0.1689528335   
625      I1         1.488950617    2.332716049    2.512345679    0.4993950617   0.669382716    1.236666667    1.416666667    0.1305555556   0.212191358    0.5185185185   0.1308890781   
626      I1         1.488950617    2.332716049    2.512345679    0.4993950617   0.669382716    1.236666667    1.416666667    0.05555555556  0.212191358    0.5685185185   0.1425429747   
627      I1         1.446450617    2.332716049    2.512345679    0.4993950617   0.669382716    1.236666667    1.416666667    0.05555555556  0.212191358    0.5185185185   0.1336117583   
628      I1         1.488950617    2.290216049    2.512345679    0.4993950617   0.669382716    1.236666667    1.416666667    0.05555555556  0.212191358    0.5185185185   0.1315821246   
629      I1         1.488950617    2.332716049    2.512345679    0.4748950617   0.669382716    1.236666667    1.416666667    0.05555555556  0.212191358    0.5185185185   0.1320423287   
630      I1         1.488950617    2.332716049    2.512345679    0.4993950617   0.644882716    1.236666667    1.416666667    0.05555555556  0.212191358    0.5185185185   0.1308276875   
631      I1         1.488950617    2.332716049    2.512345679    0.4993950617   0.669382716    0.9891666667   1.416666667    0.05555555556  0.212191358    0.5185185185   0.1311211403   
632      I1         1.488950617    2.332716049    2.512345679    0.4993950617   0.669382716    1.236666667    1.354166667    0.05555555556  0.212191358    0.5185185185   0.1681183703   
633      I1         1.488950617    2.332716049    2.512345679    0.4993950617   0.669382716    1.236666667    1.416666667    0.05555555556  0.199691358    0.5185185185   0.1302052509   
634      I1         1.488950617    2.332716049    2.512345679    0.4993950617   0.669382716    1.236666667    1.416666667    0.05555555556  0.212191358    0.4685185185   0.1307852083   
635      I1         1.531450617    2.332716049    2.512345679    0.4993950617   0.669382716    1.236666667    1.416666667    0.05555555556  0.199691358    0.5185185185   0.1320170826   
636      I1         1.488950617    2.375216049    2.512345679    0.4993950617   0.669382716    1.236666667    1.416666667    0.05555555556  0.199691358    0.5185185185   0.1297423068   
637      I1         1.488950617    2.332716049    2.562345679    0.4993950617   0.669382716    1.236666667    1.416666667    0.05555555556  0.199691358    0.5185185185   0.13020744     
638      I1         1.488950617    2.332716049    2.512345679    0.5238950617   0.669382716    1.236666667    1.416666667    0.05555555556  0.199691358    0.5185185185   0.1326538413   
639      I1         1.488950617    2.332716049    2.512345679    0.4993950617   0.693882716    1.236666667    1.416666667    0.05555555556  0.199691358    0.5185185185   0.1304043833   
640      I1         1.488950617    2.332716049    2.512345679    0.4993950617   0.669382716    1.484166667    1.416666667    0.05555555556  0.199691358    0.5185185185   0.1346407374   
641      I1         1.488950617    2.332716049    2.512345679    0.4993950617   0.669382716    1.236666667    1.479166667    0.05555555556  0.199691358    0.5185185185   0.1697196238   
642      I1         1.488950617    2.332716049    2.512345679    0.4993950617   0.669382716    1.236666667    1.416666667    0.1305555556   0.199691358    0.5185185185   0.130087295    
643      I1         1.488950617    2.332716049    2.512345679    0.4993950617   0.669382716    1.236666667    1.416666667    0.05555555556  0.199691358    0.5685185185   0.141722396    
644      I1         1.446450617    2.332716049    2.512345679    0.4993950617   0.669382716    1.236666667    1.416666667    0.05555555556  0.199691358    0.5185185185   0.1334305943   
645      I1         1.488950617    2.290216049    2.512345679    0.4993950617   0.669382716    1.236666667    1.416666667    0.05555555556  0.199691358    0.5185185185   0.1307968542   
646      I1         1.488950617    2.332716049    2.512345679    0.4748950617   0.669382716    1.236666667    1.416666667    0.05555555556  0.199691358    0.5185185185   0.1312600037   
647      I1         1.488950617    2.332716049    2.512345679    0.4993950617   0.644882716    1.236666667    1.416666667    0.05555555556  0.199691358    0.5185185185   0.1300167272   
648      I1         1.488950617    2.332716049    2.512345679    0.4993950617   0.669382716    0.9891666667   1.416666667    0.05555555556  0.199691358    0.5185185185   0.1304540303   
649      I1         1.488950617    2.332716049    2.512345679    0.4993950617   0.669382716    1.236666667    1.354166667    0.05555555556  0.199691358    0.5185185185   0.1685684985   
650      I1         1.488950617    2.332716049    2.512345679    0.4993950617   0.669382716    1.236666667    1.416666667    0.05555555556  0.187191358    0.5185185185   0.1294791947   
651      I1         1.488950617    2.332716049    2.512345679    0.4993950617   0.669382716    1.236666667    1.416666667    0.05555555556  0.199691358    0.4685185185   0.130222914    
652      I1         1.531450617    2.332716049    2.512345679    0.4993950617   0.669382716    1.236666667    1.416666667    0.05555555556  0.187191358    0.5185185185   0.1318676804   
653      I1         1.488950617    2.375216049    2.512345679    0.4993950617   0.669382716    1.236666667    1.416666667    0.05555555556  0.187191358    0.5185185185   0.1289932658   
654      I1         1.488950617    2.332716049    2.562345679    0.4993950617   0.669382716    1.236666667    1.416666667    0.05555555556  0.187191358    0.5185185185   0.1294830037   
655      I1         1.488950617    2.332716049    2.512345679    0.5238950617   0.669382716    1.236666667    1.416666667    0.05555555556  0.187191358    0.5185185185   0.1320551383   
656      I1         1.488950617    2.332716049    2.512345679    0.4993950617   0.693882716    1.236666667    1.416666667    0.05555555556  0.187191358    0.5185185185   0.1296888611   
657      I1         1.488950617    2.332716049    2.512345679    0.4993950617   0.669382716    1.484166667    1.416666667    0.05555555556  0.187191358    0.5185185185   0.1338363689   
658      I1         1.488950617    2.332716049    2.512345679    0.4993950617   0.669382716    1.236666667    1.479166667    0.05555555556  0.187191358    0.5185185185   0.1704390836   
659      I1         1.488950617    2.332716049    2.512345679    0.4993950617   0.669382716    1.236666667    1.416666667    0.1305555556   0.187191358    0.5185185185   0.1293512005   
660      I1         1.488950617    2.332716049    2.512345679    0.4993950617   0.669382716    1.236666667    1.416666667    0.05555555556  0.187191358    0.5685185185   0.1409008038   
661      I1         1.446450617    2.332716049    2.512345679    0.4993950617   0.669382716    1.236666667    1.416666667    0.05555555556  0.187191358    0.5185185185   0.1330068574   
662      I1         1.488950617    2.290216049    2.512345679    0.4993950617   0.669382716    1.236666667    1.416666667    0.05555555556  0.187191358    0.5185185185   0.1301028521   
663      I1         1.488950617    2.332716049    2.512345679    0.4748950617   0.669382716    1.236666667    1.416666667    0.05555555556  0.187191358    0.5185185185   0.1304891385   
664      I1         1.488950617    2.332716049    2.512345679    0.4993950617   0.644882716    1.236666667    1.416666667    0.05555555556  0.187191358    0.5185185185   0.1292809371   
665      I1         1.488950617    2.332716049    2.512345679    0.4993950617   0.669382716    0.9891666667   1.416666667    0.05555555556  0.187191358    0.5185185185   0.1299242047   
666      I1         1.488950617    2.332716049    2.512345679    0.4993950617   0.669382716    1.236666667    1.354166667    0.05555555556  0.187191358    0.5185185185   0.1692353528   
667      I1         1.488950617    2.332716049    2.512345679    0.4993950617   0.669382716    1.236666667    1.416666667    0.05555555556  0.174691358    0.5185185185   0.1288403882   
668      I1         1.488950617    2.332716049    2.512345679    0.4993950617   0.669382716    1.236666667    1.416666667    0.05555555556  0.187191358    0.4685185185   0.1298749721   
669      I1         1.531450617    2.332716049    2.512345679    0.4993950617   0.669382716    1.236666667    1.416666667    0.05555555556  0.174691358    0.5185185185   0.1319228853   
670      I1         1.488950617    2.375216049    2.512345679    0.4993950617   0.669382716    1.236666667    1.416666667    0.05555555556  0.174691358    0.5185185185   0.128319169    
671      I1         1.488950617    2.332716049    2.562345679    0.4993950617   0.669382716    1.236666667    1.416666667    0.05555555556  0.174691358    0.5185185185   0.1288481479   
672      I1         1.488950617    2.332716049    2.512345679    0.5238950617   0.669382716    1.236666667    1.416666667    0.05555555556  0.174691358    0.5185185185   0.1316221612   
673      I1         1.488950617    2.332716049    2.512345679    0.4993950617   0.693882716    1.236666667    1.416666667    0.05555555556  0.174691358    0.5185185185   0.1290656167   
674      I1         1.488950617    2.332716049    2.512345679    0.4993950617   0.669382716    1.484166667    1.416666667    0.05555555556  0.174691358    0.5185185185   0.1330500678   
675      I1         1.488950617    2.332716049    2.512345679    0.4993950617   0.669382716    1.236666667    1.479166667    0.05555555556  0.174691358    0.5185185185   0.1710824703   
676      I1         1.488950617    2.332716049    2.512345679    0.4993950617   0.669382716    1.236666667    1.416666667    0.1305555556   0.174691358    0.5185185185   0.1286861697   
677      I1         1.488950617    2.332716049    2.512345679    0.4993950617   0.669382716    1.236666667    1.416666667    0.05555555556  0.174691358    0.5685185185   0.1400719856   
678      I1         1.446450617    2.332716049    2.512345679    0.4993950617   0.669382716    1.236666667    1.416666667    0.05555555556  0.174691358    0.5185185185   0.132266842    
679      I1         1.488950617    2.290216049    2.512345679    0.4993950617   0.669382716    1.236666667    1.416666667    0.05555555556  0.174691358    0.5185185185   0.1295112144   
680      I1         1.488950617    2.332716049    2.512345679    0.4748950617   0.669382716    1.236666667    1.416666667    0.05555555556  0.174691358    0.5185185185   0.1297248945   
681      I1         1.488950617    2.332716049    2.512345679    0.4993950617   0.644882716    1.236666667    1.416666667    0.05555555556  0.174691358    0.5185185185   0.128627417    
682      I1         1.488950617    2.332716049    2.512345679    0.4993950617   0.669382716    0.9891666667   1.416666667    0.05555555556  0.174691358    0.5185185185   0.129558605    
683      I1         1.488950617    2.332716049    2.512345679    0.4993950617   0.669382716    1.236666667    1.354166667    0.05555555556  0.174691358    0.5185185185   0.1703060583   
684      I1         1.488950617    2.332716049    2.512345679    0.4993950617   0.669382716    1.236666667    1.416666667    0.05555555556  0.162191358    0.5185185185   0.1283147446   
685      I1         1.488950617    2.332716049    2.512345679    0.4993950617   0.669382716    1.236666667    1.416666667    0.05555555556  0.174691358    0.4685185185   0.1297621294   
686      I1         1.510200617    2.332716049    2.512345679    0.4993950617   0.669382716    1.236666667    1.416666667    0.05555555556  0.174691358    0.5185185185   0.1293981958   
687      I1         1.488950617    2.353966049    2.512345679    0.4993950617   0.669382716    1.236666667    1.416666667    0.05555555556  0.174691358    0.5185185185   0.1285642757   
688      I1         1.488950617    2.332716049    2.537345679    0.4993950617   0.669382716    1.236666667    1.416666667    0.05555555556  0.174691358    0.5185185185   0.1288437662   
689      I1         1.488950617    2.332716049    2.512345679    0.5116450617   0.669382716    1.236666667    1.416666667    0.05555555556  0.174691358    0.5185185185   0.1298071761   
690      I1         1.488950617    2.332716049    2.512345679    0.4993950617   0.681632716    1.236666667    1.416666667    0.05555555556  0.174691358    0.5185185185   0.1289514579   
691      I1         1.488950617    2.332716049    2.512345679    0.4993950617   0.669382716    1.360416667    1.416666667    0.05555555556  0.174691358    0.5185185185   0.1307745711   
692      I1         1.488950617    2.332716049    2.512345679    0.4993950617   0.669382716    1.236666667    1.447916667    0.05555555556  0.174691358    0.5185185185   0.1472289414   
693      I1         1.488950617    2.332716049    2.512345679    0.4993950617   0.669382716    1.236666667    1.416666667    0.09305555556  0.174691358    0.5185185185   0.1287435329   
694      I1         1.488950617    2.332716049    2.512345679    0.4993950617   0.669382716    1.236666667    1.416666667    0.05555555556  0.180941358    0.5185185185   0.1291486955   
695      I1         1.488950617    2.332716049    2.512345679    0.4993950617   0.669382716    1.236666667    1.416666667    0.05555555556  0.174691358    0.5435185185   0.1334058938   
696      I1         1.467700617    2.332716049    2.512345679    0.4993950617   0.669382716    1.236666667    1.416666667    0.05555555556  0.174691358    0.5185185185   0.1300363544   
697      I1         1.488950617    2.311466049    2.512345679    0.4993950617   0.669382716    1.236666667    1.416666667    0.05555555556  0.174691358    0.5185185185   0.1291536681   
698      I1         1.488950617    2.332716049    2.512345679    0.4871450617   0.669382716    1.236666667    1.416666667    0.05555555556  0.174691358    0.5185185185   0.1288483476   
699      I1         1.488950617    2.332716049    2.512345679    0.4993950617   0.657132716    1.236666667    1.416666667    0.05555555556  0.174691358    0.5185185185   0.1287323808   
700      I1         1.488950617    2.332716049    2.512345679    0.4993950617   0.669382716    1.112916667    1.416666667    0.05555555556  0.174691358    0.5185185185   0.1280616588   
701      I1         1.488950617    2.332716049    2.512345679    0.4993950617   0.669382716    1.236666667    1.385416667    0.05555555556  0.174691358    0.5185185185   0.1429874692   
702      I1         1.488950617    2.332716049    2.512345679    0.4993950617   0.669382716    1.236666667    1.416666667    0.01805555556  0.174691358    0.5185185185   0.1288403882   
703      I1         1.488950617    2.332716049    2.512345679    0.4993950617   0.669382716    1.236666667    1.416666667    0.05555555556  0.168441358    0.5185185185   0.1285504619   
704      I1         1.488950617    2.332716049    2.512345679    0.4993950617   0.669382716    1.236666667    1.416666667    0.05555555556  0.174691358    0.4935185185   0.1274718837   
705      I1         1.510200617    2.332716049    2.512345679    0.4993950617   0.669382716    1.236666667    1.416666667    0.05555555556  0.174691358    0.4935185185   0.1303718577   
706      I1         1.488950617    2.353966049    2.512345679    0.4993950617   0.669382716    1.236666667    1.416666667    0.05555555556  0.174691358    0.4935185185   0.1270187914   
707      I1         1.488950617    2.332716049    2.537345679    0.4993950617   0.669382716    1.236666667    1.416666667    0.05555555556  0.174691358    0.4935185185   0.1275123881   
708      I1         1.488950617    2.332716049    2.512345679    0.5116450617   0.669382716    1.236666667    1.416666667    0.05555555556  0.174691358    0.4935185185   0.129723019    
709      I1         1.488950617    2.332716049    2.512345679    0.4993950617   0.681632716    1.236666667    1.416666667    0.05555555556  0.174691358    0.4935185185   0.1276514517   
710      I1         1.488950617    2.332716049    2.512345679    0.4993950617   0.669382716    1.360416667    1.416666667    0.05555555556  0.174691358    0.4935185185   0.1281369107   
711      I1         1.488950617    2.332716049    2.512345679    0.4993950617   0.669382716    1.236666667    1.447916667    0.05555555556  0.174691358    0.4935185185   0.1407446939   
712      I1         1.488950617    2.332716049    2.512345679    0.4993950617   0.669382716    1.236666667    1.416666667    0.09305555556  0.174691358    0.4935185185   0.1270974004   
713      I1         1.488950617    2.332716049    2.512345679    0.4993950617   0.669382716    1.236666667    1.416666667    0.05555555556  0.180941358    0.4935185185   0.1276442105   
714      I1         1.467700617    2.332716049    2.512345679    0.4993950617   0.669382716    1.236666667    1.416666667    0.05555555556  0.174691358    0.4935185185   0.1265032101   
715      I1         1.488950617    2.311466049    2.512345679    0.4993950617   0.669382716    1.236666667    1.416666667    0.05555555556  0.174691358    0.4935185185   0.1279782446   
716      I1         1.488950617    2.332716049    2.512345679    0.4871450617   0.669382716    1.236666667    1.416666667    0.05555555556  0.174691358    0.4935185185   0.1259835244   
717      I1         1.488950617    2.332716049    2.512345679    0.4993950617   0.657132716    1.236666667    1.416666667    0.05555555556  0.174691358    0.4935185185   0.1272951257   
718      I1         1.488950617    2.332716049    2.512345679    0.4993950617   0.669382716    1.112916667    1.416666667    0.05555555556  0.174691358    0.4935185185   0.1277888355   
719      I1         1.488950617    2.332716049    2.512345679    0.4993950617   0.669382716    1.236666667    1.385416667    0.05555555556  0.174691358    0.4935185185   0.1477488303   
720      I1         1.488950617    2.332716049    2.512345679    0.4993950617   0.669382716    1.236666667    1.416666667    0.01805555556  0.174691358    0.4935185185   0.1274718837   
721      I1         1.488950617    2.332716049    2.512345679    0.4993950617   0.669382716    1.236666667    1.416666667    0.05555555556  0.168441358    0.4935185185   0.1273431209   
722      I1         1.488950617    2.332716049    2.512345679    0.4993950617   0.669382716    1.236666667    1.416666667    0.05555555556  0.174691358    0.4685185185   0.1297621294   
723      I1         1.510200617    2.332716049    2.512345679    0.4871450617   0.669382716    1.236666667    1.416666667    0.05555555556  0.174691358    0.4935185185   0.1279495568   
724      I1         1.488950617    2.353966049    2.512345679    0.4871450617   0.669382716    1.236666667    1.416666667    0.05555555556  0.174691358    0.4935185185   0.1256330511   
725      I1         1.488950617    2.332716049    2.537345679    0.4871450617   0.669382716    1.236666667    1.416666667    0.05555555556  0.174691358    0.4935185185   0.1260002831   
726      I1         1.488950617    2.332716049    2.512345679    0.4871450617   0.681632716    1.236666667    1.416666667    0.05555555556  0.174691358    0.4935185185   0.1261245153   
727      I1         1.488950617    2.332716049    2.512345679    0.4871450617   0.669382716    1.360416667    1.416666667    0.05555555556  0.174691358    0.4935185185   0.1276002706   
728      I1         1.488950617    2.332716049    2.512345679    0.4871450617   0.669382716    1.236666667    1.447916667    0.05555555556  0.174691358    0.4935185185   0.1434805948   
729      I1         1.488950617    2.332716049    2.512345679    0.4871450617   0.669382716    1.236666667    1.416666667    0.09305555556  0.174691358    0.4935185185   0.1257833311   
730      I1         1.488950617    2.332716049    2.512345679    0.4871450617   0.669382716    1.236666667    1.416666667    0.05555555556  0.180941358    0.4935185185   0.126225357    
731      I1         1.467700617    2.332716049    2.512345679    0.4871450617   0.669382716    1.236666667    1.416666667    0.05555555556  0.174691358    0.4935185185   0.1263956562   
732      I1         1.488950617    2.311466049    2.512345679    0.4871450617   0.669382716    1.236666667    1.416666667    0.05555555556  0.174691358    0.4935185185   0.1263823505   
733      I1         1.488950617    2.332716049    2.512345679    0.4748950617   0.669382716    1.236666667    1.416666667    0.05555555556  0.174691358    0.4935185185   0.1255517573   
734      I1         1.488950617    2.332716049    2.512345679    0.4871450617   0.657132716    1.236666667    1.416666667    0.05555555556  0.174691358    0.4935185185   0.1258461615   
735      I1         1.488950617    2.332716049    2.512345679    0.4871450617   0.669382716    1.112916667    1.416666667    0.05555555556  0.174691358    0.4935185185   0.125594275    
736      I1         1.488950617    2.332716049    2.512345679    0.4871450617   0.669382716    1.236666667    1.385416667    0.05555555556  0.174691358    0.4935185185   0.1441210441   
737      I1         1.488950617    2.332716049    2.512345679    0.4871450617   0.669382716    1.236666667    1.416666667    0.01805555556  0.174691358    0.4935185185   0.1259835244   
738      I1         1.488950617    2.332716049    2.512345679    0.4871450617   0.669382716    1.236666667    1.416666667    0.05555555556  0.168441358    0.4935185185   0.1257729527   
739      I1         1.488950617    2.332716049    2.512345679    0.4871450617   0.669382716    1.236666667    1.416666667    0.05555555556  0.174691358    0.4685185185   0.1271108614   
740      I1         1.510200617    2.332716049    2.512345679    0.4748950617   0.669382716    1.236666667    1.416666667    0.05555555556  0.174691358    0.4935185185   0.1260655951   
741      I1         1.488950617    2.353966049    2.512345679    0.4748950617   0.669382716    1.236666667    1.416666667    0.05555555556  0.174691358    0.4935185185   0.1253462535   
742      I1         1.488950617    2.332716049    2.537345679    0.4748950617   0.669382716    1.236666667    1.416666667    0.05555555556  0.174691358    0.4935185185   0.1255389369   
743      I1         1.488950617    2.332716049    2.512345679    0.4748950617   0.681632716    1.236666667    1.416666667    0.05555555556  0.174691358    0.4935185185   0.1256366532   
744      I1         1.488950617    2.332716049    2.512345679    0.4748950617   0.669382716    1.360416667    1.416666667    0.05555555556  0.174691358    0.4935185185   0.1281707809   
745      I1         1.488950617    2.332716049    2.512345679    0.4748950617   0.669382716    1.236666667    1.447916667    0.05555555556  0.174691358    0.4935185185   0.1463419236   
746      I1         1.488950617    2.332716049    2.512345679    0.4748950617   0.669382716    1.236666667    1.416666667    0.09305555556  0.174691358    0.4935185185   0.1255748705   
747      I1         1.488950617    2.332716049    2.512345679    0.4748950617   0.669382716    1.236666667    1.416666667    0.05555555556  0.180941358    0.4935185185   0.1258589898   
748      I1         1.488950617    2.332716049    2.512345679    0.4748950617   0.669382716    1.236666667    1.416666667    0.05555555556  0.174691358    0.5185185185   0.1297248945   
749      I1         1.467700617    2.332716049    2.512345679    0.4748950617   0.669382716    1.236666667    1.416666667    0.05555555556  0.174691358    0.4935185185   0.1273020891   
750      I1         1.488950617    2.311466049    2.512345679    0.4748950617   0.669382716    1.236666667    1.416666667    0.05555555556  0.174691358    0.4935185185   0.1257927928   
751      I1         1.488950617    2.332716049    2.512345679    0.4626450617   0.669382716    1.236666667    1.416666667    0.05555555556  0.174691358    0.4935185185   0.1261936905   
752      I1         1.488950617    2.332716049    2.512345679    0.4748950617   0.657132716    1.236666667    1.416666667    0.05555555556  0.174691358    0.4935185185   0.1254707278   
753      I1         1.488950617    2.332716049    2.512345679    0.4748950617   0.669382716    1.112916667    1.416666667    0.05555555556  0.174691358    0.4935185185   0.1241715203   
754      I1         1.488950617    2.332716049    2.512345679    0.4748950617   0.669382716    1.236666667    1.385416667    0.05555555556  0.174691358    0.4935185185   0.1406648427   
755      I1         1.488950617    2.332716049    2.512345679    0.4748950617   0.669382716    1.236666667    1.416666667    0.01805555556  0.174691358    0.4935185185   0.1255517573   
756      I1         1.488950617    2.332716049    2.512345679    0.4748950617   0.669382716    1.236666667    1.416666667    0.05555555556  0.168441358    0.4935185185   0.1252574039   
757      I1         1.488950617    2.332716049    2.512345679    0.4748950617   0.669382716    1.236666667    1.416666667    0.05555555556  0.174691358    0.4685185185   0.1250122186   
758      I1         1.510200617    2.332716049    2.512345679    0.4748950617   0.669382716    1.112916667    1.416666667    0.05555555556  0.174691358    0.4935185185   0.1261569454   
759      I1         1.488950617    2.353966049    2.512345679    0.4748950617   0.669382716    1.112916667    1.416666667    0.05555555556  0.174691358    0.4935185185   0.1238249445   
760      I1         1.488950617    2.332716049    2.537345679    0.4748950617   0.669382716    1.112916667    1.416666667    0.05555555556  0.174691358    0.4935185185   0.1241869238   
761      I1         1.488950617    2.332716049    2.512345679    0.4748950617   0.681632716    1.112916667    1.416666667    0.05555555556  0.174691358    0.4935185185   0.1243111826   
762      I1         1.488950617    2.332716049    2.512345679    0.4748950617   0.669382716    1.112916667    1.447916667    0.05555555556  0.174691358    0.4935185185   0.1422654852   
763      I1         1.488950617    2.332716049    2.512345679    0.4748950617   0.669382716    1.112916667    1.416666667    0.09305555556  0.174691358    0.4935185185   0.1239794095   
764      I1         1.488950617    2.332716049    2.512345679    0.4748950617   0.669382716    1.112916667    1.416666667    0.05555555556  0.180941358    0.4935185185   0.1244029518   
765      I1         1.488950617    2.332716049    2.512345679    0.4748950617   0.669382716    1.112916667    1.416666667    0.05555555556  0.174691358    0.5185185185   0.1272257367   
766      I1         1.467700617    2.332716049    2.512345679    0.4748950617   0.669382716    1.112916667    1.416666667    0.05555555556  0.174691358    0.4935185185   0.1246759235   
767      I1         1.488950617    2.311466049    2.512345679    0.4748950617   0.669382716    1.112916667    1.416666667    0.05555555556  0.174691358    0.4935185185   0.124566975    
768      I1         1.488950617    2.332716049    2.512345679    0.4626450617   0.669382716    1.112916667    1.416666667    0.05555555556  0.174691358    0.4935185185   0.1238032858   
769      I1         1.488950617    2.332716049    2.512345679    0.4748950617   0.657132716    1.112916667    1.416666667    0.05555555556  0.174691358    0.4935185185   0.1240356143   
770      I1         1.488950617    2.332716049    2.512345679    0.4748950617   0.669382716    0.9891666667   1.416666667    0.05555555556  0.174691358    0.4935185185   0.1252347484   
771      I1         1.488950617    2.332716049    2.512345679    0.4748950617   0.669382716    1.112916667    1.385416667    0.05555555556  0.174691358    0.4935185185   0.1423992504   
772      I1         1.488950617    2.332716049    2.512345679    0.4748950617   0.669382716    1.112916667    1.416666667    0.01805555556  0.174691358    0.4935185185   0.1241715203   
773      I1         1.488950617    2.332716049    2.512345679    0.4748950617   0.669382716    1.112916667    1.416666667    0.05555555556  0.168441358    0.4935185185   0.123970029    
774      I1         1.488950617    2.332716049    2.512345679    0.4748950617   0.669382716    1.112916667    1.416666667    0.05555555556  0.174691358    0.4685185185   0.1251230615   
775      I1         1.531450617    2.332716049    2.512345679    0.4626450617   0.669382716    1.112916667    1.416666667    0.05555555556  0.174691358    0.4935185185   0.1277290519   
776      I1         1.488950617    2.375216049    2.512345679    0.4626450617   0.669382716    1.112916667    1.416666667    0.05555555556  0.174691358    0.4935185185   0.1234313176   
777      I1         1.488950617    2.332716049    2.562345679    0.4626450617   0.669382716    1.112916667    1.416666667    0.05555555556  0.174691358    0.4935185185   0.1237766962   
778      I1         1.488950617    2.332716049    2.512345679    0.4871450617   0.669382716    1.112916667    1.416666667    0.05555555556  0.174691358    0.4935185185   0.125594275    
779      I1         1.488950617    2.332716049    2.512345679    0.4626450617   0.693882716    1.112916667    1.416666667    0.05555555556  0.174691358    0.4935185185   0.1239729374   
780      I1         1.488950617    2.332716049    2.512345679    0.4626450617   0.669382716    1.360416667    1.416666667    0.05555555556  0.174691358    0.4935185185   0.1295384075   
781      I1         1.488950617    2.332716049    2.512345679    0.4626450617   0.669382716    1.112916667    1.479166667    0.05555555556  0.174691358    0.4935185185   0.1702408787   
782      I1         1.488950617    2.332716049    2.512345679    0.4626450617   0.669382716    1.112916667    1.416666667    0.1305555556   0.174691358    0.4935185185   0.1239080092   
783      I1         1.488950617    2.332716049    2.512345679    0.4626450617   0.669382716    1.112916667    1.416666667    0.05555555556  0.187191358    0.4935185185   0.1244153767   
784      I1         1.488950617    2.332716049    2.512345679    0.4626450617   0.669382716    1.112916667    1.416666667    0.05555555556  0.174691358    0.5435185185   0.1345332856   
785      I1         1.446450617    2.332716049    2.512345679    0.4626450617   0.669382716    1.112916667    1.416666667    0.05555555556  0.174691358    0.4935185185   0.1285203789   
786      I1         1.488950617    2.290216049    2.512345679    0.4626450617   0.669382716    1.112916667    1.416666667    0.05555555556  0.174691358    0.4935185185   0.1243186536   
787      I1         1.488950617    2.332716049    2.512345679    0.4381450617   0.669382716    1.112916667    1.416666667    0.05555555556  0.174691358    0.4935185185   0.1259103501   
788      I1         1.488950617    2.332716049    2.512345679    0.4626450617   0.644882716    1.112916667    1.416666667    0.05555555556  0.174691358    0.4935185185   0.1236495377   
789      I1         1.488950617    2.332716049    2.512345679    0.4626450617   0.669382716    0.8654166667   1.416666667    0.05555555556  0.174691358    0.4935185185   0.1267672356   
790      I1         1.488950617    2.332716049    2.512345679    0.4626450617   0.669382716    1.112916667    1.354166667    0.05555555556  0.174691358    0.4935185185   0.1685683158   
791      I1         1.488950617    2.332716049    2.512345679    0.4626450617   0.669382716    1.112916667    1.416666667    0.05555555556  0.162191358    0.4935185185   0.1232779105   
792      I1         1.488950617    2.332716049    2.512345679    0.4626450617   0.669382716    1.112916667    1.416666667    0.05555555556  0.174691358    0.4435185185   0.1269944098   
793      I1         1.510200617    2.332716049    2.512345679    0.4626450617   0.669382716    1.112916667    1.416666667    0.05555555556  0.174691358    0.4935185185   0.1242991987   
794      I1         1.488950617    2.353966049    2.512345679    0.4626450617   0.669382716    1.112916667    1.416666667    0.05555555556  0.174691358    0.4935185185   0.1236035957   
795      I1         1.488950617    2.332716049    2.537345679    0.4626450617   0.669382716    1.112916667    1.416666667    0.05555555556  0.174691358    0.4935185185   0.1237888346   
796      I1         1.488950617    2.332716049    2.512345679    0.4626450617   0.681632716    1.112916667    1.416666667    0.05555555556  0.174691358    0.4935185185   0.1238860844   
797      I1         1.488950617    2.332716049    2.512345679    0.4626450617   0.669382716    1.112916667    1.447916667    0.05555555556  0.174691358    0.4935185185   0.1451433169   
798      I1         1.488950617    2.332716049    2.512345679    0.4626450617   0.669382716    1.112916667    1.416666667    0.09305555556  0.174691358    0.4935185185   0.1238375849   
799      I1         1.488950617    2.332716049    2.512345679    0.4626450617   0.669382716    1.112916667    1.416666667    0.05555555556  0.180941358    0.4935185185   0.1241022185   
800      I1         1.488950617    2.332716049    2.512345679    0.4626450617   0.669382716    1.112916667    1.416666667    0.05555555556  0.174691358    0.5185185185   0.1281362536   
801      I1         1.467700617    2.332716049    2.512345679    0.4626450617   0.669382716    1.112916667    1.416666667    0.05555555556  0.174691358    0.4935185185   0.1256543418   
802      I1         1.488950617    2.311466049    2.512345679    0.4626450617   0.669382716    1.112916667    1.416666667    0.05555555556  0.174691358    0.4935185185   0.1240384798   
803      I1         1.488950617    2.332716049    2.512345679    0.4503950617   0.669382716    1.112916667    1.416666667    0.05555555556  0.174691358    0.4935185185   0.1244879772   
804      I1         1.488950617    2.332716049    2.512345679    0.4626450617   0.657132716    1.112916667    1.416666667    0.05555555556  0.174691358    0.4935185185   0.1237244803   
805      I1         1.488950617    2.332716049    2.512345679    0.4626450617   0.669382716    0.9891666667   1.416666667    0.05555555556  0.174691358    0.4935185185   0.1238206133   
806      I1         1.488950617    2.332716049    2.512345679    0.4626450617   0.669382716    1.112916667    1.385416667    0.05555555556  0.174691358    0.4935185185   0.1389637033   
807      I1         1.488950617    2.332716049    2.512345679    0.4626450617   0.669382716    1.112916667    1.416666667    0.01805555556  0.174691358    0.4935185185   0.1238032858   
808      I1         1.488950617    2.332716049    2.512345679    0.4626450617   0.669382716    1.112916667    1.416666667    0.05555555556  0.168441358    0.4935185185   0.1235166978   
809      I1         1.488950617    2.332716049    2.512345679    0.4626450617   0.669382716    1.112916667    1.416666667    0.05555555556  0.174691358    0.4685185185   0.1230747109   
