%eval_id interface log__t_efold_shallow log__t_efold_soil log__t_efold_karst f_exfiltration_shallow f_exfiltration_soil PDD_melt_factor log__Hmax_shallow log__fdd_threshold snow_insulation_k baseflow_Q     log__routing_K neg_kge        
1        I1         0.4552595495   2.488531847    3.63207404     0.368880236    0.9087467498   2.073431759    2.525981301    2.721607916    0.06904737083  0.1658824363   0.3837417271   0.1938548338   
2        I1         1.815934321    2.680127378    2.767248125    0.06021600091  0.2239289244   6.315550258    3.081848135    0.3473174537   0.1386862285   0.1727298956   0.04621523853  0.6110385051   
3        I1         1.559430362    2.201317947    2.983373812    0.2011009297   0.3045696348   8.703049179    2.782450497    1.730970536    0.09355041593  0.1477325845   0.4431735609   0.4625035922   
4        I1         1.200518864    1.322749343    2.615440332    0.9711978667   0.6396143959   7.585434032    2.55694486     0.08861374577  0.03722880863  0.2108738415   0.09398135792  0.2127582285   
5        I1         1.230764125    1.740200609    3.469245654    0.1946010934   0.3700228634   5.581352577    2.314827831    0.245910656    0.1050729898   0.2433638436   -0.741666414   0.3488596972   
6        I1         1.498235502    1.823230549    2.687332496    0.2887668062   0.2375262317   7.03016898     1.737073229    0.8799337468   0.08429907018  0.1214281585   0.1561790879   0.3584215077   
7        I1         1.3490471      1.607062876    2.782108588    0.1423160262   0.8255057529   5.870925088    2.581542838    1.653641993    0.1179277192   0.2139616593   -0.8011054762  0.2737390346   
8        I1         0.5874682381   2.309147292    3.195114581    0.9575132077   0.3331156004   3.558779445    2.088695206    1.962334482    0.1368015372   0.1411935278   -0.09661404854 0.6452104866   
9        I1         1.069000019    1.299671974    3.075562603    0.3947952275   0.3128979224   5.814931171    3.102060641    0.9032487203   0.02252107805  0.1280485218   -0.6337649715  0.4040811611   
10       I1         0.5144262091   1.487285369    4.145470396    0.9534866534   0.7054546704   3.486612735    2.536759611    2.019138801    0.1364071208   0.1117767091   -0.2077530069  0.8269868068   
11       I1         1.618362611    2.049813049    3.639907075    0.5394486182   0.1685791455   9.849586199    1.04606843     1.9455307      0.1472330434   0.2053990244   -0.5968521011  1.107079278    
12       I1         1.151278613    1.496423881    2.804628639    0.7968582963   0.1790726062   5.618450393    3.40027001     0.220408035    0.1287138076   0.2492729572   0.5110696283   0.2014384192   
13       I1         1.479476688    1.780657403    2.520144982    0.2506824008   0.9023741      3.585673627    1.914951077    0.5036395973   0.09462798458  0.003476111197 0.7859526865   1.145184735    
14       I1         1.799934239    2.353332986    3.042674409    0.3205776368   0.4123488404   6.48335404     2.812952815    0.05117857487  0.1157453686   0.1293247969   -0.7942166096  0.40743818     
15       I1         1.542088596    1.290716929    2.83496418     0.4191608878   0.3148766168   2.596206367    3.28839053     1.12458415     0.02510282177  0.262305674    -0.2241607101  0.3310344684   
16       I1         0.4479365181   1.637809805    3.362561772    0.4929807404   0.4852475744   0.701920532    2.273167593    0.6273333389   0.09864788135  0.2928139658   -0.9782573847  0.3674841157   
17       I1         0.9481382881   1.219835666    3.18661111     0.9014394052   0.6631821369   5.955674479    1.392631896    0.9477062294   0.1497937356   0.2457264717   0.107908699    0.362489233    
18       I1         1.956310536    2.030189091    4.109591472    0.1350522446   0.5565208168   0.803349096    1.97242533     1.853799801    0.09306194737  0.2751015976   0.3255994678   0.4139374848   
19       I1         0.3107108767   2.161198875    3.992164059    0.8392264346   0.2087928288   3.161734854    2.390442615    1.111286656    0.0276572766   0.00584659876  0.2213100288   1.898360955    
20       I1         1.82491466     2.653075503    2.657896966    0.2089163743   0.9684807231   9.688580275    3.147121145    1.919275367    0.1230817213   0.1682156437   -0.2819413317  0.5290597493   
21       I1         1.636678545    2.372407311    4.292586158    0.05106478175  0.2536875913   5.133200276    1.882513269    2.681929217    0.04461754045  0.2821942264   0.3499064626   0.5040128213   
22       I1         0.39845222     2.007974284    2.741246095    0.8314936832   0.03002443055  6.953071345    3.006983899    0.8881793251   0.1071975463   0.02009185294  -0.5257492351  1.77028099     
23       I1         1.748286095    1.930591487    3.33756519     0.1985720714   0.5611679837   7.310678901    2.982602896    2.174535434    0.02610233661  0.2153304974   0.7100525169   0.5219349968   
24       I1         1.488799289    1.239487442    3.938366512    0.0138220575   0.2602711335   9.218734886    2.60466547     1.993753293    0.08062046257  0.01549829073  -0.3399602847  0.4857153049   
25       I1         1.574434238    1.248939516    2.674299496    0.8261550649   0.6746964876   7.187073331    2.749416291    0.7740339214   0.0117222403   0.1025959838   -0.3110670586  0.4166307471   
26       I1         0.3177406747   2.232347639    2.808007965    0.7426416074   0.05784624219  4.563016676    1.182338469    1.756551853    0.1331238257   0.1978858308   0.9168675678   0.2373046717   
27       I1         1.250014581    1.005001595    3.190784844    0.9243459712   0.2156810159   2.891081887    3.160608938    1.228988248    0.1139955595   0.1648347638   0.7772031409   0.2955755847   
28       I1         0.7603459946   2.095049203    3.113606452    0.4342557839   0.2877460165   8.158161341    1.752894144    0.1863946817   0.1111344308   0.08278451048  0.9876353271   0.4849172233   
29       I1         0.6957140961   1.580142564    3.306796818    0.8644663599   0.2999623596   6.296109337    2.562418642    1.609373634    0.131242177    0.2348752406   -0.4248443865  0.3922221091   
30       I1         1.162721522    2.397986451    4.042251232    0.2366521052   0.2176088771   0.4714102173   3.489893899    0.6543002893   0.0879881743   0.2330524094   -0.3485607168  0.376405006    
31       I1         1.269443469    1.022174469    2.85479035     0.7643935641   0.805928482    3.783799195    3.498405599    2.116017835    0.0468703918   0.1061684201   -0.217808231   0.4774439009   
32       I1         0.4433185135   2.455724537    2.908180833    0.6177638289   0.8329797208   8.893932136    1.457105575    1.897782895    0.1461496317   0.1698511598   0.8699096605   0.2722609738   
33       I1         1.280854117    1.846727143    4.006081118    0.5540566055   0.9848527638   1.683142635    2.406973527    1.886579956    0.0778977386   0.2875151759   0.2443561238   0.2846556008   
34       I1         0.3052678245   1.783104062    4.353231216    0.4496035419   0.2025505396   4.78116836     2.857879381    0.8916820488   0.08527533361  0.2363921475   0.9676705143   0.2464590697   
35       I1         1.160758497    1.985846631    3.447680515    0.5748104646   0.03786302582  3.831712223    2.971264849    2.021026004    0.001182908141 0.2017823462   -0.6108123123  0.2078377042   
36       I1         0.4301140715   1.457724002    3.385764139    0.4832078674   0.9527122088   4.365068302    1.591318896    0.9910281888   0.1048580881   0.2002471724   -0.7870193028  0.5884902971   
37       I1         0.9059262998   1.901955297    4.284302384    0.1448942896   0.2819903394   6.165109595    1.780841718    2.761166646    0.02674239864  0.04365524119  0.3597925704   0.303460626    
38       I1         1.583172998    2.024418459    3.151201792    0.01761344909  0.2340491312   4.247479126    1.445860462    1.035058946    0.03965215925  0.1125971034   -0.8570744365  1.240525824    
39       I1         1.783188645    2.25008588     3.784201027    0.5316747404   0.6084285145   6.104156355    2.279363941    0.6780633394   0.06589372763  0.2913877347   -0.8271208242  0.4923740223   
40       I1         1.225710618    1.386281804    4.360787384    0.6558531331   0.3294683232   4.727184153    1.317125486    0.1265346684   0.1326159032   0.03189160279  0.2147257585   1.24581639     
41       I1         1.340856682    1.40414358     4.264413472    0.2578996488   0.6908226698   5.524604038    1.193195169    1.057347563    0.005191392418 0.07169743118  0.590791813    0.7422306216   
42       I1         0.9989670997   1.850722746    2.863239585    0.7362907138   0.09428000369  9.65776003     2.627786828    1.787944327    0.01244245986  0.06687074617  0.5733102188   0.6674966731   
43       I1         1.040563043    1.328667274    3.961198443    0.7479293057   0.15576903     2.715362389    2.057926537    1.446196789    0.1449201112   0.039399362    0.2745411468   0.9045512999   
44       I1         0.6296351808   2.074017228    3.253518959    0.3637232882   0.9310201391   0.5941868708   2.706674091    0.3154873159   0.1031862129   0.05048881643  -0.01552591087 0.8882489174   
45       I1         1.031569625    1.74754868     2.702744019    0.7102397642   0.979447786    6.61131203     1.921338824    1.974810004    0.06008058436  0.2571644385   -0.8528340664  0.2060408738   
46       I1         1.88843912     1.833095461    4.413056666    0.8742615238   0.8014879318   8.569121207    2.2945428      2.322124854    0.02434920231  0.110585624    0.2888955735   0.3438942359   
47       I1         0.5783994492   1.987294004    3.409406389    0.3534372038   0.5671904152   7.990311883    1.499940044    0.7398747344   0.1410672281   0.1985819272   -0.5075881533  0.5936544488   
48       I1         1.670202853    1.124789684    2.789409178    0.6578579263   0.06784710513  0.1747179927   1.47547493     1.667144104    0.1281063483   0.07068184228  0.5809052164   0.7511566222   
49       I1         1.324356168    1.763486224    3.929824668    0.1717771929   0.8833437898   6.352420219    1.500558745    2.079389505    0.03170786377  0.2706983317   0.259361548    0.2757142058   
50       I1         0.869678216    2.215010462    3.024145158    0.08532162429  0.2851235629   4.019669975    1.890272128    2.62411397     0.1437396742   0.2600180342   -0.9821993843  0.5711181108   
51       I1         1.434442838    2.559012186    2.726943377    0.668142229    0.6290082472   5.656863288    1.636511103    0.722789629    1.456431299e-05 0.1193752012   -0.5833347465  0.7629660824   
52       I1         0.5744913194   2.129963821    3.014647514    0.9569122946   0.3931840479   6.59679333     3.047077183    2.828569128    0.04259969905  0.2384818733   0.3441908385   0.2790188238   
53       I1         1.335763744    2.141465459    3.325752487    0.5167904168   0.9077946181   1.857627286    2.034118778    2.20981977     0.1001341298   0.08451737442  -0.5434761679  0.4141706391   
54       I1         1.708819711    1.950323918    4.01903848     0.5665403297   0.7855111937   5.567548951    1.409865042    0.1371337249   0.07000582492  0.07716163663  0.01897259349  0.9818284482   
55       I1         0.9177023502   1.522818988    2.518656767    0.1586357021   0.6635464248   4.60317251     2.859344672    2.916857372    0.117131259    0.1000731361   0.06812560727  0.3540954178   
56       I1         0.6501714999   1.563813263    2.50197392     0.1205591682   0.3850713039   8.62880349     3.359789056    2.297328917    0.01794380659  0.1848593659   0.6229220791   0.231088289    
57       I1         1.474533859    1.359935892    4.077979364    0.04631572826  0.320086903    6.124559585    1.519098458    0.3034123706   0.06200268785  0.1880472491   0.2680878872   0.352940227    
58       I1         1.589566797    2.512240563    3.506186554    0.1156888522   0.4692989556   4.934930773    1.056579247    1.26336092     0.03696598682  0.181800888    0.000652402062 0.7211543695   
59       I1         1.784835303    1.926213285    4.314317134    0.2294786622   0.6961344583   5.162715657    3.440100491    0.005059092713 0.1396627313   0.06971472422  0.9627746968   0.4713237859   
60       I1         1.186805977    1.806078942    4.48415467     0.1397966434   0.5895334026   1.502057478    3.341203918    0.3783589419   0.04571215938  0.08686079609  -0.9224039916  0.4313947511   
61       I1         0.7074897604   1.732391951    3.847275111    0.6853682706   0.813832477    2.631645173    2.903199835    2.408131917    0.135434099    0.2743319174   0.5504649764   0.1956184858   
62       I1         1.69721588     1.487467654    3.391570594    0.09506460568  0.5857182627   8.24717916     1.833273034    0.5141898021   0.04367763218  0.2299540552   -0.125715429   0.3493701935   
63       I1         1.382954783    1.576814556    3.574528517    0.5353698492   0.6515158266   2.653942694    1.607700684    2.733793839    0.04168912005  0.2964673911   -0.5329991241  0.5716207927   
64       I1         0.6741398318   1.511267464    3.287586518    0.2689075142   0.5517586627   1.447753494    2.768950355    0.01217128017  0.09013046365  0.206265595    0.1742772274   0.2301772923   
65       I1         1.107474017    1.266991593    3.326822502    0.6350235686   0.5109124987   8.050056009    2.917057999    2.770988668    0.0463524289   0.1461064515   -0.4110149021  0.3328611841   
66       I1         1.911398778    2.637878489    3.647405117    0.9105767505   0.367962828    5.682692331    2.477539512    0.42181485     0.008643068442 0.0857780141   0.9756349043   0.4338724991   
67       I1         0.7357388406   1.618783662    3.735029668    0.07903790755  0.04468927487  7.772486148    2.878425189    2.831380021    0.09221918866  0.1096592619   -0.2679923387  0.6426902655   
68       I1         1.860860465    2.600075591    3.370947356    0.05397155562  0.2956648772   5.385674145    1.101469934    1.435323951    0.01390085479  0.2526626172   -0.899697617   1.09017742     
69       I1         1.221021649    2.148702014    4.397440051    0.3961759723   0.8435021733   7.662693208    3.169229962    2.526875163    0.01312596596  0.1764197733   0.8424817668   0.267468328    
70       I1         0.9621420747   2.50296565     3.667595332    0.4156345467   0.2098740821   1.458145766    2.009567014    2.379028174    0.05613223825  0.06853529157  -0.646641511   0.4942173113   
71       I1         0.5014862514   2.035421557    3.549718539    0.8970061838   0.5953864639   9.301918015    1.546078346    0.9739091175   0.07900732148  0.1709085432   -0.2065842281  0.6671870258   
72       I1         1.557081237    1.206270639    3.984371269    0.01128075689  0.4965381045   7.283779674    2.648130001    2.302330392    0.09299563755  0.0177231346   0.2818355411   0.3723019287   
73       I1         1.507471669    2.493927199    3.653744343    0.9308505921   0.7065786773   3.289680331    2.047124486    2.463665446    0.10853859     0.01002289527  -0.685778594   1.233952991    
74       I1         1.046500615    2.103964652    4.460416691    0.9033250825   0.4360470655   9.526076387    1.642919153    0.7152595511   0.08277730239  0.2412295288   -0.7842620987  0.4222425612   
75       I1         1.101323509    2.543200157    3.979006456    0.7218329044   0.1214055083   8.264963864    2.689356423    0.577996286    0.07730740259  0.05421008711  -0.5871098575  0.8393763852   
76       I1         0.4240566145   2.444789642    2.875069965    0.7827888579   0.7943040718   1.040583558    1.354347043    0.6985175133   0.05384362235  0.191613053    0.4298217414   0.3649495404   
77       I1         1.131380639    1.475532227    4.177968403    0.7740396554   0.4200881004   4.310346469    3.28075897     2.991132966    0.1150938947   0.1930416903   0.3054698495   0.2029942818   
78       I1         0.937441218    2.29651723     3.839459706    0.6602045533   0.3434151444   2.777260348    3.190779325    1.132171403    0.0173109026   0.2616784672   -0.7628490814  0.227599741    
79       I1         1.990996676    2.226407977    4.172137493    0.8661838949   0.607010724    3.090635965    1.988513382    1.196836077    0.07278662764  0.1372354078   -0.3466421275  0.4399219882   
80       I1         0.973829551    1.937680794    4.324691621    0.6421091236   0.8887746462   7.789316642    3.210067409    1.343975291    0.01454130494  0.2901795978   -0.4542939975  0.2433367648   
81       I1         0.7856290043   1.67081122     3.563084631    0.8287151901   0.07942275114  1.813236371    3.138695567    0.4789876932   0.01005026747  0.1078115678   0.03470227733  0.6494392353   
82       I1         0.5303073602   1.024249216    3.711363838    0.5699990112   0.05124040972  9.719304767    1.90589796     0.2101624065   0.02462236201  0.1176142705   0.6280587371   0.4629202794   
83       I1         1.212023774    2.037781874    3.178457219    0.7065912886   0.220584488    9.199591692    2.287974566    2.555939973    0.07652805707  0.1829019361   -0.8439390447  0.2228607366   
84       I1         0.600299416    1.189323103    3.282973026    0.03599679946  0.4543216541   1.779648702    1.53496941     2.858967395    0.06472292232  0.2329533529   -0.1952893061  0.3307216135   
85       I1         0.3677524232   1.558553607    3.260898568    0.5638427568   0.4023888976   6.827758737    1.422243749    1.027393238    0.0552195593   0.2999164765   0.719819798    0.241863278    
86       I1         0.8239859326   2.175444903    3.609136604    0.2674938073   0.4067010932   9.006293536    2.755057012    2.754979213    0.1235114976   0.02684174653  0.4172866839   0.3899292161   
87       I1         1.381827444    2.208117891    3.920708269    0.6646589952   0.2717204916   0.3257977483   3.357357405    1.000439065    0.04113520925  0.1522000872   -0.9118874218  0.2676260902   
88       I1         1.062583374    1.090187553    3.954929593    0.5788593947   0.9584592573   5.484717207    2.393861539    0.6029548605   0.1303066332   0.03231442651  0.4204724049   0.9949694989   
89       I1         1.359382799    1.919140271    3.217801873    0.1493129      0.7724180491   5.436145523    1.626046344    1.708122614    0.1016231905   0.07911464247  -0.3136670484  0.7723678708   
90       I1         0.5420655705   1.425525521    4.357918419    0.2345873294   0.3632845532   6.216627951    3.093389063    2.334039422    0.07414907359  0.08926015931  -0.6674564799  0.5008387457   
91       I1         0.6098356177   1.051939886    3.703694044    0.7000810092   0.5788924596   4.410688445    1.624863909    0.8262394375   0.08561259704  0.2884279959   0.8873896609   0.2671608349   
92       I1         1.764753117    1.749257324    2.906036344    0.6297198519   0.949165208    1.57776624     2.518181823    2.220567055    0.04753158195  0.05892381898  -0.6277020558  0.5441311894   
93       I1         0.4976089969   1.368306792    3.123302953    0.03765811168  0.2271843178   9.807148281    1.982777018    2.38867114     0.1372287684   0.1234287267   -0.4648034147  0.3874981825   
94       I1         0.7196277594   1.146068176    4.053596237    0.3438077843   0.5735897937   9.121403494    2.076376343    2.353304689    0.1038271258   0.09899103009  -0.4312935976  0.5713906591   
95       I1         1.301021493    1.588301778    4.037871506    0.5837991308   0.836560833    5.939641469    3.381077879    0.4341217125   0.1467755922   0.2213361509   0.03179395931  0.1787163232   
96       I1         1.415755904    2.477854227    3.21120112     0.989453186    0.10346091     9.990094479    2.451002017    0.07249794206  0.1443312707   0.1991392766   0.4928911647   0.2201269419   
97       I1         1.822802265    1.042055073    3.537894867    0.5006140939   0.6953665752   9.035347113    1.671585959    1.694161574    0.02236193471  0.2778081908   -0.7787415694  0.7268356483   
98       I1         1.452181115    1.963526746    4.222988627    0.3240121076   0.7761797963   6.043796498    3.305645983    2.614904444    0.04067088299  0.02719024481  -0.6743300593  0.6311665055   
99       I1         1.51752088     1.887784017    3.876091411    0.3513967573   0.8223547415   4.846555464    2.319904806    0.369665564    0.06189928623  0.01352219831  -0.9475949032  0.9180588997   
100      I1         1.326528753    1.061946202    3.809025626    0.06244660579  0.9224487796   4.884283603    1.702350809    1.623398695    0.1384352137   0.1957793462   0.4080288707   0.1952565874   
101      I1         1.738002296    1.157178291    2.976308004    0.152770079    0.136307493    3.661604156    1.847829181    0.5618529663   0.05340440596  0.2831163442   -0.110731227   0.4478069311   
102      I1         1.892783879    1.702042258    4.08083248     0.3579996258   0.1628758786   9.053510048    2.574820401    0.8039866818   0.1336132827   0.1329981987   -0.3283964014  0.5295138507   
103      I1         1.921550885    1.605384842    3.554404698    0.5852573008   0.1117894441   4.217818408    3.128904574    1.646402055    0.0386523747   0.2256401971   -0.401595115   0.4666279629   
104      I1         1.564016217    1.120258727    3.824234156    0.3857637516   0.3027026087   2.418285222    1.403687279    1.721838804    0.1165163341   0.03638823282  -0.8150201522  1.667816462    
105      I1         0.719191177    1.442057733    3.516151248    0.594645732    0.4874712745   4.286154237    1.037207481    1.255059318    0.06634459944  0.1714527594   -0.8846699833  1.071424421    
106      I1         1.937686949    1.623563135    4.446948188    0.9315443773   0.3617422335   6.266903658    1.946876391    1.363241007    0.11940366     0.2174343335   0.852938646    0.2762153353   
107      I1         1.674256652    2.607205399    3.968111588    0.05814758281  0.7449829453   2.681876318    2.099260682    0.2619529614   0.06814676873  0.1926592676   0.5196560383   0.4927981593   
108      I1         1.751218561    1.469167139    3.128993032    0.2944660222   0.4967438265   9.391928479    1.097642455    0.9313382408   0.01833011771  0.03306440038  -0.2624073665  1.743842191    
109      I1         0.3351591749   1.629118409    2.528631855    0.78766895     0.842247825    4.058018758    3.397554594    2.64381719     0.08864906322  0.1331115561   0.7597779236   0.3931400723   
110      I1         1.015064302    2.37031698     3.606658393    0.3745234011   0.9883526835   7.027733153    1.995923004    0.3986830698   0.05025233452  0.02218050523  0.09004568686  1.010252537    
111      I1         1.076181637    1.47684756     4.415591986    0.4984778558   0.9379771955   8.584118857    3.243481794    0.5822012304   0.03294224689  0.2088457093   0.186362382    0.208840161    
112      I1         0.9821751427   2.056057473    2.605669016    0.6968460319   0.6802152624   8.415995466    1.132762913    1.276744053    0.1355405351   0.2725143745   0.129862384    0.41980981     
113      I1         1.79550917     2.044425839    4.04804838     0.128473036    0.04071712417  7.516776562    3.205029226    1.956144609    0.08829635869  0.09094218925  0.577959329    0.7181366349   
114      I1         0.9744128914   2.629135782    3.526345781    0.8700867974   0.7807575394   0.9572361427   3.153146854    0.04473927255  0.1425835135   0.05379203449  -0.07181049557 0.9142929211   
115      I1         0.5369019975   1.371707752    2.972977533    0.6022610977   0.871363053    7.465637508    1.212281635    2.315740719    0.01880534533  0.06561906616  -0.2784716824  1.292002345    
116      I1         0.6847636401   2.086270055    3.819235255    0.4751500174   0.3533398499   2.389447736    1.553425089    2.193065111    0.06318942461  0.1427295182   0.8299246336   0.2966414554   
117      I1         0.3734655823   2.381482366    4.440692207    0.2257529178   0.2682707875   0.6063780837   2.254161223    2.447861487    0.07824304247  0.07525757581  0.2618410736   0.3146675891   
118      I1         1.730353726    2.547458364    3.084757358    0.5574533339   0.8689908005   1.544169539    1.819137968    2.251873656    0.001991874515 0.2951294083   -0.9318247251  0.5685958624   
119      I1         1.177159204    1.43332527     4.012869763    0.5279734897   0.3741075441   4.447244152    2.18230542     1.682260491    0.01958272204  0.01826141787  0.7625062059   0.9714518151   
120      I1         0.4689079693   1.840114       2.996022772    0.6238800601   0.07719894133  7.407846489    1.570159858    1.328476117    0.007300818836 0.1480632525   0.04745411311  0.6145039493   
121      I1         0.8066862593   1.010688332    4.25617578     0.876164382    0.4931008605   3.411606954    2.728328268    0.5954491473   0.0282495218   0.1580721474   0.6120152406   0.3501677131   
122      I1         1.117992494    1.802122459    2.830048849    0.9264071911   0.4273640679   0.8342739093   2.374188924    1.491576353    0.04883476045  0.2281767262   -0.5486465517  0.2293223156   
123      I1         0.3762842491   1.461686529    3.903464658    0.1603838599   0.6568343862   3.812652926    2.446361673    1.378699401    0.03607354012  0.259991774    -0.3936396531  0.3493900281   
124      I1         0.9445149779   2.61158016     4.154857191    0.06864317479  0.4161493205   5.787673809    1.349083296    2.473719112    0.07478697018  0.1532160207   -0.4948968006  1.031112301    
125      I1         1.464084269    2.327072205    2.612978149    0.3091048798   0.7594634673   8.861973182    1.787865248    2.742672698    0.07975989719  0.08741851528  -0.2309586204  0.4290285144   
126      I1         1.651440729    1.346035666    3.756594181    0.7390744977   0.1013074441   2.908796736    2.598481492    0.0299123315   0.1266391866   0.2931838051   0.3298836251   0.4012001013   
127      I1         1.395449208    1.865102614    3.20471397     0.4313628953   0.6425564559   1.059934205    1.305595537    1.424264058    0.0508189773   0.1671443398   0.7422934733   0.3220216668   
128      I1         0.9080263691   2.288418569    3.771107536    0.3419970723   0.4473012554   8.935380853    1.065052584    1.742562084    0.1476028276   0.07615254107  0.3698920525   0.8609276145   
129      I1         1.758476031    2.58541142     4.23019236     0.8012678524   0.7991067335   2.28079469     3.273656866    2.780243909    0.05485779825  0.1619689136   0.8371664789   0.3333098848   
130      I1         1.915915018    1.276145037    3.006847077    0.03961106068  0.8994223175   1.63161365     2.33548061     2.983044912    0.04946952656  0.2983722028   0.3184466273   0.5417381673   
131      I1         0.3285586371   2.462764673    2.797400905    0.2482968935   0.8178788364   4.126543821    1.428436597    0.6182917958   0.05902603118  0.2686727635   -0.7591531294  0.6313869488   
132      I1         0.7113794074   2.382780579    3.885662293    0.7860742005   0.1250539843   6.440097854    1.184937914    0.9652715088   0.06508431786  0.2632092207   0.08025655864  0.4428378023   
133      I1         0.7999073836   1.720055247    3.845312261    0.9169635703   0.9170078746   9.082364385    2.837037025    2.847197754    0.06762301624  0.05233290631  0.3644353529   0.9097194849   
134      I1         1.841418893    1.138117183    3.571354347    0.6251937004   0.964709477    7.21046598     3.193581599    1.237029339    0.0515984435   0.04290593665  0.8039529271   0.6499450421   
135      I1         1.836356129    1.222511354    2.934513602    0.1241161824   0.5280954635   0.1383557627   2.465765395    0.6865103848   0.1422902446   0.1503751082   0.9844683165   0.5059616398   
136      I1         1.969316018    1.162088808    4.20024087     0.2137834302   0.1659209448   6.001678038    1.73296427     1.216890575    0.1196272876   0.1731314902   -0.4155588808  0.8158976456   
137      I1         1.771193562    1.90839714     3.665054857    0.4085227492   0.6360603293   7.15887715     2.992670836    2.001011056    0.1458805951   0.2266159801   0.6846187818   0.5134070709   
138      I1         1.881864559    1.382261558    3.898699169    0.2729217598   0.3509214385   2.171727156    2.484000237    2.365912251    0.1318546339   0.01128332326  0.883892588    0.5191116501   
139      I1         1.550696324    1.034365161    3.584868323    0.768180211    0.1952555708   6.710055755    1.155739705    2.63306504     0.08958049706  0.1853469721   0.8242328947   0.2550408122   
140      I1         1.23714383     1.892177349    3.439605621    0.8888690782   0.279182846    3.991173488    2.214667896    1.598079942    0.1128746005   0.1898299422   -0.01272689132 0.2216629096   
141      I1         1.244751552    2.555003389    4.08921173     0.7262102806   0.1505513559   9.442576294    2.017939144    1.631392662    0.1100466187   0.2370950476   -0.07765293777 0.1946195953   
142      I1         1.948251375    2.016681234    2.941309496    0.6010773471   0.4387943063   4.166339747    1.230063572    2.882864521    0.1207844583   0.1941990349   0.671255802    0.2852877812   
143      I1         1.459552999    2.391765973    3.395581343    0.7351553244   0.06335144982  0.5155318816   2.759534361    2.428877288    0.1484845639   0.1576434571   0.6867712456   0.272138802    
144      I1         0.3443498047   1.394356037    3.888104274    0.04404286758  0.9546232434   3.302655049    2.724764023    0.6449255038   0.03229478658  0.1188867569   0.9024643749   0.4187798844   
145      I1         0.9154537974   1.816862121    3.296963637    0.6478459703   0.633732568    8.538878684    1.718019718    1.771597677    0.01145371287  0.1553838237   0.9948042228   0.3109805938   
146      I1         0.7579706501   2.318754595    3.496524632    0.3476104215   0.5694610568   8.799554718    3.479283269    0.8113180241   0.1123311672   0.2441518408   0.4731387971   0.2449528167   
147      I1         1.315604476    2.564005466    3.34417956     0.4439054183   0.3787398946   3.215896412    2.301125446    0.3854786578   0.1394439917   0.004875851778 0.3870822363   0.9654213891   
148      I1         1.538629173    2.35817213     3.805383155    0.7246198575   0.685109752    3.251303546    2.360791691    2.567535071    0.1242706233   0.01919567108  0.1241686564   0.8299263311   
149      I1         0.9870801418   1.090962769    2.93227432     0.7994510876   0.191096213    3.177402617    2.96616941     1.550609428    0.1378141402   0.1518188275   0.4832946201   0.3276057808   
150      I1         0.4737196634   1.338449556    3.624777989    0.3832702037   0.537096675    4.124835472    2.005978744    1.283319143    0.004545019591 0.02334610383  -0.4525082938  1.468832904    
151      I1         0.8480205554   1.772829532    4.432868669    0.307045893    0.1081480773   9.36699869     1.512162257    2.671064864    0.1307015618   0.2274559032   0.874474196    0.4003360341   
152      I1         0.3540151082   1.875005895    2.681218689    0.2421199327   0.4242836668   2.271706462    1.794064947    1.612403454    0.1069855645   0.0671139709   -0.04385592727 0.7437659013   
153      I1         1.622287052    2.262234132    4.43791119     0.08187029442  0.7468992355   3.372111183    2.787656451    1.909603913    0.05579865265  0.04448424745  0.6966997288   0.4431574802   
154      I1         1.628908169    2.267059179    3.91705676     0.3908718751   0.4484366104   2.770534601    2.431475731    2.959670102    0.1227714602   0.1740959247   0.9255409657   0.5648444555   
155      I1         1.868473146    1.535255594    3.03283948     0.9664733799   0.7193760053   9.174741589    1.563766349    1.336880903    0.0521437272   0.09402422746  0.739616587    0.5106034254   
156      I1         0.6729906473   2.23575481     3.54214926     0.5377850523   0.6796230876   7.717283805    2.243003414    1.670812587    0.09500131077  0.2660360231   -0.3897196016  0.2956338194   
157      I1         1.012847891    1.063528064    3.717211402    0.1646286199   0.8928641198   6.548255037    2.898298667    1.152838573    0.1106932101   0.1561015256   -0.247271531   0.3553463368   
158      I1         0.9314794921   1.254938783    3.246093392    0.0903694521   0.3871736439   9.435916875    3.423253803    0.8698789191   0.09794794756  0.1352969851   -0.9142027436  0.383655037    
159      I1         1.303370076    1.173806576    3.13492306     0.3991976672   0.01337837752  8.08061807     2.988478439    1.922017452    0.03930820891  0.2301544352   0.6560540474   0.3726126926   
160      I1         1.389904313    1.509549826    2.563463878    0.02682032949  0.01152641849  4.956372551    2.131953858    2.609415217    0.1021871067   0.006120434237 0.3070988767   0.6774473535   
161      I1         1.266159008    1.374843451    2.666142613    0.4686115266   0.2464161253   8.818446818    1.529097193    1.072328431    0.1345333926   0.1348832583   -0.7010958464  0.8062852532   
162      I1         0.4921449078   2.402522684    2.628772169    0.8130420474   0.6994658029   0.3695975357   1.675449878    1.474944107    0.01402257978  0.06089638534  -0.4879324975  1.194005298    
163      I1         0.6609580598   2.635292786    3.461227053    0.8439753187   0.4105007558   3.105402687    2.696259644    0.8332722562   0.09672542871  0.2021668649   0.07529467628  0.3789486271   
164      I1         1.216061424    1.07842609     3.229890596    0.9378834073   0.827400762    0.2008739061   1.490517732    2.416805911    0.1215249139   0.1268079172   -0.4698069413  0.9011687123   
165      I1         1.80468192     1.648557062    4.191135207    0.8399888113   0.1985287257   2.212150905    2.354394372    0.2082641887   0.01551931636  0.1450900546   0.2024912077   0.258958654    
166      I1         1.876269462    1.029610094    4.371764867    0.4782339761   0.8469582789   6.175578454    3.024165153    2.535754048    0.005707570683 0.1861315882   -0.6981870184  0.2947024412   
167      I1         0.36004142     2.324481988    2.635728609    0.8351751549   0.757544596    7.623043751    2.677983351    0.4947618117   0.08908543147  0.2046050971   0.8966492259   0.2364466677   
168      I1         0.3902345162   1.181177565    2.752934595    0.2810816412   0.0890321183   1.905774743    3.451758046    2.103490634    0.1245369171   0.2474135127   -0.2926643988  0.2955166275   
169      I1         0.408544849    2.590534515    4.469608268    0.8202279181   0.2417438303   3.506294406    2.18375314     1.407319214    0.09719076603  0.1149012739   -0.9369013208  0.916031424    
170      I1         1.712625696    1.684763754    4.116854075    0.6112363957   0.9372722994   4.630881637    2.108004096    2.489029106    0.1403944829   0.1799353234   -0.08151159323 0.2151121256   
171      I1         0.6263816946   1.754827795    3.693600047    0.6160442773   0.8500911906   5.071982654    1.857987569    2.598068224    0.1251897894   0.07421042281  -0.04742804851 0.7539918578   
172      I1         0.8789505393   1.353113064    2.599265732    0.4631838113   0.5429176497   1.276621057    3.470998266    2.242356466    0.1263674929   0.2484832492   -0.6884133029  0.1772010739   
173      I1         1.600285292    1.880140909    3.443101497    0.3820957175   0.8581902132   6.850141074    1.759161241    0.7966137695   0.08174538366  0.08081929945  0.05792413066  0.5531275953   
174      I1         0.9241843732   2.112643846    3.27268924     0.6520493137   0.1739787854   1.941395209    1.237292771    2.973675875    0.06278456756  0.2896233494   -0.03312288574 0.4823522299   
175      I1         1.645442561    2.572289077    3.304219489    0.4476728921   0.01958054421  6.983470842    2.194981328    2.50089213     0.002097835239 0.06124512416  0.008042718242 0.3618341439   
176      I1         0.4792202012   2.660330014    4.266933182    0.7558619954   0.2935083771   6.903781316    2.233781363    1.571044989    0.1014565964   0.2857165402   0.5356136786   0.2251946742   
177      I1         1.659968719    2.673454282    3.491418829    0.676848485    0.2751800928   1.149210547    1.599352301    1.485889901    0.006056766757 0.1153578004   0.6397813153   0.4410273117   
178      I1         1.701964074    1.661443372    4.328839539    0.507708016    0.5132588444   2.183137175    1.834735672    1.165720157    0.08313457829  0.1014414768   -0.2987527243  0.5624579079   
179      I1         0.4360475337   1.790683409    3.732907637    0.5763089343   0.7516442785   8.13962312     1.658034061    2.189302626    0.06102130474  0.02969126198  -0.6137581625  1.424101023    
180      I1         1.850647614    2.407301197    3.474362922    0.4094759667   0.5220185425   6.52304944     2.0700329      1.296136568    0.1131621315   0.1048416514   -0.4821185532  0.3422616067   
181      I1         1.908649771    1.550618968    4.237773043    0.2228202545   0.3985872561   0.3973248431   2.134421948    0.5210925952   0.1493512329   0.08862892455  -0.965297929   0.4138498782   
182      I1         1.092924469    2.522935073    4.135486143    0.1339867501   0.09677803858  4.063302564    3.462024267    2.053712897    0.1452196581   0.2395421596   -0.9461611325  0.6870795576   
183      I1         1.446335508    2.180520308    2.948627563    0.9795582233   0.4827215116   1.393663158    1.865408501    2.920097012    0.05447985943  0.1632058937   0.2366061893   0.2711028642   
184      I1         0.872472806    2.529878567    3.223508307    0.6064637601   0.6438213597   9.548449799    2.740645832    0.4107358551   0.04216610151  0.1834187264   0.723511082    0.2427128741   
185      I1         0.5212860984   2.347031718    4.166435226    0.7782062663   0.02603853883  4.45813412     1.868636931    0.1480514182   0.1064969149   0.1434656433   -0.7141693715  0.7256151141   
186      I1         1.005887567    2.499003633    4.028099965    0.8532681676   0.9622850424   9.33223508     2.804740768    0.8462298488   0.1258272251   0.2561791111   -0.7306546992  0.2384280621   
187      I1         1.857817526    2.126531714    2.549313107    0.2398713653   0.7618330616   7.331916469    3.388996575    1.798035012    0.1117101241   0.2860188009   -0.1874141482  0.6080987587   
188      I1         1.665250111    2.6877406      3.251077035    0.9462985109   0.356885533    8.654259139    3.233827472    2.123645344    0.08647327878  0.01650150707  -0.9539280408  1.002870114    
189      I1         0.6363943388   2.013724513    4.297124512    0.9358103204   0.1849948652   3.697353834    1.14470054     2.663597072    0.1430361819   0.1961860861   -0.8715087511  0.9318570713   
190      I1         1.444278275    1.423331016    4.207658737    0.8873828238   0.7329755853   2.571069128    2.890978104    0.2946714694   0.09915308     0.2651639401   -0.1483049578  0.2066080374   
191      I1         1.310439953    1.941346502    3.859167714    0.1822568941   0.509737054    6.634035164    2.065274884    0.9863965661   0.06069289637  0.2842459692   0.02256367789  0.4389887044   
192      I1         0.5489412889   1.81166574     3.794201365    0.02456168552  0.182428131    4.529884387    1.712747488    1.1473518      0.1140044625   0.07858347721  -0.0001638571763 0.4065773203   
193      I1         1.254082153    1.31261729     3.45754666     0.4393065005   0.9466801024   8.960502068    2.258941039    0.4685879183   0.05296698354  0.2111674511   0.452385726    0.211583449    
194      I1         1.592116285    2.668874854    2.757391787    0.5146411477   0.1413102393   4.675868525    3.111064988    0.155087912    0.04447345395  0.05994678661  -0.4401134266  0.4515061369   
195      I1         0.6401521459   2.000874494    3.097604414    0.5617577824   0.02016356509  8.370357904    2.498154856    1.805775029    0.07528283982  0.007918966675 -0.3232210878  1.69992991     
196      I1         1.081726666    2.306006852    3.060427032    0.7772854328   0.1376139005   0.5511667692   2.503245116    0.5350828349   0.08655444131  0.1440971328   -0.1150105029  0.3987527201   
197      I1         0.8936899455   1.975972814    2.872825091    0.1681824529   0.1201212604   9.893005244    2.583368745    1.095379226    0.07247970395  0.04734504042  -0.968805563   0.6951867908   
198      I1         1.578140663    1.437335597    3.056453917    0.8496504772   0.8537564426   3.013930012    3.065255811    1.454300066    0.05133096803  0.03750377536  -0.9015371136  0.7921264109   
199      I1         1.979905971    1.259956569    3.349998568    0.9805095429   0.2644768829   7.064042437    3.411552897    2.718524897    0.03486251739  0.02187022193  -0.3726345539  0.7663916656   
200      I1         1.933004722    1.116056146    2.888551602    0.8583340564   0.7228376675   8.334224322    3.428614514    0.7579311184   0.06669146625  0.273317689    0.7515762064   0.4697501354   
201      I1         1.428226823    2.470183567    2.672121545    0.7599331456   0.6270359666   7.427576021    3.028973259    1.54692594     0.03837920391  0.1365342077   -0.1343403913  0.2967918674   
202      I1         0.728718011    1.015258679    3.59973603     0.07083899011  0.1065470813   2.118319626    1.286243391    2.790775506    0.09167464767  0.1306200829   -0.0240640228  0.7512656767   
203      I1         0.7957480231   1.597078326    3.100025495    0.4360845678   0.4326145925   9.767570232    3.255199615    2.937794033    0.06981279138  0.2090905767   -0.1733342451  0.1899776821   
204      I1         0.3237088733   2.081967787    3.087118066    0.1752551528   0.465508111    0.241138325    2.847176678    0.4471354503   0.09987689747  0.251996076    0.6446710503   0.265059447    
205      I1         1.901462023    1.100195685    3.721320857    0.6890713407   0.3355639597   2.999869278    2.622931498    1.587008286    0.0358153585   0.2125764782   0.4789326015   0.4101165778   
206      I1         0.3949104709   1.327864414    4.421940351    0.4149177055   0.5544699285   4.715888998    1.390362506    0.2840585365   0.1160972242   0.2202936447   -0.1009558801  0.5157931318   
207      I1         0.6881199015   2.221495105    4.196549783    0.465210757    0.459415704    1.593846828    3.07356733     2.275028899    0.04816999326  0.1905021118   0.5632381281   0.1898407768   
208      I1         1.112249205    1.285348205    3.164319841    0.941346387    0.04916239375  8.296674237    1.326716649    0.7605917496   0.1487804291   0.002946648352 -0.8247230662  2.38923721     
209      I1         0.3131261282   2.51442489     4.478762658    0.4895793974   0.5642428646   7.899259404    2.956226925    2.16533961     0.08747710291  0.04988115325  -0.1466033847  1.082497044    
210      I1         0.7482488826   2.436423644    4.218569711    0.7047729654   0.9142553178   1.20806615     1.441605389    1.836636075    0.01544227841  0.04542878179  0.9407350642   0.8236947845   
211      I1         1.722002096    2.413440626    2.885188013    0.7134540686   0.5760678983   0.9747690129   1.160345849    1.176664089    0.03323297563  0.2228216498   0.662628604    0.2520339171   
212      I1         1.492923017    1.41831238     3.03564899     0.2528676024   0.7502055389   1.957400108    1.120290672    1.531563827    0.0005231772681 0.2502426007   0.2294926106   0.4078398111   
213      I1         1.962053355    2.594591468    3.692109568    0.3768789556   0.1479898162   0.9222992184   2.509368311    2.650226115    0.1278864225   0.1084693984   0.1385255879   0.5932142135   
214      I1         0.6021373378   1.236657754    3.006263884    0.282446083    0.6674393617   2.456995337    3.311063793    1.392706153    0.05782332502  3.02108e-05    -0.03477508546 1.926328064    
215      I1         0.8313026433   1.310918435    4.406230546    0.5950280336   0.807958624    5.275197541    1.067733821    2.090616315    0.06448859512  0.0513368541   0.6052366224   0.8975228305   
216      I1         1.373481817    2.422904768    4.244486286    0.8096779854   0.9325752491   5.190489881    3.297357431    2.587298398    0.109063281    0.1058943171   -0.1693770869  0.4052126598   
217      I1         0.6158441461   2.432352504    3.048511995    0.5112211774   0.6121861275   1.740474131    1.693124574    0.637250079    0.1146934167   0.2196235812   -0.7715123025  0.4329448942   
218      I1         1.811396034    2.623360368    2.710066259    0.6396962211   0.4707808031   9.273599008    2.342573154    2.268371791    0.07577379885  0.1225906147   0.8560140643   0.3814879488   
219      I1         0.8971714963   2.644110444    4.334839097    0.2605007178   0.8745567966   9.929435802    2.824598703    1.840322329    0.00761766407  0.09794302905  -0.8391197058  0.5508763489   
220      I1         1.870099175    1.664203842    3.236266154    0.3617429562   0.1289259313   6.766951214    1.687508881    2.543817294    0.1213222345   0.2717757047   -0.05765951091 0.4990788055   
221      I1         0.3485504418   1.727952704    3.941439147    0.8487916483   0.4435392042   9.496401716    2.673313704    2.156892577    0.004448841088 0.2673123765   0.3736044465   0.2788009296   
222      I1         0.551983061    1.1350667      2.621126085    0.4257638904   0.4526974088   5.371052394    2.636583707    2.809087969    0.06397869968  0.009132622868 -0.4396249498  1.482392681    
223      I1         0.6558687647   2.186006007    2.591160766    0.6948103972   0.7282635288   6.895136135    1.090770128    1.810518616    0.03370743502  0.0418066624   -0.5799028333  1.723589452    
224      I1         1.527668383    1.265502074    3.681351124    0.8162194583   0.172586491    7.105306752    1.959406696    1.38156577     0.08144591611  0.08321351633  0.5330101377   0.4649875976   
225      I1         1.126024947    1.686736869    2.761519739    0.4727462276   0.3380955784   1.113506027    1.741723812    1.357269241    0.02565810475  0.06394540309  -0.3605338106  0.8133176067   
226      I1         0.6677877611   2.153882841    4.454172702    0.3374150785   0.7707287291   6.399624598    3.327272653    1.242224447    0.04996173736  0.1874860109   0.6174714527   0.2163269131   
227      I1         0.4175703839   1.340093733    2.544647477    0.7660642874   0.8969460614   3.940408519    1.474446234    2.232423802    0.03035410451  0.1394398083   -0.3573456384  0.8406684269   
228      I1         1.682335925    2.241502952    3.27858566     0.2749906241   0.622309483    1.177112345    1.279143474    0.9207430378   0.008231453429 0.01285697413  -0.3038525112  2.025527956    
229      I1         1.775966423    2.171886984    2.651214515    0.127562032    0.2317561964   1.696533584    1.930685724    1.871805178    0.1083853717   0.2644285592   0.6779774255   0.4160777656   
230      I1         1.406987481    1.675837711    2.965447787    0.4844471541   0.7841465648   6.01519677     3.037056762    1.461006211    0.07852779585  0.2186389025   0.6516303583   0.2833631457   
231      I1         1.614376697    2.664262274    2.895061716    0.1033801179   0.07391524674  2.35856479     1.897459978    0.7435927634   0.02855941547  0.1312547649   0.9580489474   0.3221009931   
232      I1         1.288003539    1.51774427     3.373360849    0.3703465277   0.05394717492  3.665753972    3.265983532    0.7826805766   0.118128828    0.2143342613   0.9355281231   0.4332305946   
233      I1         1.64120002     1.867335465    3.510254339    0.2934147745   0.3801969768   7.868435783    1.001621239    2.513835711    0.1042840739   0.06498752883  -0.1322146533  1.37532883     
234      I1         0.787877155    1.283147972    4.278076749    0.5496203686   0.6156617733   9.935364316    2.795801305    2.812525046    0.04035865604  0.05646563623  -0.7483027552  0.8674417648   
235      I1         1.931563387    2.480325566    2.693563229    0.8802523054   0.941542642    0.6281363281   1.259489469    2.697099797    0.1341567218   0.05724248124  0.5569799615   0.9219989873   
236      I1         1.987353195    1.213851171    3.481052509    0.6090147236   0.2448017307   8.751343945    1.80008991     0.1708686619   0.03502517654  0.2765661839   -0.08732085914 0.4491615299   
237      I1         0.7409346075   1.408394001    3.530301182    0.9197970148   0.2052308283   3.042521913    1.249022616    0.6696602998   0.04515721078  0.2699637053   0.5206467354   0.2263118053   
238      I1         1.740831827    1.57146601     2.841873065    0.1869733362   0.06031807634  7.256774185    2.826130043    0.25877566     0.006898117403 0.1660709215   0.7674377002   0.4443460368   
239      I1         1.404016156    1.542045094    2.641115736    0.5440634302   0.3909964414   4.331382158    3.120410618    0.1132925225   0.05674072439  0.2582332783   -0.5058859567  0.2497069467   
240      I1         0.7805910733   1.794869922    2.57275019     0.2099069187   0.4617170534   2.505893795    1.026485822    1.049027438    0.08359771571  0.1407122735   0.5458317698   0.4735482218   
241      I1         0.5570628343   1.149679854    4.382333396    0.6465402684   0.1177522271   2.837997409    1.272784412    0.3576381975   0.01078137362  0.1270398622   0.4599568584   0.5403859478   
242      I1         1.275950592    1.046458867    3.424068791    0.07396129374  0.812421547    0.6846961195   1.252182926    0.09652809674  0.09101583371  0.07200095439  -0.5713444687  1.394106685    
243      I1         1.365941496    2.06095185     2.778552717    0.8179985224   0.1311815475   2.534502614    3.17842612     2.968189388    0.05727265832  0.2944059736   0.2516040449   0.2868878077   
244      I1         1.683075573    2.447268904    3.910475407    0.2997027545   0.9713532722   5.877084206    3.050855004    2.216826403    0.1097975606   0.02429715893  0.2979569095   0.5706836089   
245      I1         1.13489634     1.995419009    3.593232741    0.02088740981  0.8759965862   3.614292698    1.313900634    0.5462182917   0.09815140758  0.0349322326   0.9326731608   0.8608356657   
246      I1         0.519434217    1.914040856    2.815005329    0.3140481537   0.7373991272   2.089410644    3.448515501    2.901711027    0.009187756947 0.1603323906   0.1913539723   0.2201592137   
247      I1         0.7675012623   2.298393316    3.998975956    0.6742736568   0.603556501    1.231381987    1.222673888    2.571621558    0.05998864837  0.1249682338   0.8656215159   0.4257231611   
248      I1         1.192182611    1.109985789    3.868783827    0.9698528934   0.3221937678   1.323055332    2.87143989     1.981851762    0.1025394903   0.1257209594   -0.5604740939  0.4692233972   
249      I1         0.5094663364   1.614103081    3.156802105    0.5227558373   0.714725534    7.952141837    2.02915257     1.018043429    0.02985944957  0.1598176401   -0.4774137383  0.5910544161   
250      I1         0.6996487793   2.165513297    2.851202478    0.2175845276   0.4302886432   8.435700196    2.940504265    2.493968361    0.07632981182  0.1808409767   0.102357796    0.2994577731   
251      I1         1.257981942    2.538197415    3.068165516    0.2212320219   0.3414620436   6.688892982    2.16818102     1.303218177    0.003802202395 0.2535053875   -0.8930838238  0.2983826515   
252      I1         0.9657950803   2.689725624    2.581990262    0.179527658    0.7289337692   1.845591962    3.345000024    0.1600216106   0.07385521048  0.0955483701   -0.5394876178  0.441160332    
253      I1         1.518732135    1.105283673    3.742895652    0.6817590328   0.8604976298   3.347979457    3.322483215    2.083112658    0.1407195202   0.05518734604  0.1973353517   0.6526150335   
254      I1         1.505239601    2.27527896     2.955537223    0.1911231965   0.5424318474   5.318249909    2.54342476     1.066911655    0.03429106812  0.2161520195   0.2074096573   0.4014431183   
255      I1         1.205255055    2.106105563    4.251926883    0.4961993767   0.02848347457  3.465457878    1.134577945    2.030220468    0.07328917654  0.2972822706   -0.6539457846  0.8988392802   
256      I1         0.5625116465   2.254104281    4.374703127    0.1060554789   0.5056121611   1.989780196    2.929888882    1.526052728    0.07061516512  0.2238100979   0.7975393296   0.4298264736   
257      I1         1.998319731    1.400965242    4.340212492    0.8608480364   0.1890601572   4.801508251    1.111029395    1.102627846    0.002765598946 0.08175294015  -0.7086057333  1.581189277    
258      I1         1.141522265    1.502985028    3.64216882     0.1861942359   0.2666295428   9.604909417    1.17345003     2.141468457    0.06883973113  0.04080950947  -0.812225037   1.784343433    
259      I1         1.05919981     1.591783969    3.752344211    0.333323562    0.7659888071   1.373626406    3.090544016    1.201023504    0.02119049916  0.1495542739   0.3958346241   0.3069550518   
260      I1         0.7724829562   1.186086906    3.427281611    0.3297835083   0.06917312631  4.894030408    3.223977752    0.1957440408   0.01675039087  0.03813123517  0.9078358686   0.7412226797   
261      I1         1.098367723    1.654378836    3.357614425    0.7522225039   0.9190928976   7.751662791    2.910332854    0.4867087369   0.1007736411   0.09186391633  -0.9918866075  0.6125003328   
262      I1         1.171461564    2.282828503    4.497385341    0.9614109575   0.7171644045   1.010521473    1.297965078    2.133772125    0.105767524    0.2795520011   -0.8771876743  0.7623475583   
263      I1         1.422242053    1.084743497    4.02533537     0.9125552918   0.8857831008   8.716605469    2.410876968    1.514952042    0.07197787279  0.01413295733  -0.6624463903  1.232768576    
264      I1         1.953548078    2.333158098    2.824612651    0.4033144509   0.9751072237   5.736727176    1.576151478    1.869615244    0.084953915    0.02857285143  0.4378065639   1.062451741    
265      I1         0.866175135    1.831704451    4.300944502    0.6923296241   0.4780046208   6.409110143    2.664880824    1.08164751     0.02907265088  0.001357460651 0.4625750376   1.703640653    
266      I1         1.144801891    1.201716412    4.153250314    0.5035474146   0.1446908839   2.946877912    2.709937443    1.317227462    0.03120143511  0.03058048607  -0.3772689407  0.9509000021   
267      I1         0.8563423004   2.694562258    4.068233866    0.4528106755   0.3997498947   5.08417707     2.154174786    0.2342803905   0.01607913866  0.09621119617  -0.1866169041  0.6242758857   
268      I1         0.8114660747   1.899072277    3.314757769    0.3334357705   0.2484786123   7.375963574    2.613947314    2.861107974    0.09077338719  0.1777522205   -0.6007794946  0.24148269     
269      I1         1.361125029    2.091183159    3.401677843    0.1134234945   0.3475140804   5.774861325    1.615097097    2.703572792    0.1321879412   0.240199499    0.1718566195   0.3203342443   
270      I1         0.5937185563   2.459660638    3.860473881    0.9063060078   0.08592714136  1.28832285     3.010601391    1.763299569    0.01925969373  0.09210259151  -0.516976193   0.9158658639   
271      I1         0.9537959759   2.191445607    3.140613029    0.7300191398   0.739563675    9.773474863    1.021002136    2.436065393    0.09556043845  0.2817258703   0.5992571416   0.2322851546   
272      I1         0.8535962471   2.619524521    4.489577456    0.3136359659   0.5185026592   0.275446016    2.332507761    2.288872778    0.04701795317  0.07356363125  -0.2435825794  0.3207884464   
273      I1         0.8352697815   2.419043855    3.617691695    0.1569038732   0.5475262182   7.978424054    1.814968118    2.948163232    0.09615920834  0.1783627346   0.5026900452   0.4380005135   
274      I1         0.6218146609   1.855932989    4.095182904    0.7502022129   0.3073840553   8.095700615    2.110244726    1.413254429    0.03758179873  0.2462976034   -0.5585787816  0.41018089     
275      I1         0.9931211435   1.169199313    4.125732872    0.2626567102   0.8629435835   0.3582731703   1.379363737    2.890233498    0.07123194146  0.1205711759   -0.1550061506  0.7933367607   
276      I1         1.608771412    2.133923259    2.719834169    0.9485655461   0.5031211313   2.858188311    2.65257171     2.063558524    0.08009516445  0.1622031196   0.06321952617  0.2404401072   
277      I1         0.4859222711   1.197083982    3.951384311    0.03232881701  0.7934731076   0.8712048423   2.375909093    0.8514384187   0.0672768135   0.2544558779   -0.9957057351  0.3009158742   
278      I1         1.420646476    1.643923416    3.788768941    0.7909367982   0.653742217    7.822289279    2.145568572    0.270269134    0.05871144906  0.09342767677  -0.2362974915  0.4801537167   
279      I1         1.467821931    1.693992783    2.737443737    0.7156196559   0.03575032858  0.7839750314   2.434446248    1.826155283    0.003235789993 0.008480067523 -0.06551827474 1.174823796    
280      I1         1.296228928    1.072841677    4.393020831    0.3027917464   0.8820383405   8.49266892     2.944974689    0.5593391395   0.02192814766  0.2782776494   0.1408146883   0.250754857    
281      I1         1.052531105    1.972364014    2.538278452    0.100521532    0.5982216018   4.999514334    1.368960192    0.06456505267  0.1187958171   0.1543890792   -0.3818222919  0.8263203622   
282      I1         1.832347989    2.204138346    3.831236871    0.9844407052   0.6483402606   6.763594913    1.77103213     0.1090151029   0.1076283196   0.2033754741   0.1602187252   0.2705763694   
283      I1         0.4304851418   2.578719527    4.064944398    0.588488354    0.9267890524   5.451772094    2.218883641    1.568887545    0.1274418551   0.1751151824   0.9513341322   0.2518595034   
284      I1         1.024984263    1.717746796    3.778708329    0.4583877322   0.7113755041   8.449250233    2.161512037    0.3297641712   0.03087510477  0.1380460881   0.1524707589   0.3702216421   
285      I1         0.8192857502   2.066444463    3.764382356    0.07736213041  0.5233939486   9.583711601    2.123644312    1.712002352    0.1297640783   0.1162115847   0.7284769999   0.4024674206   
286      I1         1.347496987    2.273852932    2.915172285    0.6702249147   0.7898699603   8.194513123    1.666097965    2.458816046    0.04321279096  0.1137264218   0.1163240021   0.4589697384   
287      I1         1.72488636     2.339796042    4.311366217    0.09380691351  0.3251547208   3.745943433    2.207458896    0.4020289255   0.1415466058   0.1038168111   -0.723941514   0.5607168767   
288      I1         0.5702487049   1.448917371    2.555153062    0.2863724592   0.8350015658   5.220264853    1.204817825    0.03246602149  0.02390621498  0.2805362082   -0.7358223705  0.7644302713   
289      I1         1.690483718    1.527044211    3.419812513    0.8847277457   0.5312512202   3.91128993     1.360166142    2.395915723    0.09432417189  0.2551963665   -0.8639823581  0.9084114506   
290      I1         0.8414926297   1.545416253    2.510864016    0.9752273023   0.2576233267   0.7424392947   2.418465654    2.875222482    0.02070100847  0.02505561756  -0.6231729283  1.403106978    
291      I1         1.182398971    1.952210491    2.992332302    0.4223373309   0.5329572475   0.1095228706   2.473955203    1.501996075    0.1223206521   0.04885007375  -0.6530848341  0.6872385643   
292      I1         1.085592975    1.712391478    2.725188637    0.4563962076   0.6889461185   3.876418288    3.232414968    1.18745293     0.1291286783   0.2076725075   -0.1638310084  0.1775164139   
293      I1         1.026046435    1.231727704    4.180923743    0.8055794563   0.6208331469   0.4383188587   1.014254631    0.9507995359   0.05841733085  0.04604081617  -0.2575693911  1.535372596    
294      I1         0.8884118105   2.530528148    4.13262006     0.1094647061   0.1597277525   5.044471134    3.368082352    2.340169959    0.02301170714  0.2241429726   0.7902165498   0.531206276    
295      I1         0.460359321    1.303784423    4.105667461    0.6318941159   0.08285317218  2.025216672    2.229634502    1.937800442    0.01250996033  0.2354715697   0.3379371187   0.2623313639   
296      I1         0.3830346702   1.705854979    2.576428011    0.3203010297   0.9830281785   7.534625544    1.951766702    0.4583150151   0.08222531352  0.09967638493  0.4047668319   0.5719244107   
297      I1         1.531535246    2.364682212    3.168104999    0.5249688643   0.6720925495   2.34359497     1.939175983    0.9111448851   0.02037841911  0.2310793805   0.8163659037   0.3201578485   
298      I1         0.7461268417   1.767639995    2.925289364    0.8944457742   0.5927817656   7.652579117    1.079653216    0.7020075113   0.1204413556   0.06243369646  0.8089426444   0.7397893431   
299      I1         0.4057035626   2.120810807    3.674383694    0.2053694139   0.4753711493   5.308717337    1.460551876    0.3373427054   0.02747803096  0.03545608995  0.4999161592   0.9727869625   
300      I1         1.973053607    1.96163696     3.112754433    0.5475402506   0.5846141512   4.504271809    1.340808712    2.041426139    0.009528520054 0.2428169125   0.7049191554   0.1949561821   
301      I1         1.15           2.164814815    2.537037037    0.4637037037   0.9839506173   0.1611111111   2.435185185    2.981481481    0.025          0.2166666667   -0.5925925926  0.2096336158   
302      I1         0.8981481481   1.010493827    2.512345679    0.1733333333   0.9718518519   0.1611111111   2.157407407    2.944444444    0.08055555556  0.1833333333   0.07407407407  0.3144841009   
303      I1         1.338888889    2.689506173    2.537037037    0.862962963    0.9718518519   9.938888889    2.157407407    2.981481481    0.05277777778  0.25           -0.3703703704  0.1924755019   
304      I1         1.15           2.668518519    2.512345679    0.7540740741   0.9718518519   0.2833333333   2.157407407    0.01851851852  0.05277777778  0.2611111111   -0.987654321   0.1958139287   
305      I1         1.212962963    1.031481481    4.462962963    0.669382716    0.9718518519   0.2833333333   2.959876543    2.981481481    0.075          0.2166666667   -0.6666666667  0.2172784711   
306      I1         0.9611111111   1.598148148    2.981481481    0.6814814815   0.9718518519   0.1611111111   3.484567901    0.01851851852  0.08055555556  0.25           -0.1481481481  0.2202977178   
307      I1         1.422839506    2.164814815    4.462962963    0.862962963    0.9718518519   9.938888889    2.25           0.01851851852  0.06944444444  0.2277777778   0              0.18648753     
308      I1         0.3104938272   2.668518519    3.12962963     0.8992592593   0.06444444444  0.2833333333   2.342592593    2.981481481    0.04722222222  0.25           0.987654321    0.247730879    
309      I1         1.066049383    1.010493827    3.277777778    0.669382716    0.5            9.816666667    3.361111111    0.9444444444   0.09722222222  0.25           -0.2222222222  0.2042927206   
310      I1         1.212962963    2.164814815    2.537037037    0.862962963    0.01604938272  0.2833333333   1.87962963     0.01851851852  0.04722222222  0.2388888889   0.3209876543   0.1832920906   
311      I1         1.15           2.164814815    4.487654321    0.862962963    0.02814814815  0.1611111111   2.435185185    2.981481481    0.04166666667  0.2388888889   0.2962962963   0.1904601745   
312      I1         0.9611111111   2.164814815    2.537037037    0.669382716    0.2096296296   0.1611111111   3.175925926    2.981481481    0.04722222222  0.2388888889   -0.07407407407 0.1880407172   
313      I1         1.338888889    2.290740741    2.537037037    0.669382716    0.3185185185   6.516666667    2.25           1.833333333    0.008333333333 0.2240740741   -0.3209876543  0.1700886966   
314      I1         1.338888889    1.85           3.203703704    0.8871604938   0.9839506173   0.2833333333   2.12654321     1.611111111    0.1138888889   0.2388888889   -0.1481481481  0.1699557009   
315      I1         0.8771604938   1.661111111    3.87037037     0.9718518519   0.9718518519   3.216666667    2.805555556    0.01851851852  0.075          0.2833333333   0.987654321    0.3033355183   
316      I1         1.275925926    2.101851852    3.425925926    0.9718518519   0.5            9.816666667    1.848765432    2.981481481    0.08055555556  0.25           0.3209876543   0.1787107654   
317      I1         1.401851852    1.409259259    2.537037037    0.7903703704   0.5362962963   9.938888889    2.157407407    0.01851851852  0.04722222222  0.2351851852   -0.1481481481  0.1892390066   
318      I1         1.359876543    2.164814815    3.944444444    0.6814814815   0.7903703704   0.2833333333   2.25           2.981481481    0.05277777778  0.2240740741   -0.3703703704  0.1933747748   
319      I1         0.8981481481   1.409259259    3.87037037     0.3548148148   0.9718518519   0.1611111111   3.175925926    0.01851851852  0.08055555556  0.2351851852   -0.5185185185  0.2268727132   
320      I1         1.087037037    2.164814815    4.487654321    0.7903703704   0.3185185185   0.1611111111   3.453703704    0.01851851852  0.09722222222  0.25           0.07407407407  0.1957397833   
321      I1         1.212962963    2.164814815    3.203703704    0.669382716    0.9718518519   6.516666667    2.435185185    2.981481481    0.002777777778 0.2388888889   -0.987654321   0.1802827827   
322      I1         1.275925926    2.353703704    4.462962963    0.9355555556   0.01604938272  0.2833333333   1.87962963     0.01851851852  0.06944444444  0.2388888889   0.3209876543   0.1829892608   
323      I1         0.8981481481   1.598148148    3.87037037     0.6814814815   0.9718518519   9.938888889    3.083333333    2.981481481    0.1472222222   0.25           0.3209876543   0.1840653092   
324      I1         1.087037037    2.353703704    3.87037037     0.7782716049   0.6451851852   7.983333333    3.083333333    0.01851851852  0.08055555556  0.2648148148   0.07407407407  0.1969304605   
325      I1         1.087037037    2.668518519    3.12962963     0.9839506173   0.330617284    0.65           2.25           2.981481481    0.09722222222  0.2833333333   0              0.2120718385   
326      I1         1.212962963    2.542592593    2.537037037    0.669382716    0.3185185185   1.016666667    2.342592593    2.944444444    0.05277777778  0.2351851852   -0.987654321   0.18836527     
327      I1         1.024074074    1.535185185    2.537037037    0.9718518519   0.330617284    7.983333333    1.138888889    2.981481481    0.04722222222  0.25           0.987654321    0.2375890882   
328      I1         1.212962963    2.164814815    3.351851852    0.9839506173   0.9839506173   3.583333333    2.25           2.981481481    0.09166666667  0.25           0              0.1713229424   
329      I1         0.9611111111   1.031481481    3.425925926    0.669382716    0.5362962963   3.583333333    3.453703704    2.981481481    0.04722222222  0.2462962963   -0.07407407407 0.1805550315   
330      I1         1.401851852    1.85           3.12962963     0.8266666667   0.01604938272  9.938888889    2.157407407    2.981481481    0.002777777778 0.2055555556   0.2222222222   0.1852943908   
331      I1         1.15           2.164814815    2.537037037    0.4637037037   0.02814814815  0.2833333333   2.342592593    2.981481481    0.002777777778 0.1981481481   -0.3209876543  0.2144245172   
332      I1         1.15           2.542592593    3.277777778    0.8266666667   0.6451851852   0.2833333333   1.941358025    0.01851851852  0.002777777778 0.2574074074   0.07407407407  0.1908708272   
333      I1         1.338888889    1.661111111    2.512345679    0.9839506173   0.5725925926   0.2833333333   2.095679012    2.944444444    0.04722222222  0.2388888889   0.2222222222   0.1865985386   
334      I1         1.233950617    2.668518519    3.648148148    0.862962963    0.6451851852   3.95           1.972222222    2.981481481    0.09722222222  0.2425925926   0.1481481481   0.1609432251   
335      I1         0.9611111111   1.598148148    3.277777778    0.7540740741   0.3911111111   6.883333333    2.651234568    2.981481481    0.002777777778 0.2833333333   0.3209876543   0.2138111965   
336      I1         1.632716049    1.535185185    2.537037037    0.4637037037   0.6814814815   9.816666667    2.342592593    2.944444444    0.06944444444  0.1648148148   -0.987654321   0.2485196193   
337      I1         1.401851852    2.164814815    2.537037037    0.6451851852   0.9839506173   9.938888889    2.12654321     2.944444444    0.1472222222   0.1833333333   0              0.1954132968   
338      I1         0.3314814815   2.353703704    4.462962963    0.5            0.9839506173   0.2833333333   2.990740741    2.981481481    0.1194444444   0.1648148148   0.962962963    0.2901507528   
339      I1         1.422839506    2.47962963     3.154320988    0.9718518519   0.02814814815  6.516666667    2.157407407    0.01851851852  0.04166666667  0.2388888889   0              0.1753176703   
340      I1         1.212962963    1.724074074    2.512345679    0.9839506173   0.8992592593   5.416666667    3.175925926    2.944444444    0.09166666667  0.2388888889   -0.987654321   0.1915539763   
341      I1         0.8771604938   1.598148148    2.537037037    0.669382716    0.9355555556   3.216666667    2.898148148    2.944444444    0.1027777778   0.2722222222   -0.987654321   0.2066639158   
342      I1         1.087037037    1.787037037    2.512345679    0.9839506173   0.9718518519   6.883333333    2.25           2.944444444    0.08611111111  0.2611111111   -0.987654321   0.2224218465   
343      I1         0.9611111111   2.290740741    2.512345679    0.9839506173   0.9839506173   3.583333333    1.972222222    0.05555555556  0.1138888889   0.25           0.2962962963   0.2058850807   
344      I1         1.212962963    2.290740741    3.154320988    0.7903703704   0.137037037    6.15           1.972222222    0.01851851852  0.06759259259  0.25           0.2222222222   0.1783705502   
345      I1         1.527777778    2.14382716     3.12962963     0.9839506173   0.9839506173   3.216666667    2.157407407    2.055555556    0.002777777778 0.1944444444   0.2962962963   0.2051261495   
346      I1         0.8771604938   2.164814815    2.537037037    0.6814814815   0.6814814815   3.216666667    3.484567901    2.944444444    0.04722222222  0.2018518519   0.962962963    0.2443963655   
347      I1         1.066049383    2.164814815    4.462962963    0.5725925926   0.9718518519   3.216666667    2.651234568    2.981481481    0.1027777778   0.1944444444   0.2222222222   0.1617621914   
348      I1         1.77962963     1.472222222    4.487654321    0.7903703704   0.7540740741   3.216666667    1.200617284    2.055555556    0.1027777778   0.2388888889   0.987654321    0.2162375524   
349      I1         1.254938272    2.668518519    2.685185185    0.3548148148   0.8992592593   3.216666667    2.25           2.981481481    0.04722222222  0.1018518519   0.2962962963   0.2861972616   
350      I1         1.233950617    1.031481481    4.487654321    0.6451851852   0.6451851852   0.2833333333   2.12654321     2.944444444    0.1027777778   0.1944444444   0.2962962963   0.219817286    
351      I1         1.359876543    2.290740741    3.796296296    0.9839506173   0.5362962963   5.416666667    2.064814815    1.611111111    0.08055555556  0.25           0.1234567901   0.1764789396   
352      I1         1.087037037    2.101851852    4.462962963    0.5604938272   0.9718518519   0.2833333333   3.484567901    2.981481481    0.09722222222  0.2166666667   0.07407407407  0.1676439417   
353      I1         1.15           2.353703704    4.487654321    0.9839506173   0.02814814815  5.05           3.083333333    2.981481481    0.125          0.2611111111   0.1481481481   0.1821159633   
354      I1         1.024074074    1.912962963    4.487654321    0.6572839506   0.6814814815   1.016666667    2.990740741    2.981481481    0.06944444444  0.2722222222   0.1481481481   0.2002451795   
355      I1         1.212962963    2.101851852    3.203703704    0.8992592593   0.02814814815  3.583333333    3.484567901    2.981481481    0.1472222222   0.2388888889   -0.3456790123  0.1691613565   
356      I1         1.212962963    1.912962963    3.574074074    0.9839506173   0.3185185185   4.316666667    3.083333333    2.981481481    0.1138888889   0.2685185185   -0.6666666667  0.188842396    
357      I1         1.275925926    1.661111111    2.512345679    0.9839506173   0.9718518519   5.416666667    3.083333333    2.944444444    0.1472222222   0.25           0.3209876543   0.1812351412   
358      I1         1.338888889    1.787037037    2.512345679    0.9839506173   0.9718518519   0.2833333333   2.62037037     0.01851851852  0.09722222222  0.25           0.07407407407  0.1806663922   
359      I1         0.9611111111   1.975925926    3.425925926    0.6814814815   0.1007407407   3.216666667    3.484567901    2.981481481    0.1472222222   0.2351851852   0              0.1767001861   
360      I1         1.422839506    2.164814815    3.820987654    0.9718518519   0.8992592593   9.816666667    3.268518519    2.944444444    0.09722222222  0.2203703704   -0.8888888889  0.1752612808   
361      I1         1.15           2.14382716     3.179012346    0.6814814815   0.8266666667   6.883333333    3.268518519    2.944444444    0.09166666667  0.2166666667   -0.987654321   0.171796898    
362      I1         1.338888889    2.164814815    3.820987654    0.9839506173   0.6451851852   3.216666667    3.453703704    2.944444444    0.1305555556   0.2388888889   -0.1234567901  0.1593608883   
363      I1         1.233950617    1.912962963    3.203703704    0.9839506173   0.02814814815  0.2833333333   3.175925926    2.981481481    0.09166666667  0.2388888889   0.2962962963   0.1950783038   
364      I1         1.066049383    2.101851852    2.512345679    0.7540740741   0.9718518519   3.583333333    1.972222222    2.981481481    0.05277777778  0.2611111111   -0.07407407407 0.1751162536   
365      I1         1.087037037    2.164814815    2.512345679    0.6814814815   0.6814814815   6.883333333    3.484567901    2.981481481    0.04722222222  0.2388888889   -0.5925925926  0.1807176504   
366      I1         1.275925926    2.14382716     3.820987654    0.9355555556   0.8992592593   1.75           3.453703704    2.944444444    0.1472222222   0.2462962963   -0.7407407407  0.1661340836   
367      I1         1.338888889    2.542592593    3.820987654    0.9839506173   0.6814814815   4.683333333    3.268518519    2.018518519    0.1472222222   0.2388888889   -0.5185185185  0.1641590453   
368      I1         1.087037037    2.416666667    2.512345679    0.669382716    0.02814814815  9.816666667    2.25           2.055555556    0.002777777778 0.2388888889   -0.987654321   0.214563194    
369      I1         1.15           2.542592593    2.512345679    0.9718518519   0.6451851852   1.383333333    2.033950617    2.981481481    0.1472222222   0.25           -0.2962962963  0.191495056    
370      I1         1.233950617    2.353703704    3.12962963     0.8266666667   0.4274074074   3.216666667    2.064814815    2.981481481    0.05833333333  0.2388888889   -0.0987654321  0.1604894388   
371      I1         1.401851852    2.164814815    3.12962963     0.6814814815   0.9718518519   3.338888889    2.00308642     1.055555556    0.06944444444  0.2240740741   0              0.1781268048   
372      I1         1.212962963    2.164814815    2.512345679    0.862962963    0.4274074074   0.2833333333   2.157407407    1.055555556    0.06388888889  0.2574074074   -0.0987654321  0.1835603349   
373      I1         1.422839506    2.353703704    3.796296296    0.9839506173   0.9718518519   5.416666667    2.342592593    2.944444444    0.1472222222   0.2351851852   -0.8888888889  0.162901994    
374      I1         0.3104938272   1.157407407    2.512345679    0.3911111111   0.9839506173   6.883333333    2.990740741    2.944444444    0.05277777778  0.2166666667   0.8148148148   0.217268231    
375      I1         0.8771604938   1.031481481    2.537037037    0.3548148148   0.8266666667   3.216666667    2.990740741    2.944444444    0.04722222222  0.212962963    -0.987654321   0.2147950312   
376      I1         0.8981481481   1.031481481    2.512345679    0.3548148148   0.9718518519   4.316666667    3.484567901    2.944444444    0.1472222222   0.2351851852   0.07407407407  0.188835139    
377      I1         0.8771604938   1.094444444    2.512345679    0.4637037037   0.862962963    2.116666667    2.990740741    0.01851851852  0.1194444444   0.2944444444   0.2222222222   0.2198025183   
378      I1         1.254938272    2.164814815    3.277777778    0.7903703704   0.6814814815   0.2833333333   3.484567901    2.981481481    0.1472222222   0.2166666667   -0.8148148148  0.1807996762   
379      I1         1.15           2.14382716     3.796296296    0.7177777778   0.6451851852   3.583333333    3.453703704    2.981481481    0.1490740741   0.25           -0.2962962963  0.1775349049   
380      I1         1.422839506    2.164814815    3.598765432    0.6814814815   0.9718518519   6.516666667    2.62037037     2.055555556    0.1472222222   0.2018518519   -0.962962963   0.1846062454   
381      I1         1.464814815    1.535185185    3.154320988    0.669382716    0.3185185185   9.816666667    2.342592593    2.981481481    0.1027777778   0.1944444444   -0.2962962963  0.206791606    
382      I1         0.3944444444   1.598148148    4.487654321    0.3548148148   0.9718518519   2.116666667    3.453703704    2.944444444    0.1472222222   0.1537037037   -0.7901234568  0.3787549801   
383      I1         1.77962963     1.535185185    4.487654321    0.9718518519   0.9718518519   6.883333333    2.712962963    2.018518519    0.1027777778   0.187037037    -0.962962963   0.2176672992   
384      I1         1.275925926    1.031481481    3.12962963     0.6088888889   0.9718518519   3.583333333    3.484567901    2.981481481    0.04722222222  0.2388888889   -0.987654321   0.1642189827   
385      I1         1.170987654    2.668518519    3.87037037     0.7177777778   0.9718518519   6.15           2.157407407    2.944444444    0.1361111111   0.2351851852   -0.987654321   0.180642051    
386      I1         0.3944444444   1.55617284     3.845679012    0.8266666667   0.9718518519   6.883333333    1.138888889    2.944444444    0.1027777778   0.2722222222   0.987654321    0.2609595509   
387      I1         0.8981481481   2.101851852    4.462962963    0.6814814815   0.9718518519   6.516666667    2.651234568    2.981481481    0.1472222222   0.25           0.3209876543   0.1757430469   
388      I1         1.422839506    1.031481481    4.462962963    0.9839506173   0.9718518519   3.95           2.62037037     0.05555555556  0.09722222222  0.2018518519   0.2962962963   0.197184094    
389      I1         1.066049383    2.668518519    4.314814815    0.9355555556   0.3548148148   6.883333333    1.87962963     2.944444444    0.002777777778 0.2537037037   0.3209876543   0.1833361815   
390      I1         1.275925926    2.668518519    4.462962963    0.9839506173   0.9718518519   9.083333333    3.484567901    2.944444444    0.1472222222   0.2277777778   0.987654321    0.2759241083   
391      I1         1.087037037    2.668518519    3.203703704    0.8992592593   0.4274074074   6.516666667    2.651234568    2.981481481    0.1472222222   0.2611111111   0.3209876543   0.1859267544   
392      I1         1.212962963    1.031481481    4.314814815    0.9839506173   0.9718518519   3.583333333    2.342592593    0.01851851852  0.1472222222   0.2611111111   -0.0987654321  0.177739411    
393      I1         1.233950617    1.787037037    4.092592593    0.8992592593   0.3548148148   3.95           2.157407407    0.01851851852  0.03611111111  0.2351851852   0.2222222222   0.1651486139   
394      I1         1.212962963    1.724074074    4.487654321    0.862962963    0.9718518519   4.683333333    1.972222222    2.981481481    0.1083333333   0.25           0.1234567901   0.1639933267   
395      I1         1.359876543    2.101851852    4.462962963    0.9839506173   0.6814814815   3.583333333    2.280864198    2.944444444    0.1472222222   0.2388888889   -0.2962962963  0.1596006902   
396      I1         1.15           2.038888889    3.87037037     0.8750617284   0.7540740741   4.683333333    2.12654321     2.981481481    0.1472222222   0.2611111111   0.07407407407  0.1758759377   
397      I1         1.422839506    2.668518519    4.462962963    0.9839506173   0.02814814815  5.05           2.62037037     0.01851851852  0.04722222222  0.2166666667   -0.2962962963  0.1659331682   
398      I1         1.233950617    2.542592593    4.314814815    0.9839506173   0.02814814815  5.783333333    2.651234568    0.05555555556  0.04722222222  0.25           0.1481481481   0.1725697512   
399      I1         1.401851852    1.975925926    4.092592593    0.9839506173   0.9718518519   3.583333333    2.37345679     0.05555555556  0.09722222222  0.2351851852   -0.7407407407  0.159543011    
400      I1         1.212962963    1.598148148    4.314814815    0.6814814815   0.9839506173   5.416666667    2.157407407    0.01851851852  0.05277777778  0.2351851852   -0.1481481481  0.16682187     
%eval_id interface log__t_efold_shallow log__t_efold_soil log__t_efold_karst f_exfiltration_shallow f_exfiltration_soil PDD_melt_factor log__Hmax_shallow log__fdd_threshold snow_insulation_k baseflow_Q     log__routing_K neg_kge        
401      I1         1.338888889    2.164814815    3.820987654    0.9839506173   0.6451851852   3.216666667    3.453703704    2.944444444    0.1305555556   0.2388888889   -0.1234567901  0.1593608883   
402      I1         1.508888889    2.164814815    3.820987654    0.9839506173   0.6451851852   3.216666667    3.453703704    2.944444444    0.1305555556   0.2388888889   -0.1234567901  0.1832980705   
403      I1         1.338888889    2.334814815    3.820987654    0.9839506173   0.6451851852   3.216666667    3.453703704    2.944444444    0.1305555556   0.2388888889   -0.1234567901  0.1593043179   
404      I1         1.338888889    2.164814815    4.020987654    0.9839506173   0.6451851852   3.216666667    3.453703704    2.944444444    0.1305555556   0.2388888889   -0.1234567901  0.1593605841   
405      I1         1.338888889    2.164814815    3.820987654    0.9839506173   0.7431851852   3.216666667    3.453703704    2.944444444    0.1305555556   0.2388888889   -0.1234567901  0.1593993757   
406      I1         1.338888889    2.164814815    3.820987654    0.9839506173   0.6451851852   4.206666667    3.453703704    2.944444444    0.1305555556   0.2388888889   -0.1234567901  0.1598801339   
407      I1         1.338888889    2.164814815    3.820987654    0.9839506173   0.6451851852   3.216666667    3.453703704    2.944444444    0.1455555556   0.2388888889   -0.1234567901  0.1593608883   
408      I1         1.338888889    2.164814815    3.820987654    0.9839506173   0.6451851852   3.216666667    3.453703704    2.944444444    0.1305555556   0.2688888889   -0.1234567901  0.1819843194   
409      I1         1.338888889    2.164814815    3.820987654    0.9839506173   0.6451851852   3.216666667    3.453703704    2.944444444    0.1305555556   0.2388888889   0.07654320988  0.1604811767   
410      I1         1.168888889    2.164814815    3.820987654    0.9839506173   0.6451851852   3.216666667    3.453703704    2.944444444    0.1305555556   0.2388888889   -0.1234567901  0.1876359971   
411      I1         1.338888889    1.994814815    3.820987654    0.9839506173   0.6451851852   3.216666667    3.453703704    2.944444444    0.1305555556   0.2388888889   -0.1234567901  0.1594426569   
412      I1         1.338888889    2.164814815    3.620987654    0.9839506173   0.6451851852   3.216666667    3.453703704    2.944444444    0.1305555556   0.2388888889   -0.1234567901  0.1593613746   
413      I1         1.338888889    2.164814815    3.820987654    0.8859506173   0.6451851852   3.216666667    3.453703704    2.944444444    0.1305555556   0.2388888889   -0.1234567901  0.1596351489   
414      I1         1.338888889    2.164814815    3.820987654    0.9839506173   0.5471851852   3.216666667    3.453703704    2.944444444    0.1305555556   0.2388888889   -0.1234567901  0.1593288599   
415      I1         1.338888889    2.164814815    3.820987654    0.9839506173   0.6451851852   2.226666667    3.453703704    2.944444444    0.1305555556   0.2388888889   -0.1234567901  0.1594044835   
416      I1         1.338888889    2.164814815    3.820987654    0.9839506173   0.6451851852   3.216666667    3.203703704    2.944444444    0.1305555556   0.2388888889   -0.1234567901  0.1593608883   
417      I1         1.338888889    2.164814815    3.820987654    0.9839506173   0.6451851852   3.216666667    3.453703704    2.644444444    0.1305555556   0.2388888889   -0.1234567901  0.1592959298   
418      I1         1.338888889    2.164814815    3.820987654    0.9839506173   0.6451851852   3.216666667    3.453703704    2.944444444    0.1155555556   0.2388888889   -0.1234567901  0.1593608883   
419      I1         1.338888889    2.164814815    3.820987654    0.9839506173   0.6451851852   3.216666667    3.453703704    2.944444444    0.1305555556   0.2088888889   -0.1234567901  0.1848291068   
420      I1         1.338888889    2.164814815    3.820987654    0.9839506173   0.6451851852   3.216666667    3.453703704    2.944444444    0.1305555556   0.2388888889   -0.3234567901  0.1610543688   
421      I1         1.423888889    2.164814815    3.820987654    0.9839506173   0.6451851852   3.216666667    3.453703704    2.944444444    0.1305555556   0.2388888889   -0.1234567901  0.1644452295   
422      I1         1.338888889    2.249814815    3.820987654    0.9839506173   0.6451851852   3.216666667    3.453703704    2.944444444    0.1305555556   0.2388888889   -0.1234567901  0.1593295498   
423      I1         1.338888889    2.164814815    3.920987654    0.9839506173   0.6451851852   3.216666667    3.453703704    2.944444444    0.1305555556   0.2388888889   -0.1234567901  0.1593607185   
424      I1         1.338888889    2.164814815    3.820987654    0.9839506173   0.6941851852   3.216666667    3.453703704    2.944444444    0.1305555556   0.2388888889   -0.1234567901  0.1593788397   
425      I1         1.338888889    2.164814815    3.820987654    0.9839506173   0.6451851852   3.711666667    3.453703704    2.944444444    0.1305555556   0.2388888889   -0.1234567901  0.1594787028   
426      I1         1.338888889    2.164814815    3.820987654    0.9839506173   0.6451851852   3.216666667    3.453703704    2.944444444    0.1380555556   0.2388888889   -0.1234567901  0.1593608883   
427      I1         1.338888889    2.164814815    3.820987654    0.9839506173   0.6451851852   3.216666667    3.453703704    2.944444444    0.1305555556   0.2538888889   -0.1234567901  0.1666974081   
428      I1         1.338888889    2.164814815    3.820987654    0.9839506173   0.6451851852   3.216666667    3.453703704    2.944444444    0.1305555556   0.2388888889   -0.02345679012 0.1592177119   
429      I1         1.253888889    2.164814815    3.820987654    0.9839506173   0.6451851852   3.216666667    3.453703704    2.944444444    0.1305555556   0.2388888889   -0.1234567901  0.1692416465   
430      I1         1.338888889    2.079814815    3.820987654    0.9839506173   0.6451851852   3.216666667    3.453703704    2.944444444    0.1305555556   0.2388888889   -0.1234567901  0.1593981117   
431      I1         1.338888889    2.164814815    3.720987654    0.9839506173   0.6451851852   3.216666667    3.453703704    2.944444444    0.1305555556   0.2388888889   -0.1234567901  0.1593611031   
432      I1         1.338888889    2.164814815    3.820987654    0.9349506173   0.6451851852   3.216666667    3.453703704    2.944444444    0.1305555556   0.2388888889   -0.1234567901  0.1577574399   
433      I1         1.338888889    2.164814815    3.820987654    0.9839506173   0.5961851852   3.216666667    3.453703704    2.944444444    0.1305555556   0.2388888889   -0.1234567901  0.1593442486   
434      I1         1.338888889    2.164814815    3.820987654    0.9839506173   0.6451851852   2.721666667    3.453703704    2.944444444    0.1305555556   0.2388888889   -0.1234567901  0.1591968852   
435      I1         1.338888889    2.164814815    3.820987654    0.9839506173   0.6451851852   3.216666667    3.328703704    2.944444444    0.1305555556   0.2388888889   -0.1234567901  0.1593608883   
436      I1         1.338888889    2.164814815    3.820987654    0.9839506173   0.6451851852   3.216666667    3.453703704    2.794444444    0.1305555556   0.2388888889   -0.1234567901  0.1592861313   
437      I1         1.338888889    2.164814815    3.820987654    0.9839506173   0.6451851852   3.216666667    3.453703704    2.944444444    0.1230555556   0.2388888889   -0.1234567901  0.1593608883   
438      I1         1.338888889    2.164814815    3.820987654    0.9839506173   0.6451851852   3.216666667    3.453703704    2.944444444    0.1305555556   0.2238888889   -0.1234567901  0.1663007622   
439      I1         1.338888889    2.164814815    3.820987654    0.9839506173   0.6451851852   3.216666667    3.453703704    2.944444444    0.1305555556   0.2388888889   -0.2234567901  0.1600936022   
440      I1         1.381388889    2.164814815    3.820987654    0.9839506173   0.6451851852   3.216666667    3.453703704    2.944444444    0.1305555556   0.2388888889   -0.1234567901  0.1584163403   
441      I1         1.338888889    2.207314815    3.820987654    0.9839506173   0.6451851852   3.216666667    3.453703704    2.944444444    0.1305555556   0.2388888889   -0.1234567901  0.1593444142   
442      I1         1.338888889    2.164814815    3.870987654    0.9839506173   0.6451851852   3.216666667    3.453703704    2.944444444    0.1305555556   0.2388888889   -0.1234567901  0.1593607984   
443      I1         1.338888889    2.164814815    3.820987654    0.9839506173   0.6696851852   3.216666667    3.453703704    2.944444444    0.1305555556   0.2388888889   -0.1234567901  0.1593696982   
444      I1         1.338888889    2.164814815    3.820987654    0.9839506173   0.6451851852   3.464166667    3.453703704    2.944444444    0.1305555556   0.2388888889   -0.1234567901  0.1593749056   
445      I1         1.338888889    2.164814815    3.820987654    0.9839506173   0.6451851852   3.216666667    3.453703704    2.944444444    0.1343055556   0.2388888889   -0.1234567901  0.1593608883   
446      I1         1.338888889    2.164814815    3.820987654    0.9839506173   0.6451851852   3.216666667    3.453703704    2.944444444    0.1305555556   0.2463888889   -0.1234567901  0.1615564972   
447      I1         1.338888889    2.164814815    3.820987654    0.9839506173   0.6451851852   3.216666667    3.453703704    2.944444444    0.1305555556   0.2388888889   -0.07345679012 0.1591875365   
448      I1         1.296388889    2.164814815    3.820987654    0.9839506173   0.6451851852   3.216666667    3.453703704    2.944444444    0.1305555556   0.2388888889   -0.1234567901  0.1631609447   
449      I1         1.338888889    2.122314815    3.820987654    0.9839506173   0.6451851852   3.216666667    3.453703704    2.944444444    0.1305555556   0.2388888889   -0.1234567901  0.159378975    
450      I1         1.338888889    2.164814815    3.770987654    0.9839506173   0.6451851852   3.216666667    3.453703704    2.944444444    0.1305555556   0.2388888889   -0.1234567901  0.1593609894   
451      I1         1.338888889    2.164814815    3.820987654    0.9594506173   0.6451851852   3.216666667    3.453703704    2.944444444    0.1305555556   0.2388888889   -0.1234567901  0.1582427338   
452      I1         1.338888889    2.164814815    3.820987654    0.9839506173   0.6206851852   3.216666667    3.453703704    2.944444444    0.1305555556   0.2388888889   -0.1234567901  0.1593524087   
453      I1         1.338888889    2.164814815    3.820987654    0.9839506173   0.6451851852   2.969166667    3.453703704    2.944444444    0.1305555556   0.2388888889   -0.1234567901  0.1592789166   
454      I1         1.338888889    2.164814815    3.820987654    0.9839506173   0.6451851852   3.216666667    3.391203704    2.944444444    0.1305555556   0.2388888889   -0.1234567901  0.1593608883   
455      I1         1.338888889    2.164814815    3.820987654    0.9839506173   0.6451851852   3.216666667    3.453703704    2.869444444    0.1305555556   0.2388888889   -0.1234567901  0.159363247    
456      I1         1.338888889    2.164814815    3.820987654    0.9839506173   0.6451851852   3.216666667    3.453703704    2.944444444    0.1268055556   0.2388888889   -0.1234567901  0.1593608883   
457      I1         1.338888889    2.164814815    3.820987654    0.9839506173   0.6451851852   3.216666667    3.453703704    2.944444444    0.1305555556   0.2313888889   -0.1234567901  0.1609925816   
458      I1         1.338888889    2.164814815    3.820987654    0.9839506173   0.6451851852   3.216666667    3.453703704    2.944444444    0.1305555556   0.2388888889   -0.1734567901  0.1596742621   
459      I1         1.381388889    2.164814815    3.820987654    0.9594506173   0.6451851852   3.216666667    3.453703704    2.944444444    0.1305555556   0.2388888889   -0.1234567901  0.1593843952   
460      I1         1.338888889    2.207314815    3.820987654    0.9594506173   0.6451851852   3.216666667    3.453703704    2.944444444    0.1305555556   0.2388888889   -0.1234567901  0.1582346386   
461      I1         1.338888889    2.164814815    3.870987654    0.9594506173   0.6451851852   3.216666667    3.453703704    2.944444444    0.1305555556   0.2388888889   -0.1234567901  0.1582431066   
462      I1         1.338888889    2.164814815    3.820987654    0.9594506173   0.6696851852   3.216666667    3.453703704    2.944444444    0.1305555556   0.2388888889   -0.1234567901  0.158243566    
463      I1         1.338888889    2.164814815    3.820987654    0.9594506173   0.6451851852   3.464166667    3.453703704    2.944444444    0.1305555556   0.2388888889   -0.1234567901  0.1583333938   
464      I1         1.338888889    2.164814815    3.820987654    0.9594506173   0.6451851852   3.216666667    3.453703704    2.944444444    0.1343055556   0.2388888889   -0.1234567901  0.1582427338   
465      I1         1.338888889    2.164814815    3.820987654    0.9594506173   0.6451851852   3.216666667    3.453703704    2.944444444    0.1305555556   0.2463888889   -0.1234567901  0.1617242703   
466      I1         1.338888889    2.164814815    3.820987654    0.9594506173   0.6451851852   3.216666667    3.453703704    2.944444444    0.1305555556   0.2388888889   -0.07345679012 0.1582007295   
467      I1         1.296388889    2.164814815    3.820987654    0.9594506173   0.6451851852   3.216666667    3.453703704    2.944444444    0.1305555556   0.2388888889   -0.1234567901  0.160546775    
468      I1         1.338888889    2.122314815    3.820987654    0.9594506173   0.6451851852   3.216666667    3.453703704    2.944444444    0.1305555556   0.2388888889   -0.1234567901  0.1582561579   
469      I1         1.338888889    2.164814815    3.770987654    0.9594506173   0.6451851852   3.216666667    3.453703704    2.944444444    0.1305555556   0.2388888889   -0.1234567901  0.1582423195   
470      I1         1.338888889    2.164814815    3.820987654    0.9349506173   0.6451851852   3.216666667    3.453703704    2.944444444    0.1305555556   0.2388888889   -0.1234567901  0.1577574399   
471      I1         1.338888889    2.164814815    3.820987654    0.9594506173   0.6206851852   3.216666667    3.453703704    2.944444444    0.1305555556   0.2388888889   -0.1234567901  0.1582436593   
472      I1         1.338888889    2.164814815    3.820987654    0.9594506173   0.6451851852   2.969166667    3.453703704    2.944444444    0.1305555556   0.2388888889   -0.1234567901  0.1580334752   
473      I1         1.338888889    2.164814815    3.820987654    0.9594506173   0.6451851852   3.216666667    3.391203704    2.944444444    0.1305555556   0.2388888889   -0.1234567901  0.1582427338   
474      I1         1.338888889    2.164814815    3.820987654    0.9594506173   0.6451851852   3.216666667    3.453703704    2.869444444    0.1305555556   0.2388888889   -0.1234567901  0.1582396526   
475      I1         1.338888889    2.164814815    3.820987654    0.9594506173   0.6451851852   3.216666667    3.453703704    2.944444444    0.1268055556   0.2388888889   -0.1234567901  0.1582427338   
476      I1         1.338888889    2.164814815    3.820987654    0.9594506173   0.6451851852   3.216666667    3.453703704    2.944444444    0.1305555556   0.2313888889   -0.1234567901  0.1584874931   
477      I1         1.338888889    2.164814815    3.820987654    0.9594506173   0.6451851852   3.216666667    3.453703704    2.944444444    0.1305555556   0.2388888889   -0.1734567901  0.1584417383   
478      I1         1.360138889    2.164814815    3.820987654    0.9594506173   0.6451851852   3.216666667    3.453703704    2.944444444    0.1305555556   0.2388888889   -0.1234567901  0.1579261901   
479      I1         1.338888889    2.186064815    3.820987654    0.9594506173   0.6451851852   3.216666667    3.453703704    2.944444444    0.1305555556   0.2388888889   -0.1234567901  0.1582380105   
480      I1         1.338888889    2.164814815    3.845987654    0.9594506173   0.6451851852   3.216666667    3.453703704    2.944444444    0.1305555556   0.2388888889   -0.1234567901  0.1582429252   
481      I1         1.338888889    2.164814815    3.820987654    0.9717006173   0.6451851852   3.216666667    3.453703704    2.944444444    0.1305555556   0.2388888889   -0.1234567901  0.1586951531   
482      I1         1.338888889    2.164814815    3.820987654    0.9594506173   0.6574351852   3.216666667    3.453703704    2.944444444    0.1305555556   0.2388888889   -0.1234567901  0.158242933    
483      I1         1.338888889    2.164814815    3.820987654    0.9594506173   0.6451851852   3.340416667    3.453703704    2.944444444    0.1305555556   0.2388888889   -0.1234567901  0.1582815802   
484      I1         1.338888889    2.164814815    3.820987654    0.9594506173   0.6451851852   3.216666667    3.484953704    2.944444444    0.1305555556   0.2388888889   -0.1234567901  0.1582427338   
485      I1         1.338888889    2.164814815    3.820987654    0.9594506173   0.6451851852   3.216666667    3.453703704    2.981944444    0.1305555556   0.2388888889   -0.1234567901  0.1582006101   
486      I1         1.338888889    2.164814815    3.820987654    0.9594506173   0.6451851852   3.216666667    3.453703704    2.944444444    0.1324305556   0.2388888889   -0.1234567901  0.1582427338   
487      I1         1.338888889    2.164814815    3.820987654    0.9594506173   0.6451851852   3.216666667    3.453703704    2.944444444    0.1305555556   0.2426388889   -0.1234567901  0.1595844119   
488      I1         1.338888889    2.164814815    3.820987654    0.9594506173   0.6451851852   3.216666667    3.453703704    2.944444444    0.1305555556   0.2388888889   -0.09845679012 0.1581970895   
489      I1         1.317638889    2.164814815    3.820987654    0.9594506173   0.6451851852   3.216666667    3.453703704    2.944444444    0.1305555556   0.2388888889   -0.1234567901  0.1591444356   
490      I1         1.338888889    2.143564815    3.820987654    0.9594506173   0.6451851852   3.216666667    3.453703704    2.944444444    0.1305555556   0.2388888889   -0.1234567901  0.1582488338   
491      I1         1.338888889    2.164814815    3.795987654    0.9594506173   0.6451851852   3.216666667    3.453703704    2.944444444    0.1305555556   0.2388888889   -0.1234567901  0.1582425321   
492      I1         1.338888889    2.164814815    3.820987654    0.9472006173   0.6451851852   3.216666667    3.453703704    2.944444444    0.1305555556   0.2388888889   -0.1234567901  0.1578975432   
493      I1         1.338888889    2.164814815    3.820987654    0.9594506173   0.6329351852   3.216666667    3.453703704    2.944444444    0.1305555556   0.2388888889   -0.1234567901  0.1582429779   
494      I1         1.338888889    2.164814815    3.820987654    0.9594506173   0.6451851852   3.092916667    3.453703704    2.944444444    0.1305555556   0.2388888889   -0.1234567901  0.1581551083   
495      I1         1.338888889    2.164814815    3.820987654    0.9594506173   0.6451851852   3.216666667    3.422453704    2.944444444    0.1305555556   0.2388888889   -0.1234567901  0.1582427338   
496      I1         1.338888889    2.164814815    3.820987654    0.9594506173   0.6451851852   3.216666667    3.453703704    2.906944444    0.1305555556   0.2388888889   -0.1234567901  0.1582427338   
497      I1         1.338888889    2.164814815    3.820987654    0.9594506173   0.6451851852   3.216666667    3.453703704    2.944444444    0.1286805556   0.2388888889   -0.1234567901  0.1582427338   
498      I1         1.338888889    2.164814815    3.820987654    0.9594506173   0.6451851852   3.216666667    3.453703704    2.944444444    0.1305555556   0.2351388889   -0.1234567901  0.1578485104   
499      I1         1.338888889    2.164814815    3.820987654    0.9594506173   0.6451851852   3.216666667    3.453703704    2.944444444    0.1305555556   0.2388888889   -0.1484567901  0.1583233845   
500      I1         1.360138889    2.164814815    3.820987654    0.9594506173   0.6451851852   3.216666667    3.453703704    2.944444444    0.1305555556   0.2351388889   -0.1234567901  0.1569146786   
501      I1         1.338888889    2.186064815    3.820987654    0.9594506173   0.6451851852   3.216666667    3.453703704    2.944444444    0.1305555556   0.2351388889   -0.1234567901  0.1578348883   
502      I1         1.338888889    2.164814815    3.845987654    0.9594506173   0.6451851852   3.216666667    3.453703704    2.944444444    0.1305555556   0.2351388889   -0.1234567901  0.1578486058   
503      I1         1.338888889    2.164814815    3.820987654    0.9717006173   0.6451851852   3.216666667    3.453703704    2.944444444    0.1305555556   0.2351388889   -0.1234567901  0.1586657499   
504      I1         1.338888889    2.164814815    3.820987654    0.9594506173   0.6574351852   3.216666667    3.453703704    2.944444444    0.1305555556   0.2351388889   -0.1234567901  0.1578539453   
505      I1         1.338888889    2.164814815    3.820987654    0.9594506173   0.6451851852   3.340416667    3.453703704    2.944444444    0.1305555556   0.2351388889   -0.1234567901  0.1578631015   
506      I1         1.338888889    2.164814815    3.820987654    0.9594506173   0.6451851852   3.216666667    3.484953704    2.944444444    0.1305555556   0.2351388889   -0.1234567901  0.1578485104   
507      I1         1.338888889    2.164814815    3.820987654    0.9594506173   0.6451851852   3.216666667    3.453703704    2.981944444    0.1305555556   0.2351388889   -0.1234567901  0.157805026    
508      I1         1.338888889    2.164814815    3.820987654    0.9594506173   0.6451851852   3.216666667    3.453703704    2.944444444    0.1324305556   0.2351388889   -0.1234567901  0.1578485104   
509      I1         1.338888889    2.164814815    3.820987654    0.9594506173   0.6451851852   3.216666667    3.453703704    2.944444444    0.1305555556   0.2351388889   -0.09845679012 0.1577369546   
510      I1         1.317638889    2.164814815    3.820987654    0.9594506173   0.6451851852   3.216666667    3.453703704    2.944444444    0.1305555556   0.2351388889   -0.1234567901  0.1593274598   
511      I1         1.338888889    2.143564815    3.820987654    0.9594506173   0.6451851852   3.216666667    3.453703704    2.944444444    0.1305555556   0.2351388889   -0.1234567901  0.1578638628   
512      I1         1.338888889    2.164814815    3.795987654    0.9594506173   0.6451851852   3.216666667    3.453703704    2.944444444    0.1305555556   0.2351388889   -0.1234567901  0.1578484103   
513      I1         1.338888889    2.164814815    3.820987654    0.9472006173   0.6451851852   3.216666667    3.453703704    2.944444444    0.1305555556   0.2351388889   -0.1234567901  0.1571397084   
514      I1         1.338888889    2.164814815    3.820987654    0.9594506173   0.6329351852   3.216666667    3.453703704    2.944444444    0.1305555556   0.2351388889   -0.1234567901  0.1578435939   
515      I1         1.338888889    2.164814815    3.820987654    0.9594506173   0.6451851852   3.092916667    3.453703704    2.944444444    0.1305555556   0.2351388889   -0.1234567901  0.1577811147   
516      I1         1.338888889    2.164814815    3.820987654    0.9594506173   0.6451851852   3.216666667    3.422453704    2.944444444    0.1305555556   0.2351388889   -0.1234567901  0.1578485104   
517      I1         1.338888889    2.164814815    3.820987654    0.9594506173   0.6451851852   3.216666667    3.453703704    2.906944444    0.1305555556   0.2351388889   -0.1234567901  0.1578485104   
518      I1         1.338888889    2.164814815    3.820987654    0.9594506173   0.6451851852   3.216666667    3.453703704    2.944444444    0.1286805556   0.2351388889   -0.1234567901  0.1578485104   
519      I1         1.338888889    2.164814815    3.820987654    0.9594506173   0.6451851852   3.216666667    3.453703704    2.944444444    0.1305555556   0.2351388889   -0.1484567901  0.1579913009   
520      I1         1.381388889    2.164814815    3.820987654    0.9594506173   0.6451851852   3.216666667    3.453703704    2.944444444    0.1305555556   0.2351388889   -0.1234567901  0.1573080728   
521      I1         1.360138889    2.186064815    3.820987654    0.9594506173   0.6451851852   3.216666667    3.453703704    2.944444444    0.1305555556   0.2351388889   -0.1234567901  0.1569056005   
522      I1         1.360138889    2.164814815    3.845987654    0.9594506173   0.6451851852   3.216666667    3.453703704    2.944444444    0.1305555556   0.2351388889   -0.1234567901  0.1569149181   
523      I1         1.360138889    2.164814815    3.820987654    0.9717006173   0.6451851852   3.216666667    3.453703704    2.944444444    0.1305555556   0.2351388889   -0.1234567901  0.1574280135   
524      I1         1.360138889    2.164814815    3.820987654    0.9594506173   0.6574351852   3.216666667    3.453703704    2.944444444    0.1305555556   0.2351388889   -0.1234567901  0.156913974    
525      I1         1.360138889    2.164814815    3.820987654    0.9594506173   0.6451851852   3.340416667    3.453703704    2.944444444    0.1305555556   0.2351388889   -0.1234567901  0.156966533    
526      I1         1.360138889    2.164814815    3.820987654    0.9594506173   0.6451851852   3.216666667    3.484953704    2.944444444    0.1305555556   0.2351388889   -0.1234567901  0.1569146786   
527      I1         1.360138889    2.164814815    3.820987654    0.9594506173   0.6451851852   3.216666667    3.453703704    2.981944444    0.1305555556   0.2351388889   -0.1234567901  0.1568676916   
528      I1         1.360138889    2.164814815    3.820987654    0.9594506173   0.6451851852   3.216666667    3.453703704    2.944444444    0.1324305556   0.2351388889   -0.1234567901  0.1569146786   
529      I1         1.360138889    2.164814815    3.820987654    0.9594506173   0.6451851852   3.216666667    3.453703704    2.944444444    0.1305555556   0.2351388889   -0.09845679012 0.1568917263   
530      I1         1.360138889    2.143564815    3.820987654    0.9594506173   0.6451851852   3.216666667    3.453703704    2.944444444    0.1305555556   0.2351388889   -0.1234567901  0.1569206522   
531      I1         1.360138889    2.164814815    3.795987654    0.9594506173   0.6451851852   3.216666667    3.453703704    2.944444444    0.1305555556   0.2351388889   -0.1234567901  0.1569144257   
532      I1         1.360138889    2.164814815    3.820987654    0.9472006173   0.6451851852   3.216666667    3.453703704    2.944444444    0.1305555556   0.2351388889   -0.1234567901  0.156502122    
533      I1         1.360138889    2.164814815    3.820987654    0.9594506173   0.6329351852   3.216666667    3.453703704    2.944444444    0.1305555556   0.2351388889   -0.1234567901  0.1569128928   
534      I1         1.360138889    2.164814815    3.820987654    0.9594506173   0.6451851852   3.092916667    3.453703704    2.944444444    0.1305555556   0.2351388889   -0.1234567901  0.1568329246   
535      I1         1.360138889    2.164814815    3.820987654    0.9594506173   0.6451851852   3.216666667    3.422453704    2.944444444    0.1305555556   0.2351388889   -0.1234567901  0.1569146786   
536      I1         1.360138889    2.164814815    3.820987654    0.9594506173   0.6451851852   3.216666667    3.453703704    2.906944444    0.1305555556   0.2351388889   -0.1234567901  0.1569146786   
537      I1         1.360138889    2.164814815    3.820987654    0.9594506173   0.6451851852   3.216666667    3.453703704    2.944444444    0.1286805556   0.2351388889   -0.1234567901  0.1569146786   
538      I1         1.360138889    2.164814815    3.820987654    0.9594506173   0.6451851852   3.216666667    3.453703704    2.944444444    0.1305555556   0.2313888889   -0.1234567901  0.1569267467   
539      I1         1.360138889    2.164814815    3.820987654    0.9594506173   0.6451851852   3.216666667    3.453703704    2.944444444    0.1305555556   0.2351388889   -0.1484567901  0.1569768298   
540      I1         1.381388889    2.164814815    3.820987654    0.9472006173   0.6451851852   3.216666667    3.453703704    2.944444444    0.1305555556   0.2351388889   -0.1234567901  0.1576412463   
541      I1         1.360138889    2.186064815    3.820987654    0.9472006173   0.6451851852   3.216666667    3.453703704    2.944444444    0.1305555556   0.2351388889   -0.1234567901  0.1564988785   
542      I1         1.360138889    2.164814815    3.845987654    0.9472006173   0.6451851852   3.216666667    3.453703704    2.944444444    0.1305555556   0.2351388889   -0.1234567901  0.1565024541   
543      I1         1.360138889    2.164814815    3.820987654    0.9472006173   0.6574351852   3.216666667    3.453703704    2.944444444    0.1305555556   0.2351388889   -0.1234567901  0.1564987276   
544      I1         1.360138889    2.164814815    3.820987654    0.9472006173   0.6451851852   3.340416667    3.453703704    2.944444444    0.1305555556   0.2351388889   -0.1234567901  0.1565847159   
545      I1         1.360138889    2.164814815    3.820987654    0.9472006173   0.6451851852   3.216666667    3.484953704    2.944444444    0.1305555556   0.2351388889   -0.1234567901  0.156502122    
546      I1         1.360138889    2.164814815    3.820987654    0.9472006173   0.6451851852   3.216666667    3.453703704    2.981944444    0.1305555556   0.2351388889   -0.1234567901  0.1564367811   
547      I1         1.360138889    2.164814815    3.820987654    0.9472006173   0.6451851852   3.216666667    3.453703704    2.944444444    0.1324305556   0.2351388889   -0.1234567901  0.156502122    
548      I1         1.360138889    2.164814815    3.820987654    0.9472006173   0.6451851852   3.216666667    3.453703704    2.944444444    0.1305555556   0.2388888889   -0.1234567901  0.1578601615   
549      I1         1.360138889    2.164814815    3.820987654    0.9472006173   0.6451851852   3.216666667    3.453703704    2.944444444    0.1305555556   0.2351388889   -0.09845679012 0.1565148515   
550      I1         1.360138889    2.143564815    3.820987654    0.9472006173   0.6451851852   3.216666667    3.453703704    2.944444444    0.1305555556   0.2351388889   -0.1234567901  0.156506495    
551      I1         1.360138889    2.164814815    3.795987654    0.9472006173   0.6451851852   3.216666667    3.453703704    2.944444444    0.1305555556   0.2351388889   -0.1234567901  0.156501772    
552      I1         1.360138889    2.164814815    3.820987654    0.9349506173   0.6451851852   3.216666667    3.453703704    2.944444444    0.1305555556   0.2351388889   -0.1234567901  0.1563500362   
553      I1         1.360138889    2.164814815    3.820987654    0.9472006173   0.6329351852   3.216666667    3.453703704    2.944444444    0.1305555556   0.2351388889   -0.1234567901  0.1565056222   
554      I1         1.360138889    2.164814815    3.820987654    0.9472006173   0.6451851852   3.092916667    3.453703704    2.944444444    0.1305555556   0.2351388889   -0.1234567901  0.1564028646   
555      I1         1.360138889    2.164814815    3.820987654    0.9472006173   0.6451851852   3.216666667    3.422453704    2.944444444    0.1305555556   0.2351388889   -0.1234567901  0.156502122    
556      I1         1.360138889    2.164814815    3.820987654    0.9472006173   0.6451851852   3.216666667    3.453703704    2.906944444    0.1305555556   0.2351388889   -0.1234567901  0.156502122    
557      I1         1.360138889    2.164814815    3.820987654    0.9472006173   0.6451851852   3.216666667    3.453703704    2.944444444    0.1286805556   0.2351388889   -0.1234567901  0.156502122    
558      I1         1.360138889    2.164814815    3.820987654    0.9472006173   0.6451851852   3.216666667    3.453703704    2.944444444    0.1305555556   0.2313888889   -0.1234567901  0.1561433785   
559      I1         1.360138889    2.164814815    3.820987654    0.9472006173   0.6451851852   3.216666667    3.453703704    2.944444444    0.1305555556   0.2351388889   -0.1484567901  0.1565287903   
560      I1         1.381388889    2.164814815    3.820987654    0.9472006173   0.6451851852   3.216666667    3.453703704    2.944444444    0.1305555556   0.2313888889   -0.1234567901  0.1561301556   
561      I1         1.360138889    2.186064815    3.820987654    0.9472006173   0.6451851852   3.216666667    3.453703704    2.944444444    0.1305555556   0.2313888889   -0.1234567901  0.1561305243   
562      I1         1.360138889    2.164814815    3.845987654    0.9472006173   0.6451851852   3.216666667    3.453703704    2.944444444    0.1305555556   0.2313888889   -0.1234567901  0.1561437238   
563      I1         1.360138889    2.164814815    3.820987654    0.9472006173   0.6574351852   3.216666667    3.453703704    2.944444444    0.1305555556   0.2313888889   -0.1234567901  0.1561444065   
564      I1         1.360138889    2.164814815    3.820987654    0.9472006173   0.6451851852   3.340416667    3.453703704    2.944444444    0.1305555556   0.2313888889   -0.1234567901  0.1562026781   
565      I1         1.360138889    2.164814815    3.820987654    0.9472006173   0.6451851852   3.216666667    3.484953704    2.944444444    0.1305555556   0.2313888889   -0.1234567901  0.1561433785   
566      I1         1.360138889    2.164814815    3.820987654    0.9472006173   0.6451851852   3.216666667    3.453703704    2.981944444    0.1305555556   0.2313888889   -0.1234567901  0.1560755347   
567      I1         1.360138889    2.164814815    3.820987654    0.9472006173   0.6451851852   3.216666667    3.453703704    2.944444444    0.1324305556   0.2313888889   -0.1234567901  0.1561433785   
568      I1         1.360138889    2.164814815    3.820987654    0.9472006173   0.6451851852   3.216666667    3.453703704    2.944444444    0.1305555556   0.2313888889   -0.09845679012 0.1560881689   
569      I1         1.338888889    2.164814815    3.820987654    0.9472006173   0.6451851852   3.216666667    3.453703704    2.944444444    0.1305555556   0.2313888889   -0.1234567901  0.1574155253   
570      I1         1.360138889    2.143564815    3.820987654    0.9472006173   0.6451851852   3.216666667    3.453703704    2.944444444    0.1305555556   0.2313888889   -0.1234567901  0.156157719    
571      I1         1.360138889    2.164814815    3.795987654    0.9472006173   0.6451851852   3.216666667    3.453703704    2.944444444    0.1305555556   0.2313888889   -0.1234567901  0.1561430149   
572      I1         1.360138889    2.164814815    3.820987654    0.9349506173   0.6451851852   3.216666667    3.453703704    2.944444444    0.1305555556   0.2313888889   -0.1234567901  0.1555943751   
573      I1         1.360138889    2.164814815    3.820987654    0.9472006173   0.6329351852   3.216666667    3.453703704    2.944444444    0.1305555556   0.2313888889   -0.1234567901  0.156142473    
574      I1         1.360138889    2.164814815    3.820987654    0.9472006173   0.6451851852   3.092916667    3.453703704    2.944444444    0.1305555556   0.2313888889   -0.1234567901  0.1560655165   
575      I1         1.360138889    2.164814815    3.820987654    0.9472006173   0.6451851852   3.216666667    3.422453704    2.944444444    0.1305555556   0.2313888889   -0.1234567901  0.1561433785   
576      I1         1.360138889    2.164814815    3.820987654    0.9472006173   0.6451851852   3.216666667    3.453703704    2.906944444    0.1305555556   0.2313888889   -0.1234567901  0.1561433785   
577      I1         1.360138889    2.164814815    3.820987654    0.9472006173   0.6451851852   3.216666667    3.453703704    2.944444444    0.1286805556   0.2313888889   -0.1234567901  0.1561433785   
578      I1         1.360138889    2.164814815    3.820987654    0.9472006173   0.6451851852   3.216666667    3.453703704    2.944444444    0.1305555556   0.2276388889   -0.1234567901  0.1568769718   
579      I1         1.360138889    2.164814815    3.820987654    0.9472006173   0.6451851852   3.216666667    3.453703704    2.944444444    0.1305555556   0.2313888889   -0.1484567901  0.1562335724   
580      I1         1.402638889    2.164814815    3.820987654    0.9349506173   0.6451851852   3.216666667    3.453703704    2.944444444    0.1305555556   0.2313888889   -0.1234567901  0.1592592199   
581      I1         1.360138889    2.207314815    3.820987654    0.9349506173   0.6451851852   3.216666667    3.453703704    2.944444444    0.1305555556   0.2313888889   -0.1234567901  0.1555807665   
582      I1         1.360138889    2.164814815    3.870987654    0.9349506173   0.6451851852   3.216666667    3.453703704    2.944444444    0.1305555556   0.2313888889   -0.1234567901  0.155595533    
583      I1         1.360138889    2.164814815    3.820987654    0.9349506173   0.6696851852   3.216666667    3.453703704    2.944444444    0.1305555556   0.2313888889   -0.1234567901  0.1555890031   
584      I1         1.360138889    2.164814815    3.820987654    0.9349506173   0.6451851852   3.464166667    3.453703704    2.944444444    0.1305555556   0.2313888889   -0.1234567901  0.1557614335   
585      I1         1.360138889    2.164814815    3.820987654    0.9349506173   0.6451851852   3.216666667    3.453703704    2.944444444    0.1343055556   0.2313888889   -0.1234567901  0.1555943751   
586      I1         1.360138889    2.164814815    3.820987654    0.9349506173   0.6451851852   3.216666667    3.453703704    2.944444444    0.1305555556   0.2388888889   -0.1234567901  0.1580631859   
587      I1         1.360138889    2.164814815    3.820987654    0.9349506173   0.6451851852   3.216666667    3.453703704    2.944444444    0.1305555556   0.2313888889   -0.07345679012 0.1556001248   
588      I1         1.317638889    2.164814815    3.820987654    0.9349506173   0.6451851852   3.216666667    3.453703704    2.944444444    0.1305555556   0.2313888889   -0.1234567901  0.1580549166   
589      I1         1.360138889    2.122314815    3.820987654    0.9349506173   0.6451851852   3.216666667    3.453703704    2.944444444    0.1305555556   0.2313888889   -0.1234567901  0.1556144014   
590      I1         1.360138889    2.164814815    3.770987654    0.9349506173   0.6451851852   3.216666667    3.453703704    2.944444444    0.1305555556   0.2313888889   -0.1234567901  0.1555930965   
591      I1         1.360138889    2.164814815    3.820987654    0.9104506173   0.6451851852   3.216666667    3.453703704    2.944444444    0.1305555556   0.2313888889   -0.1234567901  0.1552452957   
592      I1         1.360138889    2.164814815    3.820987654    0.9349506173   0.6206851852   3.216666667    3.453703704    2.944444444    0.1305555556   0.2313888889   -0.1234567901  0.1555989967   
593      I1         1.360138889    2.164814815    3.820987654    0.9349506173   0.6451851852   2.969166667    3.453703704    2.944444444    0.1305555556   0.2313888889   -0.1234567901  0.155347602    
594      I1         1.360138889    2.164814815    3.820987654    0.9349506173   0.6451851852   3.216666667    3.391203704    2.944444444    0.1305555556   0.2313888889   -0.1234567901  0.1555943751   
595      I1         1.360138889    2.164814815    3.820987654    0.9349506173   0.6451851852   3.216666667    3.453703704    2.869444444    0.1305555556   0.2313888889   -0.1234567901  0.1555943751   
596      I1         1.360138889    2.164814815    3.820987654    0.9349506173   0.6451851852   3.216666667    3.453703704    2.944444444    0.1268055556   0.2313888889   -0.1234567901  0.1555943751   
597      I1         1.360138889    2.164814815    3.820987654    0.9349506173   0.6451851852   3.216666667    3.453703704    2.944444444    0.1305555556   0.2238888889   -0.1234567901  0.1573871557   
598      I1         1.360138889    2.164814815    3.820987654    0.9349506173   0.6451851852   3.216666667    3.453703704    2.944444444    0.1305555556   0.2313888889   -0.1734567901  0.1557549714   
599      I1         1.381388889    2.164814815    3.820987654    0.9349506173   0.6451851852   3.216666667    3.453703704    2.944444444    0.1305555556   0.2313888889   -0.1234567901  0.1563329311   
600      I1         1.360138889    2.186064815    3.820987654    0.9349506173   0.6451851852   3.216666667    3.453703704    2.944444444    0.1305555556   0.2313888889   -0.1234567901  0.1555869009   
601      I1         1.360138889    2.164814815    3.845987654    0.9349506173   0.6451851852   3.216666667    3.453703704    2.944444444    0.1305555556   0.2313888889   -0.1234567901  0.1555949686   
602      I1         1.360138889    2.164814815    3.820987654    0.9349506173   0.6574351852   3.216666667    3.453703704    2.944444444    0.1305555556   0.2313888889   -0.1234567901  0.1555923251   
603      I1         1.360138889    2.164814815    3.820987654    0.9349506173   0.6451851852   3.340416667    3.453703704    2.944444444    0.1305555556   0.2313888889   -0.1234567901  0.1556729169   
604      I1         1.360138889    2.164814815    3.820987654    0.9349506173   0.6451851852   3.216666667    3.484953704    2.944444444    0.1305555556   0.2313888889   -0.1234567901  0.1555943751   
605      I1         1.360138889    2.164814815    3.820987654    0.9349506173   0.6451851852   3.216666667    3.453703704    2.981944444    0.1305555556   0.2313888889   -0.1234567901  0.1555057701   
606      I1         1.360138889    2.164814815    3.820987654    0.9349506173   0.6451851852   3.216666667    3.453703704    2.944444444    0.1324305556   0.2313888889   -0.1234567901  0.1555943751   
607      I1         1.360138889    2.164814815    3.820987654    0.9349506173   0.6451851852   3.216666667    3.453703704    2.944444444    0.1305555556   0.2313888889   -0.09845679012 0.1555728035   
608      I1         1.338888889    2.164814815    3.820987654    0.9349506173   0.6451851852   3.216666667    3.453703704    2.944444444    0.1305555556   0.2313888889   -0.1234567901  0.1565546415   
609      I1         1.360138889    2.143564815    3.820987654    0.9349506173   0.6451851852   3.216666667    3.453703704    2.944444444    0.1305555556   0.2313888889   -0.1234567901  0.1556042157   
610      I1         1.360138889    2.164814815    3.795987654    0.9349506173   0.6451851852   3.216666667    3.453703704    2.944444444    0.1305555556   0.2313888889   -0.1234567901  0.1555937515   
611      I1         1.360138889    2.164814815    3.820987654    0.9227006173   0.6451851852   3.216666667    3.453703704    2.944444444    0.1305555556   0.2313888889   -0.1234567901  0.1552834342   
612      I1         1.360138889    2.164814815    3.820987654    0.9349506173   0.6329351852   3.216666667    3.453703704    2.944444444    0.1305555556   0.2313888889   -0.1234567901  0.1555967864   
613      I1         1.360138889    2.164814815    3.820987654    0.9349506173   0.6451851852   3.092916667    3.453703704    2.944444444    0.1305555556   0.2313888889   -0.1234567901  0.1554930741   
614      I1         1.360138889    2.164814815    3.820987654    0.9349506173   0.6451851852   3.216666667    3.422453704    2.944444444    0.1305555556   0.2313888889   -0.1234567901  0.1555943751   
615      I1         1.360138889    2.164814815    3.820987654    0.9349506173   0.6451851852   3.216666667    3.453703704    2.906944444    0.1305555556   0.2313888889   -0.1234567901  0.1555943751   
616      I1         1.360138889    2.164814815    3.820987654    0.9349506173   0.6451851852   3.216666667    3.453703704    2.944444444    0.1286805556   0.2313888889   -0.1234567901  0.1555943751   
617      I1         1.360138889    2.164814815    3.820987654    0.9349506173   0.6451851852   3.216666667    3.453703704    2.944444444    0.1305555556   0.2276388889   -0.1234567901  0.1559333869   
618      I1         1.360138889    2.164814815    3.820987654    0.9349506173   0.6451851852   3.216666667    3.453703704    2.944444444    0.1305555556   0.2313888889   -0.1484567901  0.1556568011   
