%eval_id interface log__t_efold_shallow log__t_efold_soil log__t_efold_karst f_exfiltration_shallow f_exfiltration_soil PDD_melt_factor log__Hmax_shallow log__fdd_threshold log__routing_K neg_kge        
1        I1         0.7532060067   1.803974027    4.034865254    0.5464695878   0.1635546553   1.859937277    3.203003556    2.117338985    0.7131848629   0.5328207115   
2        I1         1.794343393    1.019503261    3.113013275    0.8872960347   0.2320823149   7.873275089    3.317583316    2.137298854    -0.2255531883  0.6454476417   
3        I1         1.067199112    1.61212834     4.490403984    0.8478317      0.1603355566   4.124568675    1.012927465    1.492435792    0.1390536817   0.7081169427   
4        I1         1.836534251    1.147302869    3.727471997    0.6029956616   0.6551352417   0.1807719634   1.070727581    0.4414138806   -0.5472635126  1.940545093    
5        I1         0.4860849217   1.051732896    3.690887563    0.2561986722   0.0484617857   4.260571914    1.973763582    1.730171856    -0.6475707042  0.7344168832   
6        I1         0.4101983734   2.170776757    3.180371454    0.5086660562   0.2394207409   6.860116878    3.176884412    0.2359845949   -0.6826532873  0.3920018987   
7        I1         1.47259        2.412265176    3.937910057    0.9393210314   0.0894577734   1.944446759    1.440257593    1.792017861    -0.6133731743  0.8822763152   
8        I1         0.953608261    1.655148762    3.956057599    0.09303893924  0.5615971726   8.336986464    1.226427779    0.518172534    0.6110925662   0.5630585979   
9        I1         0.4628172735   1.717098167    2.932351306    0.113720066    0.3475508259   2.62875419     3.19877864     2.976354299    -0.01998934437 0.8468160837   
10       I1         1.688565927    1.234350195    2.523780995    0.5779265914   0.4564087718   3.542413203    2.245780458    1.476364732    0.6551433886   0.726666958    
11       I1         1.973633855    2.580928054    3.680743783    0.4415317787   0.4057471772   1.53493775     2.925735374    0.405509442    0.6773881374   1.115382897    
12       I1         0.4144263736   1.083198933    3.381960818    0.558378643    0.8862407109   9.715090123    1.34939073     1.765770963    -0.9437352644  1.805355602    
13       I1         1.043622035    1.74734508     2.583711319    0.3448198588   0.8368809941   9.498619974    1.572937828    1.688878128    0.4091078814   0.4212032438   
14       I1         1.134513451    2.441534055    2.952759793    0.03813466218  0.4079067984   9.507725647    2.517988877    2.673580145    0.6850006266   1.188003958    
15       I1         1.594082283    1.374613359    2.967713737    0.9003524212   0.7828581071   6.606688437    2.585269133    0.1470914168   -0.5616498593  0.3738290418   
16       I1         1.934856469    1.069215033    3.066677678    0.2707709073   0.08092113079  6.155527653    1.369440362    0.3989029848   -0.9677895738  1.634786228    
17       I1         1.102904672    1.573901481    2.902711628    0.3397412588   0.4506584715   1.606485542    1.736800534    0.3400980331   -0.9350628189  0.455691663    
18       I1         0.8935711441   1.772377062    4.004195038    0.02371272381  0.4360966493   1.811339385    2.780756949    0.9053462594   0.1914898392   0.8543456161   
19       I1         1.717127327    1.985281329    3.967034914    0.7006101316   0.8974859361   5.329205753    1.80580799     1.261119775    -0.8556308219  0.6078560712   
20       I1         0.6937674698   1.836495014    3.030591996    0.8367118221   0.5786699087   1.782084131    2.945800992    2.540658062    0.7574520278   0.4378931939   
21       I1         1.085978899    1.883261704    4.323662808    0.4219138684   0.09676746852  2.517408922    1.106618721    0.1659144012   0.8473944594   0.7860020378   
22       I1         1.372596453    2.24825311     2.915510221    0.3343624794   0.5722213742   3.05496928     2.827058448    0.4931421236   -0.5978229838  0.7662163266   
23       I1         1.922741166    2.542529793    3.053189839    0.8252154038   0.3955700382   3.445593885    3.284479811    2.83750996     -0.5152986868  0.7833723057   
24       I1         1.771281175    2.152574619    3.655579597    0.217349812    0.5912584852   5.002589404    2.369755719    2.397014436    -0.1312413158  1.100219799    
25       I1         0.5405389815   1.163132893    3.39532452     0.5146591661   0.2183877448   4.359482509    3.4632993      0.8431757703   0.8738520004   0.4773695608   
26       I1         1.749238512    2.085767437    3.044128049    0.7974454449   0.0202472069   0.2658313869   1.622142185    2.01426454     0.4183691122   0.2391146396   
27       I1         1.910222725    2.343000912    4.385810799    0.5209092171   0.9181502093   3.295380328    3.156593598    2.404277565    -0.2682026754  0.9620249095   
28       I1         1.630208966    1.327161093    3.239729348    0.8073782172   0.3825561817   6.581371864    3.230032266    1.257883007    0.9415600852   0.6338624648   
29       I1         1.323262714    1.967639135    2.654786181    0.5888760907   0.01450288372  2.796858207    1.322500014    1.072711507    -0.05362138171 0.5496267373   
30       I1         1.387476395    1.942919303    3.556788171    0.7386928392   0.4709062678   7.073311939    2.127179725    1.328780551    0.06175191386  0.4333526525   
31       I1         1.497551585    2.014978683    3.026651672    0.949850622    0.8481798991   4.691825391    1.192543659    2.916316551    0.3082678198   0.7925908757   
32       I1         1.898912245    2.451447862    2.610208957    0.5327328235   0.3368864109   7.427433249    3.091278636    2.688801086    0.8290657198   0.9736063486   
33       I1         1.464272455    1.682658681    3.409354918    0.1959069276   0.5544735924   5.842297847    1.857330859    1.936333729    0.8631666059   0.7970743025   
34       I1         0.750449124    1.749507082    4.478365765    0.8580020919   0.05804388927  3.242695856    3.239999224    2.336997822    -0.2493684223  0.6044344216   
35       I1         0.7117369792   2.209231162    2.766611993    0.8315033959   0.5753240014   1.724995369    3.217602306    1.097636174    0.3300959522   0.5743584288   
36       I1         1.280693964    2.614324739    4.453154615    0.2612767029   0.8056751453   1.39817282     1.669623209    0.5391927832   0.11031589     0.6669324835   
37       I1         0.6319291476   2.506003395    3.631972749    0.2840264418   0.5019211353   7.393651079    1.886774861    1.467986534    -0.8208565188  0.6981948656   
38       I1         1.293213112    1.224759496    4.126820906    0.4808505761   0.8883612712   9.566788489    2.030036401    2.794035414    0.7884600047   0.4131582244   
39       I1         0.3355633099   1.919688301    4.075871714    0.2769810949   0.5510643014   8.796494637    3.016951563    2.245670059    0.1546866607   0.6447020918   
40       I1         1.330620213    1.793080032    3.42561734     0.09902767284  0.3613541698   9.776148407    2.466265489    0.9699036579   0.6216193772   0.9691127866   
41       I1         0.6141995046   2.389903838    2.517908039    0.6169280782   0.3414622524   6.366329451    2.617147676    2.744544277    -0.665372179   0.3083373672   
42       I1         1.149262703    2.357674334    2.568326192    0.5822604601   0.06154652329  5.606839782    1.557789656    0.6234492863   -0.3982805622  0.405434719    
43       I1         1.668035661    1.604534193    3.750492283    0.6439829026   0.9455688395   7.928094173    2.630282138    2.078921093    0.2529168315   0.6093758745   
44       I1         0.3428379557   1.847479596    3.122012242    0.9884591002   0.8757510767   6.790676587    3.420496642    2.375098487    -0.3161020339  3.310430955    
45       I1         1.853645615    1.373503888    2.822218806    0.3521041237   0.6711742736   7.860261202    3.386731765    1.229174108    -0.731468413   0.8526966563   
46       I1         0.5149777703   2.626616406    2.63633544     0.2955854276   0.1531534745   4.936652069    2.052768736    1.312493302    -0.9098927775  0.6224035122   
47       I1         0.9294416391   1.107859401    4.054003948    0.2227157457   0.1267405837   3.84481336     2.416570064    2.824513642    -0.6793532971  0.8311572895   
48       I1         0.6216393137   2.499987905    3.278778149    0.3718642419   0.9554539488   5.705490445    2.728509133    1.533962724    0.04549729501  0.5229731705   
49       I1         0.326611012    1.584203397    3.619972848    0.2339020498   0.1419592755   2.46863673     1.076624096    0.1506174106   0.5300758283   0.5517417263   
50       I1         1.924432175    2.318925935    4.417192063    0.8681825689   0.9145586888   4.728388251    2.159048172    2.491270314    -0.4484045901  0.6418234093   
51       I1         1.478389462    1.413229567    3.294143353    0.5854851737   0.9560722305   4.540652858    1.51539879     1.635147656    0.7632529959   0.2822691988   
52       I1         0.9723733239   1.723872528    3.837321156    0.2147362467   0.6257103703   2.919820596    3.132106181    2.716936522    0.3540714493   0.6737047181   
53       I1         0.8821798522   1.702193035    3.161199709    0.4189936291   0.8399781579   8.89327451     2.291507961    2.460068593    0.896290918    0.5135350493   
54       I1         0.4245520053   1.361384978    4.011008415    0.08766672647  0.2548298908   2.320547786    1.646961503    2.1564407      -0.9207260133  0.8136027849   
55       I1         1.87357065     2.007925509    3.448172915    0.8862005328   0.6658387523   9.11421837     1.278774894    1.174406162    0.1475979792   1.003680416    
56       I1         1.615738806    1.959262515    4.145300529    0.3293674977   0.3072631867   8.445035646    1.06137196     2.088028708    -0.8362398428  0.9934003766   
57       I1         1.112238945    2.668124379    3.222304965    0.07700316282  0.7930541209   4.188251874    3.073056107    1.41437727     -0.8951686568  0.9647783064   
58       I1         0.3196891923   1.185621855    4.187532481    0.9177468062   0.1369696217   7.556041401    1.94753824     1.833760868    -0.3682675131  1.885421924    
59       I1         0.7405778344   1.664404193    3.877114796    0.2681338213   0.3268439017   7.517247668    1.098534421    2.171711927    -0.4216008069  0.7086424009   
60       I1         1.02088661     1.886373824    4.260009646    0.1046475444   0.2249136607   2.745035188    1.528022256    2.891697661    -0.1464763786  0.8640565532   
61       I1         1.73112323     1.445530588    3.624950022    0.617714539    0.7141551185   7.31854531     2.186557027    2.949854696    -0.2919008558  0.6594248028   
62       I1         0.5688303017   1.977115245    4.336244821    0.3100129122   0.676343048    6.638751157    1.764824294    2.776725789    -0.3082750511  0.5855289202   
63       I1         1.657882582    2.429422706    4.357984449    0.5638364349   0.2931487373   7.366692812    2.763191849    1.545851775    -0.3829862052  0.8725819632   
64       I1         1.511211025    2.640566316    2.553667634    0.551155623    0.2130497318   5.154428555    1.455073717    1.053967897    -0.3782508807  0.6853217824   
65       I1         1.428796657    2.093133211    4.172514511    0.7495471175   0.70896935     6.251763132    2.275823257    1.897622279    0.6419535811   0.5227360492   
66       I1         1.419750923    1.028271672    2.571287427    0.6891905616   0.4883536824   2.998884002    1.685179173    2.62321324     0.4838406779   0.2610686814   
67       I1         1.943173811    1.625971422    2.83204905     0.595768273    0.8448070479   0.7093392765   1.904653541    2.606592097    0.4528827645   0.3696579706   
68       I1         1.960481221    2.305676635    4.464930667    0.9442640393   0.4980782255   4.87901256     2.377638508    1.355170059    0.3794369204   0.7847227249   
69       I1         0.8338031471   2.462591002    3.074430617    0.4037020077   0.2851291717   3.110961491    1.117540016    0.7446692734   0.01927118562  0.4821009034   
70       I1         0.6855942515   1.128098203    4.081349423    0.8663153199   0.5252304942   8.552060966    1.389500424    1.960684558    0.4742314741   0.6392234527   
71       I1         1.122030833    2.407561628    4.390373804    0.1431957361   0.3286958889   3.8669091      1.870636091    0.6343833602   -0.8749536589  0.9734995719   
72       I1         0.553361954    1.831029792    2.970168461    0.7065451786   0.320789198    3.14755921     2.268349657    0.9765149368   -0.3561805945  0.6784160406   
73       I1         1.049861075    2.299507961    2.625546715    0.7643641493   0.799860378    1.450095686    2.532528402    2.278743805    -0.1805586802  0.2471791393   
74       I1         1.311619337    2.129130358    3.432439771    0.2856764246   0.9658664552   2.162021918    2.994583751    0.601396248    -0.1743758834  0.6729636234   
75       I1         0.7175991738   2.553750709    3.536263838    0.07026284222  0.4379601099   3.583289689    2.084853484    1.773600242    0.7076809434   0.9518955682   
76       I1         0.3665247071   1.598521984    2.538179608    0.8782930763   0.9486573197   9.991714094    1.584984229    0.3837209791   -0.1988495462  2.428622884    
77       I1         1.226553525    1.001664257    2.724693147    0.05053750021  0.6205541782   3.510819458    3.28990503     2.519815896    -0.4027113958  0.5706720258   
78       I1         1.130394371    2.488288281    4.068925653    0.2064273717   0.9710181614   0.610352996    3.343020981    2.932410703    0.3186856942   0.8918682687   
79       I1         0.4016286348   2.695719894    3.487997143    0.6860621967   0.9391876196   8.042952388    1.463704901    1.23631492     -0.798999223   0.9081305576   
80       I1         1.871245481    1.732326328    4.223294394    0.7759797059   0.4663169356   9.21027408     3.109061162    0.3500372832   -0.8450636577  0.805907552    
81       I1         0.6553529962   1.513949634    4.251197975    0.3084367129   0.3741970611   1.285742782    3.14079486     2.04014675     0.3874012286   0.5786451098   
82       I1         1.060029389    1.157943759    3.501041045    0.6915519842   0.2024594346   9.372141183    1.244573648    1.976913885    0.5199986261   0.2268906512   
83       I1         0.9614019113   1.457003444    4.049628781    0.06617458841  0.9851536558   5.978678452    1.290537531    2.593588089    0.7499216936   0.2937261546   
84       I1         0.7944527712   2.675928452    2.591971168    0.01798505188  0.2796770395   4.333426039    2.56921467     1.035189702    0.9786169096   0.9357844638   
85       I1         1.681532474    1.527252954    3.200341316    0.382103955    0.1210128828   0.5099906425   1.787044704    1.517434438    0.5844859061   0.5523523787   
86       I1         1.266772467    1.271565045    3.64413611     0.4610007422   0.7229535531   3.635699302    1.932478028    0.2573387999   -0.7798352057  0.3205528985   
87       I1         0.7647534265   1.347875166    4.244123627    0.784987453    0.5659573334   8.731779812    2.410994495    0.1985755591   0.03871476879  0.5864108121   
88       I1         1.562283398    2.239934853    3.787971582    0.3745767377   0.3176662589   2.198446692    2.982508151    2.753721959    -0.3431669847  0.8730559979   
89       I1         1.272207432    2.103798969    3.908262726    0.4982750828   0.1170697451   8.936209867    1.596636268    0.9552385088   -0.7431881437  0.6748652175   
90       I1         1.247219238    1.43732954     3.574314535    0.5177268601   0.1802341327   8.1829479      3.454779949    1.740061967    0.7798784874   0.6823884304   
91       I1         0.9170691111   1.097353254    3.888234681    0.1590168536   0.1980706214   3.172767327    1.760686845    2.898819371    -0.70755506    0.835488998    
92       I1         0.8594859709   1.56709405     3.763815005    0.6088469602   0.5163311147   5.557819973    1.537824066    2.55376601     0.2797102277   0.2281926599   
93       I1         0.8516816416   2.223409274    3.994306987    0.651920224    0.6491970592   5.677937282    1.18308511     1.617396896    -0.9518850166  0.8434464495   
94       I1         0.9691902626   1.111207504    4.136342117    0.4330385135   0.8574453403   4.573599613    2.96451766     0.09999375941  -0.2075161303  0.4687802127   
95       I1         1.028443506    1.217210995    3.154730813    0.3600863832   0.8789850653   5.489382569    2.673346641    1.913873397    0.4688421696   0.3744832418   
96       I1         0.4951711073   2.47746857     3.583271132    0.9161871134   0.8292179932   4.009172571    1.038891193    0.1262265452   0.66482792     1.010821511    
97       I1         1.168425809    1.872888018    2.895323663    0.6011013242   0.9086691245   1.188839618    1.982000801    0.5610207874   -0.6354022696  0.2737014749   
98       I1         1.096953965    1.866032498    2.770685731    0.6256104145   0.4135150461   6.060494108    2.818549392    0.7533708459   -0.7803528873  0.3286212889   
99       I1         1.55234451     2.179753498    2.819203554    0.3952466911   0.2963966409   6.727539677    2.486941031    1.189815824    -0.2512348219  0.866011139    
100      I1         0.4423657064   1.524782968    2.711888592    0.1365093359   0.6078054416   9.841775118    1.30241882     2.112615225    0.8157359027   0.5686784334   
101      I1         1.567202837    1.433003144    3.549174485    0.1260542698   0.4213703107   1.203283781    2.501488129    0.04022089047  -0.1053272063  0.8811383463   
102      I1         1.190534918    1.58737199     3.975040031    0.2485902988   0.8168480328   0.5881341888   2.861752951    1.337555709    -0.9194684933  0.4084039441   
103      I1         1.81565993     2.183767031    4.445073272    0.923528304    0.07153671873  5.122869491    2.554142808    2.441694162    0.929566737    0.7205503502   
104      I1         0.3160663151   1.472429143    3.864345957    0.4886333168   0.7478827292   1.29660512     3.442628548    1.004257686    -0.7177629824  0.6683754578   
105      I1         0.560579495    2.616901197    2.757161432    0.4492392441   0.7642913539   1.578773868    1.483319489    2.526620359    0.1850542123   0.4351091532   
106      I1         1.705715745    2.563298341    4.168659817    0.4016370178   0.1826518913   4.795533659    2.896475106    1.850547656    0.4362494302   1.029650832    
107      I1         0.9430770165   1.780322116    4.436933425    0.9796379121   0.4543647245   2.017122039    2.04077936     1.122526308    0.2917252145   0.9221654237   
108      I1         0.7827219914   1.636726289    4.230808878    0.2285896653   0.6010431956   8.467556951    2.719702949    1.724630396    -0.3389840675  0.5954764596   
109      I1         0.39006213     1.46124774     3.01046998     0.7310735944   0.02994830241  1.047536079    2.236411736    0.8215461351   0.3400876603   0.4699656445   
110      I1         1.52698874     1.543263755    2.881948345    0.1643987006   0.4426261578   6.138323028    2.886943105    1.653781299    -0.4658437404  0.8906966224   
111      I1         0.3079017367   2.536586003    4.481868748    0.3277216254   0.635782298    8.275041911    1.848556874    1.705075804    -0.07875822608 0.6198234975   
112      I1         0.7312023572   2.341796621    3.288925612    0.4088656905   0.6984740392   1.350039983    3.250847966    2.293450892    0.3634119407   0.5838752466   
113      I1         1.212039554    1.211651357    3.142220271    0.176803382    0.6946949651   8.404803086    1.221353719    0.2206018046   0.797646994    0.2518497934   
114      I1         1.650778296    1.689175818    2.683784505    0.4766684494   0.7866513945   5.25479592     2.743015731    0.6910674963   -0.04598332212 0.6617896119   
115      I1         1.889074199    2.232408175    2.50846943     0.06347138941  0.6400701768   9.262748823    1.747056741    1.622544334    0.08590025529  0.4668129268   
116      I1         1.80153224     1.784465805    3.494053802    0.5010571741   0.6275969085   9.337788661    2.313800446    2.179021285    0.09931307681  0.8882716996   
117      I1         0.4763555759   1.016417413    3.921895255    0.4723098789   0.2633067763   2.829426214    3.361107015    2.713879364    0.6988768292   0.4878131575   
118      I1         0.8045915082   2.402460187    4.274627782    0.9538877546   0.5218425283   2.339326773    2.351854157    2.987323265    0.02028824671  1.075076683    
119      I1         0.3527387624   1.91308261     3.804717974    0.6347489478   0.3016913849   9.178860468    2.640794539    0.1176097277   0.7337586344   0.4229193157   
120      I1         0.8994731689   2.159405959    4.374945498    0.5279647682   0.4310794512   5.215779391    1.132739572    2.86609213     -0.9964827414  0.7004693011   
121      I1         1.256161827    1.857502393    3.46348914     0.6653043869   0.06669942403  9.1037054      1.708886113    1.819704135    0.2683133431   0.4390401201   
122      I1         1.29869262     2.030388091    2.738898102    0.2931131897   0.8236293767   4.472067808    1.818605578    0.4522946708   -0.5814641335  0.6160678222   
123      I1         1.410844564    1.487714046    3.091685818    0.2525859039   0.07422057778  2.04783647     1.412317196    1.873772372    -0.8691781141  0.7727203046   
124      I1         0.7053730573   2.379669596    2.863816821    0.4681276703   0.1317473279   7.726871273    1.72141094     0.8575615895   -0.12239111    0.4333912539   
125      I1         0.4353517743   1.061800788    3.1970064      0.6682522869   0.2299757445   7.715318932    2.255467775    2.768673585    -0.9737537166  0.6753151093   
126      I1         1.725021871    2.264217556    3.791282322    0.8494940825   0.1718932345   6.331887949    3.120827288    0.3749216878   -0.5753005299  0.6422194945   
127      I1         1.956024234    1.652709719    2.994224371    0.05664595001  0.151121497    9.005140482    3.056860529    2.650747806    -0.2116127157  1.269876488    
128      I1         1.389069653    2.133984655    3.317980748    0.7261567476   0.6440832183   6.197710501    1.627469842    1.810897742    -0.1589156199  0.3495503305   
129      I1         1.310744326    1.355304279    2.877630711    0.04281589581  0.77690164     2.245178107    2.166619707    0.07751906206  -0.4187121487  0.4636281658   
130      I1         1.539037421    2.024084218    3.983472701    0.7997784599   0.1919118726   5.936447582    1.89847601     0.788272496    -0.327742305   0.4626188104   
131      I1         0.4585553439   1.196024326    4.285975636    0.9046503801   0.9345541318   7.787279063    3.037366763    1.431614803    0.9969983269   0.6547289678   
132      I1         1.438799716    1.293362253    2.708406625    0.8183059822   0.8610236011   7.267569472    1.794421724    1.152192786    0.1228202277   0.2776859263   
133      I1         1.031815732    1.176044486    3.086598135    0.3825326016   0.5114201736   4.014965611    1.957670154    2.634639258    0.880275581    0.5337256785   
134      I1         0.7737662192   2.316377652    3.372267971    0.7672713686   0.5414871675   1.914269064    2.345952424    1.301082103    0.003047198458 0.4025883516   
135      I1         0.9112346406   1.756530424    3.103053777    0.4397966583   0.8643014036   6.513782869    2.109549846    1.277491723    -0.4747877953  0.3153719154   
136      I1         0.5219047772   2.604477542    2.66725301     0.9572451715   0.0188045118   2.551934855    2.304546321    1.451545956    -0.657610792   2.627322742    
137      I1         1.591137745    2.110709864    3.352611263    0.6610366424   0.8718494731   3.708607551    1.149856099    1.98959652     0.5664003658   0.4572606658   
138      I1         0.6454610403   1.809580411    3.664249371    0.7913672041   0.2463200352   1.109917954    2.457894546    2.571361517    -0.7241374337  0.6759715367   
139      I1         0.8414370897   2.360140599    2.784622419    0.9076708301   0.1090620174   6.934065212    2.062803635    1.383870048    0.4418670729   0.6810033178   
140      I1         0.3810226623   1.039329499    4.152292324    0.7525369395   0.6585332783   0.3232059656   3.083430849    0.01885421188  0.3910036011   0.8013687603   
141      I1         1.489386704    1.126281319    2.847328631    0.9335967232   0.7426657893   0.208209793    1.426296588    1.927537981    0.05913216204  0.8707085637   
142      I1         1.339681715    1.305017817    3.215936495    0.1715781143   0.8192303817   8.686609669    2.608247359    0.7954323962   -0.2803450529  0.4476591435   
143      I1         1.674092136    1.557022881    3.416947156    0.365279752    0.6859801251   0.1113407298   1.488318497    1.579748189    0.7219286014   0.2659225475   
144      I1         1.443875061    2.663067641    3.327214513    0.8420744192   0.7583853412   4.967030822    1.204150956    2.818122399    0.9675773468   0.3457172041   
145      I1         1.992340235    1.506790343    4.313984944    0.5620416207   0.0289882697   7.20546421     2.912259135    0.5975805961   0.5061690618   1.141056297    
146      I1         1.696146187    1.318163841    3.713125202    0.8233939192   0.3786067364   4.106631229    1.988281074    2.660883043    -0.02687514233 0.4494225344   
147      I1         0.9287867655   1.339953079    3.940201022    0.2415289168   0.3635230936   4.621020402    1.375566622    1.209745649    0.2048374467   0.5271195871   
148      I1         1.823406715    2.197591557    3.735986787    0.541778606    0.9251221617   3.731313954    2.093105397    0.2732341874   -0.4933385898  0.7160903109   
149      I1         0.8252572498   2.000293527    3.852631937    0.09484864392  0.5879647622   0.8439711334   2.205949187    2.358990998    -0.8122212197  0.8786927458   
150      I1         1.154517324    2.057175774    3.841892127    0.1211426688   0.5389951992   3.915869445    2.327368111    0.6640957225   -0.276462482   0.8689662778   
151      I1         1.861285023    2.423392337    4.364753591    0.1321148206   0.7203558098   9.856190522    3.0392257      2.344272776    -0.6012457583  1.28470689     
152      I1         0.8771454601   2.652883391    2.600405533    0.08296031287  0.6777095541   3.394123053    1.606807955    1.504328578    -0.5283719544  0.8327853697   
153      I1         0.44767833     2.634228482    4.297784858    0.4131563162   0.08719938606  6.909899875    2.959254627    0.6845887361   0.1769029316   0.6310002956   
154      I1         1.397354438    2.594635822    4.306825615    0.1381101293   0.1678155591   5.070087836    2.658951036    0.2981488567   0.6362287025   1.116550078    
155      I1         1.754165204    1.385725577    3.001275434    0.8731720152   0.49233943     6.776723139    2.808883335    0.05217774912  0.9149408384   0.6777751786   
156      I1         0.6630983557   1.418938544    3.177042209    0.8947151221   0.9654515445   2.417095971    2.435221826    2.320806701    -0.7677758341  1.922585281    
157      I1         1.805055113    2.037184526    2.854658815    0.7031796      0.09937325054  5.80948257     3.40923876     0.9443455124   0.07668828648  0.806217098    
158      I1         1.782005308    1.046126403    3.674731127    0.4276016541   0.7023414344   0.4232596352   1.357631033    1.668822826    -0.4317583209  1.185054527    
159      I1         1.98336308     1.476827842    3.527121202    0.03104441363  0.3976787274   1.655307686    2.001481473    2.955752295    0.2886603385   0.6353424067   
160      I1         1.518373807    1.395823821    3.747975762    0.1476893845   0.5959419406   9.643499685    2.862540153    2.263476683    -0.8836972137  0.8277834274   
161      I1         1.891687544    1.141502574    3.918206436    0.9694566188   0.7716847948   9.915759666    2.677691111    0.5008992053   -0.4574273089  0.6786793781   
162      I1         0.3728256627   2.523376056    3.363630834    0.3003703613   0.6129824364   8.826475595    2.848600231    2.196188023    0.8081814212   0.7879300098   
163      I1         1.223180696    1.945292096    3.602551072    0.1097605279   0.544416591    5.526973876    2.491389903    0.07479989212  0.2144989361   0.8609340887   
164      I1         1.23627656     2.45621537     2.544324651    0.7815431259   0.687578367    0.4799825509   1.005840887    2.859379984    -0.1620880015  1.68661112     
165      I1         1.35883135     1.402946111    3.25662178     0.9304729949   0.2769640907   7.598144076    1.502462651    0.9165776792   -0.5016754139  0.7086511313   
166      I1         0.789572542    2.278022308    2.644512462    0.6501463064   0.5334932255   2.584305403    2.693995187    0.7302003434   0.1687194501   0.2096818113   
167      I1         1.008724434    2.145625973    3.592951777    0.5375843765   0.7372736794   3.326900484    2.790834008    1.164832077    -0.6270055646  0.3908230034   
168      I1         1.34845065     2.250487389    3.773679828    0.2022170083   0.8943826397   0.9808256413   1.257138806    1.889652792    0.9544200604   0.3849795236   
169      I1         0.4957277127   1.641290698    2.982554117    0.7165018842   0.1898148325   8.658035885    1.15780769     2.219610289    0.4229395804   0.4807949382   
170      I1         0.6779745915   1.311800029    4.429994142    0.3882659227   0.2729843773   8.246207784    1.91254571     1.60263534     0.5709451081   0.6426177205   
171      I1         1.57691792     2.121766347    3.477901424    0.3576384864   0.041427187    5.440009602    3.271262121    0.5810355321   0.5921997391   0.9640177504   
172      I1         0.9905189919   2.286075393    2.745626434    0.6403466023   0.4776620772   9.694709661    3.425336835    2.003666432    -0.08814844138 0.3502315257   
173      I1         1.195757245    2.204986631    4.027680889    0.8533427611   0.754291487    0.7883891887   3.499421442    0.6547736416   0.2204775822   0.3276209056   
174      I1         1.839793129    1.250427937    3.514350809    0.1755136478   0.05025664172  4.81531904     2.014719743    1.126898341    -0.2304116761  0.9001180461   
175      I1         1.001251893    2.069102264    4.200932026    0.4927495471   0.9266990333   6.002778232    2.222455318    1.08408207     -0.003365763137 0.4074120193   
176      I1         1.158709209    2.07451978     4.199785706    0.1522689735   0.3508865161   8.590859009    1.831062441    0.4713771753   -0.75217624    0.9400582338   
177      I1         0.5788834067   1.901547742    3.706033907    0.7424456046   0.3536942089   7.140130212    1.659801522    0.7096477183   -0.09102284916 0.5468113952   
178      I1         0.5964134953   1.497129676    3.568035854    0.4603745082   0.7983745614   2.099368541    1.332058821    0.1934143029   0.8563867838   0.3114630948   
179      I1         1.638273917    2.56527134     3.266249106    0.9612380033   0.03605611256  9.036374273    2.194619009    1.010252096    0.9804134291   0.5792040355   
180      I1         1.547070958    1.238174427    3.30779728     0.6784136961   0.9066224618   7.112600664    2.757521514    2.417418012    0.6069845997   0.4656047926   
181      I1         0.6734119334   1.89441514     3.451950994    0.04624513343  0.2451389809   6.983583116    3.368654007    2.055934242    -0.4896433121  0.9912306129   
182      I1         1.369271837    2.274721958    4.401371371    0.6304719765   0.7319429299   1.001748151    1.16816521     1.401186994    0.4952194916   0.271235029    
183      I1         0.8612097478   1.263157119    3.242283537    0.9833121046   0.2101655837   5.760776018    2.120035492    2.225697083    -0.5348694626  1.711592469    
184      I1         0.5328893243   1.549901358    4.343964989    0.7568711672   0.9796752624   6.452092482    2.393268664    0.301226491    0.2320113662   1.18561804     
185      I1         1.763925888    1.189145543    4.107978047    0.18731588     0.3711483416   0.3541249756   1.692970203    0.3197858511   0.2475080492   0.6845078938   
186      I1         0.9869559751   1.712974657    2.792456384    0.713796795    0.8113767914   0.6736454139   2.597056382    0.8273058978   -0.1164999219  0.4837636381   
187      I1         0.8102282188   1.672796838    2.672124427    0.6727332147   0.7654600043   2.95335473     3.47513158     0.4326027368   0.3249958023   0.4156643553   
188      I1         0.5882173616   2.334124015    4.112339234    0.1991829632   0.265478951    0.9213748418   3.395639015    0.894750979    -0.03127474847 0.7609195206   
189      I1         1.453500029    2.581201481    3.343104422    0.9721338354   0.5057330862   2.691800039    3.337371736    2.298921494    -0.9801642794  0.3430346074   
190      I1         1.736972913    1.277543916    4.214466027    0.01145083127  0.1464932831   3.769961236    2.137949191    0.8743918281   0.8310837253   1.290112426    
191      I1         1.20888945     2.05260005     2.941521391    0.7728527275   0.2590210574   8.097781065    2.539600155    0.2471834899   0.1000512061   0.287089569    
192      I1         0.5040713005   1.927909829    2.692654783    0.7223955554   0.7255757899   0.80618625     1.421382374    0.5547546341   0.9056303865   0.3442344856   
193      I1         1.623598457    1.283430578    2.806236369    0.8135260645   0.3921249435   6.396943043    2.700210411    1.37273744     -0.6937307743  0.5033624131   
194      I1         1.607192346    1.986444153    3.827213992    0.2363858541   0.4843905536   7.653929643    2.91675701     2.487139301    0.5432330061   0.9866188159   
195      I1         1.980969714    2.5130866      4.094441589    0.3225876825   0.9849853431   8.123806979    3.001111917    0.0009784810385 -0.8006003763  1.087270303    
196      I1         1.078928625    1.089384525    2.922492251    0.02480656156  0.4246184373   5.383896754    1.265648282    2.446880534    0.5259697562   0.3135582874   
197      I1         0.6022293771   2.369053499    3.134494032    0.3151516292   0.103980856    4.452162135    3.166076141    0.7789885138   0.931356019    0.7325898553   
198      I1         1.182617716    1.819858956    3.331379779    0.1845211468   0.4610069183   8.004857896    2.443266495    2.034827753    -0.5502170901  0.8470081853   
199      I1         1.501985263    2.68783041     3.810259928    0.5692604473   0.3121974203   9.446711023    1.036660246    1.021453014    0.5572359647   0.3109020887   
200      I1         0.6291513254   2.484996524    3.896774347    0.4510187388   0.6035568613   4.226906781    3.304283651    1.564153784    -0.06565029081 0.4602098103   
201      I1         0.7932098765   2.689506173    4.487654321    0.6209876543   0.330617284    0.1611111111   2.404320988    2.981481481    -0.987654321   0.2906133047   
202      I1         0.5833333333   1.010493827    4.487654321    0.6088888889   0.01604938272  0.1611111111   2.712962963    2.981481481    -0.987654321   0.3063292961   
203      I1         1.066049383    2.689506173    2.512345679    0.7782716049   0.7782716049   9.938888889    2.959876543    0.01851851852  0.987654321    0.4381956276   
204      I1         1.15           2.689506173    2.734567901    0.7782716049   0.3064197531   0.1611111111   2.990740741    2.981481481    -0.2716049383  0.2560980126   
205      I1         0.6462962963   1.010493827    3.154320988    0.6572839506   0.01604938272  9.938888889    2.682098765    2.981481481    0.3209876543   0.2762082875   
206      I1         0.6043209877   1.85           2.932098765    0.5120987654   0.2701234568   0.1611111111   2.682098765    2.981481481    -0.987654321   0.3291304685   
207      I1         1.233950617    2.395679012    2.956790123    0.8387654321   0.5483950617   8.594444444    3.114197531    0.01851851852  -0.3209876543  0.2905318589   
208      I1         0.8771604938   1.010493827    4.487654321    0.8145679012   0.669382716    9.938888889    3.145061728    2.018518519    0.987654321    0.4195207437   
209      I1         0.8771604938   2.584567901    2.512345679    0.6935802469   0.1249382716   3.338888889    2.682098765    0.01851851852  0.3209876543   0.2274899071   
210      I1         0.6672839506   1.55617284     2.512345679    0.5483950617   0.1733333333   9.938888889    2.990740741    0.01851851852  0.02469135802  0.2706891191   
211      I1         0.6672839506   1.787037037    3.154320988    0.6572839506   0.06444444444  1.138888889    2.959876543    0.01851851852  0.3209876543   0.2009984083   
212      I1         0.6672839506   1.640123457    4.487654321    0.6209876543   0.1128395062   9.938888889    2.682098765    2.981481481    -0.987654321   0.3333985829   
213      I1         1.401851852    2.14382716     3.845679012    0.8750617284   0.5483950617   0.1611111111   3.361111111    2.981481481    -0.5679012346  0.323245949    
214      I1         0.7302469136   1.55617284     3.820987654    0.6572839506   0.01604938272  5.905555556    2.867283951    0.01851851852  0.0987654321   0.2903417132   
215      I1         1.275925926    1.787037037    4.487654321    0.7903703704   0.8750617284   9.938888889    1.416666667    2.981481481    0.987654321    0.3471654005   
216      I1         1.087037037    2.689506173    3.179012346    0.7782716049   0.6572839506   5.783333333    2.774691358    2.981481481    0.1234567901   0.2439489906   
217      I1         0.499382716    1.766049383    3.154320988    0.6209876543   0.01604938272  0.1611111111   2.682098765    2.981481481    0.3209876543   0.234447383    
218      I1         0.8561728395   2.689506173    4.067901235    0.6330864198   0.7661728395   3.338888889    1.972222222    2.981481481    -0.5432098765  0.3026176517   
219      I1         0.8771604938   1.577160494    3.154320988    0.7782716049   0.2338271605   6.761111111    1.601851852    0.01851851852  0.987654321    0.3623557795   
220      I1         1.170987654    1.010493827    4.487654321    0.3427160494   0.9839506173   3.461111111    1.416666667    1.759259259    0.2469135802   0.5990938266   
221      I1         1.066049383    2.332716049    2.512345679    0.7782716049   0.2580246914   6.516666667    2.558641975    1.833333333    -0.2222222222  0.2545054596   
222      I1         0.3944444444   1.010493827    3.154320988    0.6451851852   0.1249382716   0.1611111111   1.817901235    2.981481481    0.987654321    0.3970120646   
223      I1         0.6672839506   2.689506173    4.364197531    0.6451851852   0.669382716    1.138888889    1.416666667    0.01851851852  0.5679012346   0.2373689226   
224      I1         0.8561728395   1.010493827    2.537037037    0.06444444444  0.9839506173   0.1611111111   1.354938272    0.01851851852  0.987654321    0.914075989    
225      I1         0.6672839506   1.367283951    2.956790123    0.5483950617   0.330617284    9.938888889    2.682098765    2.981481481    -0.3456790123  0.2739775219   
226      I1         0.5203703704   1.975925926    3.697530864    0.6088888889   0.5            3.338888889    1.293209877    2.018518519    0.7654320988   0.3287762831   
227      I1         0.6043209877   1.724074074    3.277777778    0.5483950617   0.3185185185   0.1611111111   1.540123457    0.01851851852  0.3209876543   0.1938784526   
228      I1         0.6672839506   2.689506173    4.438271605    0.5483950617   0.4758024691   0.4055555556   1.509259259    0.01851851852  -0.1975308642  0.3046260032   
229      I1         0.8561728395   2.689506173    2.512345679    0.6330864198   0.6209876543   3.338888889    2.342592593    2.981481481    -0.02469135802 0.3010382138   
230      I1         0.7512345679   1.010493827    2.586419753    0.5967901235   0.3427160494   3.338888889    1.601851852    0.3148148148   0.5925925926   0.2435348747   
231      I1         0.4574074074   1.367283951    3.154320988    0.6572839506   0.2096296296   0.1611111111   2.651234568    0.01851851852  0.987654321    0.3763931461   
232      I1         0.6882716049   1.010493827    3.37654321     0.6088888889   0.01604938272  1.138888889    1.725308642    2.981481481    0.2716049383   0.2989948042   
233      I1         0.625308642    1.55617284     3.154320988    0.6209876543   0.1612345679   3.338888889    2.990740741    2.981481481    -0.04938271605 0.2407529643   
234      I1         0.3104938272   1.577160494    3.179012346    0.3790123457   0.330617284    0.1611111111   1.540123457    1.314814815    0.3209876543   0.3076905207   
235      I1         0.7932098765   2.353703704    3.030864198    0.6572839506   0.330617284    3.338888889    2.959876543    0.01851851852  0.2469135802   0.2189434102   
236      I1         0.3944444444   1.724074074    3.154320988    0.5362962963   0.04024691358  0.1611111111   3.237654321    0.9814814815   0.07407407407  0.2145568165   
237      I1         0.4154320988   1.933950617    2.512345679    0.5120987654   0.1128395062   0.1611111111   2.836419753    0.01851851852  0.2716049383   0.2192689636   
238      I1         0.5413580247   1.933950617    2.709876543    0.5483950617   0.1249382716   0.1611111111   2.990740741    0.9814814815   0.0987654321   0.1942404146   
239      I1         0.6672839506   1.55617284     2.932098765    0.6209876543   0.330617284    3.338888889    1.601851852    0.6851851852   0.5679012346   0.2348727201   
240      I1         0.8561728395   2.521604938    3.919753086    0.6572839506   0.669382716    9.938888889    1.447530864    0.01851851852  0.1975308642   0.2345064838   
241      I1         0.8561728395   1.55617284     3.845679012    0.6572839506   0.330617284    3.338888889    1.540123457    0.01851851852  0.2716049383   0.2237506613   
242      I1         0.3734567901   2.122839506    4.067901235    0.5            0.1975308642   0.1611111111   1.293209877    1.796296296    0              0.3751476941   
243      I1         0.4154320988   1.178395062    3.154320988    0.5483950617   0.01604938272  0.1611111111   2.867283951    0.9814814815   0.1975308642   0.1974411344   
244      I1         0.6462962963   1.682098765    2.561728395    0.5483950617   0.06444444444  0.1611111111   2.342592593    0.01851851852  0.2469135802   0.2270512319   
245      I1         0.4154320988   1.682098765    3.697530864    0.5483950617   0.01604938272  0.1611111111   2.651234568    0.9814814815   0.07407407407  0.2745786954   
246      I1         0.6672839506   2.122839506    3.62345679     0.5483950617   0.6330864198   0.1611111111   1.509259259    0.01851851852  0.3209876543   0.2092561595   
247      I1         0.8561728395   1.010493827    2.561728395    0.5483950617   0.2217283951   9.938888889    1.540123457    0.3148148148   0.1975308642   0.2424709098   
248      I1         0.6672839506   2.689506173    2.561728395    0.5483950617   0.6572839506   9.938888889    2.682098765    2.981481481    -0.987654321   0.3898734434   
249      I1         1.233950617    2.374691358    2.709876543    0.7298765432   0.7661728395   6.761111111    2.280864198    0.9814814815   -0.7654320988  0.3263300612   
250      I1         1.212962963    1.115432099    3.154320988    0.5483950617   0.7782716049   0.1611111111   2.188271605    2.981481481    -0.987654321   0.4125694506   
251      I1         0.3944444444   2.584567901    3.475308642    0.5362962963   0.584691358    3.461111111    1.231481481    0.01851851852  0.3209876543   0.2271825875   
252      I1         0.6462962963   1.577160494    2.512345679    0.4274074074   0.2338271605   0.1611111111   1.540123457    0.01851851852  0.07407407407  0.2495491895   
253      I1         0.6672839506   2.689506173    4.487654321    0.5362962963   0.9839506173   5.05           1.231481481    0.3518518519   0.3209876543   0.2146164981   
254      I1         1.380864198    2.584567901    3.154320988    0.7177777778   0.9839506173   0.1611111111   1.941358025    0.9814814815   0.987654321    0.5399075936   
255      I1         0.8561728395   2.563580247    4.487654321    0.6209876543   0.7661728395   4.561111111    1.447530864    0.01851851852  0.1728395062   0.2294296512   
256      I1         0.4364197531   2.689506173    3.845679012    0.5            0.9839506173   0.1611111111   1.231481481    0.01851851852  0.8148148148   0.3140619728   
257      I1         0.5833333333   2.689506173    3.969135802    0.5483950617   0.7782716049   4.805555556    1.324074074    0.01851851852  0.2962962963   0.2371404708   
258      I1         0.8561728395   2.185802469    4.339506173    0.6572839506   0.1007407407   0.1611111111   3.237654321    2.981481481    -0.987654321   0.2638826502   
259      I1         0.3104938272   2.374691358    3.820987654    0.5            0.3427160494   6.761111111    2.589506173    2.981481481    -0.987654321   0.4459029156   
260      I1         0.6462962963   1.55617284     2.512345679    0.5483950617   0.01604938272  8.35           2.959876543    2.981481481    -0.987654321   0.379906597    
261      I1         0.3524691358   1.010493827    2.512345679    0.5120987654   0.01604938272  0.1611111111   2.651234568    2.796296296    0.3209876543   0.3362514183   
262      I1         0.499382716    1.010493827    2.759259259    0.4516049383   0.1128395062   0.1611111111   3.484567901    0.01851851852  0.04938271605  0.2268100744   
263      I1         0.4783950617   1.367283951    2.709876543    0.5483950617   0.01604938272  0.1611111111   3.145061728    0.3148148148   0.2469135802   0.195056653    
264      I1         0.3524691358   1.010493827    2.635802469    0.3911111111   0.330617284    9.938888889    3.484567901    1.018518519    -0.1234567901  0.3019002706   
265      I1         0.8561728395   1.010493827    2.709876543    0.1975308642   0.9839506173   9.938888889    2.682098765    0.01851851852  -0.3456790123  1.180293408    
266      I1         1.233950617    2.374691358    2.512345679    0.8508641975   0.6572839506   3.338888889    2.74382716     1.314814815    0.1975308642   0.2720696153   
267      I1         0.9611111111   1.870987654    4.141975309    0.8266666667   0.1491358025   7.738888889    2.990740741    0.2407407407   0.3209876543   0.2923255196   
268      I1         1.422839506    2.14382716     2.882716049    0.8387654321   0.9839506173   9.938888889    2.00308642     2.981481481    0.2716049383   0.3689767567   
269      I1         1.800617284    2.689506173    4.487654321    0.5            0.669382716    0.1611111111   1.262345679    2.87037037     0.987654321    0.3849117339   
270      I1         1.464814815    1.115432099    2.833333333    0.06444444444  0.8266666667   7.25           1.138888889    2.722222222    0.3703703704   0.6035788554   
271      I1         1.087037037    2.689506173    4.265432099    0.5241975309   0.9839506173   1.138888889    1.293209877    1.351851852    0.3209876543   0.1649112847   
272      I1         1.066049383    1.577160494    2.512345679    0.5            0.669382716    0.1611111111   1.787037037    0.8703703704   -0.0987654321  0.2518195816   
273      I1         0.7932098765   1.367283951    4.067901235    0.6088888889   0.3669135802   1.261111111    2.280864198    2.981481481    -0.3209876543  0.2261163841   
274      I1         1.15           2.689506173    3.845679012    0.7903703704   0.4516049383   0.1611111111   3.083333333    2.5            -0.987654321   0.2710490481   
275      I1         1.066049383    2.689506173    3.401234568    0.7782716049   0.584691358    0.1611111111   3.021604938    1.833333333    -0.1234567901  0.280072796    
276      I1         0.7512345679   2.689506173    2.709876543    0.5967901235   0.6572839506   3.338888889    1.848765432    1.166666667    0.0987654321   0.2532786987   
277      I1         0.6672839506   2.689506173    3.820987654    0.5483950617   0.9839506173   2.238888889    2.095679012    2.351851852    -0.3456790123  0.3393025823   
278      I1         0.499382716    1.010493827    3.154320988    0.4758024691   0.08864197531  1.138888889    3.484567901    0.9074074074   -0.4444444444  0.2786095362   
279      I1         0.3104938272   1.388271605    2.932098765    0.4516049383   0.1975308642   0.5277777778   3.206790123    0.5            -0.02469135802 0.2351974221   
280      I1         1.170987654    1.010493827    3.154320988    0.3427160494   0.947654321    9.572222222    3.453703704    2.018518519    -0.5679012346  0.537728806    
281      I1         1.212962963    1.682098765    2.734567901    0.8145679012   0.4395061728   9.938888889    3.206790123    1.018518519    0.07407407407  0.3003936339   
282      I1         1.422839506    1.55617284     3.25308642     0.8387654321   0.1612345679   8.961111111    1.447530864    1.981481481    0.7654320988   0.2511945107   
283      I1         1.548765432    2.668518519    3.820987654    0.8024691358   0.2338271605   6.761111111    1.385802469    0.9814814815   0.987654321    0.3820556265   
284      I1         0.8561728395   2.332716049    2.932098765    0.5483950617   0.4637037037   0.1611111111   1.972222222    1.12962963     -0.5925925926  0.2790328661   
285      I1         0.8561728395   1.010493827    3.154320988    0.2096296296   0.6572839506   3.338888889    1.015432099    2.981481481    0.987654321    0.3265551671   
286      I1         0.7092592593   1.745061728    3.154320988    0.6572839506   0.3427160494   1.138888889    2.651234568    1.907407407    0.3209876543   0.2032615762   
287      I1         1.108024691    1.010493827    2.932098765    0.6209876543   0.7782716049   9.938888889    1.848765432    1.648148148    0.0987654321   0.4281277016   
288      I1         0.499382716    1.010493827    3.820987654    0.4879012346   0.3064197531   3.338888889    3.484567901    0.3888888889   -0.02469135802 0.280037501    
289      I1         0.8561728395   1.55617284     4.487654321    0.330617284    0.9839506173   3.338888889    1.293209877    2.981481481    0.987654321    0.3594909845   
290      I1         0.7932098765   1.55617284     4.438271605    0.6209876543   0.3790123457   1.627777778    2.682098765    2.981481481    -0.987654321   0.2436274035   
291      I1         0.5833333333   1.010493827    4.487654321    0.6451851852   0.3427160494   3.094444444    2.404320988    2.981481481    0.3209876543   0.244724079    
292      I1         0.499382716    1.010493827    4.067901235    0.584691358    0.2459259259   2.361111111    1.200617284    0.3518518519   0.3209876543   0.2836701162   
293      I1         0.7932098765   1.010493827    3.37654321     0.5241975309   0.3427160494   0.1611111111   1.848765432    1.018518519    -0.02469135802 0.2048223769   
294      I1         0.8561728395   2.353703704    3.154320988    0.5725925926   0.8750617284   3.338888889    1.015432099    0.01851851852  0.987654321    0.3054911472   
295      I1         0.3104938272   2.689506173    2.512345679    0.4879012346   0.3427160494   0.1611111111   1.848765432    0.01851851852  0.3209876543   0.2466820232   
296      I1         0.562345679    2.689506173    2.512345679    0.5            0.4879012346   0.1611111111   2.37345679     0.01851851852  0.0987654321   0.242674615    
297      I1         0.3314814815   1.178395062    2.512345679    0.4516049383   0.01604938272  3.827777778    3.484567901    1.351851852    0.02469135802  0.3422490292   
298      I1         0.7512345679   1.010493827    3.154320988    0.6330864198   0.01604938272  3.461111111    2.682098765    1.944444444    0.0987654321   0.2418321919   
299      I1         0.8561728395   1.010493827    3.154320988    0.5            0.9839506173   6.638888889    3.484567901    1.351851852    0.987654321    0.5812543346   
300      I1         0.6672839506   2.122839506    2.512345679    0.5483950617   0.4516049383   9.938888889    2.74382716     1.12962963     0.0987654321   0.3036306355   
%eval_id interface log__t_efold_shallow log__t_efold_soil log__t_efold_karst f_exfiltration_shallow f_exfiltration_soil PDD_melt_factor log__Hmax_shallow log__fdd_threshold log__routing_K neg_kge        
301      I1         1.087037037    2.689506173    4.265432099    0.5241975309   0.9839506173   1.138888889    1.293209877    1.351851852    0.3209876543   0.1649112847   
302      I1         1.257037037    2.689506173    4.265432099    0.5241975309   0.9839506173   1.138888889    1.293209877    1.351851852    0.3209876543   0.2374246913   
303      I1         1.087037037    2.689506173    4.465432099    0.5241975309   0.9839506173   1.138888889    1.293209877    1.351851852    0.3209876543   0.1645681907   
304      I1         1.087037037    2.689506173    4.265432099    0.6221975309   0.9839506173   1.138888889    1.293209877    1.351851852    0.3209876543   0.2394498358   
305      I1         1.087037037    2.689506173    4.265432099    0.5241975309   0.9839506173   2.128888889    1.293209877    1.351851852    0.3209876543   0.1653334794   
306      I1         1.087037037    2.689506173    4.265432099    0.5241975309   0.9839506173   1.138888889    1.543209877    1.351851852    0.3209876543   0.3579043615   
307      I1         1.087037037    2.689506173    4.265432099    0.5241975309   0.9839506173   1.138888889    1.293209877    1.651851852    0.3209876543   0.1615512878   
308      I1         1.087037037    2.689506173    4.265432099    0.5241975309   0.9839506173   1.138888889    1.293209877    1.351851852    0.5209876543   0.144955099    
309      I1         0.917037037    2.689506173    4.265432099    0.5241975309   0.9839506173   1.138888889    1.293209877    1.351851852    0.3209876543   0.1521190012   
310      I1         1.087037037    2.519506173    4.265432099    0.5241975309   0.9839506173   1.138888889    1.293209877    1.351851852    0.3209876543   0.1695869721   
311      I1         1.087037037    2.689506173    4.065432099    0.5241975309   0.9839506173   1.138888889    1.293209877    1.351851852    0.3209876543   0.1654117784   
312      I1         1.087037037    2.689506173    4.265432099    0.4261975309   0.9839506173   1.138888889    1.293209877    1.351851852    0.3209876543   0.1770847453   
313      I1         1.087037037    2.689506173    4.265432099    0.5241975309   0.8859506173   1.138888889    1.293209877    1.351851852    0.3209876543   0.1602400581   
314      I1         1.087037037    2.689506173    4.265432099    0.5241975309   0.9839506173   0.1488888889   1.293209877    1.351851852    0.3209876543   0.2326704528   
315      I1         1.087037037    2.689506173    4.265432099    0.5241975309   0.9839506173   1.138888889    1.043209877    1.351851852    0.3209876543   0.5953363957   
316      I1         1.087037037    2.689506173    4.265432099    0.5241975309   0.9839506173   1.138888889    1.293209877    1.051851852    0.3209876543   0.1687393356   
317      I1         1.087037037    2.689506173    4.265432099    0.5241975309   0.9839506173   1.138888889    1.293209877    1.351851852    0.1209876543   0.2931424141   
318      I1         1.257037037    2.689506173    4.265432099    0.5241975309   0.9839506173   1.138888889    1.293209877    1.351851852    0.5209876543   0.1429724308   
319      I1         1.087037037    2.689506173    4.465432099    0.5241975309   0.9839506173   1.138888889    1.293209877    1.351851852    0.5209876543   0.1452993935   
320      I1         1.087037037    2.689506173    4.265432099    0.6221975309   0.9839506173   1.138888889    1.293209877    1.351851852    0.5209876543   0.1640361147   
321      I1         1.087037037    2.689506173    4.265432099    0.5241975309   0.9839506173   2.128888889    1.293209877    1.351851852    0.5209876543   0.1682111086   
322      I1         1.087037037    2.689506173    4.265432099    0.5241975309   0.9839506173   1.138888889    1.543209877    1.351851852    0.5209876543   0.404248736    
323      I1         1.087037037    2.689506173    4.265432099    0.5241975309   0.9839506173   1.138888889    1.293209877    1.651851852    0.5209876543   0.1522972204   
324      I1         1.087037037    2.689506173    4.265432099    0.5241975309   0.9839506173   1.138888889    1.293209877    1.351851852    0.7209876543   0.2286847415   
325      I1         0.917037037    2.689506173    4.265432099    0.5241975309   0.9839506173   1.138888889    1.293209877    1.351851852    0.5209876543   0.1869672372   
326      I1         1.087037037    2.519506173    4.265432099    0.5241975309   0.9839506173   1.138888889    1.293209877    1.351851852    0.5209876543   0.142373624    
327      I1         1.087037037    2.689506173    4.065432099    0.5241975309   0.9839506173   1.138888889    1.293209877    1.351851852    0.5209876543   0.1444576845   
328      I1         1.087037037    2.689506173    4.265432099    0.4261975309   0.9839506173   1.138888889    1.293209877    1.351851852    0.5209876543   0.2011381739   
329      I1         1.087037037    2.689506173    4.265432099    0.5241975309   0.8859506173   1.138888889    1.293209877    1.351851852    0.5209876543   0.1791762677   
330      I1         1.087037037    2.689506173    4.265432099    0.5241975309   0.9839506173   0.1488888889   1.293209877    1.351851852    0.5209876543   0.1811549152   
331      I1         1.087037037    2.689506173    4.265432099    0.5241975309   0.9839506173   1.138888889    1.043209877    1.351851852    0.5209876543   0.3959507131   
332      I1         1.087037037    2.689506173    4.265432099    0.5241975309   0.9839506173   1.138888889    1.293209877    1.051851852    0.5209876543   0.140373683    
333      I1         1.087037037    2.689506173    4.265432099    0.5241975309   0.9839506173   1.138888889    1.293209877    1.351851852    0.3209876543   0.1649112847   
334      I1         1.172037037    2.689506173    4.265432099    0.5241975309   0.9839506173   1.138888889    1.293209877    1.351851852    0.5209876543   0.1306511414   
335      I1         1.087037037    2.689506173    4.365432099    0.5241975309   0.9839506173   1.138888889    1.293209877    1.351851852    0.5209876543   0.1451439126   
336      I1         1.087037037    2.689506173    4.265432099    0.5731975309   0.9839506173   1.138888889    1.293209877    1.351851852    0.5209876543   0.1372361983   
337      I1         1.087037037    2.689506173    4.265432099    0.5241975309   0.9839506173   1.633888889    1.293209877    1.351851852    0.5209876543   0.1613835215   
338      I1         1.087037037    2.689506173    4.265432099    0.5241975309   0.9839506173   1.138888889    1.418209877    1.351851852    0.5209876543   0.2758337451   
339      I1         1.087037037    2.689506173    4.265432099    0.5241975309   0.9839506173   1.138888889    1.293209877    1.501851852    0.5209876543   0.1482929448   
340      I1         1.087037037    2.689506173    4.265432099    0.5241975309   0.9839506173   1.138888889    1.293209877    1.351851852    0.6209876543   0.1826730763   
341      I1         1.002037037    2.689506173    4.265432099    0.5241975309   0.9839506173   1.138888889    1.293209877    1.351851852    0.5209876543   0.166490795    
342      I1         1.087037037    2.604506173    4.265432099    0.5241975309   0.9839506173   1.138888889    1.293209877    1.351851852    0.5209876543   0.1437958225   
343      I1         1.087037037    2.689506173    4.165432099    0.5241975309   0.9839506173   1.138888889    1.293209877    1.351851852    0.5209876543   0.1447279104   
344      I1         1.087037037    2.689506173    4.265432099    0.4751975309   0.9839506173   1.138888889    1.293209877    1.351851852    0.5209876543   0.1716189357   
345      I1         1.087037037    2.689506173    4.265432099    0.5241975309   0.9349506173   1.138888889    1.293209877    1.351851852    0.5209876543   0.16128828     
346      I1         1.087037037    2.689506173    4.265432099    0.5241975309   0.9839506173   0.6438888889   1.293209877    1.351851852    0.5209876543   0.138228182    
347      I1         1.087037037    2.689506173    4.265432099    0.5241975309   0.9839506173   1.138888889    1.168209877    1.351851852    0.5209876543   0.2236113769   
348      I1         1.087037037    2.689506173    4.265432099    0.5241975309   0.9839506173   1.138888889    1.293209877    1.201851852    0.5209876543   0.1434543883   
349      I1         1.087037037    2.689506173    4.265432099    0.5241975309   0.9839506173   1.138888889    1.293209877    1.351851852    0.4209876543   0.1281875863   
350      I1         1.172037037    2.689506173    4.265432099    0.5241975309   0.9839506173   1.138888889    1.293209877    1.351851852    0.4209876543   0.146372837    
351      I1         1.087037037    2.689506173    4.365432099    0.5241975309   0.9839506173   1.138888889    1.293209877    1.351851852    0.4209876543   0.128250015    
352      I1         1.087037037    2.689506173    4.265432099    0.5731975309   0.9839506173   1.138888889    1.293209877    1.351851852    0.4209876543   0.1519388219   
353      I1         1.087037037    2.689506173    4.265432099    0.5241975309   0.9839506173   1.633888889    1.293209877    1.351851852    0.4209876543   0.1413881878   
354      I1         1.087037037    2.689506173    4.265432099    0.5241975309   0.9839506173   1.138888889    1.418209877    1.351851852    0.4209876543   0.2442868587   
355      I1         1.087037037    2.689506173    4.265432099    0.5241975309   0.9839506173   1.138888889    1.293209877    1.501851852    0.4209876543   0.1300604285   
356      I1         1.002037037    2.689506173    4.265432099    0.5241975309   0.9839506173   1.138888889    1.293209877    1.351851852    0.4209876543   0.1417236661   
357      I1         1.087037037    2.604506173    4.265432099    0.5241975309   0.9839506173   1.138888889    1.293209877    1.351851852    0.4209876543   0.1288336966   
358      I1         1.087037037    2.689506173    4.165432099    0.5241975309   0.9839506173   1.138888889    1.293209877    1.351851852    0.4209876543   0.1281220004   
359      I1         1.087037037    2.689506173    4.265432099    0.4751975309   0.9839506173   1.138888889    1.293209877    1.351851852    0.4209876543   0.1487092683   
360      I1         1.087037037    2.689506173    4.265432099    0.5241975309   0.9349506173   1.138888889    1.293209877    1.351851852    0.4209876543   0.1405371449   
361      I1         1.087037037    2.689506173    4.265432099    0.5241975309   0.9839506173   0.6438888889   1.293209877    1.351851852    0.4209876543   0.1422025869   
362      I1         1.087037037    2.689506173    4.265432099    0.5241975309   0.9839506173   1.138888889    1.168209877    1.351851852    0.4209876543   0.284274843    
363      I1         1.087037037    2.689506173    4.265432099    0.5241975309   0.9839506173   1.138888889    1.293209877    1.201851852    0.4209876543   0.1283060466   
364      I1         1.129537037    2.689506173    4.265432099    0.5241975309   0.9839506173   1.138888889    1.293209877    1.351851852    0.4209876543   0.134896142    
365      I1         1.087037037    2.689506173    4.315432099    0.5241975309   0.9839506173   1.138888889    1.293209877    1.351851852    0.4209876543   0.1282194166   
366      I1         1.087037037    2.689506173    4.265432099    0.5486975309   0.9839506173   1.138888889    1.293209877    1.351851852    0.4209876543   0.1375755129   
367      I1         1.087037037    2.689506173    4.265432099    0.5241975309   0.9839506173   1.386388889    1.293209877    1.351851852    0.4209876543   0.1350312249   
368      I1         1.087037037    2.689506173    4.265432099    0.5241975309   0.9839506173   1.138888889    1.355709877    1.351851852    0.4209876543   0.1771955455   
369      I1         1.087037037    2.689506173    4.265432099    0.5241975309   0.9839506173   1.138888889    1.293209877    1.426851852    0.4209876543   0.1289074163   
370      I1         1.087037037    2.689506173    4.265432099    0.5241975309   0.9839506173   1.138888889    1.293209877    1.351851852    0.4709876543   0.1326611004   
371      I1         1.044537037    2.689506173    4.265432099    0.5241975309   0.9839506173   1.138888889    1.293209877    1.351851852    0.4209876543   0.1340655526   
372      I1         1.087037037    2.647006173    4.265432099    0.5241975309   0.9839506173   1.138888889    1.293209877    1.351851852    0.4209876543   0.1283994929   
373      I1         1.087037037    2.689506173    4.215432099    0.5241975309   0.9839506173   1.138888889    1.293209877    1.351851852    0.4209876543   0.1281549288   
374      I1         1.087037037    2.689506173    4.265432099    0.4996975309   0.9839506173   1.138888889    1.293209877    1.351851852    0.4209876543   0.1366129526   
375      I1         1.087037037    2.689506173    4.265432099    0.5241975309   0.9594506173   1.138888889    1.293209877    1.351851852    0.4209876543   0.1334743847   
376      I1         1.087037037    2.689506173    4.265432099    0.5241975309   0.9839506173   0.8913888889   1.293209877    1.351851852    0.4209876543   0.1300957153   
377      I1         1.087037037    2.689506173    4.265432099    0.5241975309   0.9839506173   1.138888889    1.230709877    1.351851852    0.4209876543   0.1933517164   
378      I1         1.087037037    2.689506173    4.265432099    0.5241975309   0.9839506173   1.138888889    1.293209877    1.276851852    0.4209876543   0.1281391337   
379      I1         1.087037037    2.689506173    4.265432099    0.5241975309   0.9839506173   1.138888889    1.293209877    1.351851852    0.3709876543   0.1417679091   
380      I1         1.108287037    2.689506173    4.265432099    0.5241975309   0.9839506173   1.138888889    1.293209877    1.351851852    0.4209876543   0.1303557694   
381      I1         1.087037037    2.689506173    4.290432099    0.5241975309   0.9839506173   1.138888889    1.293209877    1.351851852    0.4209876543   0.1282036334   
382      I1         1.087037037    2.689506173    4.265432099    0.5364475309   0.9839506173   1.138888889    1.293209877    1.351851852    0.4209876543   0.1316931215   
383      I1         1.087037037    2.689506173    4.265432099    0.5241975309   0.9839506173   1.262638889    1.293209877    1.351851852    0.4209876543   0.1309414673   
384      I1         1.087037037    2.689506173    4.265432099    0.5241975309   0.9839506173   1.138888889    1.324459877    1.351851852    0.4209876543   0.1487888493   
385      I1         1.087037037    2.689506173    4.265432099    0.5241975309   0.9839506173   1.138888889    1.293209877    1.389351852    0.4209876543   0.1281005045   
386      I1         1.087037037    2.689506173    4.265432099    0.5241975309   0.9839506173   1.138888889    1.293209877    1.351851852    0.4459876543   0.1290844756   
387      I1         1.065787037    2.689506173    4.265432099    0.5241975309   0.9839506173   1.138888889    1.293209877    1.351851852    0.4209876543   0.1303306403   
388      I1         1.087037037    2.668256173    4.265432099    0.5241975309   0.9839506173   1.138888889    1.293209877    1.351851852    0.4209876543   0.1282676606   
389      I1         1.087037037    2.689506173    4.240432099    0.5241975309   0.9839506173   1.138888889    1.293209877    1.351851852    0.4209876543   0.1281713301   
390      I1         1.087037037    2.689506173    4.265432099    0.5119475309   0.9839506173   1.138888889    1.293209877    1.351851852    0.4209876543   0.1312479633   
391      I1         1.087037037    2.689506173    4.265432099    0.5241975309   0.9717006173   1.138888889    1.293209877    1.351851852    0.4209876543   0.130370318    
392      I1         1.087037037    2.689506173    4.265432099    0.5241975309   0.9839506173   1.015138889    1.293209877    1.351851852    0.4209876543   0.1276400374   
393      I1         1.087037037    2.689506173    4.265432099    0.5241975309   0.9839506173   1.138888889    1.261959877    1.351851852    0.4209876543   0.1554371404   
394      I1         1.087037037    2.689506173    4.265432099    0.5241975309   0.9839506173   1.138888889    1.293209877    1.314351852    0.4209876543   0.1279577087   
395      I1         1.087037037    2.689506173    4.265432099    0.5241975309   0.9839506173   1.138888889    1.293209877    1.351851852    0.3959876543   0.132906158    
396      I1         1.108287037    2.689506173    4.265432099    0.5241975309   0.9839506173   1.015138889    1.293209877    1.351851852    0.4209876543   0.1312953696   
397      I1         1.087037037    2.689506173    4.290432099    0.5241975309   0.9839506173   1.015138889    1.293209877    1.351851852    0.4209876543   0.1276277584   
398      I1         1.087037037    2.689506173    4.265432099    0.5364475309   0.9839506173   1.015138889    1.293209877    1.351851852    0.4209876543   0.1326954334   
399      I1         1.087037037    2.689506173    4.265432099    0.5241975309   0.9839506173   1.015138889    1.324459877    1.351851852    0.4209876543   0.1442033455   
400      I1         1.087037037    2.689506173    4.265432099    0.5241975309   0.9839506173   1.015138889    1.293209877    1.389351852    0.4209876543   0.1276973121   
401      I1         1.087037037    2.689506173    4.265432099    0.5241975309   0.9839506173   1.015138889    1.293209877    1.351851852    0.4459876543   0.1264340729   
402      I1         1.065787037    2.689506173    4.265432099    0.5241975309   0.9839506173   1.015138889    1.293209877    1.351851852    0.4209876543   0.1271776902   
403      I1         1.087037037    2.668256173    4.265432099    0.5241975309   0.9839506173   1.015138889    1.293209877    1.351851852    0.4209876543   0.1279130373   
404      I1         1.087037037    2.689506173    4.240432099    0.5241975309   0.9839506173   1.015138889    1.293209877    1.351851852    0.4209876543   0.1276533489   
405      I1         1.087037037    2.689506173    4.265432099    0.5119475309   0.9839506173   1.015138889    1.293209877    1.351851852    0.4209876543   0.1274439623   
406      I1         1.087037037    2.689506173    4.265432099    0.5241975309   0.9717006173   1.015138889    1.293209877    1.351851852    0.4209876543   0.1279045917   
407      I1         1.087037037    2.689506173    4.265432099    0.5241975309   0.9839506173   1.015138889    1.261959877    1.351851852    0.4209876543   0.1574814269   
408      I1         1.087037037    2.689506173    4.265432099    0.5241975309   0.9839506173   1.015138889    1.293209877    1.314351852    0.4209876543   0.1279028443   
409      I1         1.087037037    2.689506173    4.265432099    0.5241975309   0.9839506173   1.015138889    1.293209877    1.351851852    0.3959876543   0.1337197124   
410      I1         1.108287037    2.689506173    4.265432099    0.5241975309   0.9839506173   1.015138889    1.293209877    1.351851852    0.4459876543   0.1267924794   
411      I1         1.087037037    2.689506173    4.290432099    0.5241975309   0.9839506173   1.015138889    1.293209877    1.351851852    0.4459876543   0.1264597586   
412      I1         1.087037037    2.689506173    4.265432099    0.5364475309   0.9839506173   1.015138889    1.293209877    1.351851852    0.4459876543   0.1282254161   
413      I1         1.087037037    2.689506173    4.265432099    0.5241975309   0.9839506173   1.015138889    1.324459877    1.351851852    0.4459876543   0.1484824236   
414      I1         1.087037037    2.689506173    4.265432099    0.5241975309   0.9839506173   1.015138889    1.293209877    1.389351852    0.4459876543   0.1266081359   
415      I1         1.087037037    2.689506173    4.265432099    0.5241975309   0.9839506173   1.015138889    1.293209877    1.351851852    0.4709876543   0.1292709423   
416      I1         1.065787037    2.689506173    4.265432099    0.5241975309   0.9839506173   1.015138889    1.293209877    1.351851852    0.4459876543   0.129059535    
417      I1         1.087037037    2.668256173    4.265432099    0.5241975309   0.9839506173   1.015138889    1.293209877    1.351851852    0.4459876543   0.1264261736   
418      I1         1.087037037    2.689506173    4.240432099    0.5241975309   0.9839506173   1.015138889    1.293209877    1.351851852    0.4459876543   0.1264074413   
419      I1         1.087037037    2.689506173    4.265432099    0.5119475309   0.9839506173   1.015138889    1.293209877    1.351851852    0.4459876543   0.1296691139   
420      I1         1.087037037    2.689506173    4.265432099    0.5241975309   0.9717006173   1.015138889    1.293209877    1.351851852    0.4459876543   0.1289100269   
421      I1         1.087037037    2.689506173    4.265432099    0.5241975309   0.9839506173   0.8913888889   1.293209877    1.351851852    0.4459876543   0.1270735764   
422      I1         1.087037037    2.689506173    4.265432099    0.5241975309   0.9839506173   1.015138889    1.261959877    1.351851852    0.4459876543   0.1485636199   
423      I1         1.087037037    2.689506173    4.265432099    0.5241975309   0.9839506173   1.015138889    1.293209877    1.314351852    0.4459876543   0.126073783    
424      I1         1.108287037    2.689506173    4.265432099    0.5241975309   0.9839506173   1.015138889    1.293209877    1.314351852    0.4459876543   0.1269827995   
425      I1         1.087037037    2.689506173    4.290432099    0.5241975309   0.9839506173   1.015138889    1.293209877    1.314351852    0.4459876543   0.1260940217   
426      I1         1.087037037    2.689506173    4.265432099    0.5364475309   0.9839506173   1.015138889    1.293209877    1.314351852    0.4459876543   0.1284930621   
427      I1         1.087037037    2.689506173    4.265432099    0.5241975309   0.9839506173   1.138888889    1.293209877    1.314351852    0.4459876543   0.1287742321   
428      I1         1.087037037    2.689506173    4.265432099    0.5241975309   0.9839506173   1.015138889    1.324459877    1.314351852    0.4459876543   0.1472212775   
429      I1         1.087037037    2.689506173    4.265432099    0.5241975309   0.9839506173   1.015138889    1.293209877    1.314351852    0.4709876543   0.1285594882   
430      I1         1.065787037    2.689506173    4.265432099    0.5241975309   0.9839506173   1.015138889    1.293209877    1.314351852    0.4459876543   0.1282526204   
431      I1         1.087037037    2.668256173    4.265432099    0.5241975309   0.9839506173   1.015138889    1.293209877    1.314351852    0.4459876543   0.1261178315   
432      I1         1.087037037    2.689506173    4.240432099    0.5241975309   0.9839506173   1.015138889    1.293209877    1.314351852    0.4459876543   0.1260529132   
433      I1         1.087037037    2.689506173    4.265432099    0.5119475309   0.9839506173   1.015138889    1.293209877    1.314351852    0.4459876543   0.1287567448   
434      I1         1.087037037    2.689506173    4.265432099    0.5241975309   0.9717006173   1.015138889    1.293209877    1.314351852    0.4459876543   0.1282566506   
435      I1         1.087037037    2.689506173    4.265432099    0.5241975309   0.9839506173   0.8913888889   1.293209877    1.314351852    0.4459876543   0.1270736032   
436      I1         1.087037037    2.689506173    4.265432099    0.5241975309   0.9839506173   1.015138889    1.261959877    1.314351852    0.4459876543   0.1492614017   
437      I1         1.087037037    2.689506173    4.265432099    0.5241975309   0.9839506173   1.015138889    1.293209877    1.276851852    0.4459876543   0.126366252    
438      I1         1.097662037    2.689506173    4.265432099    0.5241975309   0.9839506173   1.015138889    1.293209877    1.314351852    0.4459876543   0.1260966536   
439      I1         1.087037037    2.689506173    4.277932099    0.5241975309   0.9839506173   1.015138889    1.293209877    1.314351852    0.4459876543   0.1260839823   
440      I1         1.087037037    2.689506173    4.265432099    0.5303225309   0.9839506173   1.015138889    1.293209877    1.314351852    0.4459876543   0.126703405    
441      I1         1.087037037    2.689506173    4.265432099    0.5241975309   0.9839506173   1.077013889    1.293209877    1.314351852    0.4459876543   0.1266286218   
442      I1         1.087037037    2.689506173    4.265432099    0.5241975309   0.9839506173   1.015138889    1.308834877    1.314351852    0.4459876543   0.1341652426   
443      I1         1.087037037    2.689506173    4.265432099    0.5241975309   0.9839506173   1.015138889    1.293209877    1.333101852    0.4459876543   0.126074051    
444      I1         1.087037037    2.689506173    4.265432099    0.5241975309   0.9839506173   1.015138889    1.293209877    1.314351852    0.4584876543   0.1269207712   
445      I1         1.076412037    2.689506173    4.265432099    0.5241975309   0.9839506173   1.015138889    1.293209877    1.314351852    0.4459876543   0.1268857755   
446      I1         1.087037037    2.678881173    4.265432099    0.5241975309   0.9839506173   1.015138889    1.293209877    1.314351852    0.4459876543   0.1260911967   
447      I1         1.087037037    2.689506173    4.252932099    0.5241975309   0.9839506173   1.015138889    1.293209877    1.314351852    0.4459876543   0.1260634259   
448      I1         1.087037037    2.689506173    4.265432099    0.5180725309   0.9839506173   1.015138889    1.293209877    1.314351852    0.4459876543   0.1268982773   
449      I1         1.087037037    2.689506173    4.265432099    0.5241975309   0.9778256173   1.015138889    1.293209877    1.314351852    0.4459876543   0.1270134348   
450      I1         1.087037037    2.689506173    4.265432099    0.5241975309   0.9839506173   0.9532638889   1.293209877    1.314351852    0.4459876543   0.1262950412   
451      I1         1.087037037    2.689506173    4.265432099    0.5241975309   0.9839506173   1.015138889    1.277584877    1.314351852    0.4459876543   0.1345083878   
452      I1         1.087037037    2.689506173    4.265432099    0.5241975309   0.9839506173   1.015138889    1.293209877    1.295601852    0.4459876543   0.126288198    
453      I1         1.087037037    2.689506173    4.265432099    0.5241975309   0.9839506173   1.015138889    1.293209877    1.314351852    0.4334876543   0.1263261072   
454      I1         1.092349537    2.689506173    4.265432099    0.5241975309   0.9839506173   1.015138889    1.293209877    1.314351852    0.4459876543   0.1259721286   
455      I1         1.087037037    2.694818673    4.265432099    0.5241975309   0.9839506173   1.015138889    1.293209877    1.314351852    0.4459876543   0.126068481    
456      I1         1.087037037    2.689506173    4.271682099    0.5241975309   0.9839506173   1.015138889    1.293209877    1.314351852    0.4459876543   0.1260789026   
457      I1         1.087037037    2.689506173    4.265432099    0.5272600309   0.9839506173   1.015138889    1.293209877    1.314351852    0.4459876543   0.1262090919   
458      I1         1.087037037    2.689506173    4.265432099    0.5241975309   0.9870131173   1.015138889    1.293209877    1.314351852    0.4459876543   0.1257673028   
459      I1         1.087037037    2.689506173    4.265432099    0.5241975309   0.9839506173   1.046076389    1.293209877    1.314351852    0.4459876543   0.1261453928   
460      I1         1.087037037    2.689506173    4.265432099    0.5241975309   0.9839506173   1.015138889    1.301022377    1.314351852    0.4459876543   0.1289230742   
461      I1         1.087037037    2.689506173    4.265432099    0.5241975309   0.9839506173   1.015138889    1.293209877    1.323726852    0.4459876543   0.126074051    
462      I1         1.087037037    2.689506173    4.265432099    0.5241975309   0.9839506173   1.015138889    1.293209877    1.314351852    0.4522376543   0.1263811391   
463      I1         1.081724537    2.689506173    4.265432099    0.5241975309   0.9839506173   1.015138889    1.293209877    1.314351852    0.4459876543   0.1263888532   
464      I1         1.087037037    2.684193673    4.265432099    0.5241975309   0.9839506173   1.015138889    1.293209877    1.314351852    0.4459876543   0.1260813502   
465      I1         1.087037037    2.689506173    4.259182099    0.5241975309   0.9839506173   1.015138889    1.293209877    1.314351852    0.4459876543   0.1260686241   
466      I1         1.087037037    2.689506173    4.265432099    0.5211350309   0.9839506173   1.015138889    1.293209877    1.314351852    0.4459876543   0.1263181796   
467      I1         1.087037037    2.689506173    4.265432099    0.5241975309   0.9808881173   1.015138889    1.293209877    1.314351852    0.4459876543   0.1264964688   
468      I1         1.087037037    2.689506173    4.265432099    0.5241975309   0.9839506173   0.9842013889   1.293209877    1.314351852    0.4459876543   0.1261217307   
469      I1         1.087037037    2.689506173    4.265432099    0.5241975309   0.9839506173   1.015138889    1.285397377    1.314351852    0.4459876543   0.128683248    
470      I1         1.087037037    2.689506173    4.265432099    0.5241975309   0.9839506173   1.015138889    1.293209877    1.304976852    0.4459876543   0.1262497075   
471      I1         1.087037037    2.689506173    4.265432099    0.5241975309   0.9839506173   1.015138889    1.293209877    1.314351852    0.4397376543   0.1260415458   
472      I1         1.092349537    2.689506173    4.265432099    0.5241975309   0.9870131173   1.015138889    1.293209877    1.314351852    0.4459876543   0.125835032    
473      I1         1.087037037    2.694818673    4.265432099    0.5241975309   0.9870131173   1.015138889    1.293209877    1.314351852    0.4459876543   0.1257485547   
474      I1         1.087037037    2.689506173    4.271682099    0.5241975309   0.9870131173   1.015138889    1.293209877    1.314351852    0.4459876543   0.1257700837   
475      I1         1.087037037    2.689506173    4.265432099    0.5272600309   0.9870131173   1.015138889    1.293209877    1.314351852    0.4459876543   0.1261249261   
476      I1         1.087037037    2.689506173    4.265432099    0.5241975309   0.9870131173   1.046076389    1.293209877    1.314351852    0.4459876543   0.1257497503   
477      I1         1.087037037    2.689506173    4.265432099    0.5241975309   0.9870131173   1.015138889    1.301022377    1.314351852    0.4459876543   0.128119338    
478      I1         1.087037037    2.689506173    4.265432099    0.5241975309   0.9870131173   1.015138889    1.293209877    1.323726852    0.4459876543   0.1257674613   
479      I1         1.087037037    2.689506173    4.265432099    0.5241975309   0.9870131173   1.015138889    1.293209877    1.314351852    0.4522376543   0.1259338575   
480      I1         1.081724537    2.689506173    4.265432099    0.5241975309   0.9870131173   1.015138889    1.293209877    1.314351852    0.4459876543   0.1259336634   
481      I1         1.087037037    2.684193673    4.265432099    0.5241975309   0.9870131173   1.015138889    1.293209877    1.314351852    0.4459876543   0.1257884801   
482      I1         1.087037037    2.689506173    4.259182099    0.5241975309   0.9870131173   1.015138889    1.293209877    1.314351852    0.4459876543   0.1257645053   
483      I1         1.087037037    2.689506173    4.265432099    0.5211350309   0.9870131173   1.015138889    1.293209877    1.314351852    0.4459876543   0.1258047447   
484      I1         1.087037037    2.689506173    4.265432099    0.5241975309   0.9870131173   0.9842013889   1.293209877    1.314351852    0.4459876543   0.1259076451   
485      I1         1.087037037    2.689506173    4.265432099    0.5241975309   0.9870131173   1.015138889    1.285397377    1.314351852    0.4459876543   0.1291357182   
486      I1         1.087037037    2.689506173    4.265432099    0.5241975309   0.9870131173   1.015138889    1.293209877    1.304976852    0.4459876543   0.1259618407   
487      I1         1.087037037    2.689506173    4.265432099    0.5241975309   0.9870131173   1.015138889    1.293209877    1.314351852    0.4397376543   0.1259089428   
488      I1         1.092349537    2.694818673    4.265432099    0.5241975309   0.9870131173   1.015138889    1.293209877    1.314351852    0.4459876543   0.1257988872   
489      I1         1.087037037    2.694818673    4.271682099    0.5241975309   0.9870131173   1.015138889    1.293209877    1.314351852    0.4459876543   0.125751479    
490      I1         1.087037037    2.694818673    4.265432099    0.5272600309   0.9870131173   1.015138889    1.293209877    1.314351852    0.4459876543   0.1260846788   
491      I1         1.087037037    2.694818673    4.265432099    0.5241975309   0.9870131173   1.046076389    1.293209877    1.314351852    0.4459876543   0.1257408617   
492      I1         1.087037037    2.694818673    4.265432099    0.5241975309   0.9870131173   1.015138889    1.301022377    1.314351852    0.4459876543   0.1281723699   
493      I1         1.087037037    2.694818673    4.265432099    0.5241975309   0.9870131173   1.015138889    1.293209877    1.323726852    0.4459876543   0.1257487318   
494      I1         1.087037037    2.694818673    4.265432099    0.5241975309   0.9870131173   1.015138889    1.293209877    1.314351852    0.4522376543   0.1259314484   
495      I1         1.081724537    2.694818673    4.265432099    0.5241975309   0.9870131173   1.015138889    1.293209877    1.314351852    0.4459876543   0.1259327476   
496      I1         1.087037037    2.694818673    4.259182099    0.5241975309   0.9870131173   1.015138889    1.293209877    1.314351852    0.4459876543   0.1257456121   
497      I1         1.087037037    2.694818673    4.265432099    0.5211350309   0.9870131173   1.015138889    1.293209877    1.314351852    0.4459876543   0.1258100253   
498      I1         1.087037037    2.694818673    4.265432099    0.5241975309   0.9870131173   0.9842013889   1.293209877    1.314351852    0.4459876543   0.1258793966   
499      I1         1.087037037    2.694818673    4.265432099    0.5241975309   0.9870131173   1.015138889    1.285397377    1.314351852    0.4459876543   0.12905756     
500      I1         1.087037037    2.694818673    4.265432099    0.5241975309   0.9870131173   1.015138889    1.293209877    1.304976852    0.4459876543   0.1259402677   
501      I1         1.087037037    2.694818673    4.265432099    0.5241975309   0.9870131173   1.015138889    1.293209877    1.314351852    0.4397376543   0.1258722077   
502      I1         1.089693287    2.694818673    4.265432099    0.5241975309   0.9870131173   1.015138889    1.293209877    1.314351852    0.4459876543   0.1257441035   
503      I1         1.087037037    2.697474923    4.265432099    0.5241975309   0.9870131173   1.015138889    1.293209877    1.314351852    0.4459876543   0.1257400871   
504      I1         1.087037037    2.694818673    4.268557099    0.5241975309   0.9870131173   1.015138889    1.293209877    1.314351852    0.4459876543   0.1257500192   
505      I1         1.087037037    2.694818673    4.265432099    0.5257287809   0.9870131173   1.015138889    1.293209877    1.314351852    0.4459876543   0.1258692561   
506      I1         1.087037037    2.694818673    4.265432099    0.5241975309   0.9885443673   1.015138889    1.293209877    1.314351852    0.4459876543   0.1256384716   
507      I1         1.087037037    2.694818673    4.265432099    0.5241975309   0.9870131173   1.030607639    1.293209877    1.314351852    0.4459876543   0.1257297981   
508      I1         1.087037037    2.694818673    4.265432099    0.5241975309   0.9870131173   1.015138889    1.297116127    1.314351852    0.4459876543   0.1263549427   
509      I1         1.087037037    2.694818673    4.265432099    0.5241975309   0.9870131173   1.015138889    1.293209877    1.319039352    0.4459876543   0.1257485547   
510      I1         1.087037037    2.694818673    4.265432099    0.5241975309   0.9870131173   1.015138889    1.293209877    1.314351852    0.4491126543   0.1258042664   
511      I1         1.084380787    2.694818673    4.265432099    0.5241975309   0.9870131173   1.015138889    1.293209877    1.314351852    0.4459876543   0.1258120796   
512      I1         1.087037037    2.692162423    4.265432099    0.5241975309   0.9870131173   1.015138889    1.293209877    1.314351852    0.4459876543   0.1257576273   
513      I1         1.087037037    2.694818673    4.262307099    0.5241975309   0.9870131173   1.015138889    1.293209877    1.314351852    0.4459876543   0.1257470857   
514      I1         1.087037037    2.694818673    4.265432099    0.5226662809   0.9870131173   1.015138889    1.293209877    1.314351852    0.4459876543   0.125728542    
515      I1         1.087037037    2.694818673    4.265432099    0.5241975309   0.9854818673   1.015138889    1.293209877    1.314351852    0.4459876543   0.12589278     
516      I1         1.087037037    2.694818673    4.265432099    0.5241975309   0.9870131173   0.9996701389   1.293209877    1.314351852    0.4459876543   0.1257975195   
517      I1         1.087037037    2.694818673    4.265432099    0.5241975309   0.9870131173   1.015138889    1.289303627    1.314351852    0.4459876543   0.1268066101   
518      I1         1.087037037    2.694818673    4.265432099    0.5241975309   0.9870131173   1.015138889    1.293209877    1.309664352    0.4459876543   0.1258129608   
519      I1         1.087037037    2.694818673    4.265432099    0.5241975309   0.9870131173   1.015138889    1.293209877    1.314351852    0.4428626543   0.125769585    
520      I1         1.089693287    2.694818673    4.265432099    0.5241975309   0.9885443673   1.015138889    1.293209877    1.314351852    0.4459876543   0.1256787006   
521      I1         1.087037037    2.697474923    4.265432099    0.5241975309   0.9885443673   1.015138889    1.293209877    1.314351852    0.4459876543   0.125626437    
522      I1         1.087037037    2.694818673    4.268557099    0.5241975309   0.9885443673   1.015138889    1.293209877    1.314351852    0.4459876543   0.1256394285   
523      I1         1.087037037    2.694818673    4.265432099    0.5257287809   0.9885443673   1.015138889    1.293209877    1.314351852    0.4459876543   0.1258175256   
524      I1         1.087037037    2.694818673    4.265432099    0.5241975309   0.9885443673   1.030607639    1.293209877    1.314351852    0.4459876543   0.1255962951   
525      I1         1.087037037    2.694818673    4.265432099    0.5241975309   0.9885443673   1.015138889    1.297116127    1.314351852    0.4459876543   0.1260447815   
526      I1         1.087037037    2.694818673    4.265432099    0.5241975309   0.9885443673   1.015138889    1.293209877    1.319039352    0.4459876543   0.1256384716   
527      I1         1.087037037    2.694818673    4.265432099    0.5241975309   0.9885443673   1.015138889    1.293209877    1.314351852    0.4491126543   0.1256520702   
528      I1         1.084380787    2.694818673    4.265432099    0.5241975309   0.9885443673   1.015138889    1.293209877    1.314351852    0.4459876543   0.1256589588   
529      I1         1.087037037    2.692162423    4.265432099    0.5241975309   0.9885443673   1.015138889    1.293209877    1.314351852    0.4459876543   0.1256511196   
530      I1         1.087037037    2.694818673    4.262307099    0.5241975309   0.9885443673   1.015138889    1.293209877    1.314351852    0.4459876543   0.1256375123   
531      I1         1.087037037    2.694818673    4.265432099    0.5226662809   0.9885443673   1.015138889    1.293209877    1.314351852    0.4459876543   0.125559796    
532      I1         1.087037037    2.694818673    4.265432099    0.5241975309   0.9885443673   0.9996701389   1.293209877    1.314351852    0.4459876543   0.125711245    
533      I1         1.087037037    2.694818673    4.265432099    0.5241975309   0.9885443673   1.015138889    1.289303627    1.314351852    0.4459876543   0.1269228293   
534      I1         1.087037037    2.694818673    4.265432099    0.5241975309   0.9885443673   1.015138889    1.293209877    1.309664352    0.4459876543   0.1257032564   
535      I1         1.087037037    2.694818673    4.265432099    0.5241975309   0.9885443673   1.015138889    1.293209877    1.314351852    0.4428626543   0.1257052854   
536      I1         1.089693287    2.694818673    4.265432099    0.5226662809   0.9885443673   1.015138889    1.293209877    1.314351852    0.4459876543   0.1255233739   
537      I1         1.087037037    2.697474923    4.265432099    0.5226662809   0.9885443673   1.015138889    1.293209877    1.314351852    0.4459876543   0.1255538165   
538      I1         1.087037037    2.694818673    4.268557099    0.5226662809   0.9885443673   1.015138889    1.293209877    1.314351852    0.4459876543   0.1255613201   
539      I1         1.087037037    2.694818673    4.265432099    0.5226662809   0.9885443673   1.030607639    1.293209877    1.314351852    0.4459876543   0.1255591777   
540      I1         1.087037037    2.694818673    4.265432099    0.5226662809   0.9885443673   1.015138889    1.297116127    1.314351852    0.4459876543   0.1263571708   
541      I1         1.087037037    2.694818673    4.265432099    0.5226662809   0.9885443673   1.015138889    1.293209877    1.319039352    0.4459876543   0.125559796    
542      I1         1.087037037    2.694818673    4.265432099    0.5226662809   0.9885443673   1.015138889    1.293209877    1.314351852    0.4491126543   0.1256475737   
543      I1         1.084380787    2.694818673    4.265432099    0.5226662809   0.9885443673   1.015138889    1.293209877    1.314351852    0.4459876543   0.1256577189   
544      I1         1.087037037    2.692162423    4.265432099    0.5226662809   0.9885443673   1.015138889    1.293209877    1.314351852    0.4459876543   0.1255663939   
545      I1         1.087037037    2.694818673    4.262307099    0.5226662809   0.9885443673   1.015138889    1.293209877    1.314351852    0.4459876543   0.1255582662   
546      I1         1.087037037    2.694818673    4.265432099    0.5211350309   0.9885443673   1.015138889    1.293209877    1.314351852    0.4459876543   0.1255857651   
547      I1         1.087037037    2.694818673    4.265432099    0.5226662809   0.9885443673   0.9996701389   1.293209877    1.314351852    0.4459876543   0.1255910588   
548      I1         1.087037037    2.694818673    4.265432099    0.5226662809   0.9885443673   1.015138889    1.289303627    1.314351852    0.4459876543   0.1264863902   
549      I1         1.087037037    2.694818673    4.265432099    0.5226662809   0.9885443673   1.015138889    1.293209877    1.309664352    0.4459876543   0.1256238768   
550      I1         1.087037037    2.694818673    4.265432099    0.5226662809   0.9885443673   1.015138889    1.293209877    1.314351852    0.4428626543   0.1255485538   
551      I1         1.092349537    2.694818673    4.265432099    0.5226662809   0.9885443673   1.015138889    1.293209877    1.314351852    0.4459876543   0.1255496671   
552      I1         1.089693287    2.697474923    4.265432099    0.5226662809   0.9885443673   1.015138889    1.293209877    1.314351852    0.4459876543   0.1255126623   
553      I1         1.089693287    2.694818673    4.268557099    0.5226662809   0.9885443673   1.015138889    1.293209877    1.314351852    0.4459876543   0.1255244704   
554      I1         1.089693287    2.694818673    4.265432099    0.5226662809   0.9885443673   1.030607639    1.293209877    1.314351852    0.4459876543   0.1254905087   
555      I1         1.089693287    2.694818673    4.265432099    0.5226662809   0.9885443673   1.015138889    1.297116127    1.314351852    0.4459876543   0.126033153    
556      I1         1.089693287    2.694818673    4.265432099    0.5226662809   0.9885443673   1.015138889    1.293209877    1.319039352    0.4459876543   0.1255233739   
557      I1         1.089693287    2.694818673    4.265432099    0.5226662809   0.9885443673   1.015138889    1.293209877    1.314351852    0.4491126543   0.1255513402   
558      I1         1.089693287    2.692162423    4.265432099    0.5226662809   0.9885443673   1.015138889    1.293209877    1.314351852    0.4459876543   0.1255347094   
559      I1         1.089693287    2.694818673    4.262307099    0.5226662809   0.9885443673   1.015138889    1.293209877    1.314351852    0.4459876543   0.1255222744   
560      I1         1.089693287    2.694818673    4.265432099    0.5211350309   0.9885443673   1.015138889    1.293209877    1.314351852    0.4459876543   0.1254704596   
561      I1         1.089693287    2.694818673    4.265432099    0.5226662809   0.9870131173   1.015138889    1.293209877    1.314351852    0.4459876543   0.1256483823   
562      I1         1.089693287    2.694818673    4.265432099    0.5226662809   0.9885443673   0.9996701389   1.293209877    1.314351852    0.4459876543   0.1255865345   
563      I1         1.089693287    2.694818673    4.265432099    0.5226662809   0.9885443673   1.015138889    1.289303627    1.314351852    0.4459876543   0.1267443095   
564      I1         1.089693287    2.694818673    4.265432099    0.5226662809   0.9885443673   1.015138889    1.293209877    1.309664352    0.4459876543   0.1255876866   
565      I1         1.089693287    2.694818673    4.265432099    0.5226662809   0.9885443673   1.015138889    1.293209877    1.314351852    0.4428626543   0.125576306    
566      I1         1.092349537    2.694818673    4.265432099    0.5211350309   0.9885443673   1.015138889    1.293209877    1.314351852    0.4459876543   0.1254177966   
567      I1         1.089693287    2.697474923    4.265432099    0.5211350309   0.9885443673   1.015138889    1.293209877    1.314351852    0.4459876543   0.125465943    
568      I1         1.089693287    2.694818673    4.268557099    0.5211350309   0.9885443673   1.015138889    1.293209877    1.314351852    0.4459876543   0.1254721295   
569      I1         1.089693287    2.694818673    4.265432099    0.5211350309   0.9885443673   1.030607639    1.293209877    1.314351852    0.4459876543   0.1254801754   
570      I1         1.089693287    2.694818673    4.265432099    0.5211350309   0.9885443673   1.015138889    1.297116127    1.314351852    0.4459876543   0.1263668426   
571      I1         1.089693287    2.694818673    4.265432099    0.5211350309   0.9885443673   1.015138889    1.293209877    1.319039352    0.4459876543   0.1254704596   
572      I1         1.089693287    2.694818673    4.265432099    0.5211350309   0.9885443673   1.015138889    1.293209877    1.314351852    0.4491126543   0.1255726195   
573      I1         1.089693287    2.692162423    4.265432099    0.5211350309   0.9885443673   1.015138889    1.293209877    1.314351852    0.4459876543   0.1254756001   
574      I1         1.089693287    2.694818673    4.262307099    0.5211350309   0.9885443673   1.015138889    1.293209877    1.314351852    0.4459876543   0.125468783    
575      I1         1.089693287    2.694818673    4.265432099    0.5196037809   0.9885443673   1.015138889    1.293209877    1.314351852    0.4459876543   0.1255228777   
576      I1         1.089693287    2.694818673    4.265432099    0.5211350309   0.9870131173   1.015138889    1.293209877    1.314351852    0.4459876543   0.1256545233   
577      I1         1.089693287    2.694818673    4.265432099    0.5211350309   0.9885443673   0.9996701389   1.293209877    1.314351852    0.4459876543   0.125490987    
578      I1         1.089693287    2.694818673    4.265432099    0.5211350309   0.9885443673   1.015138889    1.289303627    1.314351852    0.4459876543   0.1263206698   
579      I1         1.089693287    2.694818673    4.265432099    0.5211350309   0.9885443673   1.015138889    1.293209877    1.309664352    0.4459876543   0.1255340049   
580      I1         1.089693287    2.694818673    4.265432099    0.5211350309   0.9885443673   1.015138889    1.293209877    1.314351852    0.4428626543   0.1254443841   
581      I1         1.097662037    2.694818673    4.265432099    0.5211350309   0.9885443673   1.015138889    1.293209877    1.314351852    0.4459876543   0.1255077627   
582      I1         1.092349537    2.694818673    4.271682099    0.5211350309   0.9885443673   1.015138889    1.293209877    1.314351852    0.4459876543   0.1254202624   
583      I1         1.092349537    2.694818673    4.265432099    0.5241975309   0.9885443673   1.015138889    1.293209877    1.314351852    0.4459876543   0.1257783898   
584      I1         1.092349537    2.694818673    4.265432099    0.5211350309   0.9885443673   1.046076389    1.293209877    1.314351852    0.4459876543   0.1254019798   
585      I1         1.092349537    2.694818673    4.265432099    0.5211350309   0.9885443673   1.015138889    1.301022377    1.314351852    0.4459876543   0.1279038225   
586      I1         1.092349537    2.694818673    4.265432099    0.5211350309   0.9885443673   1.015138889    1.293209877    1.323726852    0.4459876543   0.1254179583   
587      I1         1.092349537    2.694818673    4.265432099    0.5211350309   0.9885443673   1.015138889    1.293209877    1.314351852    0.4522376543   0.1255768775   
588      I1         1.092349537    2.689506173    4.265432099    0.5211350309   0.9885443673   1.015138889    1.293209877    1.314351852    0.4459876543   0.125438479    
589      I1         1.092349537    2.694818673    4.259182099    0.5211350309   0.9885443673   1.015138889    1.293209877    1.314351852    0.4459876543   0.1254153156   
590      I1         1.092349537    2.694818673    4.265432099    0.5180725309   0.9885443673   1.015138889    1.293209877    1.314351852    0.4459876543   0.1254681212   
591      I1         1.092349537    2.694818673    4.265432099    0.5211350309   0.9854818673   1.015138889    1.293209877    1.314351852    0.4459876543   0.1257317921   
592      I1         1.092349537    2.694818673    4.265432099    0.5211350309   0.9885443673   0.9842013889   1.293209877    1.314351852    0.4459876543   0.1255595443   
593      I1         1.092349537    2.694818673    4.265432099    0.5211350309   0.9885443673   1.015138889    1.285397377    1.314351852    0.4459876543   0.1289367704   
594      I1         1.092349537    2.694818673    4.265432099    0.5211350309   0.9885443673   1.015138889    1.293209877    1.304976852    0.4459876543   0.1256104546   
595      I1         1.092349537    2.694818673    4.265432099    0.5211350309   0.9885443673   1.015138889    1.293209877    1.314351852    0.4397376543   0.1255830526   
596      I1         1.097662037    2.694818673    4.265432099    0.5211350309   0.9885443673   1.046076389    1.293209877    1.314351852    0.4459876543   0.1253626199   
597      I1         1.092349537    2.694818673    4.271682099    0.5211350309   0.9885443673   1.046076389    1.293209877    1.314351852    0.4459876543   0.1254053999   
598      I1         1.092349537    2.694818673    4.265432099    0.5241975309   0.9885443673   1.046076389    1.293209877    1.314351852    0.4459876543   0.1256013642   
599      I1         1.092349537    2.694818673    4.265432099    0.5211350309   0.9885443673   1.077013889    1.293209877    1.314351852    0.4459876543   0.1257902937   
600      I1         1.092349537    2.694818673    4.265432099    0.5211350309   0.9885443673   1.046076389    1.301022377    1.314351852    0.4459876543   0.1283830184   
601      I1         1.092349537    2.694818673    4.265432099    0.5211350309   0.9885443673   1.046076389    1.293209877    1.323726852    0.4459876543   0.1254022135   
602      I1         1.092349537    2.694818673    4.265432099    0.5211350309   0.9885443673   1.046076389    1.293209877    1.314351852    0.4522376543   0.1256590453   
603      I1         1.087037037    2.694818673    4.265432099    0.5211350309   0.9885443673   1.046076389    1.293209877    1.314351852    0.4459876543   0.1257022219   
604      I1         1.092349537    2.689506173    4.265432099    0.5211350309   0.9885443673   1.046076389    1.293209877    1.314351852    0.4459876543   0.1254121205   
605      I1         1.092349537    2.694818673    4.259182099    0.5211350309   0.9885443673   1.046076389    1.293209877    1.314351852    0.4459876543   0.1253985322   
606      I1         1.092349537    2.694818673    4.265432099    0.5180725309   0.9885443673   1.046076389    1.293209877    1.314351852    0.4459876543   0.1256279756   
607      I1         1.092349537    2.694818673    4.265432099    0.5211350309   0.9854818673   1.046076389    1.293209877    1.314351852    0.4459876543   0.1258118211   
608      I1         1.092349537    2.694818673    4.265432099    0.5211350309   0.9885443673   1.046076389    1.285397377    1.314351852    0.4459876543   0.1284992102   
609      I1         1.092349537    2.694818673    4.265432099    0.5211350309   0.9885443673   1.046076389    1.293209877    1.304976852    0.4459876543   0.1255798502   
610      I1         1.092349537    2.694818673    4.265432099    0.5211350309   0.9885443673   1.046076389    1.293209877    1.314351852    0.4397376543   0.12545867     
611      I1         1.102974537    2.694818673    4.265432099    0.5211350309   0.9885443673   1.046076389    1.293209877    1.314351852    0.4459876543   0.1255921026   
612      I1         1.097662037    2.694818673    4.271682099    0.5211350309   0.9885443673   1.046076389    1.293209877    1.314351852    0.4459876543   0.1253641927   
613      I1         1.097662037    2.694818673    4.265432099    0.5241975309   0.9885443673   1.046076389    1.293209877    1.314351852    0.4459876543   0.1258679799   
614      I1         1.097662037    2.694818673    4.265432099    0.5211350309   0.9885443673   1.077013889    1.293209877    1.314351852    0.4459876543   0.1255750753   
615      I1         1.097662037    2.694818673    4.265432099    0.5211350309   0.9885443673   1.046076389    1.301022377    1.314351852    0.4459876543   0.1274383697   
616      I1         1.097662037    2.694818673    4.265432099    0.5211350309   0.9885443673   1.046076389    1.293209877    1.323726852    0.4459876543   0.125362714    
617      I1         1.097662037    2.694818673    4.265432099    0.5211350309   0.9885443673   1.046076389    1.293209877    1.314351852    0.4522376543   0.125374696    
618      I1         1.097662037    2.689506173    4.265432099    0.5211350309   0.9885443673   1.046076389    1.293209877    1.314351852    0.4459876543   0.1253927831   
619      I1         1.097662037    2.694818673    4.259182099    0.5211350309   0.9885443673   1.046076389    1.293209877    1.314351852    0.4459876543   0.1253610439   
620      I1         1.097662037    2.694818673    4.265432099    0.5180725309   0.9885443673   1.046076389    1.293209877    1.314351852    0.4459876543   0.1252612908   
621      I1         1.097662037    2.694818673    4.265432099    0.5211350309   0.9854818673   1.046076389    1.293209877    1.314351852    0.4459876543   0.1255905915   
622      I1         1.097662037    2.694818673    4.265432099    0.5211350309   0.9885443673   1.046076389    1.285397377    1.314351852    0.4459876543   0.1293943414   
623      I1         1.097662037    2.694818673    4.265432099    0.5211350309   0.9885443673   1.046076389    1.293209877    1.304976852    0.4459876543   0.1255669263   
624      I1         1.097662037    2.694818673    4.265432099    0.5211350309   0.9885443673   1.046076389    1.293209877    1.314351852    0.4397376543   0.1257002042   
625      I1         1.102974537    2.694818673    4.265432099    0.5180725309   0.9885443673   1.046076389    1.293209877    1.314351852    0.4459876543   0.1251639376   
626      I1         1.097662037    2.694818673    4.271682099    0.5180725309   0.9885443673   1.046076389    1.293209877    1.314351852    0.4459876543   0.1252652854   
627      I1         1.097662037    2.694818673    4.265432099    0.5180725309   0.9885443673   1.077013889    1.293209877    1.314351852    0.4459876543   0.1257013076   
628      I1         1.097662037    2.694818673    4.265432099    0.5180725309   0.9885443673   1.046076389    1.301022377    1.314351852    0.4459876543   0.1285343099   
629      I1         1.097662037    2.694818673    4.265432099    0.5180725309   0.9885443673   1.046076389    1.293209877    1.323726852    0.4459876543   0.1252615685   
630      I1         1.097662037    2.694818673    4.265432099    0.5180725309   0.9885443673   1.046076389    1.293209877    1.314351852    0.4522376543   0.1255701369   
631      I1         1.097662037    2.689506173    4.265432099    0.5180725309   0.9885443673   1.046076389    1.293209877    1.314351852    0.4459876543   0.1252655865   
632      I1         1.097662037    2.694818673    4.259182099    0.5180725309   0.9885443673   1.046076389    1.293209877    1.314351852    0.4459876543   0.1252572619   
633      I1         1.097662037    2.694818673    4.265432099    0.5150100309   0.9885443673   1.046076389    1.293209877    1.314351852    0.4459876543   0.1255860074   
634      I1         1.097662037    2.694818673    4.265432099    0.5180725309   0.9854818673   1.046076389    1.293209877    1.314351852    0.4459876543   0.1257300919   
635      I1         1.097662037    2.694818673    4.265432099    0.5180725309   0.9885443673   1.015138889    1.293209877    1.314351852    0.4459876543   0.1252352493   
636      I1         1.097662037    2.694818673    4.265432099    0.5180725309   0.9885443673   1.046076389    1.285397377    1.314351852    0.4459876543   0.1281792184   
637      I1         1.097662037    2.694818673    4.265432099    0.5180725309   0.9885443673   1.046076389    1.293209877    1.304976852    0.4459876543   0.1254285949   
638      I1         1.097662037    2.694818673    4.265432099    0.5180725309   0.9885443673   1.046076389    1.293209877    1.314351852    0.4397376543   0.1252603904   
639      I1         1.108287037    2.694818673    4.265432099    0.5180725309   0.9885443673   1.046076389    1.293209877    1.314351852    0.4459876543   0.1253639215   
640      I1         1.102974537    2.694818673    4.271682099    0.5180725309   0.9885443673   1.046076389    1.293209877    1.314351852    0.4459876543   0.1251660244   
641      I1         1.102974537    2.694818673    4.265432099    0.5180725309   0.9885443673   1.077013889    1.293209877    1.314351852    0.4459876543   0.1254229801   
642      I1         1.102974537    2.694818673    4.265432099    0.5180725309   0.9885443673   1.046076389    1.301022377    1.314351852    0.4459876543   0.127567101    
643      I1         1.102974537    2.694818673    4.265432099    0.5180725309   0.9885443673   1.046076389    1.293209877    1.323726852    0.4459876543   0.1251640703   
644      I1         1.102974537    2.694818673    4.265432099    0.5180725309   0.9885443673   1.046076389    1.293209877    1.314351852    0.4522376543   0.1252273662   
645      I1         1.102974537    2.689506173    4.265432099    0.5180725309   0.9885443673   1.046076389    1.293209877    1.314351852    0.4459876543   0.1251894738   
646      I1         1.102974537    2.694818673    4.259182099    0.5180725309   0.9885443673   1.046076389    1.293209877    1.314351852    0.4459876543   0.1251618421   
647      I1         1.102974537    2.694818673    4.265432099    0.5150100309   0.9885443673   1.046076389    1.293209877    1.314351852    0.4459876543   0.1251579171   
648      I1         1.102974537    2.694818673    4.265432099    0.5180725309   0.9854818673   1.046076389    1.293209877    1.314351852    0.4459876543   0.1254486005   
649      I1         1.102974537    2.694818673    4.265432099    0.5180725309   0.9885443673   1.015138889    1.293209877    1.314351852    0.4459876543   0.1252782264   
650      I1         1.102974537    2.694818673    4.265432099    0.5180725309   0.9885443673   1.046076389    1.285397377    1.314351852    0.4459876543   0.1290938715   
651      I1         1.102974537    2.694818673    4.265432099    0.5180725309   0.9885443673   1.046076389    1.293209877    1.304976852    0.4459876543   0.1253611969   
652      I1         1.102974537    2.694818673    4.265432099    0.5180725309   0.9885443673   1.046076389    1.293209877    1.314351852    0.4397376543   0.1254580954   
653      I1         1.105630787    2.694818673    4.265432099    0.5180725309   0.9885443673   1.046076389    1.293209877    1.314351852    0.4459876543   0.1252283204   
654      I1         1.102974537    2.697474923    4.265432099    0.5180725309   0.9885443673   1.046076389    1.293209877    1.314351852    0.4459876543   0.1251521591   
655      I1         1.102974537    2.694818673    4.268557099    0.5180725309   0.9885443673   1.046076389    1.293209877    1.314351852    0.4459876543   0.1251649821   
656      I1         1.102974537    2.694818673    4.265432099    0.5196037809   0.9885443673   1.046076389    1.293209877    1.314351852    0.4459876543   0.1253296175   
657      I1         1.102974537    2.694818673    4.265432099    0.5180725309   0.9885443673   1.061545139    1.293209877    1.314351852    0.4459876543   0.1252390337   
658      I1         1.102974537    2.694818673    4.265432099    0.5180725309   0.9885443673   1.046076389    1.297116127    1.314351852    0.4459876543   0.1256854632   
659      I1         1.102974537    2.694818673    4.265432099    0.5180725309   0.9885443673   1.046076389    1.293209877    1.319039352    0.4459876543   0.1251639376   
660      I1         1.102974537    2.694818673    4.265432099    0.5180725309   0.9885443673   1.046076389    1.293209877    1.314351852    0.4491126543   0.1251542154   
661      I1         1.100318287    2.694818673    4.265432099    0.5180725309   0.9885443673   1.046076389    1.293209877    1.314351852    0.4459876543   0.1251766173   
662      I1         1.102974537    2.692162423    4.265432099    0.5180725309   0.9885443673   1.046076389    1.293209877    1.314351852    0.4459876543   0.125176377    
663      I1         1.102974537    2.694818673    4.262307099    0.5180725309   0.9885443673   1.046076389    1.293209877    1.314351852    0.4459876543   0.1251628909   
664      I1         1.102974537    2.694818673    4.265432099    0.5165412809   0.9885443673   1.046076389    1.293209877    1.314351852    0.4459876543   0.1251054095   
665      I1         1.102974537    2.694818673    4.265432099    0.5180725309   0.9870131173   1.046076389    1.293209877    1.314351852    0.4459876543   0.1252863622   
666      I1         1.102974537    2.694818673    4.265432099    0.5180725309   0.9885443673   1.030607639    1.293209877    1.314351852    0.4459876543   0.1252082786   
667      I1         1.102974537    2.694818673    4.265432099    0.5180725309   0.9885443673   1.046076389    1.289303627    1.314351852    0.4459876543   0.1265487342   
668      I1         1.102974537    2.694818673    4.265432099    0.5180725309   0.9885443673   1.046076389    1.293209877    1.309664352    0.4459876543   0.1252264448   
669      I1         1.102974537    2.694818673    4.265432099    0.5180725309   0.9885443673   1.046076389    1.293209877    1.314351852    0.4428626543   0.1252635748   
670      I1         1.105630787    2.694818673    4.265432099    0.5165412809   0.9885443673   1.046076389    1.293209877    1.314351852    0.4459876543   0.1250832423   
671      I1         1.102974537    2.697474923    4.265432099    0.5165412809   0.9885443673   1.046076389    1.293209877    1.314351852    0.4459876543   0.1251002966   
672      I1         1.102974537    2.694818673    4.268557099    0.5165412809   0.9885443673   1.046076389    1.293209877    1.314351852    0.4459876543   0.1251070898   
673      I1         1.102974537    2.694818673    4.265432099    0.5165412809   0.9885443673   1.061545139    1.293209877    1.314351852    0.4459876543   0.1252378745   
674      I1         1.102974537    2.694818673    4.265432099    0.5165412809   0.9885443673   1.046076389    1.297116127    1.314351852    0.4459876543   0.1260358382   
675      I1         1.102974537    2.694818673    4.265432099    0.5165412809   0.9885443673   1.046076389    1.293209877    1.319039352    0.4459876543   0.1251054095   
676      I1         1.102974537    2.694818673    4.265432099    0.5165412809   0.9885443673   1.046076389    1.293209877    1.314351852    0.4491126543   0.1251764493   
677      I1         1.100318287    2.694818673    4.265432099    0.5165412809   0.9885443673   1.046076389    1.293209877    1.314351852    0.4459876543   0.1252049455   
678      I1         1.102974537    2.692162423    4.265432099    0.5165412809   0.9885443673   1.046076389    1.293209877    1.314351852    0.4459876543   0.125111182    
679      I1         1.102974537    2.694818673    4.262307099    0.5165412809   0.9885443673   1.046076389    1.293209877    1.314351852    0.4459876543   0.1251037229   
680      I1         1.102974537    2.694818673    4.265432099    0.5165412809   0.9870131173   1.046076389    1.293209877    1.314351852    0.4459876543   0.1252930467   
681      I1         1.102974537    2.694818673    4.265432099    0.5165412809   0.9885443673   1.030607639    1.293209877    1.314351852    0.4459876543   0.1251042846   
682      I1         1.102974537    2.694818673    4.265432099    0.5165412809   0.9885443673   1.046076389    1.289303627    1.314351852    0.4459876543   0.1261054511   
683      I1         1.102974537    2.694818673    4.265432099    0.5165412809   0.9885443673   1.046076389    1.293209877    1.309664352    0.4459876543   0.1251675163   
684      I1         1.102974537    2.694818673    4.265432099    0.5165412809   0.9885443673   1.046076389    1.293209877    1.314351852    0.4428626543   0.1251185462   
685      I1         1.108287037    2.694818673    4.265432099    0.5165412809   0.9885443673   1.046076389    1.293209877    1.314351852    0.4459876543   0.1251365062   
686      I1         1.105630787    2.697474923    4.265432099    0.5165412809   0.9885443673   1.046076389    1.293209877    1.314351852    0.4459876543   0.1250726417   
687      I1         1.105630787    2.694818673    4.268557099    0.5165412809   0.9885443673   1.046076389    1.293209877    1.314351852    0.4459876543   0.1250844152   
688      I1         1.105630787    2.694818673    4.265432099    0.5165412809   0.9885443673   1.061545139    1.293209877    1.314351852    0.4459876543   0.1251690828   
689      I1         1.105630787    2.694818673    4.265432099    0.5165412809   0.9885443673   1.046076389    1.297116127    1.314351852    0.4459876543   0.1256931003   
690      I1         1.105630787    2.694818673    4.265432099    0.5165412809   0.9885443673   1.046076389    1.293209877    1.319039352    0.4459876543   0.1250832423   
691      I1         1.105630787    2.694818673    4.265432099    0.5165412809   0.9885443673   1.046076389    1.293209877    1.314351852    0.4491126543   0.1250858315   
692      I1         1.105630787    2.692162423    4.265432099    0.5165412809   0.9885443673   1.046076389    1.293209877    1.314351852    0.4459876543   0.125094512    
693      I1         1.105630787    2.694818673    4.262307099    0.5165412809   0.9885443673   1.046076389    1.293209877    1.314351852    0.4459876543   0.1250820665   
694      I1         1.105630787    2.694818673    4.265432099    0.5150100309   0.9885443673   1.046076389    1.293209877    1.314351852    0.4459876543   0.1250474375   
695      I1         1.105630787    2.694818673    4.265432099    0.5165412809   0.9870131173   1.046076389    1.293209877    1.314351852    0.4459876543   0.1252194916   
696      I1         1.105630787    2.694818673    4.265432099    0.5165412809   0.9885443673   1.030607639    1.293209877    1.314351852    0.4459876543   0.1251194579   
697      I1         1.105630787    2.694818673    4.265432099    0.5165412809   0.9885443673   1.046076389    1.289303627    1.314351852    0.4459876543   0.1264188621   
698      I1         1.105630787    2.694818673    4.265432099    0.5165412809   0.9885443673   1.046076389    1.293209877    1.309664352    0.4459876543   0.1251455297   
699      I1         1.105630787    2.694818673    4.265432099    0.5165412809   0.9885443673   1.046076389    1.293209877    1.314351852    0.4428626543   0.1251713066   
700      I1         1.108287037    2.694818673    4.265432099    0.5150100309   0.9885443673   1.046076389    1.293209877    1.314351852    0.4459876543   0.1250116143   
701      I1         1.105630787    2.697474923    4.265432099    0.5150100309   0.9885443673   1.046076389    1.293209877    1.314351852    0.4459876543   0.1250436545   
702      I1         1.105630787    2.694818673    4.268557099    0.5150100309   0.9885443673   1.046076389    1.293209877    1.314351852    0.4459876543   0.1250492535   
703      I1         1.105630787    2.694818673    4.265432099    0.5150100309   0.9885443673   1.061545139    1.293209877    1.314351852    0.4459876543   0.1251915984   
704      I1         1.105630787    2.694818673    4.265432099    0.5150100309   0.9885443673   1.046076389    1.297116127    1.314351852    0.4459876543   0.1260607724   
705      I1         1.105630787    2.694818673    4.265432099    0.5150100309   0.9885443673   1.046076389    1.293209877    1.319039352    0.4459876543   0.1250474375   
706      I1         1.105630787    2.694818673    4.265432099    0.5150100309   0.9885443673   1.046076389    1.293209877    1.314351852    0.4491126543   0.1251308112   
707      I1         1.105630787    2.692162423    4.265432099    0.5150100309   0.9885443673   1.046076389    1.293209877    1.314351852    0.4459876543   0.1250518928   
708      I1         1.105630787    2.694818673    4.262307099    0.5150100309   0.9885443673   1.046076389    1.293209877    1.314351852    0.4459876543   0.1250456144   
709      I1         1.105630787    2.694818673    4.265432099    0.5134787809   0.9885443673   1.046076389    1.293209877    1.314351852    0.4459876543   0.1251232932   
710      I1         1.105630787    2.694818673    4.265432099    0.5150100309   0.9870131173   1.046076389    1.293209877    1.314351852    0.4459876543   0.1252493184   
711      I1         1.105630787    2.694818673    4.265432099    0.5150100309   0.9885443673   1.030607639    1.293209877    1.314351852    0.4459876543   0.1250369111   
712      I1         1.105630787    2.694818673    4.265432099    0.5150100309   0.9885443673   1.046076389    1.289303627    1.314351852    0.4459876543   0.1259849506   
713      I1         1.105630787    2.694818673    4.265432099    0.5150100309   0.9885443673   1.046076389    1.293209877    1.309664352    0.4459876543   0.1251092517   
714      I1         1.105630787    2.694818673    4.265432099    0.5150100309   0.9885443673   1.046076389    1.293209877    1.314351852    0.4428626543   0.1250478548   
715      I1         1.110943287    2.694818673    4.265432099    0.5150100309   0.9885443673   1.046076389    1.293209877    1.314351852    0.4459876543   0.1250532364   
716      I1         1.108287037    2.697474923    4.265432099    0.5150100309   0.9885443673   1.046076389    1.293209877    1.314351852    0.4459876543   0.1250021839   
717      I1         1.108287037    2.694818673    4.268557099    0.5150100309   0.9885443673   1.046076389    1.293209877    1.314351852    0.4459876543   0.1250129135   
718      I1         1.108287037    2.694818673    4.265432099    0.5150100309   0.9885443673   1.061545139    1.293209877    1.314351852    0.4459876543   0.1251080247   
719      I1         1.108287037    2.694818673    4.265432099    0.5150100309   0.9885443673   1.046076389    1.297116127    1.314351852    0.4459876543   0.1257055521   
720      I1         1.108287037    2.694818673    4.265432099    0.5150100309   0.9885443673   1.046076389    1.293209877    1.319039352    0.4459876543   0.1250116143   
721      I1         1.108287037    2.694818673    4.265432099    0.5150100309   0.9885443673   1.046076389    1.293209877    1.314351852    0.4491126543   0.1250259894   
722      I1         1.108287037    2.692162423    4.265432099    0.5150100309   0.9885443673   1.046076389    1.293209877    1.314351852    0.4459876543   0.1250217296   
723      I1         1.108287037    2.694818673    4.262307099    0.5150100309   0.9885443673   1.046076389    1.293209877    1.314351852    0.4459876543   0.1250103115   
724      I1         1.108287037    2.694818673    4.265432099    0.5134787809   0.9885443673   1.046076389    1.293209877    1.314351852    0.4459876543   0.1249978975   
725      I1         1.108287037    2.694818673    4.265432099    0.5150100309   0.9870131173   1.046076389    1.293209877    1.314351852    0.4459876543   0.1251614241   
726      I1         1.108287037    2.694818673    4.265432099    0.5150100309   0.9885443673   1.030607639    1.293209877    1.314351852    0.4459876543   0.1250393663   
727      I1         1.108287037    2.694818673    4.265432099    0.5150100309   0.9885443673   1.046076389    1.289303627    1.314351852    0.4459876543   0.1262987312   
728      I1         1.108287037    2.694818673    4.265432099    0.5150100309   0.9885443673   1.046076389    1.293209877    1.309664352    0.4459876543   0.1250736873   
729      I1         1.108287037    2.694818673    4.265432099    0.5150100309   0.9885443673   1.046076389    1.293209877    1.314351852    0.4428626543   0.1250885015   
730      I1         1.113599537    2.694818673    4.265432099    0.5134787809   0.9885443673   1.046076389    1.293209877    1.314351852    0.4459876543   0.1249780923   
731      I1         1.108287037    2.694818673    4.271682099    0.5134787809   0.9885443673   1.046076389    1.293209877    1.314351852    0.4459876543   0.1250017857   
732      I1         1.108287037    2.694818673    4.265432099    0.5134787809   0.9885443673   1.077013889    1.293209877    1.314351852    0.4459876543   0.1254213405   
733      I1         1.108287037    2.694818673    4.265432099    0.5134787809   0.9885443673   1.046076389    1.301022377    1.314351852    0.4459876543   0.1282614564   
734      I1         1.108287037    2.694818673    4.265432099    0.5134787809   0.9885443673   1.046076389    1.293209877    1.323726852    0.4459876543   0.1249981662   
735      I1         1.108287037    2.694818673    4.265432099    0.5134787809   0.9885443673   1.046076389    1.293209877    1.314351852    0.4522376543   0.1252607301   
736      I1         1.102974537    2.694818673    4.265432099    0.5134787809   0.9885443673   1.046076389    1.293209877    1.314351852    0.4459876543   0.1253174526   
737      I1         1.108287037    2.689506173    4.265432099    0.5134787809   0.9885443673   1.046076389    1.293209877    1.314351852    0.4459876543   0.125004893    
738      I1         1.108287037    2.694818673    4.259182099    0.5134787809   0.9885443673   1.046076389    1.293209877    1.314351852    0.4459876543   0.124993978    
739      I1         1.108287037    2.694818673    4.265432099    0.5104162809   0.9885443673   1.046076389    1.293209877    1.314351852    0.4459876543   0.1252989139   
740      I1         1.108287037    2.694818673    4.265432099    0.5134787809   0.9854818673   1.046076389    1.293209877    1.314351852    0.4459876543   0.1254635614   
741      I1         1.108287037    2.694818673    4.265432099    0.5134787809   0.9885443673   1.015138889    1.293209877    1.314351852    0.4459876543   0.1249874331   
742      I1         1.108287037    2.694818673    4.265432099    0.5134787809   0.9885443673   1.046076389    1.285397377    1.314351852    0.4459876543   0.1282387837   
743      I1         1.108287037    2.694818673    4.265432099    0.5134787809   0.9885443673   1.046076389    1.293209877    1.304976852    0.4459876543   0.1251672103   
744      I1         1.108287037    2.694818673    4.265432099    0.5134787809   0.9885443673   1.046076389    1.293209877    1.314351852    0.4397376543   0.1250681213   
745      I1         1.118912037    2.694818673    4.265432099    0.5134787809   0.9885443673   1.046076389    1.293209877    1.314351852    0.4459876543   0.1252614206   
746      I1         1.113599537    2.694818673    4.271682099    0.5134787809   0.9885443673   1.046076389    1.293209877    1.314351852    0.4459876543   0.1249798048   
747      I1         1.113599537    2.694818673    4.265432099    0.5165412809   0.9885443673   1.046076389    1.293209877    1.314351852    0.4459876543   0.1254607513   
748      I1         1.113599537    2.694818673    4.265432099    0.5134787809   0.9885443673   1.077013889    1.293209877    1.314351852    0.4459876543   0.1252014609   
749      I1         1.113599537    2.694818673    4.265432099    0.5134787809   0.9885443673   1.046076389    1.301022377    1.314351852    0.4459876543   0.1272879793   
750      I1         1.113599537    2.694818673    4.265432099    0.5134787809   0.9885443673   1.046076389    1.293209877    1.323726852    0.4459876543   0.124978196    
751      I1         1.113599537    2.694818673    4.265432099    0.5134787809   0.9885443673   1.046076389    1.293209877    1.314351852    0.4522376543   0.1249673353   
752      I1         1.113599537    2.689506173    4.265432099    0.5134787809   0.9885443673   1.046076389    1.293209877    1.314351852    0.4459876543   0.1250083177   
753      I1         1.113599537    2.694818673    4.259182099    0.5134787809   0.9885443673   1.046076389    1.293209877    1.314351852    0.4459876543   0.1249763776   
754      I1         1.113599537    2.694818673    4.265432099    0.5104162809   0.9885443673   1.046076389    1.293209877    1.314351852    0.4459876543   0.1249201182   
755      I1         1.113599537    2.694818673    4.265432099    0.5134787809   0.9854818673   1.046076389    1.293209877    1.314351852    0.4459876543   0.1252341519   
756      I1         1.113599537    2.694818673    4.265432099    0.5134787809   0.9885443673   1.015138889    1.293209877    1.314351852    0.4459876543   0.1251047158   
757      I1         1.113599537    2.694818673    4.265432099    0.5134787809   0.9885443673   1.046076389    1.285397377    1.314351852    0.4459876543   0.1292382512   
758      I1         1.113599537    2.694818673    4.265432099    0.5134787809   0.9885443673   1.046076389    1.293209877    1.304976852    0.4459876543   0.125179592    
759      I1         1.113599537    2.694818673    4.265432099    0.5134787809   0.9885443673   1.046076389    1.293209877    1.314351852    0.4397376543   0.1253746577   
760      I1         1.118912037    2.694818673    4.265432099    0.5104162809   0.9885443673   1.046076389    1.293209877    1.314351852    0.4459876543   0.1248370626   
761      I1         1.113599537    2.694818673    4.271682099    0.5104162809   0.9885443673   1.046076389    1.293209877    1.314351852    0.4459876543   0.1249245067   
762      I1         1.113599537    2.694818673    4.265432099    0.5104162809   0.9885443673   1.077013889    1.293209877    1.314351852    0.4459876543   0.1253872759   
763      I1         1.113599537    2.694818673    4.265432099    0.5104162809   0.9885443673   1.046076389    1.301022377    1.314351852    0.4459876543   0.1284048466   
764      I1         1.113599537    2.694818673    4.265432099    0.5104162809   0.9885443673   1.046076389    1.293209877    1.323726852    0.4459876543   0.1249204242   
765      I1         1.113599537    2.694818673    4.265432099    0.5104162809   0.9885443673   1.046076389    1.293209877    1.314351852    0.4522376543   0.1252220807   
766      I1         1.113599537    2.689506173    4.265432099    0.5104162809   0.9885443673   1.046076389    1.293209877    1.314351852    0.4459876543   0.1249221444   
767      I1         1.113599537    2.694818673    4.259182099    0.5104162809   0.9885443673   1.046076389    1.293209877    1.314351852    0.4459876543   0.1249156923   
768      I1         1.113599537    2.694818673    4.265432099    0.5073537809   0.9885443673   1.046076389    1.293209877    1.314351852    0.4459876543   0.1253011781   
769      I1         1.113599537    2.694818673    4.265432099    0.5104162809   0.9854818673   1.046076389    1.293209877    1.314351852    0.4459876543   0.1254369419   
770      I1         1.113599537    2.694818673    4.265432099    0.5104162809   0.9885443673   1.015138889    1.293209877    1.314351852    0.4459876543   0.1248615997   
771      I1         1.113599537    2.694818673    4.265432099    0.5104162809   0.9885443673   1.046076389    1.285397377    1.314351852    0.4459876543   0.1280361657   
772      I1         1.113599537    2.694818673    4.265432099    0.5104162809   0.9885443673   1.046076389    1.293209877    1.304976852    0.4459876543   0.1250802158   
773      I1         1.113599537    2.694818673    4.265432099    0.5104162809   0.9885443673   1.046076389    1.293209877    1.314351852    0.4397376543   0.1249463595   
774      I1         1.124224537    2.694818673    4.265432099    0.5104162809   0.9885443673   1.046076389    1.293209877    1.314351852    0.4459876543   0.1250905623   
775      I1         1.118912037    2.694818673    4.271682099    0.5104162809   0.9885443673   1.046076389    1.293209877    1.314351852    0.4459876543   0.1248391923   
776      I1         1.118912037    2.694818673    4.265432099    0.5104162809   0.9885443673   1.077013889    1.293209877    1.314351852    0.4459876543   0.1251041428   
777      I1         1.118912037    2.694818673    4.265432099    0.5104162809   0.9885443673   1.046076389    1.301022377    1.314351852    0.4459876543   0.1274105301   
778      I1         1.118912037    2.694818673    4.265432099    0.5104162809   0.9885443673   1.046076389    1.293209877    1.323726852    0.4459876543   0.1248371972   
779      I1         1.118912037    2.694818673    4.265432099    0.5104162809   0.9885443673   1.046076389    1.293209877    1.314351852    0.4522376543   0.1248634007   
780      I1         1.118912037    2.689506173    4.265432099    0.5104162809   0.9885443673   1.046076389    1.293209877    1.314351852    0.4459876543   0.1248636601   
781      I1         1.118912037    2.694818673    4.259182099    0.5104162809   0.9885443673   1.046076389    1.293209877    1.314351852    0.4459876543   0.1248349268   
782      I1         1.118912037    2.694818673    4.265432099    0.5073537809   0.9885443673   1.046076389    1.293209877    1.314351852    0.4459876543   0.1248549037   
783      I1         1.118912037    2.694818673    4.265432099    0.5104162809   0.9854818673   1.046076389    1.293209877    1.314351852    0.4459876543   0.1251406559   
784      I1         1.118912037    2.694818673    4.265432099    0.5104162809   0.9885443673   1.015138889    1.293209877    1.314351852    0.4459876543   0.1249379862   
785      I1         1.118912037    2.694818673    4.265432099    0.5104162809   0.9885443673   1.046076389    1.285397377    1.314351852    0.4459876543   0.1290470051   
786      I1         1.118912037    2.694818673    4.265432099    0.5104162809   0.9885443673   1.046076389    1.293209877    1.304976852    0.4459876543   0.1250326786   
787      I1         1.118912037    2.694818673    4.265432099    0.5104162809   0.9885443673   1.046076389    1.293209877    1.314351852    0.4397376543   0.1252076872   
788      I1         1.121568287    2.694818673    4.265432099    0.5104162809   0.9885443673   1.046076389    1.293209877    1.314351852    0.4459876543   0.1249219242   
789      I1         1.118912037    2.697474923    4.265432099    0.5104162809   0.9885443673   1.046076389    1.293209877    1.314351852    0.4459876543   0.1248248266   
790      I1         1.118912037    2.694818673    4.268557099    0.5104162809   0.9885443673   1.046076389    1.293209877    1.314351852    0.4459876543   0.1248381283   
791      I1         1.118912037    2.694818673    4.265432099    0.5119475309   0.9885443673   1.046076389    1.293209877    1.314351852    0.4459876543   0.1249990515   
792      I1         1.118912037    2.694818673    4.265432099    0.5104162809   0.9885443673   1.061545139    1.293209877    1.314351852    0.4459876543   0.1249151567   
793      I1         1.118912037    2.694818673    4.265432099    0.5104162809   0.9885443673   1.046076389    1.297116127    1.314351852    0.4459876543   0.125428271    
794      I1         1.118912037    2.694818673    4.265432099    0.5104162809   0.9885443673   1.046076389    1.293209877    1.319039352    0.4459876543   0.1248370626   
795      I1         1.118912037    2.694818673    4.265432099    0.5104162809   0.9885443673   1.046076389    1.293209877    1.314351852    0.4491126543   0.1248048602   
796      I1         1.116255787    2.694818673    4.265432099    0.5104162809   0.9885443673   1.046076389    1.293209877    1.314351852    0.4459876543   0.1248384427   
797      I1         1.118912037    2.692162423    4.265432099    0.5104162809   0.9885443673   1.046076389    1.293209877    1.314351852    0.4459876543   0.1248500034   
798      I1         1.118912037    2.694818673    4.262307099    0.5104162809   0.9885443673   1.046076389    1.293209877    1.314351852    0.4459876543   0.1248359955   
799      I1         1.118912037    2.694818673    4.265432099    0.5088850309   0.9885443673   1.046076389    1.293209877    1.314351852    0.4459876543   0.1247876658   
800      I1         1.118912037    2.694818673    4.265432099    0.5104162809   0.9870131173   1.046076389    1.293209877    1.314351852    0.4459876543   0.1249654754   
801      I1         1.118912037    2.694818673    4.265432099    0.5104162809   0.9885443673   1.030607639    1.293209877    1.314351852    0.4459876543   0.1248726487   
802      I1         1.118912037    2.694818673    4.265432099    0.5104162809   0.9885443673   1.046076389    1.289303627    1.314351852    0.4459876543   0.1263494218   
803      I1         1.118912037    2.694818673    4.265432099    0.5104162809   0.9885443673   1.046076389    1.293209877    1.309664352    0.4459876543   0.1248983065   
804      I1         1.118912037    2.694818673    4.265432099    0.5104162809   0.9885443673   1.046076389    1.293209877    1.314351852    0.4428626543   0.1249692809   
