%eval_id interface log__t_efold_shallow log__t_efold_soil log__t_efold_karst f_exfiltration_shallow f_exfiltration_soil PDD_melt_factor log__Hmax_shallow log__fdd_threshold log__routing_K neg_kge        
1        I1         0.7532060067   1.803974027    4.034865254    0.5464695878   0.1635546553   1.859937277    3.203003556    2.411559323    0.7131848629   0.5145569976   
2        I1         1.794343393    1.019503261    3.113013275    0.8872960347   0.2320823149   7.873275089    3.317583316    2.424865903    -0.2255531883  0.6381983782   
3        I1         1.067199112    1.61212834     4.490403984    0.8478317      0.1603355566   4.124568675    1.012927465    1.994957194    0.1390536817   0.7080206765   
4        I1         1.836534251    1.147302869    3.727471997    0.6029956616   0.6551352417   0.1807719634   1.070727581    1.29427592     -0.5472635126  1.943527802    
5        I1         0.4860849217   1.051732896    3.690887563    0.2561986722   0.0484617857   4.260571914    1.973763582    2.153447904    -0.6475707042  0.6179695841   
6        I1         0.4101983734   2.170776757    3.180371454    0.5086660562   0.2394207409   6.860116878    3.176884412    1.157323063    -0.6826532873  0.4742818077   
7        I1         1.47259        2.412265176    3.937910057    0.9393210314   0.0894577734   1.944446759    1.440257593    2.194678574    -0.6133731743  0.8820506423   
8        I1         0.953608261    1.655148762    3.956057599    0.09303893924  0.5615971726   8.336986464    1.226427779    1.345448356    0.6110925662   0.5552132059   
9        I1         0.4628172735   1.717098167    2.932351306    0.113720066    0.3475508259   2.62875419     3.19877864     2.984236199    -0.01998934437 0.835820181    
10       I1         1.688565927    1.234350195    2.523780995    0.5779265914   0.4564087718   3.542413203    2.245780458    1.984243154    0.6551433886   0.7038003973   
11       I1         1.973633855    2.580928054    3.680743783    0.4415317787   0.4057471772   1.53493775     2.925735374    1.270339628    0.6773881374   1.066256767    
12       I1         0.4144263736   1.083198933    3.381960818    0.558378643    0.8862407109   9.715090123    1.34939073     2.177180642    -0.9437352644  2.005779821    
13       I1         1.043622035    1.74734508     2.583711319    0.3448198588   0.8368809941   9.498619974    1.572937828    2.125918752    0.4091078814   0.3529534536   
14       I1         1.134513451    2.441534055    2.952759793    0.03813466218  0.4079067984   9.507725647    2.517988877    2.782386763    0.6850006266   0.9548445721   
15       I1         1.594082283    1.374613359    2.967713737    0.9003524212   0.7828581071   6.606688437    2.585269133    1.098060945    -0.5616498593  0.3693671002   
16       I1         1.934856469    1.069215033    3.066677678    0.2707709073   0.08092113079  6.155527653    1.369440362    1.265935323    -0.9677895738  1.648568442    
17       I1         1.102904672    1.573901481    2.902711628    0.3397412588   0.4506584715   1.606485542    1.736800534    1.226732022    -0.9350628189  0.3688761487   
18       I1         0.8935711441   1.772377062    4.004195038    0.02371272381  0.4360966493   1.811339385    2.780756949    1.603564173    0.1914898392   0.7714539044   
19       I1         1.717127327    1.985281329    3.967034914    0.7006101316   0.8974859361   5.329205753    1.80580799     1.840746517    -0.8556308219  0.592501856    
20       I1         0.6937674698   1.836495014    3.030591996    0.8367118221   0.5786699087   1.782084131    2.945800992    2.693772041    0.7574520278   0.463473901    
21       I1         1.085978899    1.883261704    4.323662808    0.4219138684   0.09676746852  2.517408922    1.106618721    1.110609601    0.8473944594   0.7961677907   
22       I1         1.372596453    2.24825311     2.915510221    0.3343624794   0.5722213742   3.05496928     2.827058448    1.328761416    -0.5978229838  0.6824536164   
23       I1         1.922741166    2.542529793    3.053189839    0.8252154038   0.3955700382   3.445593885    3.284479811    2.891673307    -0.5152986868  0.7846703707   
24       I1         1.771281175    2.152574619    3.655579597    0.217349812    0.5912584852   5.002589404    2.369755719    2.598009624    -0.1312413158  1.005488389    
25       I1         0.5405389815   1.163132893    3.39532452     0.5146591661   0.2183877448   4.359482509    3.4632993      1.56211718     0.8738520004   0.4244596973   
26       I1         1.749238512    2.085767437    3.044128049    0.7974454449   0.0202472069   0.2658313869   1.622142185    2.342843026    0.4183691122   0.2416627034   
27       I1         1.910222725    2.343000912    4.385810799    0.5209092171   0.9181502093   3.295380328    3.156593598    2.60285171     -0.2682026754  0.9229893885   
28       I1         1.630208966    1.327161093    3.239729348    0.8073782172   0.3825561817   6.581371864    3.230032266    1.838588672    0.9415600852   0.6242988085   
29       I1         1.323262714    1.967639135    2.654786181    0.5888760907   0.01450288372  2.796858207    1.322500014    1.715141004    -0.05362138171 0.5853093116   
30       I1         1.387476395    1.942919303    3.556788171    0.7386928392   0.4709062678   7.073311939    2.127179725    1.8858537      0.06175191386  0.4071007873   
31       I1         1.497551585    2.014978683    3.026651672    0.949850622    0.8481798991   4.691825391    1.192543659    2.944211034    0.3082678198   0.7924130598   
32       I1         1.898912245    2.451447862    2.610208957    0.5327328235   0.3368864109   7.427433249    3.091278636    2.792534057    0.8290657198   0.9395788724   
33       I1         1.464272455    1.682658681    3.409354918    0.1959069276   0.5544735924   5.842297847    1.857330859    2.290889153    0.8631666059   0.7479215379   
34       I1         0.750449124    1.749507082    4.478365765    0.8580020919   0.05804388927  3.242695856    3.239999224    2.557998548    -0.2493684223  0.6040440839   
35       I1         0.7117369792   2.209231162    2.766611993    0.8315033959   0.5753240014   1.724995369    3.217602306    1.731757449    0.3300959522   0.6509104105   
36       I1         1.280693964    2.614324739    4.453154615    0.2612767029   0.8056751453   1.39817282     1.669623209    1.359461855    0.11031589     0.5805885505   
37       I1         0.6319291476   2.506003395    3.631972749    0.2840264418   0.5019211353   7.393651079    1.886774861    1.978657689    -0.8208565188  0.554274258    
38       I1         1.293213112    1.224759496    4.126820906    0.4808505761   0.8883612712   9.566788489    2.030036401    2.862690276    0.7884600047   0.412931463    
39       I1         0.3355633099   1.919688301    4.075871714    0.2769810949   0.5510643014   8.796494637    3.016951563    2.497113373    0.1546866607   0.5500133963   
40       I1         1.330620213    1.793080032    3.42561734     0.09902767284  0.3613541698   9.776148407    2.466265489    1.646602439    0.6216193772   0.8708142492   
41       I1         0.6141995046   2.389903838    2.517908039    0.6169280782   0.3414622524   6.366329451    2.617147676    2.829696184    -0.665372179   0.347809635    
42       I1         1.149262703    2.357674334    2.568326192    0.5822604601   0.06154652329  5.606839782    1.557789656    1.415632858    -0.3982805622  0.3279639831   
43       I1         1.668035661    1.604534193    3.750492283    0.6439829026   0.9455688395   7.928094173    2.630282138    2.385947396    0.2529168315   0.5979305814   
44       I1         0.3428379557   1.847479596    3.122012242    0.9884591002   0.8757510767   6.790676587    3.420496642    2.583398992    -0.3161020339  3.316601228    
45       I1         1.853645615    1.373503888    2.822218806    0.3521041237   0.6711742736   7.860261202    3.386731765    1.819449405    -0.731468413   0.8159736825   
46       I1         0.5149777703   2.626616406    2.63633544     0.2955854276   0.1531534745   4.936652069    2.052768736    1.874995535    -0.9098927775  0.4376090708   
47       I1         0.9294416391   1.107859401    4.054003948    0.2227157457   0.1267405837   3.84481336     2.416570064    2.883009095    -0.6793532971  0.7777401431   
48       I1         0.6216393137   2.499987905    3.278778149    0.3718642419   0.9554539488   5.705490445    2.728509133    2.022641816    0.04549729501  0.3749398922   
49       I1         0.326611012    1.584203397    3.619972848    0.2339020498   0.1419592755   2.46863673     1.076624096    1.100411607    0.5300758283   0.4897181629   
50       I1         1.924432175    2.318925935    4.417192063    0.8681825689   0.9145586888   4.728388251    2.159048172    2.660846876    -0.4484045901  0.6452467329   
51       I1         1.478389462    1.413229567    3.294143353    0.5854851737   0.9560722305   4.540652858    1.51539879     2.090098437    0.7632529959   0.2641475351   
52       I1         0.9723733239   1.723872528    3.837321156    0.2147362467   0.6257103703   2.919820596    3.132106181    2.811291014    0.3540714493   0.6217258594   
53       I1         0.8821798522   1.702193035    3.161199709    0.4189936291   0.8399781579   8.89327451     2.291507961    2.640045729    0.896290918    0.4838659892   
54       I1         0.4245520053   1.361384978    4.011008415    0.08766672647  0.2548298908   2.320547786    1.646961503    2.437627133    -0.9207260133  0.7311593578   
55       I1         1.87357065     2.007925509    3.448172915    0.8862005328   0.6658387523   9.11421837     1.278774894    1.782937442    0.1475979792   1.010322       
56       I1         1.615738806    1.959262515    4.145300529    0.3293674977   0.3072631867   8.445035646    1.06137196     2.392019139    -0.8362398428  0.9759697123   
57       I1         1.112238945    2.668124379    3.222304965    0.07700316282  0.7930541209   4.188251874    3.073056107    1.94291818     -0.8951686568  0.7571027978   
58       I1         0.3196891923   1.185621855    4.187532481    0.9177468062   0.1369696217   7.556041401    1.94753824     2.222507245    -0.3682675131  1.917625208    
59       I1         0.7405778344   1.664404193    3.877114796    0.2681338213   0.3268439017   7.517247668    1.098534421    2.447807951    -0.4216008069  0.6753928506   
60       I1         1.02088661     1.886373824    4.260009646    0.1046475444   0.2249136607   2.745035188    1.528022256    2.927798441    -0.1464763786  0.8186886661   
61       I1         1.73112323     1.445530588    3.624950022    0.617714539    0.7141551185   7.31854531     2.186557027    2.966569797    -0.2919008558  0.6699760601   
62       I1         0.5688303017   1.977115245    4.336244821    0.3100129122   0.676343048    6.638751157    1.764824294    2.851150526    -0.3082750511  0.5340927651   
63       I1         1.657882582    2.429422706    4.357984449    0.5638364349   0.2931487373   7.366692812    2.763191849    2.03056785     -0.3829862052  0.8455848571   
64       I1         1.511211025    2.640566316    2.553667634    0.551155623    0.2130497318   5.154428555    1.455073717    1.702645265    -0.3782508807  0.6904579294   
65       I1         1.428796657    2.093133211    4.172514511    0.7495471175   0.70896935     6.251763132    2.275823257    2.265081519    0.6419535811   0.5045766996   
66       I1         1.419750923    1.028271672    2.571287427    0.6891905616   0.4883536824   2.998884002    1.685179173    2.748808827    0.4838406779   0.248377913    
67       I1         1.943173811    1.625971422    2.83204905     0.595768273    0.8448070479   0.7093392765   1.904653541    2.737728065    0.4528827645   0.3786282926   
68       I1         1.960481221    2.305676635    4.464930667    0.9442640393   0.4980782255   4.87901256     2.377638508    1.903446706    0.3794369204   0.7823602824   
69       I1         0.8338031471   2.462591002    3.074430617    0.4037020077   0.2851291717   3.110961491    1.117540016    1.496446182    0.01927118562  0.5649773894   
70       I1         0.6855942515   1.128098203    4.081349423    0.8663153199   0.5252304942   8.552060966    1.389500424    2.307123039    0.4742314741   0.6450533991   
71       I1         1.122030833    2.407561628    4.390373804    0.1431957361   0.3286958889   3.8669091      1.870636091    1.42292224     -0.8749536589  0.8917979779   
72       I1         0.553361954    1.831029792    2.970168461    0.7065451786   0.320789198    3.14755921     2.268349657    1.651009958    -0.3561805945  0.8226127832   
73       I1         1.049861075    2.299507961    2.625546715    0.7643641493   0.799860378    1.450095686    2.532528402    2.519162537    -0.1805586802  0.2801156897   
74       I1         1.311619337    2.129130358    3.432439771    0.2856764246   0.9658664552   2.162021918    2.994583751    1.400930832    -0.1743758834  0.5935870963   
75       I1         0.7175991738   2.553750709    3.536263838    0.07026284222  0.4379601099   3.583289689    2.084853484    2.182400161    0.7076809434   0.7722795102   
76       I1         0.3665247071   1.598521984    2.538179608    0.8782930763   0.9486573197   9.991714094    1.584984229    1.255813986    -0.1988495462  2.452847055    
77       I1         1.226553525    1.001664257    2.724693147    0.05053750021  0.6205541782   3.510819458    3.28990503     2.679877264    -0.4027113958  0.4984005568   
78       I1         1.130394371    2.488288281    4.068925653    0.2064273717   0.9710181614   0.610352996    3.343020981    2.954940469    0.3186856942   0.8301503089   
79       I1         0.4016286348   2.695719894    3.487997143    0.6860621967   0.9391876196   8.042952388    1.463704901    1.824209946    -0.798999223   1.115253449    
80       I1         1.871245481    1.732326328    4.223294394    0.7759797059   0.4663169356   9.21027408     3.109061162    1.233358189    -0.8450636577  0.8013472864   
81       I1         0.6553529962   1.513949634    4.251197975    0.3084367129   0.3741970611   1.285742782    3.14079486     2.360097833    0.3874012286   0.5510553236   
82       I1         1.060029389    1.157943759    3.501041045    0.6915519842   0.2024594346   9.372141183    1.244573648    2.31794259     0.5199986261   0.2338514419   
83       I1         0.9614019113   1.457003444    4.049628781    0.06617458841  0.9851536558   5.978678452    1.290537531    2.729058726    0.7499216936   0.2729391214   
84       I1         0.7944527712   2.675928452    2.591971168    0.01798505188  0.2796770395   4.333426039    2.56921467     1.690126468    0.9786169096   0.7526001812   
85       I1         1.681532474    1.527252954    3.200341316    0.382103955    0.1210128828   0.5099906425   1.787044704    2.011622958    0.5844859061   0.5024843052   
86       I1         1.266772467    1.271565045    3.64413611     0.4610007422   0.7229535531   3.635699302    1.932478028    1.1715592      -0.7798352057  0.302613458    
87       I1         0.7647534265   1.347875166    4.244123627    0.784987453    0.5659573334   8.731779812    2.410994495    1.132383706    0.03871476879  0.5938115611   
88       I1         1.562283398    2.239934853    3.787971582    0.3745767377   0.3176662589   2.198446692    2.982508151    2.83581464     -0.3431669847  0.8454554184   
89       I1         1.272207432    2.103798969    3.908262726    0.4982750828   0.1170697451   8.936209867    1.596636268    1.636825673    -0.7431881437  0.6501910086   
90       I1         1.247219238    1.43732954     3.574314535    0.5177268601   0.1802341327   8.1829479      3.454779949    2.160041312    0.7798784874   0.6386108183   
91       I1         0.9170691111   1.097353254    3.888234681    0.1590168536   0.1980706214   3.172767327    1.760686845    2.932546247    -0.70755506    0.7855096151   
92       I1         0.8594859709   1.56709405     3.763815005    0.6088469602   0.5163311147   5.557819973    1.537824066    2.702510673    0.2797102277   0.2150238056   
93       I1         0.8516816416   2.223409274    3.994306987    0.651920224    0.6491970592   5.677937282    1.18308511     2.078264597    -0.9518850166  0.8918498845   
94       I1         0.9691902626   1.111207504    4.136342117    0.4330385135   0.8574453403   4.573599613    2.96451766     1.066662506    -0.2075161303  0.4849479706   
95       I1         1.028443506    1.217210995    3.154730813    0.3600863832   0.8789850653   5.489382569    2.673346641    2.275915598    0.4688421696   0.3736813767   
96       I1         0.4951711073   2.47746857     3.583271132    0.9161871134   0.8292179932   4.009172571    1.038891193    1.08415103     0.66482792     1.028949276    
97       I1         1.168425809    1.872888018    2.895323663    0.6011013242   0.9086691245   1.188839618    1.982000801    1.374013858    -0.6354022696  0.3202901719   
98       I1         1.096953965    1.866032498    2.770685731    0.6256104145   0.4135150461   6.060494108    2.818549392    1.502247231    -0.7803528873  0.2742925833   
99       I1         1.55234451     2.179753498    2.819203554    0.3952466911   0.2963966409   6.727539677    2.486941031    1.79321055     -0.2512348219  0.7868811161   
100      I1         0.4423657064   1.524782968    2.711888592    0.1365093359   0.6078054416   9.841775118    1.30241882     2.40841015     0.8157359027   0.4681000908   
101      I1         1.567202837    1.433003144    3.549174485    0.1260542698   0.4213703107   1.203283781    2.501488129    1.026813927    -0.1053272063  0.8188622502   
102      I1         1.190534918    1.58737199     3.975040031    0.2485902988   0.8168480328   0.5881341888   2.861752951    1.891703806    -0.9194684933  0.3598296336   
103      I1         1.81565993     2.183767031    4.445073272    0.923528304    0.07153671873  5.122869491    2.554142808    2.627796108    0.929566737    0.7239484868   
104      I1         0.3160663151   1.472429143    3.864345957    0.4886333168   0.7478827292   1.29660512     3.442628548    1.669505124    -0.7177629824  0.7996443455   
105      I1         0.560579495    2.616901197    2.757161432    0.4492392441   0.7642913539   1.578773868    1.483319489    2.684413573    0.1850542123   0.2699339366   
106      I1         1.705715745    2.563298341    4.168659817    0.4016370178   0.1826518913   4.795533659    2.896475106    2.233698437    0.4362494302   0.9711736432   
107      I1         0.9430770165   1.780322116    4.436933425    0.9796379121   0.4543647245   2.017122039    2.04077936     1.748350872    0.2917252145   0.9232431262   
108      I1         0.7827219914   1.636726289    4.230808878    0.2285896653   0.6010431956   8.467556951    2.719702949    2.149753597    -0.3389840675  0.542091296    
109      I1         0.39006213     1.46124774     3.01046998     0.7310735944   0.02994830241  1.047536079    2.236411736    1.547697423    0.3400876603   0.5841373436   
110      I1         1.52698874     1.543263755    2.881948345    0.1643987006   0.4426261578   6.138323028    2.886943105    2.102520866    -0.4658437404  0.7979460132   
111      I1         0.3079017367   2.536586003    4.481868748    0.3277216254   0.635782298    8.275041911    1.848556874    2.136717203    -0.07875822608 0.5017108802   
112      I1         0.7312023572   2.341796621    3.288925612    0.4088656905   0.6984740392   1.350039983    3.250847966    2.528967261    0.3634119407   0.4269702775   
113      I1         1.212039554    1.211651357    3.142220271    0.176803382    0.6946949651   8.404803086    1.221353719    1.14706787     0.797646994    0.253420337    
114      I1         1.650778296    1.689175818    2.683784505    0.4766684494   0.7866513945   5.25479592     2.743015731    1.460711664    -0.04598332212 0.6390167606   
115      I1         1.889074199    2.232408175    2.50846943     0.06347138941  0.6400701768   9.262748823    1.747056741    2.081696223    0.08590025529  0.4147956104   
116      I1         1.80153224     1.784465805    3.494053802    0.5010571741   0.6275969085   9.337788661    2.313800446    2.452680857    0.09931307681  0.851237913    
117      I1         0.4763555759   1.016417413    3.921895255    0.4723098789   0.2633067763   2.829426214    3.361107015    2.809252909    0.6988768292   0.4562466675   
118      I1         0.8045915082   2.402460187    4.274627782    0.9538877546   0.5218425283   2.339326773    2.351854157    2.991548843    0.02028824671  1.07562368     
119      I1         0.3527387624   1.91308261     3.804717974    0.6347489478   0.3016913849   9.178860468    2.640794539    1.078406485    0.7337586344   0.4060762752   
120      I1         0.8994731689   2.159405959    4.374945498    0.5279647682   0.4310794512   5.215779391    1.132739572    2.910728087    -0.9964827414  0.6967064258   
121      I1         1.256161827    1.857502393    3.46348914     0.6653043869   0.06669942403  9.1037054      1.708886113    2.21313609     0.2683133431   0.3895364787   
122      I1         1.29869262     2.030388091    2.738898102    0.2931131897   0.8236293767   4.472067808    1.818605578    1.301529781    -0.5814641335  0.5370938959   
123      I1         1.410844564    1.487714046    3.091685818    0.2525859039   0.07422057778  2.04783647     1.412317196    2.249181581    -0.8691781141  0.740551405    
124      I1         0.7053730573   2.379669596    2.863816821    0.4681276703   0.1317473279   7.726871273    1.72141094     1.571707726    -0.12239111    0.3015047556   
125      I1         0.4353517743   1.061800788    3.1970064      0.6682522869   0.2299757445   7.715318932    2.255467775    2.84578239     -0.9737537166  0.7704929638   
126      I1         1.725021871    2.264217556    3.791282322    0.8494940825   0.1718932345   6.331887949    3.120827288    1.249947792    -0.5753005299  0.6357937858   
127      I1         1.956024234    1.652709719    2.994224371    0.05664595001  0.151121497    9.005140482    3.056860529    2.767165204    -0.2116127157  1.156669464    
128      I1         1.389069653    2.133984655    3.317980748    0.7261567476   0.6440832183   6.197710501    1.627469842    2.207265161    -0.1589156199  0.3159115798   
129      I1         1.310744326    1.355304279    2.877630711    0.04281589581  0.77690164     2.245178107    2.166619707    1.051679375    -0.4187121487  0.3950171174   
130      I1         1.539037421    2.024084218    3.983472701    0.7997784599   0.1919118726   5.936447582    1.89847601     1.525514997    -0.327742305   0.4541337374   
131      I1         0.4585553439   1.196024326    4.285975636    0.9046503801   0.9345541318   7.787279063    3.037366763    1.954409868    0.9969983269   0.6370277267   
132      I1         1.438799716    1.293362253    2.708406625    0.8183059822   0.8610236011   7.267569472    1.794421724    1.768128524    0.1228202277   0.2801255876   
133      I1         1.031815732    1.176044486    3.086598135    0.3825326016   0.5114201736   4.014965611    1.957670154    2.756426172    0.880275581    0.4790833034   
134      I1         0.7737662192   2.316377652    3.372267971    0.7672713686   0.5414871675   1.914269064    2.345952424    1.867388069    0.003047198458 0.4774042951   
135      I1         0.9112346406   1.756530424    3.103053777    0.4397966583   0.8643014036   6.513782869    2.109549846    1.851661149    -0.4747877953  0.3759626911   
136      I1         0.5219047772   2.604477542    2.66725301     0.9572451715   0.0188045118   2.551934855    2.304546321    1.967697304    -0.657610792   2.669586721    
137      I1         1.591137745    2.110709864    3.352611263    0.6610366424   0.8718494731   3.708607551    1.149856099    2.32639768     0.5664003658   0.4762077456   
138      I1         0.6454610403   1.809580411    3.664249371    0.7913672041   0.2463200352   1.109917954    2.457894546    2.714241011    -0.7241374337  0.7365550747   
139      I1         0.8414370897   2.360140599    2.784622419    0.9076708301   0.1090620174   6.934065212    2.062803635    1.922580032    0.4418670729   0.7424274735   
140      I1         0.3810226623   1.039329499    4.152292324    0.7525369395   0.6585332783   0.3232059656   3.083430849    1.012569475    0.3910036011   0.8082260846   
141      I1         1.489386704    1.126281319    2.847328631    0.9335967232   0.7426657893   0.208209793    1.426296588    2.285025321    0.05913216204  0.8762184925   
142      I1         1.339681715    1.305017817    3.215936495    0.1715781143   0.8192303817   8.686609669    2.608247359    1.530288264    -0.2803450529  0.3965246054   
143      I1         1.674092136    1.557022881    3.416947156    0.365279752    0.6859801251   0.1113407298   1.488318497    2.053165459    0.7219286014   0.2651298816   
144      I1         1.443875061    2.663067641    3.327214513    0.8420744192   0.7583853412   4.967030822    1.204150956    2.878748266    0.9675773468   0.3400018858   
145      I1         1.992340235    1.506790343    4.313984944    0.5620416207   0.0289882697   7.20546421     2.912259135    1.398387064    0.5061690618   1.113706411    
146      I1         1.696146187    1.318163841    3.713125202    0.8233939192   0.3786067364   4.106631229    1.988281074    2.773922028    -0.02687514233 0.4568352096   
147      I1         0.9287867655   1.339953079    3.940201022    0.2415289168   0.3635230936   4.621020402    1.375566622    1.806497099    0.2048374467   0.4976917166   
148      I1         1.823406715    2.197591557    3.735986787    0.541778606    0.9251221617   3.731313954    2.093105397    1.182156125    -0.4933385898  0.6918458365   
149      I1         0.8252572498   2.000293527    3.852631937    0.09484864392  0.5879647622   0.8439711334   2.205949187    2.572660665    -0.8122212197  0.6906851128   
150      I1         1.154517324    2.057175774    3.841892127    0.1211426688   0.5389951992   3.915869445    2.327368111    1.442730482    -0.276462482   0.7714029442   
151      I1         1.861285023    2.423392337    4.364753591    0.1321148206   0.7203558098   9.856190522    3.0392257      2.562848517    -0.6012457583  1.124888964    
152      I1         0.8771454601   2.652883391    2.600405533    0.08296031287  0.6777095541   3.394123053    1.606807955    2.002885718    -0.5283719544  0.6216093922   
153      I1         0.44767833     2.634228482    4.297784858    0.4131563162   0.08719938606  6.909899875    2.959254627    1.456392491    0.1769029316   0.6061494014   
154      I1         1.397354438    2.594635822    4.306825615    0.1381101293   0.1678155591   5.070087836    2.658951036    1.198765904    0.6362287025   1.050553574    
155      I1         1.754165204    1.385725577    3.001275434    0.8731720152   0.49233943     6.776723139    2.808883335    1.034785166    0.9149408384   0.6747229595   
156      I1         0.6630983557   1.418938544    3.177042209    0.8947151221   0.9654515445   2.417095971    2.435221826    2.547204467    -0.7677758341  1.957624727    
157      I1         1.805055113    2.037184526    2.854658815    0.7031796      0.09937325054  5.80948257     3.40923876     1.629563675    0.07668828648  0.7795405563   
158      I1         1.782005308    1.046126403    3.674731127    0.4276016541   0.7023414344   0.4232596352   1.357631033    2.112548551    -0.4317583209  1.19532613     
159      I1         1.98336308     1.476827842    3.527121202    0.03104441363  0.3976787274   1.655307686    2.001481473    2.97050153     0.2886603385   0.6417435936   
160      I1         1.518373807    1.395823821    3.747975762    0.1476893845   0.5959419406   9.643499685    2.862540153    2.508984455    -0.8836972137  0.7780721318   
161      I1         1.891687544    1.141502574    3.918206436    0.9694566188   0.7716847948   9.915759666    2.677691111    1.333932804    -0.4574273089  0.6780672445   
162      I1         0.3728256627   2.523376056    3.363630834    0.3003703613   0.6129824364   8.826475595    2.848600231    2.464125349    0.8081814212   0.6401110831   
163      I1         1.223180696    1.945292096    3.602551072    0.1097605279   0.544416591    5.526973876    2.491389903    1.049866595    0.2144989361   0.7640864856   
164      I1         1.23627656     2.45621537     2.544324651    0.7815431259   0.687578367    0.4799825509   1.005840887    2.906253323    -0.1620880015  1.721378501    
165      I1         1.35883135     1.402946111    3.25662178     0.9304729949   0.2769640907   7.598144076    1.502462651    1.611051786    -0.5016754139  0.7204971351   
166      I1         0.789572542    2.278022308    2.644512462    0.6501463064   0.5334932255   2.584305403    2.693995187    1.486800229    0.1687194501   0.2345263153   
167      I1         1.008724434    2.145625973    3.592951777    0.5375843765   0.7372736794   3.326900484    2.790834008    1.776554718    -0.6270055646  0.3149765342   
168      I1         1.34845065     2.250487389    3.773679828    0.2022170083   0.8943826397   0.9808256413   1.257138806    2.259768528    0.9544200604   0.3365612078   
169      I1         0.4957277127   1.641290698    2.982554117    0.7165018842   0.1898148325   8.658035885    1.15780769     2.479740193    0.4229395804   0.5886705933   
170      I1         0.6779745915   1.311800029    4.429994142    0.3882659227   0.2729843773   8.246207784    1.91254571     2.06842356     0.5709451081   0.6306843283   
171      I1         1.57691792     2.121766347    3.477901424    0.3576384864   0.041427187    5.440009602    3.271262121    1.387357021    0.5921997391   0.9022397065   
172      I1         0.9905189919   2.286075393    2.745626434    0.6403466023   0.4776620772   9.694709661    3.425336835    2.335777621    -0.08814844138 0.270386362    
173      I1         1.195757245    2.204986631    4.027680889    0.8533427611   0.754291487    0.7883891887   3.499421442    1.436515761    0.2204775822   0.3334788801   
174      I1         1.839793129    1.250427937    3.514350809    0.1755136478   0.05025664172  4.81531904     2.014719743    1.75126556     -0.2304116761  0.8382781238   
175      I1         1.001251893    2.069102264    4.200932026    0.4927495471   0.9266990333   6.002778232    2.222455318    1.72272138     -0.003365763137 0.330568979    
176      I1         1.158709209    2.07451978     4.199785706    0.1522689735   0.3508865161   8.590859009    1.831062441    1.31425145     -0.75217624    0.8712356058   
177      I1         0.5788834067   1.901547742    3.706033907    0.7424456046   0.3536942089   7.140130212    1.659801522    1.473098479    -0.09102284916 0.592452106    
178      I1         0.5964134953   1.497129676    3.568035854    0.4603745082   0.7983745614   2.099368541    1.332058821    1.128942869    0.8563867838   0.3099093576   
179      I1         1.638273917    2.56527134     3.266249106    0.9612380033   0.03605611256  9.036374273    2.194619009    1.673501397    0.9804134291   0.5766870891   
180      I1         1.547070958    1.238174427    3.30779728     0.6784136961   0.9066224618   7.112600664    2.757521514    2.611612008    0.6069845997   0.4584336277   
181      I1         0.6734119334   1.89441514     3.451950994    0.04624513343  0.2451389809   6.983583116    3.368654007    2.370622828    -0.4896433121  0.7793785232   
182      I1         1.369271837    2.274721958    4.401371371    0.6304719765   0.7319429299   1.001748151    1.16816521     1.934124662    0.4952194916   0.2838045011   
183      I1         0.8612097478   1.263157119    3.242283537    0.9833121046   0.2101655837   5.760776018    2.120035492    2.483798056    -0.5348694626  1.72662591     
184      I1         0.5328893243   1.549901358    4.343964989    0.7568711672   0.9796752624   6.452092482    2.393268664    1.200817661    0.2320113662   1.297120515    
185      I1         1.763925888    1.189145543    4.107978047    0.18731588     0.3711483416   0.3541249756   1.692970203    1.213190567    0.2475080492   0.6827404965   
186      I1         0.9869559751   1.712974657    2.792456384    0.713796795    0.8113767914   0.6736454139   2.597056382    1.551537265    -0.1164999219  0.5632407996   
187      I1         0.8102282188   1.672796838    2.672124427    0.6727332147   0.7654600043   2.95335473     3.47513158     1.288401825    0.3249958023   0.4662523381   
188      I1         0.5882173616   2.334124015    4.112339234    0.1991829632   0.265478951    0.9213748418   3.395639015    1.596500653    -0.03127474847 0.6872193609   
189      I1         1.453500029    2.581201481    3.343104422    0.9721338354   0.5057330862   2.691800039    3.337371736    2.532614329    -0.9801642794  0.3455382538   
190      I1         1.736972913    1.277543916    4.214466027    0.01145083127  0.1464932831   3.769961236    2.137949191    1.582927885    0.8310837253   1.217288948    
191      I1         1.20888945     2.05260005     2.941521391    0.7728527275   0.2590210574   8.097781065    2.539600155    1.164788993    0.1000512061   0.2613266442   
192      I1         0.5040713005   1.927909829    2.692654783    0.7223955554   0.7255757899   0.80618625     1.421382374    1.369836423    0.9056303865   0.3613713203   
193      I1         1.623598457    1.283430578    2.806236369    0.8135260645   0.3921249435   6.396943043    2.700210411    1.915158293    -0.6937307743  0.4874391655   
194      I1         1.607192346    1.986444153    3.827213992    0.2363858541   0.4843905536   7.653929643    2.91675701     2.658092867    0.5432330061   0.940729376    
195      I1         1.980969714    2.5130866      4.094441589    0.3225876825   0.9849853431   8.123806979    3.001111917    1.000652321    -0.8006003763  1.013390694    
196      I1         1.078928625    1.089384525    2.922492251    0.02480656156  0.4246184373   5.383896754    1.265648282    2.63125369     0.5259697562   0.2260984083   
197      I1         0.6022293771   2.369053499    3.134494032    0.3151516292   0.103980856    4.452162135    3.166076141    1.519325676    0.931356019    0.625004171    
198      I1         1.182617716    1.819858956    3.331379779    0.1845211468   0.4610069183   8.004857896    2.443266495    2.356551835    -0.5502170901  0.727592069    
199      I1         1.501985263    2.68783041     3.810259928    0.5692604473   0.3121974203   9.446711023    1.036660246    1.680968676    0.5572359647   0.3093023564   
200      I1         0.6291513254   2.484996524    3.896774347    0.4510187388   0.6035568613   4.226906781    3.304283651    2.042769189    -0.06565029081 0.3615547406   
201      I1         0.8561728395   2.689506173    4.487654321    0.6088888889   0.330617284    0.1611111111   2.342592593    2.987654321    -0.987654321   0.3315180291   
202      I1         0.8771604938   2.689506173    4.487654321    0.7177777778   0.8145679012   9.938888889    1.478395062    1.012345679    0.9135802469   0.3677808394   
203      I1         1.170987654    1.010493827    4.487654321    0.4516049383   0.9839506173   4.561111111    1.478395062    1.654320988    0.1481481481   0.6473435915   
204      I1         0.8771604938   1.010493827    3.154320988    0.5725925926   0.01604938272  0.1611111111   2.37345679     2.987654321    -0.987654321   0.3589329624   
205      I1         1.00308642     2.689506173    2.512345679    0.7177777778   0.7177777778   9.938888889    3.021604938    1.012345679    0.987654321    0.4389027577   
206      I1         0.8351851852   2.689506173    3.820987654    0.6088888889   0.5483950617   1.627777778    1.87962963     2.987654321    0.0987654321   0.338973109    
207      I1         1.129012346    2.689506173    2.512345679    0.7782716049   0.2701234568   6.638888889    2.959876543    2.987654321    -0.4444444444  0.256963523    
208      I1         0.6043209877   1.010493827    4.487654321    0.6209876543   0.1007407407   9.938888889    2.805555556    2.987654321    -0.3456790123  0.325674424    
209      I1         0.6043209877   1.933950617    3.154320988    0.5120987654   0.2096296296   0.8944444444   2.898148148    2.987654321    -0.987654321   0.3536436816   
210      I1         1.233950617    2.500617284    4.067901235    0.8266666667   0.5483950617   0.5277777778   2.990740741    2.987654321    -0.7654320988  0.2636692575   
211      I1         1.15           2.689506173    3.179012346    0.7056790123   0.8750617284   8.472222222    2.219135802    2.345679012    -0.5679012346  0.2861815913   
212      I1         1.066049383    1.954938272    2.709876543    0.6088888889   0.4516049383   3.338888889    2.157407407    2.987654321    -0.987654321   0.3689771176   
213      I1         0.8561728395   2.122839506    2.512345679    0.6330864198   0.1128395062   9.938888889    2.712962963    1.012345679    0.2716049383   0.2453968625   
214      I1         1.191975309    1.010493827    4.487654321    0.3427160494   0.9839506173   6.761111111    2.342592593    1.456790123    -0.987654321   0.6667449818   
215      I1         0.4783950617   2.14382716     3.62345679     0.6209876543   0.3427160494   0.1611111111   1.447530864    1.901234568    0.987654321    0.395567928    
216      I1         0.8351851852   2.689506173    3.179012346    0.6088888889   0.5483950617   6.761111111    2.651234568    2.987654321    -0.3456790123  0.3440211305   
217      I1         0.7722222222   1.577160494    4.487654321    0.6209876543   0.06444444444  0.1611111111   2.37345679     2.987654321    -0.987654321   0.2980719916   
218      I1         0.562345679    1.010493827    3.154320988    0.6572839506   0.3427160494   7.861111111    2.712962963    1.654320988    0.987654321    0.3597343873   
219      I1         0.8561728395   1.745061728    3.820987654    0.6572839506   0.3427160494   7.861111111    3.237654321    1.012345679    0.1481481481   0.2654869919   
220      I1         0.8561728395   1.199382716    2.956790123    0.6088888889   0.01604938272  9.938888889    2.00308642     2.345679012    -0.0987654321  0.2498186761   
221      I1         0.6672839506   1.010493827    2.512345679    0.1249382716   0.330617284    0.1611111111   1.385802469    2.790123457    0.987654321    0.5358687437   
222      I1         0.3104938272   2.122839506    3.179012346    0.3790123457   0.330617284    0.1611111111   1.941358025    1.012345679    0.3209876543   0.2695076582   
223      I1         0.8561728395   2.122839506    3.179012346    0.6451851852   0.330617284    6.638888889    1.848765432    1.012345679    0.1975308642   0.2259256617   
224      I1         0.6672839506   2.689506173    2.512345679    0.5483950617   0.9355555556   0.1611111111   2.095679012    1.358024691    0.987654321    0.4079117694   
225      I1         0.8561728395   2.689506173    4.487654321    0.5483950617   0.6572839506   0.1611111111   1.817901235    1.234567901    -0.3209876543  0.2714700057   
226      I1         0.3734567901   1.933950617    3.00617284     0.2217283951   0.7782716049   0.1611111111   1.509259259    2.345679012    0.3456790123   0.3123245269   
227      I1         1.129012346    1.010493827    2.512345679    0.4516049383   0.3790123457   8.961111111    1.941358025    1.012345679    -0.3456790123  0.3358600583   
228      I1         0.6672839506   1.577160494    2.512345679    0.5483950617   0.02814814815  2.238888889    2.37345679     2.987654321    0              0.3503133321   
229      I1         1.129012346    2.500617284    2.734567901    0.7782716049   0.3790123457   0.65           2.990740741    1.012345679    -0.0987654321  0.2785950949   
230      I1         1.233950617    1.933950617    3.401234568    0.8387654321   0.5483950617   9.938888889    3.145061728    2.543209877    -0.2222222222  0.2994639214   
231      I1         1.233950617    1.094444444    2.561728395    0.02814814815  0.9839506173   3.338888889    1.293209877    2.320987654    0.5432098765   0.4527906359   
232      I1         0.7932098765   1.577160494    2.512345679    0.3427160494   0.6572839506   9.938888889    3.330246914    1.135802469    0.04938271605  0.3013485189   
233      I1         0.8561728395   2.122839506    2.512345679    0.5483950617   0.3427160494   6.638888889    2.959876543    1.87654321     -0.2469135802  0.2639380483   
234      I1         0.8561728395   2.14382716     3.598765432    0.6572839506   0.8145679012   4.438888889    1.385802469    2.320987654    0.987654321    0.3589510305   
235      I1         0.3734567901   2.332716049    3.401234568    0.4758024691   0.5241975309   3.461111111    1.478395062    1.679012346    0.3209876543   0.2313118777   
236      I1         0.6672839506   2.689506173    2.512345679    0.4758024691   0.6572839506   0.1611111111   2.095679012    1.728395062    0.1481481481   0.2070768681   
237      I1         0.562345679    1.010493827    3.228395062    0.5120987654   0.2217283951   0.1611111111   1.570987654    2.345679012    0.3209876543   0.2036804181   
238      I1         0.8561728395   1.010493827    3.203703704    0.3427160494   0.6572839506   3.338888889    1.293209877    2.987654321    0.7654320988   0.2634746949   
239      I1         0.562345679    1.954938272    3.179012346    0.4879012346   0.5967901235   0.1611111111   1.848765432    2.567901235    0.3209876543   0.2031571371   
240      I1         0.3314814815   2.122839506    3.179012346    0.3669135802   0.3064197531   0.1611111111   1.540123457    2.518518519    0              0.2856266806   
241      I1         0.8561728395   2.689506173    2.932098765    0.6209876543   0.6572839506   9.938888889    1.848765432    1.234567901    0.02469135802  0.233378235    
242      I1         0.5833333333   2.689506173    3.820987654    0.5362962963   0.6572839506   0.1611111111   2.311728395    2.987654321    -0.987654321   0.3405923106   
243      I1         0.5833333333   1.010493827    3.055555556    0.6088888889   0.2943209877   3.461111111    1.632716049    1.234567901    0.7654320988   0.272153656    
244      I1         0.4783950617   1.451234568    4.290123457    0.5362962963   0.2943209877   0.1611111111   1.540123457    1.654320988    0.3209876543   0.2963022062   
245      I1         0.6672839506   2.689506173    2.512345679    0.5362962963   0.6451851852   3.461111111    2.280864198    1.012345679    0.1975308642   0.2079162657   
246      I1         0.5203703704   2.689506173    3.179012346    0.5120987654   0.6572839506   0.1611111111   2.064814815    1.209876543    0.2962962963   0.1802802718   
247      I1         0.6672839506   2.689506173    3.179012346    0.5483950617   0.6572839506   0.1611111111   2.37345679     1.530864198    0.0987654321   0.1906925073   
248      I1         0.6672839506   2.14382716     2.660493827    0.5241975309   0.01604938272  9.938888889    2.589506173    2.987654321    -0.987654321   0.4416706804   
249      I1         0.6043209877   2.689506173    3.154320988    0.6209876543   0.4516049383   0.1611111111   2.774691358    1.012345679    0.6913580247   0.2542360788   
250      I1         0.562345679    1.010493827    3.969135802    0.6209876543   0.01604938272  0.1611111111   2.095679012    2.987654321    0.3209876543   0.3008005548   
251      I1         0.3734567901   2.689506173    2.512345679    0.4516049383   0.5483950617   3.583333333    2.157407407    2.888888889    -0.0987654321  0.3674429583   
252      I1         0.4154320988   2.521604938    4.487654321    0.5483950617   0.3427160494   6.15           2.62037037     2.320987654    -0.987654321   0.3922123669   
253      I1         0.562345679    2.689506173    3.401234568    0.4516049383   0.6572839506   2.361111111    1.848765432    1.234567901    0              0.2662032264   
254      I1         0.7932098765   1.577160494    4.487654321    0.6572839506   0.7782716049   3.338888889    3.484567901    1.654320988    0.987654321    0.3958866382   
255      I1         0.5203703704   2.689506173    2.512345679    0.4637037037   0.5967901235   0.1611111111   2.867283951    1.012345679    0.2716049383   0.1975155615   
256      I1         1.338888889    1.031481481    3.179012346    0.8266666667   0.8266666667   6.761111111    1.694444444    2.987654321    0.987654321    0.4015959125   
257      I1         0.8561728395   2.521604938    2.709876543    0.4879012346   0.6209876543   6.761111111    3.484567901    1.679012346    -0.987654321   0.3273739088   
258      I1         0.7722222222   1.745061728    3.154320988    0.5483950617   0.4516049383   9.938888889    2.990740741    2.469135802    -0.987654321   0.273361409    
259      I1         0.5833333333   2.689506173    2.512345679    0.4032098765   0.6572839506   3.338888889    2.959876543    1.012345679    -0.9135802469  0.311555836    
260      I1         0.7722222222   2.689506173    2.512345679    0.5362962963   0.6451851852   0.1611111111   3.237654321    1.012345679    -0.1234567901  0.1881991761   
261      I1         1.842592593    2.647530864    4.290123457    0.5120987654   0.3790123457   0.1611111111   1.262345679    2.987654321    0.987654321    0.5286976967   
262      I1         1.29691358     2.059876543    3.598765432    0.7903703704   0.5483950617   9.938888889    1.385802469    1.654320988    0.6172839506   0.2178003547   
263      I1         1.422839506    1.010493827    2.956790123    0.3427160494   0.4516049383   3.338888889    1.077160494    2.320987654    0.7901234568   0.3540059796   
264      I1         1.401851852    2.689506173    4.290123457    0.6572839506   0.9839506173   0.1611111111   1.632716049    1.654320988    0.6419753086   0.2826819715   
265      I1         1.422839506    2.500617284    4.487654321    0.5            0.7782716049   9.938888889    1.046296296    2.345679012    0.8641975309   0.2981971743   
266      I1         0.6672839506   2.689506173    2.512345679    0.4879012346   0.5483950617   3.338888889    3.484567901    1.012345679    0.1481481481   0.2472065515   
267      I1         0.9820987654   1.010493827    3.62345679     0.6451851852   0.3790123457   3.338888889    1.540123457    1.50617284     0.4197530864   0.2195377311   
268      I1         0.4783950617   2.122839506    3.154320988    0.5120987654   0.6572839506   0.1611111111   1.601851852    1.654320988    0.6913580247   0.2667957719   
269      I1         0.625308642    2.332716049    2.808641975    0.4516049383   0.5483950617   0.1611111111   3.206790123    1.012345679    -0.0987654321  0.1964136785   
270      I1         0.8561728395   1.010493827    3.179012346    0.5            0.4637037037   0.1611111111   1.848765432    2.987654321    0.2222222222   0.2382281267   
271      I1         0.8561728395   2.668518519    3.154320988    0.6451851852   0.4274074074   0.1611111111   2.990740741    2.320987654    -0.987654321   0.2665515743   
272      I1         0.8561728395   1.010493827    2.512345679    0.02814814815  0.330617284    6.761111111    1.540123457    2.345679012    0.1728395062   0.5035903232   
273      I1         0.6672839506   1.199382716    3.179012346    0.5483950617   0.2217283951   3.338888889    1.632716049    2.987654321    0.3209876543   0.3033427401   
274      I1         0.6672839506   1.010493827    2.858024691    0.5            0.01604938272  0.1611111111   1.725308642    1.283950617    0.1975308642   0.1901515269   
275      I1         0.7722222222   1.010493827    3.598765432    0.6572839506   0.01604938272  0.1611111111   2.651234568    1.679012346    0.3209876543   0.2211011413   
276      I1         0.6043209877   1.010493827    3.203703704    0.5120987654   0.1249382716   0.1611111111   1.972222222    1.802469136    0.2222222222   0.1883360641   
277      I1         0.8561728395   2.416666667    3.845679012    0.5120987654   0.9839506173   0.1611111111   1.817901235    2.765432099    0.2469135802   0.323011438    
278      I1         0.4574074074   2.689506173    3.845679012    0.5362962963   0.5967901235   0.1611111111   1.540123457    2.567901235    0.07407407407  0.2125540114   
279      I1         0.8561728395   1.682098765    4.413580247    0.6209876543   0.4032098765   0.1611111111   2.49691358     2.567901235    -0.987654321   0.2397128793   
280      I1         0.562345679    2.500617284    3.179012346    0.5483950617   0.5604938272   0.1611111111   1.787037037    1.925925926    0.2469135802   0.1920153233   
281      I1         0.625308642    1.010493827    4.487654321    0.6572839506   0.3427160494   0.1611111111   2.651234568    2.567901235    0.3209876543   0.2778436837   
282      I1         0.7302469136   2.689506173    3.179012346    0.4758024691   0.01604938272  0.1611111111   1.601851852    1.679012346    -0.987654321   0.2507222251   
283      I1         0.6672839506   1.85           3.820987654    0.5483950617   0.3427160494   0.1611111111   1.87962963     2.641975309    -0.3209876543  0.2412503621   
284      I1         0.6672839506   2.689506173    4.487654321    0.6088888889   0.5483950617   9.938888889    1.540123457    2.345679012    -0.0987654321  0.274855591    
285      I1         0.4574074074   1.577160494    3.179012346    0.3911111111   0.5241975309   0.1611111111   1.262345679    2.049382716    0.3209876543   0.260931844    
286      I1         0.3104938272   1.010493827    3.154320988    0.4516049383   0.3427160494   0.1611111111   2.682098765    2.345679012    0.3209876543   0.2616592616   
287      I1         0.6672839506   1.010493827    3.154320988    0.1249382716   0.8750617284   0.1611111111   2.682098765    1.679012346    0.987654321    0.6334706262   
288      I1         0.8351851852   1.577160494    3.055555556    0.2459259259   0.7903703704   0.1611111111   3.268518519    1.679012346    -0.9382716049  0.320641083    
289      I1         0.8561728395   1.010493827    2.512345679    0.4879012346   0.4032098765   0.1611111111   3.484567901    2.345679012    0.1234567901   0.2467051416   
290      I1         0.6672839506   1.933950617    2.512345679    0.4637037037   0.5483950617   0.1611111111   3.484567901    1.703703704    -0.0987654321  0.2245050992   
291      I1         0.6672839506   1.010493827    2.709876543    0.5483950617   0.3427160494   9.938888889    3.052469136    2.345679012    0.2469135802   0.2603543959   
292      I1         0.8561728395   1.010493827    3.796296296    0.6451851852   0.3427160494   9.938888889    1.848765432    2.345679012    0.1975308642   0.2580495525   
293      I1         0.562345679    1.010493827    3.030864198    0.4879012346   0.3427160494   0.1611111111   3.083333333    1.382716049    0.3456790123   0.2801809422   
294      I1         0.6672839506   1.199382716    2.512345679    0.4516049383   0.5483950617   0.1611111111   2.805555556    2.987654321    0.1234567901   0.2528686855   
295      I1         0.8561728395   1.010493827    3.820987654    0.6572839506   0.1733333333   0.1611111111   3.484567901    2.987654321    0.02469135802  0.2253354797   
296      I1         0.7722222222   2.332716049    4.487654321    0.6209876543   0.3427160494   0.1611111111   2.651234568    1.012345679    -0.3209876543  0.2556070459   
297      I1         0.562345679    2.122839506    2.783950617    0.4879012346   0.5483950617   0.1611111111   2.682098765    1.679012346    0.3209876543   0.1847926739   
298      I1         0.6462962963   2.689506173    2.512345679    0.5483950617   0.6814814815   0.1611111111   2.774691358    2.395061728    0.0987654321   0.1893546584   
299      I1         0.6043209877   2.122839506    2.512345679    0.5120987654   0.5483950617   0.1611111111   3.021604938    2.12345679     0.0987654321   0.2081475794   
300      I1         0.8561728395   1.010493827    3.598765432    0.5120987654   0.3427160494   0.1611111111   3.484567901    2.345679012    -0.3209876543  0.2139415763   
%eval_id interface log__t_efold_shallow log__t_efold_soil log__t_efold_karst f_exfiltration_shallow f_exfiltration_soil PDD_melt_factor log__Hmax_shallow log__fdd_threshold log__routing_K neg_kge        
301      I1         0.5203703704   2.689506173    3.179012346    0.5120987654   0.6572839506   0.1611111111   2.064814815    1.209876543    0.2962962963   0.1802802718   
302      I1         0.6903703704   2.689506173    3.179012346    0.5120987654   0.6572839506   0.1611111111   2.064814815    1.209876543    0.2962962963   0.214288758    
303      I1         0.5203703704   2.689506173    3.379012346    0.5120987654   0.6572839506   0.1611111111   2.064814815    1.209876543    0.2962962963   0.1902811185   
304      I1         0.5203703704   2.689506173    3.179012346    0.6100987654   0.6572839506   0.1611111111   2.064814815    1.209876543    0.2962962963   0.2803834933   
305      I1         0.5203703704   2.689506173    3.179012346    0.5120987654   0.7552839506   0.1611111111   2.064814815    1.209876543    0.2962962963   0.1787887215   
306      I1         0.5203703704   2.689506173    3.179012346    0.5120987654   0.6572839506   1.151111111    2.064814815    1.209876543    0.2962962963   0.1816962573   
307      I1         0.5203703704   2.689506173    3.179012346    0.5120987654   0.6572839506   0.1611111111   2.314814815    1.209876543    0.2962962963   0.1802802718   
308      I1         0.5203703704   2.689506173    3.179012346    0.5120987654   0.6572839506   0.1611111111   2.064814815    1.409876543    0.2962962963   0.1802633983   
309      I1         0.5203703704   2.689506173    3.179012346    0.5120987654   0.6572839506   0.1611111111   2.064814815    1.209876543    0.4962962963   0.227592909    
310      I1         0.3503703704   2.689506173    3.179012346    0.5120987654   0.6572839506   0.1611111111   2.064814815    1.209876543    0.2962962963   0.1998167209   
311      I1         0.5203703704   2.519506173    3.179012346    0.5120987654   0.6572839506   0.1611111111   2.064814815    1.209876543    0.2962962963   0.1791616646   
312      I1         0.5203703704   2.689506173    2.979012346    0.5120987654   0.6572839506   0.1611111111   2.064814815    1.209876543    0.2962962963   0.1780935965   
313      I1         0.5203703704   2.689506173    3.179012346    0.4140987654   0.6572839506   0.1611111111   2.064814815    1.209876543    0.2962962963   0.2729512414   
314      I1         0.5203703704   2.689506173    3.179012346    0.5120987654   0.5592839506   0.1611111111   2.064814815    1.209876543    0.2962962963   0.1824917361   
315      I1         0.5203703704   2.689506173    3.179012346    0.5120987654   0.6572839506   0.1611111111   1.814814815    1.209876543    0.2962962963   0.1802802718   
316      I1         0.5203703704   2.689506173    3.179012346    0.5120987654   0.6572839506   0.1611111111   2.064814815    1.009876543    0.2962962963   0.180757651    
317      I1         0.5203703704   2.689506173    3.179012346    0.5120987654   0.6572839506   0.1611111111   2.064814815    1.209876543    0.0962962963   0.2068388631   
318      I1         0.6053703704   2.689506173    3.179012346    0.5120987654   0.6572839506   0.1611111111   2.064814815    1.209876543    0.2962962963   0.1922179154   
319      I1         0.5203703704   2.689506173    3.279012346    0.5120987654   0.6572839506   0.1611111111   2.064814815    1.209876543    0.2962962963   0.184182902    
320      I1         0.5203703704   2.689506173    3.179012346    0.5610987654   0.6572839506   0.1611111111   2.064814815    1.209876543    0.2962962963   0.2108780182   
321      I1         0.5203703704   2.689506173    3.179012346    0.5120987654   0.7062839506   0.1611111111   2.064814815    1.209876543    0.2962962963   0.1794281609   
322      I1         0.5203703704   2.689506173    3.179012346    0.5120987654   0.6572839506   0.6561111111   2.064814815    1.209876543    0.2962962963   0.1692226229   
323      I1         0.5203703704   2.689506173    3.179012346    0.5120987654   0.6572839506   0.1611111111   2.189814815    1.209876543    0.2962962963   0.1802802718   
324      I1         0.5203703704   2.689506173    3.179012346    0.5120987654   0.6572839506   0.1611111111   2.064814815    1.309876543    0.2962962963   0.1803261067   
325      I1         0.5203703704   2.689506173    3.179012346    0.5120987654   0.6572839506   0.1611111111   2.064814815    1.209876543    0.3962962963   0.1975433494   
326      I1         0.4353703704   2.689506173    3.179012346    0.5120987654   0.6572839506   0.1611111111   2.064814815    1.209876543    0.2962962963   0.1844244577   
327      I1         0.5203703704   2.604506173    3.179012346    0.5120987654   0.6572839506   0.1611111111   2.064814815    1.209876543    0.2962962963   0.1795142041   
328      I1         0.5203703704   2.689506173    3.079012346    0.5120987654   0.6572839506   0.1611111111   2.064814815    1.209876543    0.2962962963   0.178498147    
329      I1         0.5203703704   2.689506173    3.179012346    0.4630987654   0.6572839506   0.1611111111   2.064814815    1.209876543    0.2962962963   0.2188520057   
330      I1         0.5203703704   2.689506173    3.179012346    0.5120987654   0.6082839506   0.1611111111   2.064814815    1.209876543    0.2962962963   0.1813117436   
331      I1         0.5203703704   2.689506173    3.179012346    0.5120987654   0.6572839506   0.1611111111   1.939814815    1.209876543    0.2962962963   0.1802802718   
332      I1         0.5203703704   2.689506173    3.179012346    0.5120987654   0.6572839506   0.1611111111   2.064814815    1.109876543    0.2962962963   0.1803284373   
333      I1         0.5203703704   2.689506173    3.179012346    0.5120987654   0.6572839506   0.1611111111   2.064814815    1.209876543    0.1962962963   0.1852690371   
334      I1         0.6053703704   2.689506173    3.179012346    0.5120987654   0.6572839506   0.6561111111   2.064814815    1.209876543    0.2962962963   0.1881589029   
335      I1         0.5203703704   2.689506173    3.279012346    0.5120987654   0.6572839506   0.6561111111   2.064814815    1.209876543    0.2962962963   0.1752926039   
336      I1         0.5203703704   2.689506173    3.179012346    0.5610987654   0.6572839506   0.6561111111   2.064814815    1.209876543    0.2962962963   0.1809411684   
337      I1         0.5203703704   2.689506173    3.179012346    0.5120987654   0.7062839506   0.6561111111   2.064814815    1.209876543    0.2962962963   0.167494976    
338      I1         0.5203703704   2.689506173    3.179012346    0.5120987654   0.6572839506   0.6561111111   2.189814815    1.209876543    0.2962962963   0.1692226229   
339      I1         0.5203703704   2.689506173    3.179012346    0.5120987654   0.6572839506   0.6561111111   2.064814815    1.309876543    0.2962962963   0.1691611307   
340      I1         0.5203703704   2.689506173    3.179012346    0.5120987654   0.6572839506   0.6561111111   2.064814815    1.209876543    0.3962962963   0.1930237057   
341      I1         0.4353703704   2.689506173    3.179012346    0.5120987654   0.6572839506   0.6561111111   2.064814815    1.209876543    0.2962962963   0.1638887964   
342      I1         0.5203703704   2.604506173    3.179012346    0.5120987654   0.6572839506   0.6561111111   2.064814815    1.209876543    0.2962962963   0.1675864671   
343      I1         0.5203703704   2.689506173    3.079012346    0.5120987654   0.6572839506   0.6561111111   2.064814815    1.209876543    0.2962962963   0.1650442045   
344      I1         0.5203703704   2.689506173    3.179012346    0.4630987654   0.6572839506   0.6561111111   2.064814815    1.209876543    0.2962962963   0.2166655295   
345      I1         0.5203703704   2.689506173    3.179012346    0.5120987654   0.6082839506   0.6561111111   2.064814815    1.209876543    0.2962962963   0.1710144435   
346      I1         0.5203703704   2.689506173    3.179012346    0.5120987654   0.6572839506   0.6561111111   1.939814815    1.209876543    0.2962962963   0.1692226229   
347      I1         0.5203703704   2.689506173    3.179012346    0.5120987654   0.6572839506   0.6561111111   2.064814815    1.109876543    0.2962962963   0.1690037198   
348      I1         0.5203703704   2.689506173    3.179012346    0.5120987654   0.6572839506   0.6561111111   2.064814815    1.209876543    0.1962962963   0.1655839961   
349      I1         0.4353703704   2.689506173    3.279012346    0.5120987654   0.6572839506   0.6561111111   2.064814815    1.209876543    0.2962962963   0.1660326759   
350      I1         0.4353703704   2.689506173    3.179012346    0.5610987654   0.6572839506   0.6561111111   2.064814815    1.209876543    0.2962962963   0.2049599266   
351      I1         0.4353703704   2.689506173    3.179012346    0.5120987654   0.7062839506   0.6561111111   2.064814815    1.209876543    0.2962962963   0.1637863788   
352      I1         0.4353703704   2.689506173    3.179012346    0.5120987654   0.6572839506   1.151111111    2.064814815    1.209876543    0.2962962963   0.1707797812   
353      I1         0.4353703704   2.689506173    3.179012346    0.5120987654   0.6572839506   0.6561111111   2.189814815    1.209876543    0.2962962963   0.1638887964   
354      I1         0.4353703704   2.689506173    3.179012346    0.5120987654   0.6572839506   0.6561111111   2.064814815    1.309876543    0.2962962963   0.1638674764   
355      I1         0.4353703704   2.689506173    3.179012346    0.5120987654   0.6572839506   0.6561111111   2.064814815    1.209876543    0.3962962963   0.176532607    
356      I1         0.3503703704   2.689506173    3.179012346    0.5120987654   0.6572839506   0.6561111111   2.064814815    1.209876543    0.2962962963   0.1763085323   
357      I1         0.4353703704   2.604506173    3.179012346    0.5120987654   0.6572839506   0.6561111111   2.064814815    1.209876543    0.2962962963   0.1638367969   
358      I1         0.4353703704   2.689506173    3.079012346    0.5120987654   0.6572839506   0.6561111111   2.064814815    1.209876543    0.2962962963   0.1641340351   
359      I1         0.4353703704   2.689506173    3.179012346    0.4630987654   0.6572839506   0.6561111111   2.064814815    1.209876543    0.2962962963   0.197460457    
360      I1         0.4353703704   2.689506173    3.179012346    0.5120987654   0.6082839506   0.6561111111   2.064814815    1.209876543    0.2962962963   0.164290364    
361      I1         0.4353703704   2.689506173    3.179012346    0.5120987654   0.6572839506   0.6561111111   1.939814815    1.209876543    0.2962962963   0.1638887964   
362      I1         0.4353703704   2.689506173    3.179012346    0.5120987654   0.6572839506   0.6561111111   2.064814815    1.109876543    0.2962962963   0.1640843606   
363      I1         0.4353703704   2.689506173    3.179012346    0.5120987654   0.6572839506   0.6561111111   2.064814815    1.209876543    0.1962962963   0.1861926188   
364      I1         0.4778703704   2.689506173    3.179012346    0.5120987654   0.6572839506   0.6561111111   2.064814815    1.209876543    0.2962962963   0.1641881751   
365      I1         0.4353703704   2.689506173    3.229012346    0.5120987654   0.6572839506   0.6561111111   2.064814815    1.209876543    0.2962962963   0.1645921321   
366      I1         0.4353703704   2.689506173    3.179012346    0.5365987654   0.6572839506   0.6561111111   2.064814815    1.209876543    0.2962962963   0.1784265962   
367      I1         0.4353703704   2.689506173    3.179012346    0.5120987654   0.6817839506   0.6561111111   2.064814815    1.209876543    0.2962962963   0.1637985757   
368      I1         0.4353703704   2.689506173    3.179012346    0.5120987654   0.6572839506   0.9036111111   2.064814815    1.209876543    0.2962962963   0.1652240074   
369      I1         0.4353703704   2.689506173    3.179012346    0.5120987654   0.6572839506   0.6561111111   2.127314815    1.209876543    0.2962962963   0.1638887964   
370      I1         0.4353703704   2.689506173    3.179012346    0.5120987654   0.6572839506   0.6561111111   2.064814815    1.259876543    0.2962962963   0.1638946452   
371      I1         0.4353703704   2.689506173    3.179012346    0.5120987654   0.6572839506   0.6561111111   2.064814815    1.209876543    0.3462962963   0.1662874271   
372      I1         0.3928703704   2.689506173    3.179012346    0.5120987654   0.6572839506   0.6561111111   2.064814815    1.209876543    0.2962962963   0.168392938    
373      I1         0.4353703704   2.647006173    3.179012346    0.5120987654   0.6572839506   0.6561111111   2.064814815    1.209876543    0.2962962963   0.1637980392   
374      I1         0.4353703704   2.689506173    3.129012346    0.5120987654   0.6572839506   0.6561111111   2.064814815    1.209876543    0.2962962963   0.1638007164   
375      I1         0.4353703704   2.689506173    3.179012346    0.4875987654   0.6572839506   0.6561111111   2.064814815    1.209876543    0.2962962963   0.1743850142   
376      I1         0.4353703704   2.689506173    3.179012346    0.5120987654   0.6327839506   0.6561111111   2.064814815    1.209876543    0.2962962963   0.1640539641   
377      I1         0.4353703704   2.689506173    3.179012346    0.5120987654   0.6572839506   0.4086111111   2.064814815    1.209876543    0.2962962963   0.1686472806   
378      I1         0.4353703704   2.689506173    3.179012346    0.5120987654   0.6572839506   0.6561111111   2.002314815    1.209876543    0.2962962963   0.1638887964   
379      I1         0.4353703704   2.689506173    3.179012346    0.5120987654   0.6572839506   0.6561111111   2.064814815    1.159876543    0.2962962963   0.1639680127   
380      I1         0.4353703704   2.689506173    3.179012346    0.5120987654   0.6572839506   0.6561111111   2.064814815    1.209876543    0.2462962963   0.1716635831   
381      I1         0.4566203704   2.689506173    3.179012346    0.5120987654   0.6572839506   0.6561111111   2.064814815    1.209876543    0.2962962963   0.163354816    
382      I1         0.4353703704   2.689506173    3.204012346    0.5120987654   0.6572839506   0.6561111111   2.064814815    1.209876543    0.2962962963   0.1641535687   
383      I1         0.4353703704   2.689506173    3.179012346    0.5243487654   0.6572839506   0.6561111111   2.064814815    1.209876543    0.2962962963   0.1689253162   
384      I1         0.4353703704   2.689506173    3.179012346    0.5120987654   0.6695339506   0.6561111111   2.064814815    1.209876543    0.2962962963   0.1638341107   
385      I1         0.4353703704   2.689506173    3.179012346    0.5120987654   0.6572839506   0.7798611111   2.064814815    1.209876543    0.2962962963   0.1640089447   
386      I1         0.4353703704   2.689506173    3.179012346    0.5120987654   0.6572839506   0.6561111111   2.096064815    1.209876543    0.2962962963   0.1638887964   
387      I1         0.4353703704   2.689506173    3.179012346    0.5120987654   0.6572839506   0.6561111111   2.064814815    1.234876543    0.2962962963   0.1638946452   
388      I1         0.4353703704   2.689506173    3.179012346    0.5120987654   0.6572839506   0.6561111111   2.064814815    1.209876543    0.3212962963   0.1638357561   
389      I1         0.4141203704   2.689506173    3.179012346    0.5120987654   0.6572839506   0.6561111111   2.064814815    1.209876543    0.2962962963   0.1656451342   
390      I1         0.4353703704   2.668256173    3.179012346    0.5120987654   0.6572839506   0.6561111111   2.064814815    1.209876543    0.2962962963   0.1638282617   
391      I1         0.4353703704   2.689506173    3.154012346    0.5120987654   0.6572839506   0.6561111111   2.064814815    1.209876543    0.2962962963   0.1637790331   
392      I1         0.4353703704   2.689506173    3.179012346    0.4998487654   0.6572839506   0.6561111111   2.064814815    1.209876543    0.2962962963   0.1661845994   
393      I1         0.4353703704   2.689506173    3.179012346    0.5120987654   0.6450339506   0.6561111111   2.064814815    1.209876543    0.2962962963   0.1639622291   
394      I1         0.4353703704   2.689506173    3.179012346    0.5120987654   0.6572839506   0.5323611111   2.064814815    1.209876543    0.2962962963   0.1654551552   
395      I1         0.4353703704   2.689506173    3.179012346    0.5120987654   0.6572839506   0.6561111111   2.033564815    1.209876543    0.2962962963   0.1638887964   
396      I1         0.4353703704   2.689506173    3.179012346    0.5120987654   0.6572839506   0.6561111111   2.064814815    1.184876543    0.2962962963   0.1638566486   
397      I1         0.4353703704   2.689506173    3.179012346    0.5120987654   0.6572839506   0.6561111111   2.064814815    1.209876543    0.2712962963   0.1666421146   
398      I1         0.4566203704   2.689506173    3.204012346    0.5120987654   0.6572839506   0.6561111111   2.064814815    1.209876543    0.2962962963   0.1640071432   
399      I1         0.4566203704   2.689506173    3.179012346    0.5243487654   0.6572839506   0.6561111111   2.064814815    1.209876543    0.2962962963   0.1657449828   
400      I1         0.4566203704   2.689506173    3.179012346    0.5120987654   0.6695339506   0.6561111111   2.064814815    1.209876543    0.2962962963   0.1631675209   
401      I1         0.4566203704   2.689506173    3.179012346    0.5120987654   0.6572839506   0.7798611111   2.064814815    1.209876543    0.2962962963   0.1642131827   
402      I1         0.4566203704   2.689506173    3.179012346    0.5120987654   0.6572839506   0.6561111111   2.096064815    1.209876543    0.2962962963   0.163354816    
403      I1         0.4566203704   2.689506173    3.179012346    0.5120987654   0.6572839506   0.6561111111   2.064814815    1.234876543    0.2962962963   0.1633653647   
404      I1         0.4566203704   2.689506173    3.179012346    0.5120987654   0.6572839506   0.6561111111   2.064814815    1.209876543    0.3212962963   0.1649492931   
405      I1         0.4566203704   2.668256173    3.179012346    0.5120987654   0.6572839506   0.6561111111   2.064814815    1.209876543    0.2962962963   0.1631733539   
406      I1         0.4566203704   2.689506173    3.154012346    0.5120987654   0.6572839506   0.6561111111   2.064814815    1.209876543    0.2962962963   0.162860513    
407      I1         0.4566203704   2.689506173    3.179012346    0.4998487654   0.6572839506   0.6561111111   2.064814815    1.209876543    0.2962962963   0.168280535    
408      I1         0.4566203704   2.689506173    3.179012346    0.5120987654   0.6450339506   0.6561111111   2.064814815    1.209876543    0.2962962963   0.1635579121   
409      I1         0.4566203704   2.689506173    3.179012346    0.5120987654   0.6572839506   0.5323611111   2.064814815    1.209876543    0.2962962963   0.1639598657   
410      I1         0.4566203704   2.689506173    3.179012346    0.5120987654   0.6572839506   0.6561111111   2.033564815    1.209876543    0.2962962963   0.163354816    
411      I1         0.4566203704   2.689506173    3.179012346    0.5120987654   0.6572839506   0.6561111111   2.064814815    1.184876543    0.2962962963   0.1633294857   
412      I1         0.4566203704   2.689506173    3.179012346    0.5120987654   0.6572839506   0.6561111111   2.064814815    1.209876543    0.2712962963   0.1642324592   
413      I1         0.4778703704   2.689506173    3.154012346    0.5120987654   0.6572839506   0.6561111111   2.064814815    1.209876543    0.2962962963   0.1633632631   
414      I1         0.4566203704   2.689506173    3.154012346    0.5243487654   0.6572839506   0.6561111111   2.064814815    1.209876543    0.2962962963   0.1661513475   
415      I1         0.4566203704   2.689506173    3.154012346    0.5120987654   0.6695339506   0.6561111111   2.064814815    1.209876543    0.2962962963   0.1627296889   
416      I1         0.4566203704   2.689506173    3.154012346    0.5120987654   0.6572839506   0.7798611111   2.064814815    1.209876543    0.2962962963   0.1634968183   
417      I1         0.4566203704   2.689506173    3.154012346    0.5120987654   0.6572839506   0.6561111111   2.096064815    1.209876543    0.2962962963   0.162860513    
418      I1         0.4566203704   2.689506173    3.154012346    0.5120987654   0.6572839506   0.6561111111   2.064814815    1.234876543    0.2962962963   0.162870193    
419      I1         0.4566203704   2.689506173    3.154012346    0.5120987654   0.6572839506   0.6561111111   2.064814815    1.209876543    0.3212962963   0.1640424233   
420      I1         0.4566203704   2.668256173    3.154012346    0.5120987654   0.6572839506   0.6561111111   2.064814815    1.209876543    0.2962962963   0.1627225005   
421      I1         0.4566203704   2.689506173    3.129012346    0.5120987654   0.6572839506   0.6561111111   2.064814815    1.209876543    0.2962962963   0.1625118977   
422      I1         0.4566203704   2.689506173    3.154012346    0.4998487654   0.6572839506   0.6561111111   2.064814815    1.209876543    0.2962962963   0.1670794179   
423      I1         0.4566203704   2.689506173    3.154012346    0.5120987654   0.6450339506   0.6561111111   2.064814815    1.209876543    0.2962962963   0.1630056784   
424      I1         0.4566203704   2.689506173    3.154012346    0.5120987654   0.6572839506   0.5323611111   2.064814815    1.209876543    0.2962962963   0.1637796114   
425      I1         0.4566203704   2.689506173    3.154012346    0.5120987654   0.6572839506   0.6561111111   2.033564815    1.209876543    0.2962962963   0.162860513    
426      I1         0.4566203704   2.689506173    3.154012346    0.5120987654   0.6572839506   0.6561111111   2.064814815    1.184876543    0.2962962963   0.1628323868   
427      I1         0.4566203704   2.689506173    3.154012346    0.5120987654   0.6572839506   0.6561111111   2.064814815    1.209876543    0.2712962963   0.1642518987   
428      I1         0.4778703704   2.689506173    3.129012346    0.5120987654   0.6572839506   0.6561111111   2.064814815    1.209876543    0.2962962963   0.1626771236   
429      I1         0.4566203704   2.689506173    3.129012346    0.5243487654   0.6572839506   0.6561111111   2.064814815    1.209876543    0.2962962963   0.1666244495   
430      I1         0.4566203704   2.689506173    3.129012346    0.5120987654   0.6695339506   0.6561111111   2.064814815    1.209876543    0.2962962963   0.1624284104   
431      I1         0.4566203704   2.689506173    3.129012346    0.5120987654   0.6572839506   0.7798611111   2.064814815    1.209876543    0.2962962963   0.1629248304   
432      I1         0.4566203704   2.689506173    3.129012346    0.5120987654   0.6572839506   0.6561111111   2.096064815    1.209876543    0.2962962963   0.1625118977   
433      I1         0.4566203704   2.689506173    3.129012346    0.5120987654   0.6572839506   0.6561111111   2.064814815    1.234876543    0.2962962963   0.1625207205   
434      I1         0.4566203704   2.689506173    3.129012346    0.5120987654   0.6572839506   0.6561111111   2.064814815    1.209876543    0.3212962963   0.1632723227   
435      I1         0.4566203704   2.668256173    3.129012346    0.5120987654   0.6572839506   0.6561111111   2.064814815    1.209876543    0.2962962963   0.1624153667   
436      I1         0.4566203704   2.689506173    3.104012346    0.5120987654   0.6572839506   0.6561111111   2.064814815    1.209876543    0.2962962963   0.1622923117   
437      I1         0.4566203704   2.689506173    3.129012346    0.4998487654   0.6572839506   0.6561111111   2.064814815    1.209876543    0.2962962963   0.1660048404   
438      I1         0.4566203704   2.689506173    3.129012346    0.5120987654   0.6450339506   0.6561111111   2.064814815    1.209876543    0.2962962963   0.1626081283   
439      I1         0.4566203704   2.689506173    3.129012346    0.5120987654   0.6572839506   0.5323611111   2.064814815    1.209876543    0.2962962963   0.1637335443   
440      I1         0.4566203704   2.689506173    3.129012346    0.5120987654   0.6572839506   0.6561111111   2.033564815    1.209876543    0.2962962963   0.1625118977   
441      I1         0.4566203704   2.689506173    3.129012346    0.5120987654   0.6572839506   0.6561111111   2.064814815    1.184876543    0.2962962963   0.1624810578   
442      I1         0.4566203704   2.689506173    3.129012346    0.5120987654   0.6572839506   0.6561111111   2.064814815    1.209876543    0.2712962963   0.1643923516   
443      I1         0.4778703704   2.689506173    3.104012346    0.5120987654   0.6572839506   0.6561111111   2.064814815    1.209876543    0.2962962963   0.1621216882   
444      I1         0.4566203704   2.689506173    3.104012346    0.5243487654   0.6572839506   0.6561111111   2.064814815    1.209876543    0.2962962963   0.1671394744   
445      I1         0.4566203704   2.689506173    3.104012346    0.5120987654   0.6695339506   0.6561111111   2.064814815    1.209876543    0.2962962963   0.1622470111   
446      I1         0.4566203704   2.689506173    3.104012346    0.5120987654   0.6572839506   0.7798611111   2.064814815    1.209876543    0.2962962963   0.1624865563   
447      I1         0.4566203704   2.689506173    3.104012346    0.5120987654   0.6572839506   0.6561111111   2.096064815    1.209876543    0.2962962963   0.1622923117   
448      I1         0.4566203704   2.689506173    3.104012346    0.5120987654   0.6572839506   0.6561111111   2.064814815    1.234876543    0.2962962963   0.1623003174   
449      I1         0.4566203704   2.689506173    3.104012346    0.5120987654   0.6572839506   0.6561111111   2.064814815    1.209876543    0.3212962963   0.1626321375   
450      I1         0.4353703704   2.689506173    3.104012346    0.5120987654   0.6572839506   0.6561111111   2.064814815    1.209876543    0.2962962963   0.1639277951   
451      I1         0.4566203704   2.668256173    3.104012346    0.5120987654   0.6572839506   0.6561111111   2.064814815    1.209876543    0.2962962963   0.1622340642   
452      I1         0.4566203704   2.689506173    3.079012346    0.5120987654   0.6572839506   0.6561111111   2.064814815    1.209876543    0.2962962963   0.1621820784   
453      I1         0.4566203704   2.689506173    3.104012346    0.4998487654   0.6572839506   0.6561111111   2.064814815    1.209876543    0.2962962963   0.165054093    
454      I1         0.4566203704   2.689506173    3.104012346    0.5120987654   0.6450339506   0.6561111111   2.064814815    1.209876543    0.2962962963   0.1623487399   
455      I1         0.4566203704   2.689506173    3.104012346    0.5120987654   0.6572839506   0.5323611111   2.064814815    1.209876543    0.2962962963   0.1637973184   
456      I1         0.4566203704   2.689506173    3.104012346    0.5120987654   0.6572839506   0.6561111111   2.033564815    1.209876543    0.2962962963   0.1622923117   
457      I1         0.4566203704   2.689506173    3.104012346    0.5120987654   0.6572839506   0.6561111111   2.064814815    1.184876543    0.2962962963   0.1622588996   
458      I1         0.4566203704   2.689506173    3.104012346    0.5120987654   0.6572839506   0.6561111111   2.064814815    1.209876543    0.2712962963   0.164625823    
459      I1         0.5203703704   2.689506173    3.104012346    0.5120987654   0.6572839506   0.6561111111   2.064814815    1.209876543    0.2962962963   0.1659168126   
460      I1         0.4778703704   2.689506173    3.104012346    0.5365987654   0.6572839506   0.6561111111   2.064814815    1.209876543    0.2962962963   0.171876159    
461      I1         0.4778703704   2.689506173    3.104012346    0.5120987654   0.6817839506   0.6561111111   2.064814815    1.209876543    0.2962962963   0.1618353482   
462      I1         0.4778703704   2.689506173    3.104012346    0.5120987654   0.6572839506   0.9036111111   2.064814815    1.209876543    0.2962962963   0.1648771266   
463      I1         0.4778703704   2.689506173    3.104012346    0.5120987654   0.6572839506   0.6561111111   2.127314815    1.209876543    0.2962962963   0.1621216882   
464      I1         0.4778703704   2.689506173    3.104012346    0.5120987654   0.6572839506   0.6561111111   2.064814815    1.259876543    0.2962962963   0.1621361626   
465      I1         0.4778703704   2.689506173    3.104012346    0.5120987654   0.6572839506   0.6561111111   2.064814815    1.209876543    0.3462962963   0.1680427414   
466      I1         0.4778703704   2.647006173    3.104012346    0.5120987654   0.6572839506   0.6561111111   2.064814815    1.209876543    0.2962962963   0.1617881101   
467      I1         0.4778703704   2.689506173    3.054012346    0.5120987654   0.6572839506   0.6561111111   2.064814815    1.209876543    0.2962962963   0.1613562312   
468      I1         0.4778703704   2.689506173    3.104012346    0.4875987654   0.6572839506   0.6561111111   2.064814815    1.209876543    0.2962962963   0.1773606981   
469      I1         0.4778703704   2.689506173    3.104012346    0.5120987654   0.6327839506   0.6561111111   2.064814815    1.209876543    0.2962962963   0.1624434929   
470      I1         0.4778703704   2.689506173    3.104012346    0.5120987654   0.6572839506   0.4086111111   2.064814815    1.209876543    0.2962962963   0.1648741286   
471      I1         0.4778703704   2.689506173    3.104012346    0.5120987654   0.6572839506   0.6561111111   2.002314815    1.209876543    0.2962962963   0.1621216882   
472      I1         0.4778703704   2.689506173    3.104012346    0.5120987654   0.6572839506   0.6561111111   2.064814815    1.159876543    0.2962962963   0.1620966452   
473      I1         0.4778703704   2.689506173    3.104012346    0.5120987654   0.6572839506   0.6561111111   2.064814815    1.209876543    0.2462962963   0.1653173282   
474      I1         0.5203703704   2.689506173    3.054012346    0.5120987654   0.6572839506   0.6561111111   2.064814815    1.209876543    0.2962962963   0.1642784741   
475      I1         0.4778703704   2.689506173    3.054012346    0.5365987654   0.6572839506   0.6561111111   2.064814815    1.209876543    0.2962962963   0.1733154912   
476      I1         0.4778703704   2.689506173    3.054012346    0.5120987654   0.6817839506   0.6561111111   2.064814815    1.209876543    0.2962962963   0.1612045438   
477      I1         0.4778703704   2.689506173    3.054012346    0.5120987654   0.6572839506   0.9036111111   2.064814815    1.209876543    0.2962962963   0.163563534    
478      I1         0.4778703704   2.689506173    3.054012346    0.5120987654   0.6572839506   0.6561111111   2.127314815    1.209876543    0.2962962963   0.1613562312   
479      I1         0.4778703704   2.689506173    3.054012346    0.5120987654   0.6572839506   0.6561111111   2.064814815    1.259876543    0.2962962963   0.1613686377   
480      I1         0.4778703704   2.689506173    3.054012346    0.5120987654   0.6572839506   0.6561111111   2.064814815    1.209876543    0.3462962963   0.1662764545   
481      I1         0.4353703704   2.689506173    3.054012346    0.5120987654   0.6572839506   0.6561111111   2.064814815    1.209876543    0.2962962963   0.1643948826   
482      I1         0.4778703704   2.647006173    3.054012346    0.5120987654   0.6572839506   0.6561111111   2.064814815    1.209876543    0.2962962963   0.1611556191   
483      I1         0.4778703704   2.689506173    3.004012346    0.5120987654   0.6572839506   0.6561111111   2.064814815    1.209876543    0.2962962963   0.1609547057   
484      I1         0.4778703704   2.689506173    3.054012346    0.4875987654   0.6572839506   0.6561111111   2.064814815    1.209876543    0.2962962963   0.1751655244   
485      I1         0.4778703704   2.689506173    3.054012346    0.5120987654   0.6327839506   0.6561111111   2.064814815    1.209876543    0.2962962963   0.1615365491   
486      I1         0.4778703704   2.689506173    3.054012346    0.5120987654   0.6572839506   0.4086111111   2.064814815    1.209876543    0.2962962963   0.1650840992   
487      I1         0.4778703704   2.689506173    3.054012346    0.5120987654   0.6572839506   0.6561111111   2.002314815    1.209876543    0.2962962963   0.1613562312   
488      I1         0.4778703704   2.689506173    3.054012346    0.5120987654   0.6572839506   0.6561111111   2.064814815    1.159876543    0.2962962963   0.1613830717   
489      I1         0.4778703704   2.689506173    3.054012346    0.5120987654   0.6572839506   0.6561111111   2.064814815    1.209876543    0.2462962963   0.1660544561   
490      I1         0.4991203704   2.689506173    3.054012346    0.5120987654   0.6572839506   0.6561111111   2.064814815    1.209876543    0.2962962963   0.1621054055   
491      I1         0.4778703704   2.689506173    3.079012346    0.5120987654   0.6572839506   0.6561111111   2.064814815    1.209876543    0.2962962963   0.161685886    
492      I1         0.4778703704   2.689506173    3.054012346    0.5243487654   0.6572839506   0.6561111111   2.064814815    1.209876543    0.2962962963   0.1647365182   
493      I1         0.4778703704   2.689506173    3.054012346    0.5120987654   0.6695339506   0.6561111111   2.064814815    1.209876543    0.2962962963   0.1612766902   
494      I1         0.4778703704   2.689506173    3.054012346    0.5120987654   0.6572839506   0.7798611111   2.064814815    1.209876543    0.2962962963   0.1620171715   
495      I1         0.4778703704   2.689506173    3.054012346    0.5120987654   0.6572839506   0.6561111111   2.096064815    1.209876543    0.2962962963   0.1613562312   
496      I1         0.4778703704   2.689506173    3.054012346    0.5120987654   0.6572839506   0.6561111111   2.064814815    1.234876543    0.2962962963   0.1613686377   
497      I1         0.4778703704   2.689506173    3.054012346    0.5120987654   0.6572839506   0.6561111111   2.064814815    1.209876543    0.3212962963   0.1627602593   
498      I1         0.4566203704   2.689506173    3.054012346    0.5120987654   0.6572839506   0.6561111111   2.064814815    1.209876543    0.2962962963   0.1621601382   
499      I1         0.4778703704   2.668256173    3.054012346    0.5120987654   0.6572839506   0.6561111111   2.064814815    1.209876543    0.2962962963   0.1612421846   
500      I1         0.4778703704   2.689506173    3.029012346    0.5120987654   0.6572839506   0.6561111111   2.064814815    1.209876543    0.2962962963   0.1611176969   
501      I1         0.4778703704   2.689506173    3.054012346    0.4998487654   0.6572839506   0.6561111111   2.064814815    1.209876543    0.2962962963   0.1657941562   
502      I1         0.4778703704   2.689506173    3.054012346    0.5120987654   0.6450339506   0.6561111111   2.064814815    1.209876543    0.2962962963   0.1614429299   
503      I1         0.4778703704   2.689506173    3.054012346    0.5120987654   0.6572839506   0.5323611111   2.064814815    1.209876543    0.2962962963   0.1622840298   
504      I1         0.4778703704   2.689506173    3.054012346    0.5120987654   0.6572839506   0.6561111111   2.033564815    1.209876543    0.2962962963   0.1613562312   
505      I1         0.4778703704   2.689506173    3.054012346    0.5120987654   0.6572839506   0.6561111111   2.064814815    1.184876543    0.2962962963   0.1613264247   
506      I1         0.4778703704   2.689506173    3.054012346    0.5120987654   0.6572839506   0.6561111111   2.064814815    1.209876543    0.2712962963   0.1625157692   
507      I1         0.4991203704   2.689506173    3.029012346    0.5120987654   0.6572839506   0.6561111111   2.064814815    1.209876543    0.2962962963   0.1616139164   
508      I1         0.4778703704   2.689506173    3.029012346    0.5243487654   0.6572839506   0.6561111111   2.064814815    1.209876543    0.2962962963   0.1650897458   
509      I1         0.4778703704   2.689506173    3.029012346    0.5120987654   0.6695339506   0.6561111111   2.064814815    1.209876543    0.2962962963   0.1610627953   
510      I1         0.4778703704   2.689506173    3.029012346    0.5120987654   0.6572839506   0.7798611111   2.064814815    1.209876543    0.2962962963   0.1616116481   
511      I1         0.4778703704   2.689506173    3.029012346    0.5120987654   0.6572839506   0.6561111111   2.096064815    1.209876543    0.2962962963   0.1611176969   
512      I1         0.4778703704   2.689506173    3.029012346    0.5120987654   0.6572839506   0.6561111111   2.064814815    1.234876543    0.2962962963   0.1611291509   
513      I1         0.4778703704   2.689506173    3.029012346    0.5120987654   0.6572839506   0.6561111111   2.064814815    1.209876543    0.3212962963   0.1622244179   
514      I1         0.4566203704   2.689506173    3.029012346    0.5120987654   0.6572839506   0.6561111111   2.064814815    1.209876543    0.2962962963   0.1622056846   
515      I1         0.4778703704   2.668256173    3.029012346    0.5120987654   0.6572839506   0.6561111111   2.064814815    1.209876543    0.2962962963   0.1610326293   
516      I1         0.4778703704   2.689506173    3.029012346    0.4998487654   0.6572839506   0.6561111111   2.064814815    1.209876543    0.2962962963   0.1650440083   
517      I1         0.4778703704   2.689506173    3.029012346    0.5120987654   0.6450339506   0.6561111111   2.064814815    1.209876543    0.2962962963   0.1611789634   
518      I1         0.4778703704   2.689506173    3.029012346    0.5120987654   0.6572839506   0.5323611111   2.064814815    1.209876543    0.2962962963   0.1622709236   
519      I1         0.4778703704   2.689506173    3.029012346    0.5120987654   0.6572839506   0.6561111111   2.033564815    1.209876543    0.2962962963   0.1611176969   
520      I1         0.4778703704   2.689506173    3.029012346    0.5120987654   0.6572839506   0.6561111111   2.064814815    1.184876543    0.2962962963   0.161085875    
521      I1         0.4778703704   2.689506173    3.029012346    0.5120987654   0.6572839506   0.6561111111   2.064814815    1.209876543    0.2712962963   0.1626279218   
522      I1         0.4991203704   2.689506173    3.004012346    0.5120987654   0.6572839506   0.6561111111   2.064814815    1.209876543    0.2962962963   0.161210867    
523      I1         0.4778703704   2.689506173    3.004012346    0.5243487654   0.6572839506   0.6561111111   2.064814815    1.209876543    0.2962962963   0.16544356     
524      I1         0.4778703704   2.689506173    3.004012346    0.5120987654   0.6695339506   0.6561111111   2.064814815    1.209876543    0.2962962963   0.1609189488   
525      I1         0.4778703704   2.689506173    3.004012346    0.5120987654   0.6572839506   0.7798611111   2.064814815    1.209876543    0.2962962963   0.1612920552   
526      I1         0.4778703704   2.689506173    3.004012346    0.5120987654   0.6572839506   0.6561111111   2.096064815    1.209876543    0.2962962963   0.1609547057   
527      I1         0.4778703704   2.689506173    3.004012346    0.5120987654   0.6572839506   0.6561111111   2.064814815    1.234876543    0.2962962963   0.1609652887   
528      I1         0.4778703704   2.689506173    3.004012346    0.5120987654   0.6572839506   0.6561111111   2.064814815    1.209876543    0.3212962963   0.1617790736   
529      I1         0.4566203704   2.689506173    3.004012346    0.5120987654   0.6572839506   0.6561111111   2.064814815    1.209876543    0.2962962963   0.162299467    
530      I1         0.4778703704   2.668256173    3.004012346    0.5120987654   0.6572839506   0.6561111111   2.064814815    1.209876543    0.2962962963   0.1608952376   
531      I1         0.4778703704   2.689506173    2.979012346    0.5120987654   0.6572839506   0.6561111111   2.064814815    1.209876543    0.2962962963   0.1608521022   
532      I1         0.4778703704   2.689506173    3.004012346    0.4998487654   0.6572839506   0.6561111111   2.064814815    1.209876543    0.2962962963   0.1643922378   
533      I1         0.4778703704   2.689506173    3.004012346    0.5120987654   0.6450339506   0.6561111111   2.064814815    1.209876543    0.2962962963   0.1609961315   
534      I1         0.4778703704   2.689506173    3.004012346    0.5120987654   0.6572839506   0.5323611111   2.064814815    1.209876543    0.2962962963   0.1623119463   
535      I1         0.4778703704   2.689506173    3.004012346    0.5120987654   0.6572839506   0.6561111111   2.033564815    1.209876543    0.2962962963   0.1609547057   
536      I1         0.4778703704   2.689506173    3.004012346    0.5120987654   0.6572839506   0.6561111111   2.064814815    1.184876543    0.2962962963   0.1609210285   
537      I1         0.4778703704   2.689506173    3.004012346    0.5120987654   0.6572839506   0.6561111111   2.064814815    1.209876543    0.2712962963   0.1627797749   
538      I1         0.4884953704   2.689506173    3.004012346    0.5120987654   0.6572839506   0.6561111111   2.064814815    1.209876543    0.2962962963   0.1608711629   
539      I1         0.4778703704   2.689506173    3.016512346    0.5120987654   0.6572839506   0.6561111111   2.064814815    1.209876543    0.2962962963   0.1610277256   
540      I1         0.4778703704   2.689506173    3.004012346    0.5182237654   0.6572839506   0.6561111111   2.064814815    1.209876543    0.2962962963   0.1623788694   
541      I1         0.4778703704   2.689506173    3.004012346    0.5120987654   0.6634089506   0.6561111111   2.064814815    1.209876543    0.2962962963   0.1609361085   
542      I1         0.4778703704   2.689506173    3.004012346    0.5120987654   0.6572839506   0.7179861111   2.064814815    1.209876543    0.2962962963   0.1609609215   
543      I1         0.4778703704   2.689506173    3.004012346    0.5120987654   0.6572839506   0.6561111111   2.080439815    1.209876543    0.2962962963   0.1609547057   
544      I1         0.4778703704   2.689506173    3.004012346    0.5120987654   0.6572839506   0.6561111111   2.064814815    1.222376543    0.2962962963   0.1609547723   
545      I1         0.4778703704   2.689506173    3.004012346    0.5120987654   0.6572839506   0.6561111111   2.064814815    1.209876543    0.3087962963   0.1610408089   
546      I1         0.4672453704   2.689506173    3.004012346    0.5120987654   0.6572839506   0.6561111111   2.064814815    1.209876543    0.2962962963   0.1614380441   
547      I1         0.4778703704   2.678881173    3.004012346    0.5120987654   0.6572839506   0.6561111111   2.064814815    1.209876543    0.2962962963   0.1609216792   
548      I1         0.4778703704   2.689506173    2.991512346    0.5120987654   0.6572839506   0.6561111111   2.064814815    1.209876543    0.2962962963   0.1608967632   
549      I1         0.4778703704   2.689506173    3.004012346    0.5059737654   0.6572839506   0.6561111111   2.064814815    1.209876543    0.2962962963   0.1616698223   
550      I1         0.4778703704   2.689506173    3.004012346    0.5120987654   0.6511589506   0.6561111111   2.064814815    1.209876543    0.2962962963   0.1609747197   
551      I1         0.4778703704   2.689506173    3.004012346    0.5120987654   0.6572839506   0.5942361111   2.064814815    1.209876543    0.2962962963   0.1613961138   
552      I1         0.4778703704   2.689506173    3.004012346    0.5120987654   0.6572839506   0.6561111111   2.049189815    1.209876543    0.2962962963   0.1609547057   
553      I1         0.4778703704   2.689506173    3.004012346    0.5120987654   0.6572839506   0.6561111111   2.064814815    1.197376543    0.2962962963   0.1609547057   
554      I1         0.4778703704   2.689506173    3.004012346    0.5120987654   0.6572839506   0.6561111111   2.064814815    1.209876543    0.2837962963   0.161545757    
555      I1         0.4884953704   2.689506173    3.016512346    0.5120987654   0.6572839506   0.6561111111   2.064814815    1.209876543    0.2962962963   0.161006214    
556      I1         0.4884953704   2.689506173    3.004012346    0.5182237654   0.6572839506   0.6561111111   2.064814815    1.209876543    0.2962962963   0.1614309097   
557      I1         0.4884953704   2.689506173    3.004012346    0.5120987654   0.6634089506   0.6561111111   2.064814815    1.209876543    0.2962962963   0.1608352166   
558      I1         0.4884953704   2.689506173    3.004012346    0.5120987654   0.6572839506   0.7179861111   2.064814815    1.209876543    0.2962962963   0.1611319392   
559      I1         0.4884953704   2.689506173    3.004012346    0.5120987654   0.6572839506   0.6561111111   2.080439815    1.209876543    0.2962962963   0.1608711629   
560      I1         0.4884953704   2.689506173    3.004012346    0.5120987654   0.6572839506   0.6561111111   2.064814815    1.222376543    0.2962962963   0.1608713035   
561      I1         0.4884953704   2.689506173    3.004012346    0.5120987654   0.6572839506   0.6561111111   2.064814815    1.209876543    0.3087962963   0.1614410967   
562      I1         0.4884953704   2.678881173    3.004012346    0.5120987654   0.6572839506   0.6561111111   2.064814815    1.209876543    0.2962962963   0.1608084726   
563      I1         0.4884953704   2.689506173    2.991512346    0.5120987654   0.6572839506   0.6561111111   2.064814815    1.209876543    0.2962962963   0.1607537425   
564      I1         0.4884953704   2.689506173    3.004012346    0.5059737654   0.6572839506   0.6561111111   2.064814815    1.209876543    0.2962962963   0.1624547399   
565      I1         0.4884953704   2.689506173    3.004012346    0.5120987654   0.6511589506   0.6561111111   2.064814815    1.209876543    0.2962962963   0.1609083459   
566      I1         0.4884953704   2.689506173    3.004012346    0.5120987654   0.6572839506   0.5942361111   2.064814815    1.209876543    0.2962962963   0.1610240252   
567      I1         0.4884953704   2.689506173    3.004012346    0.5120987654   0.6572839506   0.6561111111   2.049189815    1.209876543    0.2962962963   0.1608711629   
568      I1         0.4884953704   2.689506173    3.004012346    0.5120987654   0.6572839506   0.6561111111   2.064814815    1.197376543    0.2962962963   0.1608711629   
569      I1         0.4884953704   2.689506173    3.004012346    0.5120987654   0.6572839506   0.6561111111   2.064814815    1.209876543    0.2837962963   0.160941224    
570      I1         0.4991203704   2.689506173    2.991512346    0.5120987654   0.6572839506   0.6561111111   2.064814815    1.209876543    0.2962962963   0.1610390785   
571      I1         0.4884953704   2.689506173    2.991512346    0.5182237654   0.6572839506   0.6561111111   2.064814815    1.209876543    0.2962962963   0.1614526613   
572      I1         0.4884953704   2.689506173    2.991512346    0.5120987654   0.6634089506   0.6561111111   2.064814815    1.209876543    0.2962962963   0.1607225498   
573      I1         0.4884953704   2.689506173    2.991512346    0.5120987654   0.6572839506   0.7179861111   2.064814815    1.209876543    0.2962962963   0.1609769791   
574      I1         0.4884953704   2.689506173    2.991512346    0.5120987654   0.6572839506   0.6561111111   2.080439815    1.209876543    0.2962962963   0.1607537425   
575      I1         0.4884953704   2.689506173    2.991512346    0.5120987654   0.6572839506   0.6561111111   2.064814815    1.222376543    0.2962962963   0.1607538662   
576      I1         0.4884953704   2.689506173    2.991512346    0.5120987654   0.6572839506   0.6561111111   2.064814815    1.209876543    0.3087962963   0.1612604651   
577      I1         0.4884953704   2.678881173    2.991512346    0.5120987654   0.6572839506   0.6561111111   2.064814815    1.209876543    0.2962962963   0.1606970647   
578      I1         0.4884953704   2.689506173    2.979012346    0.5120987654   0.6572839506   0.6561111111   2.064814815    1.209876543    0.2962962963   0.1606523439   
579      I1         0.4884953704   2.689506173    2.991512346    0.5059737654   0.6572839506   0.6561111111   2.064814815    1.209876543    0.2962962963   0.1622158314   
580      I1         0.4884953704   2.689506173    2.991512346    0.5120987654   0.6511589506   0.6561111111   2.064814815    1.209876543    0.2962962963   0.160786109    
581      I1         0.4884953704   2.689506173    2.991512346    0.5120987654   0.6572839506   0.5942361111   2.064814815    1.209876543    0.2962962963   0.1609513593   
582      I1         0.4884953704   2.689506173    2.991512346    0.5120987654   0.6572839506   0.6561111111   2.049189815    1.209876543    0.2962962963   0.1607537425   
583      I1         0.4884953704   2.689506173    2.991512346    0.5120987654   0.6572839506   0.6561111111   2.064814815    1.197376543    0.2962962963   0.1607537425   
584      I1         0.4884953704   2.689506173    2.991512346    0.5120987654   0.6572839506   0.6561111111   2.064814815    1.209876543    0.2837962963   0.1608952592   
585      I1         0.4991203704   2.689506173    2.979012346    0.5120987654   0.6572839506   0.6561111111   2.064814815    1.209876543    0.2962962963   0.1608852665   
586      I1         0.4884953704   2.689506173    2.979012346    0.5182237654   0.6572839506   0.6561111111   2.064814815    1.209876543    0.2962962963   0.1614822899   
587      I1         0.4884953704   2.689506173    2.979012346    0.5120987654   0.6634089506   0.6561111111   2.064814815    1.209876543    0.2962962963   0.1606253688   
588      I1         0.4884953704   2.689506173    2.979012346    0.5120987654   0.6572839506   0.7179861111   2.064814815    1.209876543    0.2962962963   0.1608395159   
589      I1         0.4884953704   2.689506173    2.979012346    0.5120987654   0.6572839506   0.6561111111   2.080439815    1.209876543    0.2962962963   0.1606523439   
590      I1         0.4884953704   2.689506173    2.979012346    0.5120987654   0.6572839506   0.6561111111   2.064814815    1.222376543    0.2962962963   0.1606524521   
591      I1         0.4884953704   2.689506173    2.979012346    0.5120987654   0.6572839506   0.6561111111   2.064814815    1.209876543    0.3087962963   0.1610981387   
592      I1         0.4778703704   2.689506173    2.979012346    0.5120987654   0.6572839506   0.6561111111   2.064814815    1.209876543    0.2962962963   0.1608521022   
593      I1         0.4884953704   2.678881173    2.979012346    0.5120987654   0.6572839506   0.6561111111   2.064814815    1.209876543    0.2962962963   0.1606013243   
594      I1         0.4884953704   2.689506173    2.966512346    0.5120987654   0.6572839506   0.6561111111   2.064814815    1.209876543    0.2962962963   0.160565407    
595      I1         0.4884953704   2.689506173    2.979012346    0.5059737654   0.6572839506   0.6561111111   2.064814815    1.209876543    0.2962962963   0.1619972327   
596      I1         0.4884953704   2.689506173    2.979012346    0.5120987654   0.6511589506   0.6561111111   2.064814815    1.209876543    0.2962962963   0.1606804356   
597      I1         0.4884953704   2.689506173    2.979012346    0.5120987654   0.6572839506   0.5942361111   2.064814815    1.209876543    0.2962962963   0.1608926328   
598      I1         0.4884953704   2.689506173    2.979012346    0.5120987654   0.6572839506   0.6561111111   2.049189815    1.209876543    0.2962962963   0.1606523439   
599      I1         0.4884953704   2.689506173    2.979012346    0.5120987654   0.6572839506   0.6561111111   2.064814815    1.197376543    0.2962962963   0.1606523439   
600      I1         0.4884953704   2.689506173    2.979012346    0.5120987654   0.6572839506   0.6561111111   2.064814815    1.209876543    0.2837962963   0.1608619242   
601      I1         0.4991203704   2.689506173    2.966512346    0.5120987654   0.6572839506   0.6561111111   2.064814815    1.209876543    0.2962962963   0.1607480641   
602      I1         0.4884953704   2.689506173    2.966512346    0.5182237654   0.6572839506   0.6561111111   2.064814815    1.209876543    0.2962962963   0.1615181988   
603      I1         0.4884953704   2.689506173    2.966512346    0.5120987654   0.6634089506   0.6561111111   2.064814815    1.209876543    0.2962962963   0.1605421557   
604      I1         0.4884953704   2.689506173    2.966512346    0.5120987654   0.6572839506   0.7179861111   2.064814815    1.209876543    0.2962962963   0.1607181075   
605      I1         0.4884953704   2.689506173    2.966512346    0.5120987654   0.6572839506   0.6561111111   2.080439815    1.209876543    0.2962962963   0.160565407    
606      I1         0.4884953704   2.689506173    2.966512346    0.5120987654   0.6572839506   0.6561111111   2.064814815    1.222376543    0.2962962963   0.1605655012   
607      I1         0.4884953704   2.689506173    2.966512346    0.5120987654   0.6572839506   0.6561111111   2.064814815    1.209876543    0.3087962963   0.1609527738   
608      I1         0.4778703704   2.689506173    2.966512346    0.5120987654   0.6572839506   0.6561111111   2.064814815    1.209876543    0.2962962963   0.1608190226   
609      I1         0.4884953704   2.678881173    2.966512346    0.5120987654   0.6572839506   0.6561111111   2.064814815    1.209876543    0.2962962963   0.160519687    
610      I1         0.4884953704   2.689506173    2.954012346    0.5120987654   0.6572839506   0.6561111111   2.064814815    1.209876543    0.2962962963   0.1604914395   
611      I1         0.4884953704   2.689506173    2.966512346    0.5059737654   0.6572839506   0.6561111111   2.064814815    1.209876543    0.2962962963   0.1617977897   
612      I1         0.4884953704   2.689506173    2.966512346    0.5120987654   0.6511589506   0.6561111111   2.064814815    1.209876543    0.2962962963   0.1605897248   
613      I1         0.4884953704   2.689506173    2.966512346    0.5120987654   0.6572839506   0.5942361111   2.064814815    1.209876543    0.2962962963   0.1608461841   
614      I1         0.4884953704   2.689506173    2.966512346    0.5120987654   0.6572839506   0.6561111111   2.049189815    1.209876543    0.2962962963   0.160565407    
615      I1         0.4884953704   2.689506173    2.966512346    0.5120987654   0.6572839506   0.6561111111   2.064814815    1.197376543    0.2962962963   0.160565407    
616      I1         0.4884953704   2.689506173    2.966512346    0.5120987654   0.6572839506   0.6561111111   2.064814815    1.209876543    0.2837962963   0.1608395024   
617      I1         0.5097453704   2.689506173    2.954012346    0.5120987654   0.6572839506   0.6561111111   2.064814815    1.209876543    0.2962962963   0.1611954703   
618      I1         0.4884953704   2.689506173    2.979012346    0.5120987654   0.6572839506   0.6561111111   2.064814815    1.209876543    0.2962962963   0.1606523439   
619      I1         0.4884953704   2.689506173    2.954012346    0.5243487654   0.6572839506   0.6561111111   2.064814815    1.209876543    0.2962962963   0.1643788559   
620      I1         0.4884953704   2.689506173    2.954012346    0.5120987654   0.6695339506   0.6561111111   2.064814815    1.209876543    0.2962962963   0.1604525149   
621      I1         0.4884953704   2.689506173    2.954012346    0.5120987654   0.6572839506   0.7798611111   2.064814815    1.209876543    0.2962962963   0.1610375118   
622      I1         0.4884953704   2.689506173    2.954012346    0.5120987654   0.6572839506   0.6561111111   2.096064815    1.209876543    0.2962962963   0.1604914395   
623      I1         0.4884953704   2.689506173    2.954012346    0.5120987654   0.6572839506   0.6561111111   2.064814815    1.234876543    0.2962962963   0.1605043529   
624      I1         0.4884953704   2.689506173    2.954012346    0.5120987654   0.6572839506   0.6561111111   2.064814815    1.209876543    0.3212962963   0.1617785586   
625      I1         0.4672453704   2.689506173    2.954012346    0.5120987654   0.6572839506   0.6561111111   2.064814815    1.209876543    0.2962962963   0.1614996419   
626      I1         0.4884953704   2.668256173    2.954012346    0.5120987654   0.6572839506   0.6561111111   2.064814815    1.209876543    0.2962962963   0.1604161017   
627      I1         0.4884953704   2.689506173    2.929012346    0.5120987654   0.6572839506   0.6561111111   2.064814815    1.209876543    0.2962962963   0.1603768397   
628      I1         0.4884953704   2.689506173    2.954012346    0.4998487654   0.6572839506   0.6561111111   2.064814815    1.209876543    0.2962962963   0.1646632574   
629      I1         0.4884953704   2.689506173    2.954012346    0.5120987654   0.6450339506   0.6561111111   2.064814815    1.209876543    0.2962962963   0.1605344626   
630      I1         0.4884953704   2.689506173    2.954012346    0.5120987654   0.6572839506   0.5323611111   2.064814815    1.209876543    0.2962962963   0.1615974881   
631      I1         0.4884953704   2.689506173    2.954012346    0.5120987654   0.6572839506   0.6561111111   2.033564815    1.209876543    0.2962962963   0.1604914395   
632      I1         0.4884953704   2.689506173    2.954012346    0.5120987654   0.6572839506   0.6561111111   2.064814815    1.184876543    0.2962962963   0.1604592627   
633      I1         0.4884953704   2.689506173    2.954012346    0.5120987654   0.6572839506   0.6561111111   2.064814815    1.209876543    0.2712962963   0.1618129944   
634      I1         0.4991203704   2.689506173    2.954012346    0.5120987654   0.6572839506   0.6561111111   2.064814815    1.209876543    0.2962962963   0.1606261335   
635      I1         0.4884953704   2.689506173    2.954012346    0.5182237654   0.6572839506   0.6561111111   2.064814815    1.209876543    0.2962962963   0.1615589473   
636      I1         0.4884953704   2.689506173    2.954012346    0.5120987654   0.6634089506   0.6561111111   2.064814815    1.209876543    0.2962962963   0.1604714578   
637      I1         0.4884953704   2.689506173    2.954012346    0.5120987654   0.6572839506   0.7179861111   2.064814815    1.209876543    0.2962962963   0.1606113521   
638      I1         0.4884953704   2.689506173    2.954012346    0.5120987654   0.6572839506   0.6561111111   2.080439815    1.209876543    0.2962962963   0.1604914395   
639      I1         0.4884953704   2.689506173    2.954012346    0.5120987654   0.6572839506   0.6561111111   2.064814815    1.222376543    0.2962962963   0.1604915211   
640      I1         0.4884953704   2.689506173    2.954012346    0.5120987654   0.6572839506   0.6561111111   2.064814815    1.209876543    0.3087962963   0.1608230534   
641      I1         0.4778703704   2.689506173    2.954012346    0.5120987654   0.6572839506   0.6561111111   2.064814815    1.209876543    0.2962962963   0.1607959327   
642      I1         0.4884953704   2.678881173    2.954012346    0.5120987654   0.6572839506   0.6561111111   2.064814815    1.209876543    0.2962962963   0.1604506599   
643      I1         0.4884953704   2.689506173    2.941512346    0.5120987654   0.6572839506   0.6561111111   2.064814815    1.209876543    0.2962962963   0.1604290266   
644      I1         0.4884953704   2.689506173    2.954012346    0.5059737654   0.6572839506   0.6561111111   2.064814815    1.209876543    0.2962962963   0.1616163448   
645      I1         0.4884953704   2.689506173    2.954012346    0.5120987654   0.6511589506   0.6561111111   2.064814815    1.209876543    0.2962962963   0.1605124422   
646      I1         0.4884953704   2.689506173    2.954012346    0.5120987654   0.6572839506   0.5942361111   2.064814815    1.209876543    0.2962962963   0.1608104499   
647      I1         0.4884953704   2.689506173    2.954012346    0.5120987654   0.6572839506   0.6561111111   2.049189815    1.209876543    0.2962962963   0.1604914395   
648      I1         0.4884953704   2.689506173    2.954012346    0.5120987654   0.6572839506   0.6561111111   2.064814815    1.197376543    0.2962962963   0.1604914395   
649      I1         0.4884953704   2.689506173    2.954012346    0.5120987654   0.6572839506   0.6561111111   2.064814815    1.209876543    0.2837962963   0.1608263985   
650      I1         0.4991203704   2.689506173    2.941512346    0.5120987654   0.6572839506   0.6561111111   2.064814815    1.209876543    0.2962962963   0.1605181799   
651      I1         0.4884953704   2.689506173    2.941512346    0.5182237654   0.6572839506   0.6561111111   2.064814815    1.209876543    0.2962962963   0.1616032513   
652      I1         0.4884953704   2.689506173    2.941512346    0.5120987654   0.6634089506   0.6561111111   2.064814815    1.209876543    0.2962962963   0.1604119023   
653      I1         0.4884953704   2.689506173    2.941512346    0.5120987654   0.6572839506   0.7179861111   2.064814815    1.209876543    0.2962962963   0.1605179024   
654      I1         0.4884953704   2.689506173    2.941512346    0.5120987654   0.6572839506   0.6561111111   2.080439815    1.209876543    0.2962962963   0.1604290266   
655      I1         0.4884953704   2.689506173    2.941512346    0.5120987654   0.6572839506   0.6561111111   2.064814815    1.222376543    0.2962962963   0.1604290969   
656      I1         0.4884953704   2.689506173    2.941512346    0.5120987654   0.6572839506   0.6561111111   2.064814815    1.209876543    0.3087962963   0.1607076987   
657      I1         0.4778703704   2.689506173    2.941512346    0.5120987654   0.6572839506   0.6561111111   2.064814815    1.209876543    0.2962962963   0.1607813638   
658      I1         0.4884953704   2.678881173    2.941512346    0.5120987654   0.6572839506   0.6561111111   2.064814815    1.209876543    0.2962962963   0.1603928293   
659      I1         0.4884953704   2.689506173    2.929012346    0.5120987654   0.6572839506   0.6561111111   2.064814815    1.209876543    0.2962962963   0.1603768397   
660      I1         0.4884953704   2.689506173    2.941512346    0.5059737654   0.6572839506   0.6561111111   2.064814815    1.209876543    0.2962962963   0.1614517522   
661      I1         0.4884953704   2.689506173    2.941512346    0.5120987654   0.6511589506   0.6561111111   2.064814815    1.209876543    0.2962962963   0.1604471306   
662      I1         0.4884953704   2.689506173    2.941512346    0.5120987654   0.6572839506   0.5942361111   2.064814815    1.209876543    0.2962962963   0.1607839757   
663      I1         0.4884953704   2.689506173    2.941512346    0.5120987654   0.6572839506   0.6561111111   2.049189815    1.209876543    0.2962962963   0.1604290266   
664      I1         0.4884953704   2.689506173    2.941512346    0.5120987654   0.6572839506   0.6561111111   2.064814815    1.197376543    0.2962962963   0.1604290266   
665      I1         0.4884953704   2.689506173    2.941512346    0.5120987654   0.6572839506   0.6561111111   2.064814815    1.209876543    0.2837962963   0.1608211451   
666      I1         0.4991203704   2.689506173    2.929012346    0.5120987654   0.6572839506   0.6561111111   2.064814815    1.209876543    0.2962962963   0.1604229618   
667      I1         0.4884953704   2.689506173    2.929012346    0.5182237654   0.6572839506   0.6561111111   2.064814815    1.209876543    0.2962962963   0.1616499775   
668      I1         0.4884953704   2.689506173    2.929012346    0.5120987654   0.6634089506   0.6561111111   2.064814815    1.209876543    0.2962962963   0.1603621998   
669      I1         0.4884953704   2.689506173    2.929012346    0.5120987654   0.6572839506   0.7179861111   2.064814815    1.209876543    0.2962962963   0.1604364741   
670      I1         0.4884953704   2.689506173    2.929012346    0.5120987654   0.6572839506   0.6561111111   2.080439815    1.209876543    0.2962962963   0.1603768397   
671      I1         0.4884953704   2.689506173    2.929012346    0.5120987654   0.6572839506   0.6561111111   2.064814815    1.222376543    0.2962962963   0.1603768999   
672      I1         0.4884953704   2.689506173    2.929012346    0.5120987654   0.6572839506   0.6561111111   2.064814815    1.209876543    0.3087962963   0.1606054839   
673      I1         0.4778703704   2.689506173    2.929012346    0.5120987654   0.6572839506   0.6561111111   2.064814815    1.209876543    0.2962962963   0.1607739734   
674      I1         0.4884953704   2.678881173    2.929012346    0.5120987654   0.6572839506   0.6561111111   2.064814815    1.209876543    0.2962962963   0.1603448771   
675      I1         0.4884953704   2.689506173    2.916512346    0.5120987654   0.6572839506   0.6561111111   2.064814815    1.209876543    0.2962962963   0.160333648    
676      I1         0.4884953704   2.689506173    2.929012346    0.5059737654   0.6572839506   0.6561111111   2.064814815    1.209876543    0.2962962963   0.1613028867   
677      I1         0.4884953704   2.689506173    2.929012346    0.5120987654   0.6511589506   0.6561111111   2.064814815    1.209876543    0.2962962963   0.1603924214   
678      I1         0.4884953704   2.689506173    2.929012346    0.5120987654   0.6572839506   0.5942361111   2.064814815    1.209876543    0.2962962963   0.1607654246   
679      I1         0.4884953704   2.689506173    2.929012346    0.5120987654   0.6572839506   0.6561111111   2.049189815    1.209876543    0.2962962963   0.1603768397   
680      I1         0.4884953704   2.689506173    2.929012346    0.5120987654   0.6572839506   0.6561111111   2.064814815    1.197376543    0.2962962963   0.1603768397   
681      I1         0.4884953704   2.689506173    2.929012346    0.5120987654   0.6572839506   0.6561111111   2.064814815    1.209876543    0.2837962963   0.1608224077   
682      I1         0.4991203704   2.689506173    2.916512346    0.5120987654   0.6572839506   0.6561111111   2.064814815    1.209876543    0.2962962963   0.1603393031   
683      I1         0.4884953704   2.689506173    2.916512346    0.5182237654   0.6572839506   0.6561111111   2.064814815    1.209876543    0.2962962963   0.161698143    
684      I1         0.4884953704   2.689506173    2.916512346    0.5120987654   0.6634089506   0.6561111111   2.064814815    1.209876543    0.2962962963   0.1603211575   
685      I1         0.4884953704   2.689506173    2.916512346    0.5120987654   0.6572839506   0.7179861111   2.064814815    1.209876543    0.2962962963   0.160365858    
686      I1         0.4884953704   2.689506173    2.916512346    0.5120987654   0.6572839506   0.6561111111   2.080439815    1.209876543    0.2962962963   0.160333648    
687      I1         0.4884953704   2.689506173    2.916512346    0.5120987654   0.6572839506   0.6561111111   2.064814815    1.222376543    0.2962962963   0.1603336993   
688      I1         0.4884953704   2.689506173    2.916512346    0.5120987654   0.6572839506   0.6561111111   2.064814815    1.209876543    0.3087962963   0.1605152416   
689      I1         0.4778703704   2.689506173    2.916512346    0.5120987654   0.6572839506   0.6561111111   2.064814815    1.209876543    0.2962962963   0.1607725474   
690      I1         0.4884953704   2.678881173    2.916512346    0.5120987654   0.6572839506   0.6561111111   2.064814815    1.209876543    0.2962962963   0.1603055845   
691      I1         0.4884953704   2.689506173    2.904012346    0.5120987654   0.6572839506   0.6561111111   2.064814815    1.209876543    0.2962962963   0.1602983198   
692      I1         0.4884953704   2.689506173    2.916512346    0.5059737654   0.6572839506   0.6561111111   2.064814815    1.209876543    0.2962962963   0.1611686511   
693      I1         0.4884953704   2.689506173    2.916512346    0.5120987654   0.6511589506   0.6561111111   2.064814815    1.209876543    0.2962962963   0.1603470458   
694      I1         0.4884953704   2.689506173    2.916512346    0.5120987654   0.6572839506   0.5942361111   2.064814815    1.209876543    0.2962962963   0.1607535794   
695      I1         0.4884953704   2.689506173    2.916512346    0.5120987654   0.6572839506   0.6561111111   2.049189815    1.209876543    0.2962962963   0.160333648    
696      I1         0.4884953704   2.689506173    2.916512346    0.5120987654   0.6572839506   0.6561111111   2.064814815    1.197376543    0.2962962963   0.160333648    
697      I1         0.4884953704   2.689506173    2.916512346    0.5120987654   0.6572839506   0.6561111111   2.064814815    1.209876543    0.2837962963   0.1608289854   
698      I1         0.4938078704   2.689506173    2.916512346    0.5120987654   0.6572839506   0.6561111111   2.064814815    1.209876543    0.2962962963   0.1602779645   
699      I1         0.4884953704   2.694818673    2.916512346    0.5120987654   0.6572839506   0.6561111111   2.064814815    1.209876543    0.2962962963   0.1603499093   
700      I1         0.4884953704   2.689506173    2.922762346    0.5120987654   0.6572839506   0.6561111111   2.064814815    1.209876543    0.2962962963   0.1603541924   
701      I1         0.4884953704   2.689506173    2.916512346    0.5151612654   0.6572839506   0.6561111111   2.064814815    1.209876543    0.2962962963   0.1607648407   
702      I1         0.4884953704   2.689506173    2.916512346    0.5120987654   0.6603464506   0.6561111111   2.064814815    1.209876543    0.2962962963   0.1603272899   
703      I1         0.4884953704   2.689506173    2.916512346    0.5120987654   0.6572839506   0.6870486111   2.064814815    1.209876543    0.2962962963   0.1603173588   
704      I1         0.4884953704   2.689506173    2.916512346    0.5120987654   0.6572839506   0.6561111111   2.072627315    1.209876543    0.2962962963   0.160333648    
705      I1         0.4884953704   2.689506173    2.916512346    0.5120987654   0.6572839506   0.6561111111   2.064814815    1.216126543    0.2962962963   0.160333648    
706      I1         0.4884953704   2.689506173    2.916512346    0.5120987654   0.6572839506   0.6561111111   2.064814815    1.209876543    0.3025462963   0.1603402856   
707      I1         0.4831828704   2.689506173    2.916512346    0.5120987654   0.6572839506   0.6561111111   2.064814815    1.209876543    0.2962962963   0.1605004888   
708      I1         0.4884953704   2.684193673    2.916512346    0.5120987654   0.6572839506   0.6561111111   2.064814815    1.209876543    0.2962962963   0.160318869    
709      I1         0.4884953704   2.689506173    2.910262346    0.5120987654   0.6572839506   0.6561111111   2.064814815    1.209876543    0.2962962963   0.1603150677   
710      I1         0.4884953704   2.689506173    2.916512346    0.5090362654   0.6572839506   0.6561111111   2.064814815    1.209876543    0.2962962963   0.1604660245   
711      I1         0.4884953704   2.689506173    2.916512346    0.5120987654   0.6542214506   0.6561111111   2.064814815    1.209876543    0.2962962963   0.160340233    
712      I1         0.4884953704   2.689506173    2.916512346    0.5120987654   0.6572839506   0.6251736111   2.064814815    1.209876543    0.2962962963   0.1604753993   
713      I1         0.4884953704   2.689506173    2.916512346    0.5120987654   0.6572839506   0.6561111111   2.057002315    1.209876543    0.2962962963   0.160333648    
714      I1         0.4884953704   2.689506173    2.916512346    0.5120987654   0.6572839506   0.6561111111   2.064814815    1.203626543    0.2962962963   0.160333648    
715      I1         0.4884953704   2.689506173    2.916512346    0.5120987654   0.6572839506   0.6561111111   2.064814815    1.209876543    0.2900462963   0.1604972105   
716      I1         0.4938078704   2.694818673    2.916512346    0.5120987654   0.6572839506   0.6561111111   2.064814815    1.209876543    0.2962962963   0.1603011545   
717      I1         0.4938078704   2.689506173    2.922762346    0.5120987654   0.6572839506   0.6561111111   2.064814815    1.209876543    0.2962962963   0.1603086477   
718      I1         0.4938078704   2.689506173    2.916512346    0.5151612654   0.6572839506   0.6561111111   2.064814815    1.209876543    0.2962962963   0.1604727166   
719      I1         0.4938078704   2.689506173    2.916512346    0.5120987654   0.6603464506   0.6561111111   2.064814815    1.209876543    0.2962962963   0.1602685985   
720      I1         0.4938078704   2.689506173    2.916512346    0.5120987654   0.6572839506   0.6870486111   2.064814815    1.209876543    0.2962962963   0.160330341    
721      I1         0.4938078704   2.689506173    2.916512346    0.5120987654   0.6572839506   0.6561111111   2.072627315    1.209876543    0.2962962963   0.1602779645   
722      I1         0.4938078704   2.689506173    2.916512346    0.5120987654   0.6572839506   0.6561111111   2.064814815    1.216126543    0.2962962963   0.1602779645   
723      I1         0.4938078704   2.689506173    2.916512346    0.5120987654   0.6572839506   0.6561111111   2.064814815    1.209876543    0.3025462963   0.1604150274   
724      I1         0.4938078704   2.684193673    2.916512346    0.5120987654   0.6572839506   0.6561111111   2.064814815    1.209876543    0.2962962963   0.1602562688   
725      I1         0.4938078704   2.689506173    2.910262346    0.5120987654   0.6572839506   0.6561111111   2.064814815    1.209876543    0.2962962963   0.1602495838   
726      I1         0.4938078704   2.689506173    2.916512346    0.5090362654   0.6572839506   0.6561111111   2.064814815    1.209876543    0.2962962963   0.1606518828   
727      I1         0.4938078704   2.689506173    2.916512346    0.5120987654   0.6542214506   0.6561111111   2.064814815    1.209876543    0.2962962963   0.1602875418   
728      I1         0.4938078704   2.689506173    2.916512346    0.5120987654   0.6572839506   0.6251736111   2.064814815    1.209876543    0.2962962963   0.1603463495   
729      I1         0.4938078704   2.689506173    2.916512346    0.5120987654   0.6572839506   0.6561111111   2.057002315    1.209876543    0.2962962963   0.1602779645   
730      I1         0.4938078704   2.689506173    2.916512346    0.5120987654   0.6572839506   0.6561111111   2.064814815    1.203626543    0.2962962963   0.1602779645   
731      I1         0.4938078704   2.689506173    2.916512346    0.5120987654   0.6572839506   0.6561111111   2.064814815    1.209876543    0.2900462963   0.1603071199   
732      I1         0.4991203704   2.689506173    2.910262346    0.5120987654   0.6572839506   0.6561111111   2.064814815    1.209876543    0.2962962963   0.1603014583   
733      I1         0.4938078704   2.694818673    2.910262346    0.5120987654   0.6572839506   0.6561111111   2.064814815    1.209876543    0.2962962963   0.1602717981   
734      I1         0.4938078704   2.689506173    2.910262346    0.5151612654   0.6572839506   0.6561111111   2.064814815    1.209876543    0.2962962963   0.1604671321   
735      I1         0.4938078704   2.689506173    2.910262346    0.5120987654   0.6603464506   0.6561111111   2.064814815    1.209876543    0.2962962963   0.1602407767   
736      I1         0.4938078704   2.689506173    2.910262346    0.5120987654   0.6572839506   0.6870486111   2.064814815    1.209876543    0.2962962963   0.1602955784   
737      I1         0.4938078704   2.689506173    2.910262346    0.5120987654   0.6572839506   0.6561111111   2.072627315    1.209876543    0.2962962963   0.1602495838   
738      I1         0.4938078704   2.689506173    2.910262346    0.5120987654   0.6572839506   0.6561111111   2.064814815    1.216126543    0.2962962963   0.1602495838   
739      I1         0.4938078704   2.689506173    2.910262346    0.5120987654   0.6572839506   0.6561111111   2.064814815    1.209876543    0.3025462963   0.1603757396   
740      I1         0.4938078704   2.684193673    2.910262346    0.5120987654   0.6572839506   0.6561111111   2.064814815    1.209876543    0.2962962963   0.1602288543   
741      I1         0.4938078704   2.689506173    2.904012346    0.5120987654   0.6572839506   0.6561111111   2.064814815    1.209876543    0.2962962963   0.1602233731   
742      I1         0.4938078704   2.689506173    2.910262346    0.5090362654   0.6572839506   0.6561111111   2.064814815    1.209876543    0.2962962963   0.1606016047   
743      I1         0.4938078704   2.689506173    2.910262346    0.5120987654   0.6542214506   0.6561111111   2.064814815    1.209876543    0.2962962963   0.1602585987   
744      I1         0.4938078704   2.689506173    2.910262346    0.5120987654   0.6572839506   0.6251736111   2.064814815    1.209876543    0.2962962963   0.1603249563   
745      I1         0.4938078704   2.689506173    2.910262346    0.5120987654   0.6572839506   0.6561111111   2.057002315    1.209876543    0.2962962963   0.1602495838   
746      I1         0.4938078704   2.689506173    2.910262346    0.5120987654   0.6572839506   0.6561111111   2.064814815    1.203626543    0.2962962963   0.1602495838   
747      I1         0.4938078704   2.689506173    2.910262346    0.5120987654   0.6572839506   0.6561111111   2.064814815    1.209876543    0.2900462963   0.160290203    
748      I1         0.4991203704   2.689506173    2.904012346    0.5120987654   0.6572839506   0.6561111111   2.064814815    1.209876543    0.2962962963   0.1602660931   
749      I1         0.4938078704   2.694818673    2.904012346    0.5120987654   0.6572839506   0.6561111111   2.064814815    1.209876543    0.2962962963   0.1602446496   
750      I1         0.4938078704   2.689506173    2.904012346    0.5151612654   0.6572839506   0.6561111111   2.064814815    1.209876543    0.2962962963   0.1604628588   
751      I1         0.4938078704   2.689506173    2.904012346    0.5120987654   0.6603464506   0.6561111111   2.064814815    1.209876543    0.2962962963   0.1602150888   
752      I1         0.4938078704   2.689506173    2.904012346    0.5120987654   0.6572839506   0.6870486111   2.064814815    1.209876543    0.2962962963   0.1602632004   
753      I1         0.4938078704   2.689506173    2.904012346    0.5120987654   0.6572839506   0.6561111111   2.072627315    1.209876543    0.2962962963   0.1602233731   
754      I1         0.4938078704   2.689506173    2.904012346    0.5120987654   0.6572839506   0.6561111111   2.064814815    1.216126543    0.2962962963   0.1602233731   
755      I1         0.4938078704   2.689506173    2.904012346    0.5120987654   0.6572839506   0.6561111111   2.064814815    1.209876543    0.3025462963   0.1603389809   
756      I1         0.4938078704   2.684193673    2.904012346    0.5120987654   0.6572839506   0.6561111111   2.064814815    1.209876543    0.2962962963   0.1602035733   
757      I1         0.4938078704   2.689506173    2.897762346    0.5120987654   0.6572839506   0.6561111111   2.064814815    1.209876543    0.2962962963   0.1601992062   
758      I1         0.4938078704   2.689506173    2.904012346    0.5090362654   0.6572839506   0.6561111111   2.064814815    1.209876543    0.2962962963   0.1605542244   
759      I1         0.4938078704   2.689506173    2.904012346    0.5120987654   0.6542214506   0.6561111111   2.064814815    1.209876543    0.2962962963   0.1602318634   
760      I1         0.4938078704   2.689506173    2.904012346    0.5120987654   0.6572839506   0.6251736111   2.064814815    1.209876543    0.2962962963   0.1603054896   
761      I1         0.4938078704   2.689506173    2.904012346    0.5120987654   0.6572839506   0.6561111111   2.057002315    1.209876543    0.2962962963   0.1602233731   
762      I1         0.4938078704   2.689506173    2.904012346    0.5120987654   0.6572839506   0.6561111111   2.064814815    1.203626543    0.2962962963   0.1602233731   
763      I1         0.4938078704   2.689506173    2.904012346    0.5120987654   0.6572839506   0.6561111111   2.064814815    1.209876543    0.2900462963   0.1602750572   
764      I1         0.4991203704   2.689506173    2.897762346    0.5120987654   0.6572839506   0.6561111111   2.064814815    1.209876543    0.2962962963   0.1602330803   
765      I1         0.4938078704   2.694818673    2.897762346    0.5120987654   0.6572839506   0.6561111111   2.064814815    1.209876543    0.2962962963   0.1602195812   
766      I1         0.4938078704   2.689506173    2.897762346    0.5151612654   0.6572839506   0.6561111111   2.064814815    1.209876543    0.2962962963   0.1604597805   
767      I1         0.4938078704   2.689506173    2.897762346    0.5120987654   0.6603464506   0.6561111111   2.064814815    1.209876543    0.2962962963   0.1601914094   
768      I1         0.4938078704   2.689506173    2.897762346    0.5120987654   0.6572839506   0.6870486111   2.064814815    1.209876543    0.2962962963   0.1602330794   
769      I1         0.4938078704   2.689506173    2.897762346    0.5120987654   0.6572839506   0.6561111111   2.072627315    1.209876543    0.2962962963   0.1601992062   
770      I1         0.4938078704   2.689506173    2.897762346    0.5120987654   0.6572839506   0.6561111111   2.064814815    1.216126543    0.2962962963   0.1601992062   
771      I1         0.4938078704   2.689506173    2.897762346    0.5120987654   0.6572839506   0.6561111111   2.064814815    1.209876543    0.3025462963   0.1603046229   
772      I1         0.4884953704   2.689506173    2.897762346    0.5120987654   0.6572839506   0.6561111111   2.064814815    1.209876543    0.2962962963   0.1602832781   
773      I1         0.4938078704   2.684193673    2.897762346    0.5120987654   0.6572839506   0.6561111111   2.064814815    1.209876543    0.2962962963   0.160180299    
774      I1         0.4938078704   2.689506173    2.891512346    0.5120987654   0.6572839506   0.6561111111   2.064814815    1.209876543    0.2962962963   0.160176961    
775      I1         0.4938078704   2.689506173    2.897762346    0.5090362654   0.6572839506   0.6561111111   2.064814815    1.209876543    0.2962962963   0.160509614    
776      I1         0.4938078704   2.689506173    2.897762346    0.5120987654   0.6542214506   0.6561111111   2.064814815    1.209876543    0.2962962963   0.1602072058   
777      I1         0.4938078704   2.689506173    2.897762346    0.5120987654   0.6572839506   0.6251736111   2.064814815    1.209876543    0.2962962963   0.1602878235   
778      I1         0.4938078704   2.689506173    2.897762346    0.5120987654   0.6572839506   0.6561111111   2.057002315    1.209876543    0.2962962963   0.1601992062   
779      I1         0.4938078704   2.689506173    2.897762346    0.5120987654   0.6572839506   0.6561111111   2.064814815    1.203626543    0.2962962963   0.1601992062   
780      I1         0.4938078704   2.689506173    2.897762346    0.5120987654   0.6572839506   0.6561111111   2.064814815    1.209876543    0.2900462963   0.1602615568   
781      I1         0.5044328704   2.689506173    2.891512346    0.5120987654   0.6572839506   0.6561111111   2.064814815    1.209876543    0.2962962963   0.160344234    
782      I1         0.4938078704   2.689506173    2.891512346    0.5182237654   0.6572839506   0.6561111111   2.064814815    1.209876543    0.2962962963   0.1612607602   
783      I1         0.4938078704   2.689506173    2.891512346    0.5120987654   0.6634089506   0.6561111111   2.064814815    1.209876543    0.2962962963   0.1601624779   
784      I1         0.4938078704   2.689506173    2.891512346    0.5120987654   0.6572839506   0.7179861111   2.064814815    1.209876543    0.2962962963   0.1602978917   
785      I1         0.4938078704   2.689506173    2.891512346    0.5120987654   0.6572839506   0.6561111111   2.080439815    1.209876543    0.2962962963   0.160176961    
786      I1         0.4938078704   2.689506173    2.891512346    0.5120987654   0.6572839506   0.6561111111   2.064814815    1.222376543    0.2962962963   0.1601770226   
787      I1         0.4938078704   2.689506173    2.891512346    0.5120987654   0.6572839506   0.6561111111   2.064814815    1.209876543    0.3087962963   0.1605322203   
788      I1         0.4831828704   2.689506173    2.891512346    0.5120987654   0.6572839506   0.6561111111   2.064814815    1.209876543    0.2962962963   0.1604742169   
789      I1         0.4938078704   2.678881173    2.891512346    0.5120987654   0.6572839506   0.6561111111   2.064814815    1.209876543    0.2962962963   0.1601423121   
790      I1         0.4938078704   2.689506173    2.879012346    0.5120987654   0.6572839506   0.6561111111   2.064814815    1.209876543    0.2962962963   0.1601377758   
791      I1         0.4938078704   2.689506173    2.891512346    0.5059737654   0.6572839506   0.6561111111   2.064814815    1.209876543    0.2962962963   0.1613189303   
792      I1         0.4938078704   2.689506173    2.891512346    0.5120987654   0.6511589506   0.6561111111   2.064814815    1.209876543    0.2962962963   0.1601922417   
793      I1         0.4938078704   2.689506173    2.891512346    0.5120987654   0.6572839506   0.5942361111   2.064814815    1.209876543    0.2962962963   0.1604997997   
794      I1         0.4938078704   2.689506173    2.891512346    0.5120987654   0.6572839506   0.6561111111   2.049189815    1.209876543    0.2962962963   0.160176961    
795      I1         0.4938078704   2.689506173    2.891512346    0.5120987654   0.6572839506   0.6561111111   2.064814815    1.197376543    0.2962962963   0.160176961    
796      I1         0.4938078704   2.689506173    2.891512346    0.5120987654   0.6572839506   0.6561111111   2.064814815    1.209876543    0.2837962963   0.1604903543   
797      I1         0.5044328704   2.689506173    2.879012346    0.5120987654   0.6572839506   0.6561111111   2.064814815    1.209876543    0.2962962963   0.1602736818   
798      I1         0.4938078704   2.689506173    2.879012346    0.5182237654   0.6572839506   0.6561111111   2.064814815    1.209876543    0.2962962963   0.1612944133   
799      I1         0.4938078704   2.689506173    2.879012346    0.5120987654   0.6634089506   0.6561111111   2.064814815    1.209876543    0.2962962963   0.1601249212   
800      I1         0.4938078704   2.689506173    2.879012346    0.5120987654   0.6572839506   0.7179861111   2.064814815    1.209876543    0.2962962963   0.1602373018   
801      I1         0.4938078704   2.689506173    2.879012346    0.5120987654   0.6572839506   0.6561111111   2.080439815    1.209876543    0.2962962963   0.1601377758   
802      I1         0.4938078704   2.689506173    2.879012346    0.5120987654   0.6572839506   0.6561111111   2.064814815    1.222376543    0.2962962963   0.16013783     
803      I1         0.4938078704   2.689506173    2.879012346    0.5120987654   0.6572839506   0.6561111111   2.064814815    1.209876543    0.3087962963   0.1604570815   
804      I1         0.4831828704   2.689506173    2.879012346    0.5120987654   0.6572839506   0.6561111111   2.064814815    1.209876543    0.2962962963   0.1604682903   
805      I1         0.4938078704   2.678881173    2.879012346    0.5120987654   0.6572839506   0.6561111111   2.064814815    1.209876543    0.2962962963   0.1601063288   
806      I1         0.4938078704   2.689506173    2.866512346    0.5120987654   0.6572839506   0.6561111111   2.064814815    1.209876543    0.2962962963   0.16010495     
807      I1         0.4938078704   2.689506173    2.879012346    0.5059737654   0.6572839506   0.6561111111   2.064814815    1.209876543    0.2962962963   0.1612102358   
808      I1         0.4938078704   2.689506173    2.879012346    0.5120987654   0.6511589506   0.6561111111   2.064814815    1.209876543    0.2962962963   0.1601514029   
809      I1         0.4938078704   2.689506173    2.879012346    0.5120987654   0.6572839506   0.5942361111   2.064814815    1.209876543    0.2962962963   0.1604853628   
810      I1         0.4938078704   2.689506173    2.879012346    0.5120987654   0.6572839506   0.6561111111   2.049189815    1.209876543    0.2962962963   0.1601377758   
811      I1         0.4938078704   2.689506173    2.879012346    0.5120987654   0.6572839506   0.6561111111   2.064814815    1.197376543    0.2962962963   0.1601377758   
812      I1         0.4938078704   2.689506173    2.879012346    0.5120987654   0.6572839506   0.6561111111   2.064814815    1.209876543    0.2837962963   0.160490116    
