%eval_id interface log__t_efold_shallow log__t_efold_soil log__t_efold_karst f_exfiltration_shallow f_exfiltration_soil PDD_melt_factor log__Hmax_shallow log__fdd_threshold snow_insulation_k log__routing_K neg_kge        
1        I1         0.4423657064   1.793080032    4.199785706    0.1211426688   0.3368864109   2.745035188    1.488318497    2.219610289    0.07298436433  -0.9980545135  0.7748053047   
2        I1         0.6022293771   2.152574619    4.172514511    0.784987453    0.8862407109   9.507725647    1.244573648    1.622544334    0.1040550921   0.2783298605   0.6775082227   
3        I1         1.763925888    2.68783041     4.200932026    0.2955854276   0.4564087718   8.097781065    1.91254571     0.9053462594   0.03537210342  0.5455694798   0.8116239801   
4        I1         0.9287867655   1.402946111    3.222304965    0.1590168536   0.2590210574   3.326900484    1.51539879     2.344272776    0.08826771987  -0.6726587056  0.6740219543   
5        I1         1.782005308    1.977115245    4.478365765    0.651920224    0.1678155591   3.14755921     1.117540016    2.824513642    0.1373312794   0.8897844816   0.5046183439   
6        I1         0.7944527712   1.283430578    2.517908039    0.5086660562   0.2024594346   9.991714094    1.692970203    0.4326027368   0.1178208831   -0.06298993815 0.2836781045   
7        I1         1.922741166    2.604477542    2.915510221    0.5638364349   0.7583853412   8.590859009    1.627469842    2.768673585    0.02643219719  -0.02203825858 0.6012415505   
8        I1         1.272207432    1.543263755    3.278778149    0.9612380033   0.5218425283   6.860116878    1.80580799     2.446880534    0.120523845    0.4489506757   0.4392386681   
9        I1         1.20888945     1.942919303    4.152292324    0.5888760907   0.6010431956   3.510819458    2.222455318    2.955752295    0.08765395876  -0.2807772382  0.4409511928   
10       I1         1.311619337    1.028271672    3.727471997    0.2856764246   0.687578367    5.936447582    2.255467775    0.2981488567   0.08936173794  0.1512880353   0.4509229183   
11       I1         1.501985263    1.945292096    3.177042209    0.4088656905   0.07153671873  8.042952388    2.763191849    2.606592097    0.1129626796   0.4755614028   0.8729824645   
12       I1         1.182617716    2.412265176    3.735986787    0.05053750021  0.1826518913   1.29660512     1.646961503    1.072711507    0.1348235245   0.08707755232  0.8583326186   
13       I1         1.688565927    1.682658681    3.690887563    0.2022170083   0.2633067763   0.6736454139   2.501488129    1.229174108    0.04663118394  -0.1571790295  0.9957422657   
14       I1         1.464272455    2.183767031    4.004195038    0.7974454449   0.7642913539   3.583289689    1.012927465    2.034827753    0.04261812593  0.4205037677   0.6735451738   
15       I1         0.8516816416   1.506790343    4.214466027    0.5692604473   0.5722213742   2.245178107    1.572937828    1.189815824    0.07097839637  0.7687462438   0.3663375785   
16       I1         1.339681715    2.626616406    4.445073272    0.5146591661   0.9849853431   5.557819973    1.957670154    1.850547656    0.07943491215  0.8112419738   0.6982605691   
17       I1         1.134513451    1.128098203    3.242283537    0.6029956616   0.1802341327   1.606485542    1.412317196    2.397014436    0.0903628085   0.0173950174   0.2451137592   
18       I1         0.7737662192   1.689175818    3.574314535    0.6347489478   0.1210128828   1.047536079    1.18308511     1.833760868    0.01228201179  0.6252732461   0.2075499398   
19       I1         0.3196891923   1.189145543    4.336244821    0.09902767284  0.06669942403  2.04783647     1.818605578    0.4713771753   0.0683888669   -0.1447030144  0.90075397     
20       I1         0.8821798522   2.581201481    3.30779728     0.8782930763   0.5879647622   9.915759666    1.30241882     0.1506174106   0.07474756776  0.780800284    0.4710093501   
21       I1         0.4144263736   1.373503888    3.074430617    0.6860621967   0.4610069183   6.909899875    3.284479811    1.467986534    0.1105673606   0.6685311376   0.3906395284   
22       I1         0.8102282188   1.919688301    3.487997143    0.1381101293   0.8168480328   1.188839618    2.137949191    2.441694162    0.1410206686   0.09794129226  0.6959226274   
23       I1         0.5149777703   2.5130866      2.994224371    0.4681276703   0.8481798991   2.919820596    2.743015731    2.263476683    0.03139018999  0.04236431721  0.2693052918   
24       I1         0.9170691111   1.58737199     3.372267971    0.2612767029   0.1603355566   4.573599613    3.420496642    2.634639258    0.1318089021   0.393814444    0.8154098301   
25       I1         1.910222725    1.083198933    2.970168461    0.9003524212   0.9486573197   8.89327451     2.719702949    2.932410703    0.08421151708  -0.5747835484  0.6986162104   
26       I1         1.749238512    1.772377062    2.952759793    0.382103955    0.3955700382   7.393651079    2.982508151    1.60263534     0.05187937117  -0.5572477695  0.8854903595   
27       I1         1.681532474    1.655148762    4.244123627    0.6891905616   0.9145586888   6.002778232    2.304546321    0.5610207874   0.08606984844  0.2916516117   0.5818609194   
28       I1         1.453500029    1.74734508     3.239729348    0.04624513343  0.9554539488   6.251763132    2.345952424    0.405509442    0.02068969248  -0.4473377488  0.5703060294   
29       I1         0.9430770165   2.488288281    2.610208957    0.1431957361   0.09676746852  7.873275089    1.584984229    2.293450892    0.1241357541   -0.4306645188  0.8087872618   
30       I1         0.3527387624   1.46124774     2.806236369    0.1991829632   0.799860378    3.635699302    2.693995187    1.23631492     0.1497748745   -0.3447059842  0.4193775168   
31       I1         0.8414370897   1.836495014    3.030591996    0.8073782172   0.6491970592   2.320547786    3.091278636    2.571361517    0.1121414619   0.03849020072  0.5538458612   
32       I1         1.960481221    2.057175774    3.583271132    0.7913672041   0.8236293767   6.197710501    3.14079486     2.753721959    0.05808351088  0.9777560008   0.8645552186   
33       I1         1.55234451     1.107859401    3.864345957    0.3576384864   0.2548298908   6.790676587    3.337371736    0.7446692734   0.1465815045   0.07695197333  0.8716706051   
34       I1         1.497551585    1.141502574    2.822218806    0.6011013242   0.9654515445   8.686609669    1.794421724    0.3400980331   0.09812008648  -0.09652702728 0.2957930637   
35       I1         1.607192346    1.361384978    3.044128049    0.4397966583   0.2729843773   4.691825391    1.988281074    2.417418012    0.1089662073   -0.7542186101  0.7241608934   
36       I1         0.44767833     1.883261704    2.571287427    0.7261567476   0.1419592755   4.009172571    3.001111917    0.1262265452   0.05771912429  0.8311775617   0.3082343231   
37       I1         0.5219047772   2.093133211    3.46348914     0.113720066    0.9181502093   6.396943043    2.861752951    2.196188023    0.113999897    -0.6233192396  0.6623209523   
38       I1         1.943173811    1.016417413    3.921895255    0.3600863832   0.4079067984   5.329205753    2.673346641    2.86609213     0.07963139354  -0.878236079   0.9386249212   
39       I1         1.591137745    1.749507082    2.644512462    0.5177268601   0.8757510767   7.715318932    1.440257593    2.336997822    0.1043252701   0.2071744931   0.3568425374   
40       I1         1.102904672    2.594635822    4.306825615    0.7997784599   0.07422057778  4.472067808    3.425336835    0.2206018046   0.02116777632  -0.791859964   0.2725671882   
41       I1         1.195757245    1.487714046    3.592951777    0.5209092171   0.06154652329  2.551934855    2.052768736    1.401186994    0.02380100345  0.6510909115   0.6204453513   
42       I1         0.3810226623   2.563298341    4.481868748    0.9538877546   0.7372736794   3.445593885    2.700210411    0.9699036579   0.08660149955  -0.9044161408  2.807035853    
43       I1         1.891687544    1.355304279    4.034865254    0.5375843765   0.0894577734   9.1037054      1.455073717    0.6640957225   0.06817328631  -0.7811938372  0.8652665706   
44       I1         0.3728256627   2.110709864    2.66725301     0.541778606    0.6257103703   2.46863673     3.442628548    1.533962724    0.04479664531  -0.05456170283 0.4641309375   
45       I1         1.638273917    2.239934853    4.490403984    0.8478317      0.5659573334   8.404803086    2.912259135    1.927537981    0.142922279    -0.08900651058 0.5598181893   
46       I1         1.410844564    2.318925935    3.956057599    0.6088469602   0.4057471772   7.267569472    1.038891193    0.2359845949   0.1436205629   -0.4113787211  1.105103517    
47       I1         0.7827219914   1.732326328    4.357984449    0.176803382    0.3121974203   2.691800039    2.127179725    2.744544277    0.131244127    0.8749023706   0.8695987493   
48       I1         0.3428379557   2.145625973    4.323662808    0.1046475444   0.5252304942   4.87901256     2.275823257    1.976913885    0.08244848076  0.983086052    0.8463846143   
49       I1         1.293213112    1.56709405     4.313984944    0.8681825689   0.2851291717   7.860261202    2.848600231    1.773600242    0.1005065745   0.1168228686   0.2857649426   
50       I1         0.4585553439   2.675928452    2.819203554    0.4766684494   0.5389951992   2.584305403    2.56921467     1.740061967    0.001968471256 -0.2501633093  0.3272996078   
51       I1         1.836534251    1.780322116    2.591971168    0.6610366424   0.2320823149   5.760776018    2.517988877    1.301082103    0.006039863006 -0.04712206415 0.8063150006   
52       I1         0.5964134953   1.927909829    2.738898102    0.08296031287  0.6129824364   8.1829479      1.426296588    1.355170059    0.0256791906   0.4018172235   0.4760840867   
53       I1         1.973633855    2.223409274    4.112339234    0.3151516292   0.8643014036   3.542413203    1.557789656    0.07479989212  0.06710045953  0.3850097436   0.237383417    
54       I1         1.853645615    2.523376056    3.122012242    0.6915519842   0.8448070479   0.5881341888   1.322500014    1.174406162    0.06284339989  -0.07476144347 1.248386176    
55       I1         1.112238945    2.343000912    4.168659817    0.949850622    0.4506584715   8.552060966    2.120035492    1.635147656    0.05426531385  0.9255985642   0.4203345902   
56       I1         0.6319291476   2.580928054    3.556788171    0.7006101316   0.1531534745   3.708607551    3.016951563    2.540658062    0.1231465186   0.9181777908   0.4282874085   
57       I1         1.330620213    2.536586003    3.39532452     0.3003703613   0.6440832183   6.638751157    2.393268664    0.3500372832   0.04926247615  -0.2103591266  0.7671943035   
58       I1         0.39006213     2.56527134     2.654786181    0.8420744192   0.7654600043   0.4232596352   1.226427779    2.949854696    0.126375047    -0.7681657974  2.20226807     
59       I1         0.3355633099   1.046126403    4.436933425    0.7815431259   0.9455688395   9.498619974    2.369755719    1.724630396    0.01162022567  0.6329500294   0.9804395145   
60       I1         0.4101983734   1.147302869    3.750492283    0.2415289168   0.7716847948   9.005140482    3.166076141    1.41437727     0.1015553587   -7.235899568e-05 0.4056374076   
61       I1         1.226553525    2.179753498    3.154730813    0.3882659227   0.9710181614   6.727539677    1.483319489    0.2471834899   0.1157424755   -0.7152486752  0.515292663    
62       I1         0.8994731689   1.339953079    3.841892127    0.1321148206   0.2130497318   9.643499685    2.416570064    0.2732341874   0.09937468518  -0.3158081701  0.8265825693   
63       I1         1.060029389    1.857502393    4.417192063    0.558378643    0.1267405837   5.440009602    2.945800992    2.278743805    0.001487679041 -0.5155752647  0.5222400755   
64       I1         0.8252572498   2.299507961    3.42561734     0.5779265914   0.1170697451   9.694709661    2.166619707    1.688878128    0.04627603461  0.7589184742   0.505960629    
65       I1         1.889074199    1.305017817    2.692654783    0.8183059822   0.4883536824   1.724995369    2.757521514    1.122526308    0.07841229713  -0.531564993   0.7153738189   
66       I1         1.547070958    2.379669596    3.266249106    0.9572451715   0.1369696217   9.11421837     3.304283651    2.088028708    0.1456170064   -0.9553510224  0.3472933799   
67       I1         0.7175991738   2.45621537     3.747975762    0.7386928392   0.6275969085   4.795533659    2.377638508    0.5810355321   0.09664952539  0.3064342475   0.2927130148   
68       I1         1.871245481    1.803974027    4.274627782    0.4510187388   0.3825561817   7.427433249    1.857330859    2.713879364    0.1361801927   -0.7011728606  0.7957214543   
69       I1         1.956024234    1.831029792    3.001275434    0.9046503801   0.3635230936   1.001748151    1.708886113    0.4414138806   0.02990656813  -0.1940968489  0.7072017204   
70       I1         1.980969714    2.209231162    4.230808878    0.2561986722   0.4980782255   4.967030822    3.230032266    1.564153784    0.02297019193  -0.6332853558  1.157404535    
71       I1         0.5882173616   1.756530424    3.215936495    0.5464695878   0.8610236011   0.3541249756   1.659801522    1.451545956    0.1447175053   0.3746822862   0.3272709997   
72       I1         1.049861075    1.224759496    4.385810799    0.9796379121   0.4213703107   0.9808256413   1.290537531    0.601396248    0.09890142707  -0.2618834835  1.459334975    
73       I1         0.9691902626   1.598521984    4.364753591    0.551155623    0.7930541209   4.728388251    2.486941031    1.545851775    0.1258041103   -0.5288417244  0.3072434402   
74       I1         0.4245520053   1.097353254    3.416947156    0.2339020498   0.4543647245   1.450095686    1.389500424    0.1470914168   0.03635259849  -0.3580367082  0.3216656875   
75       I1         1.539037421    1.472429143    2.50846943     0.4330385135   0.4426261578   8.658035885    2.818549392    1.517434438    0.02509708657  0.5838857674   0.7056924566   
76       I1         0.6779745915   2.07451978     3.026651672    0.7165018842   0.5510643014   2.62875419     2.084853484    0.8273058978   0.1397374954   0.5777933976   0.2536083963   
77       I1         1.323262714    2.484996524    2.724693147    0.7568711672   0.1898148325   4.333426039    3.239999224    1.504328578    0.09396876236  -0.968217014   0.3495857268   
78       I1         1.247219238    2.553750709    3.1970064      0.18731588     0.6035568613   5.215779391    2.245780458    2.688801086    0.01408340852  -0.5811000444  0.8657563914   
79       I1         0.3160663151   1.959262515    3.967034914    0.6439829026   0.5334932255   4.260571914    2.994583751    2.171711927    0.07007622819  0.7356340076   0.3356830019   
80       I1         1.717127327    1.985281329    3.680743783    0.4016370178   0.1718932345   0.8439711334   3.156593598    1.653781299    0.1067204685   0.9475177981   0.9932065164   
81       I1         1.438799716    2.069102264    3.619972848    0.9393210314   0.6658387523   6.331887949    1.15780769     0.9765149368   0.03016327621  0.6490267084   0.4610141596   
82       I1         1.168425809    2.334124015    3.448172915    0.3745767377   0.8292179932   3.731313954    3.120827288    1.08408207     0.009378475582 -0.1099314254  0.5677247139   
83       I1         1.419750923    2.429422706    4.297784858    0.4189936291   0.4135150461   5.526973876    1.502462651    0.8743918281   0.1422218189   -0.3854052914  0.7376969312   
84       I1         0.3079017367   1.089384525    2.784622419    0.2147362467   0.8789850653   7.598144076    1.870636091    1.897622279    0.03395523655  -0.3993295059  1.152139989    
85       I1         1.489386704    1.652709719    3.142220271    0.4415317787   0.2463200352   4.188251874    2.532528402    1.337555709    0.09240085246  -0.6973804885  0.7293577842   
86       I1         1.696146187    1.723872528    3.877114796    0.4808505761   0.6859801251   4.106631229    2.896475106    0.1659144012   0.09153581866  0.2695118445   0.7566734679   
87       I1         0.8338031471   1.413229567    2.792456384    0.3100129122   0.2963966409   2.162021918    2.959254627    0.9552385088   0.0640142716   0.535236729    0.5023234691   
88       I1         1.478389462    2.264217556    3.409354918    0.617714539    0.3475508259   2.517408922    1.132739572    0.2573387999   0.09512350073  0.7412024202   0.2391162885   
89       I1         0.553361954    2.506003395    4.081349423    0.7424456046   0.2249136607   5.383896754    2.093105397    1.257883007    0.1227171527   -0.9187194154  0.5778251851   
90       I1         1.615738806    1.497129676    3.327214513    0.03104441363  0.1980706214   1.859937277    1.685179173    1.261119775    0.08327369175  0.28403948     0.5398314702   
91       I1         0.8045915082   1.641290698    3.494053802    0.4927495471   0.1090620174   8.826475595    1.098534421    1.617396896    0.05488479935  0.05901592311  0.428611922    
92       I1         1.256161827    1.211651357    3.918206436    0.4610007422   0.3414622524   8.731779812    3.203003556    2.1564407      0.03373371824  0.6110877849   0.6229523349   
93       I1         1.87357065     2.05260005     3.103053777    0.3225876825   0.4310794512   1.811339385    3.499421442    2.055934242    0.1341345003   0.9978569893   1.034296756    
94       I1         1.23627656     2.305676635    3.331379779    0.06617458841  0.3711483416   9.856190522    2.491389903    2.112615225    0.02899701193  -0.7239237134  0.9060045286   
95       I1         0.4016286348   2.159405959    3.975040031    0.3448198588   0.8192303817   5.606839782    2.640794539    2.117338985    0.03287626055  -0.8075849816  0.3985669651   
96       I1         0.6855942515   2.462591002    2.863816821    0.1643987006   0.3286958889   8.336986464    1.848556874    2.716936522    0.1405389      0.9533441939   0.9944596057   
97       I1         0.4957277127   2.014978683    3.713125202    0.8731720152   0.103980856    7.31854531     3.056860529    0.6845887361   0.1322439747   0.7730474147   0.4402406069   
98       I1         1.130394371    2.316377652    4.464930667    0.2227157457   0.8574453403   5.705490445    3.217602306    0.8575615895   0.02797458266  0.2349830838   0.7082196269   
99       I1         1.80153224     2.441534055    2.770685731    0.7223955554   0.6777095541   6.366329451    3.395639015    0.01885421188  0.1063776834   -0.6079400208  0.7645736506   
100      I1         0.7312023572   2.640566316    2.538179608    0.9304729949   0.3536942089   9.446711023    1.070727581    1.810897742    0.06909313304  -0.7327913343  2.55851677     
101      I1         1.567202837    1.702193035    3.477901424    0.9721338354   0.5912584852   0.610352996    1.463704901    0.04022089047  0.1483962682   0.1270111801   0.6371361685   
102      I1         0.9869559751   1.234350195    3.01046998     0.3521041237   0.6400701768   1.655307686    1.16816521     0.9443455124   0.06192180875  0.2409425337   0.5779965349   
103      I1         0.750449124    1.43732954     2.708406625    0.8862005328   0.676343048    7.20546421     2.159048172    2.245670059    0.1081400305   -0.8910758467  1.498072892    
104      I1         0.7647534265   1.524782968    2.922492251    0.1845211468   0.9345541318   6.452092482    1.982000801    2.358990998    0.08542902613  0.4916040971   0.3526274498   
105      I1         0.6937674698   2.170776757    3.888234681    0.9442640393   0.2394207409   6.138323028    2.327368111    2.137298854    0.1167926974   -0.6565079305  1.535396094    
106      I1         0.4951711073   2.121766347    2.902711628    0.595768273    0.8056751453   3.110961491    2.291507961    1.579748189    0.008722708975 0.6930523617   0.2476683938   
107      I1         1.594082283    1.513949634    4.145300529    0.8233939192   0.320789198    4.81531904     2.030036401    2.976354299    0.04136965574  0.5990093136   0.5210212772   
108      I1         1.372596453    1.573901481    2.711888592    0.4886333168   0.5114201736   3.84481336     1.332058821    2.83750996     0.06145809899  0.8218181873   0.2386019952   
109      I1         1.389069653    2.129130358    3.432439771    0.7672713686   0.3786067364   7.517247668    1.736800534    1.328780551    0.02404850272  -0.8556511931  0.3633213679   
110      I1         1.031815732    2.423392337    3.113013275    0.02480656156  0.7023414344   9.841775118    3.0392257      0.5008992053   0.07350079917  0.358344629    0.8295732694   
111      I1         0.6630983557   1.311800029    3.983472701    0.6784136961   0.7229535531   4.226906781    3.19877864     0.7789885138   0.01343576109  -0.1749893431  0.7592066082   
112      I1         0.326611012    2.357674334    3.527121202    0.9335967232   0.9066224618   7.653929643    3.271262121    2.003666432    0.05629736833  -0.3358898936  2.831401889    
113      I1         1.823406715    2.085767437    3.64413611     0.217349812    0.9851536558   8.246207784    3.4632993      0.4522946708   0.09356310369  0.897851405    0.955735544    
114      I1         1.934856469    1.318163841    3.664249371    0.1260542698   0.4360966493   0.208209793    2.728509133    0.7954323962   0.0219333705   -0.2006824421  1.057909412    
115      I1         1.008724434    1.625971422    4.126820906    0.4037020077   0.3741970611   3.05496928     3.250847966    1.277491723    0.1485310072   -0.4933075011  0.5689043446   
116      I1         1.668035661    2.024084218    3.791282322    0.03813466218  0.2101655837   2.417095971    1.596636268    1.476364732    0.147568301    -0.4294300845  0.9251744378   
117      I1         0.4763555759   1.664404193    4.343964989    0.2769810949   0.5544735924   4.621020402    1.760686845    0.3837209791   0.05912904632  -0.5910295451  0.4766465237   
118      I1         1.861285023    2.616901197    4.011008415    0.06347138941  0.9086691245   7.366692812    1.622142185    2.794035414    0.118836443    0.5107292462   0.2934120125   
119      I1         0.7053730573   2.652883391    3.896774347    0.8135260645   0.08092113079  1.109917954    1.747056741    1.431614803    0.002415781961 0.4187665043   0.3330701009   
120      I1         1.266772467    1.277543916    2.625546715    0.9833121046   0.7203558098   8.123806979    3.176884412    0.301226491    0.04337993949  -0.3086182263  0.6583480129   
121      I1         0.5788834067   2.369053499    4.136342117    0.09484864392  0.1317473279   0.1113407298   2.554142808    2.916316551    0.01507505828  -0.37708185    1.050770965    
122      I1         1.57691792     1.584203397    3.810259928    0.1365093359   0.0484617857   7.556041401    2.04077936     1.765770963    0.02013986903  -0.8828290536  1.061527651    
123      I1         0.6454610403   1.819858956    4.401371371    0.5279647682   0.5414871675   7.726871273    1.72141094     1.164832077    0.01082768836  0.55345136     0.4442611165   
124      I1         1.02088661     1.872888018    3.091685818    0.01145083127  0.4843905536   1.39817282     1.221353719    1.126898341    0.04737993652  -0.8385064662  0.7542668719   
125      I1         1.028443506    2.250487389    3.200341316    0.1959069276   0.4246184373   7.928094173    1.904653541    0.7302003434   0.01647353346  -0.9747974373  0.6800260256   
126      I1         0.953608261    2.389903838    2.63633544     0.4219138684   0.4379601099   6.983583116    1.787044704    2.673580145    0.124862094    -0.9828944431  0.6529453625   
127      I1         1.043622035    2.103798969    3.655579597    0.7495471175   0.05025664172  9.776148407    1.036660246    1.035189702    0.1174800274   -0.4514733095  1.139391118    
128      I1         1.212039554    1.163132893    3.827213992    0.8663153199   0.2451389809   1.944446759    3.28990503     2.987323265    0.04828645542  -0.2487443876  0.3419991674   
129      I1         1.428796657    1.061800788    4.187532481    0.3277216254   0.5786699087   9.566788489    1.34939073     1.792017861    0.018586782    0.1669103962   0.4079541867   
130      I1         0.9905189919   1.847479596    3.674731127    0.08766672647  0.6946949651   7.140130212    2.808883335    2.298921494    0.06308132851  0.3296049156   0.743624616    
131      I1         1.839793129    1.263157119    3.908262726    0.8580020919   0.9266990333   6.060494108    2.313800446    2.404277565    0.0765216185   -0.3234803816  0.6406870584   
132      I1         1.736972913    2.204986631    2.941521391    0.2285896653   0.6078054416   8.936209867    2.062803635    1.383870048    0.004219855167 0.8683338323   0.8886882902   
133      I1         1.81565993     1.385725577    4.453154615    0.3293674977   0.5959419406   6.581371864    2.780756949    2.776725789    0.1448517014   -0.1682505118  0.8577596044   
134      I1         1.29869262     1.986444153    3.624950022    0.2363858541   0.041427187    4.014965611    1.278774894    0.09999375941  0.1392290088   0.3191128178   0.5374773414   
135      I1         0.5405389815   1.527252954    4.260009646    0.4603745082   0.8368809941   1.578773868    2.443266495    0.788272496    0.07522853988  0.1362516691   0.3942897461   
136      I1         1.001251893    2.007925509    4.068925653    0.8533427611   0.6551352417   1.350039983    1.265648282    0.1934143029   0.01926088922  -0.470073533   1.127429204    
137      I1         0.5688303017   1.476827842    3.568035854    0.3084367129   0.1464932831   5.677937282    1.369440362    1.004257686    0.1144477317   0.1056065886   0.5001926455   
138      I1         1.34845065     2.197591557    4.049628781    0.6256104145   0.3072631867   6.776723139    1.204150956    1.705075804    0.04006171947  -0.6886126368  0.8547613025   
139      I1         0.789572542    2.542529793    3.706033907    0.07026284222  0.02994830241  8.445035646    3.109061162    2.375098487    0.07155125084  0.6883682326   0.9537160138   
140      I1         1.650778296    2.634228482    2.895323663    0.5854851737   0.8974859361   0.7883891887   1.06137196     0.6343833602   0.1280760708   0.7021587851   0.5546897023   
141      I1         0.6291513254   2.499987905    2.583711319    0.1522689735   0.3268439017   5.842297847    2.925735374    0.5547546341   0.1334908866   -0.8263593524  0.7373738844   
142      I1         0.7532060067   1.549901358    3.514350809    0.3825326016   0.7255757899   3.242695856    2.539600155    0.6234492863   0.02734482978  -0.9219368995  0.3464609544   
143      I1         1.096953965    1.91308261     3.937910057    0.6169280782   0.7983745614   1.914269064    3.386731765    0.5975805961   0.09108742021  -0.8667647265  0.2719274696   
144      I1         1.085978899    1.604534193    3.053189839    0.1715781143   0.2183877448   9.372141183    3.40923876     2.55376601     0.05041932712  0.4805376359   0.8345138234   
145      I1         0.8771454601   2.274721958    3.25662178     0.7759797059   0.8718494731   2.998884002    1.076624096    2.01426454     0.00675804169  0.001682806734 1.324106316    
146      I1         0.8594859709   1.217210995    3.086598135    0.2707709073   0.754291487    6.513782869    2.91675701     0.3989029848   0.07265439387  0.7177708768   0.3340842542   
147      I1         0.7117369792   2.407561628    3.180371454    0.6653043869   0.4709062678   5.80948257     2.466265489    0.05217774912  0.03799960577  0.02958508316  0.3292696165   
148      I1         0.6141995046   1.126281319    3.501041045    0.3952466911   0.2299757445   5.25479592     2.457894546    0.3197858511   0.00981164144  0.9000424935   0.564109868    
149      I1         0.560579495    1.051732896    3.787971582    0.6682522869   0.3508865161   7.073311939    1.606807955    1.936333729    0.1147556871   0.06832655325  0.403367235    
150      I1         1.397354438    1.61212834     3.940201022    0.3718642419   0.5163311147   0.7093392765   2.617147676    0.0009784810385 0.06582066675  0.186216058    0.630931562    
151      I1         1.705715745    2.695719894    3.363630834    0.07700316282  0.7828581071   0.5099906425   2.410994495    1.152192786    0.05397412103  0.3322936707   1.063496889    
152      I1         1.369271837    1.374613359    2.568326192    0.8947151221   0.08719938606  3.769961236    1.89847601     1.668822826    0.1077187073   0.5278011112   0.3008473678   
153      I1         1.387476395    2.037184526    3.066677678    0.1097605279   0.9658664552   0.4799825509   2.585269133    0.6547736416   0.07790360766  -0.2904173244  0.6829629004   
154      I1         0.4353517743   1.636726289    3.994306987    0.4131563162   0.265478951    2.017122039    3.073056107    1.730171856    0.000263794398 -0.8406845044  0.4294488041   
155      I1         1.674092136    1.196024326    3.134494032    0.5620416207   0.151121497    1.285742782    2.630282138    2.519815896    0.05310743582  -0.4649674457  0.7492805805   
156      I1         0.8935711441   1.001664257    2.766611993    0.9177468062   0.9391876196   8.796494637    2.351854157    1.021453014    0.05129234746  -0.6424419064  1.640347079    
157      I1         0.9294416391   1.418938544    4.054003948    0.3343624794   0.2796770395   0.3232059656   1.257138806    1.98959652     0.1291446451   0.8521097122   0.5812406338   
158      I1         1.511211025    1.293362253    2.932351306    0.5327328235   0.9560722305   7.112600664    3.343020981    2.891697661    0.03827675159  -0.2707591796  0.3913824802   
159      I1         0.6734119334   1.176044486    3.381960818    0.2681338213   0.2931487373   4.124568675    3.368654007    2.225697083    0.09687939109  0.4626603695   0.5826954563   
160      I1         1.443875061    1.069215033    2.683784505    0.8252154038   0.49233943     2.796858207    2.109549846    1.960684558    0.1022558956   0.1421200426   0.2994664337   
161      I1         0.4628172735   2.451447862    4.027680889    0.9884591002   0.09937325054  5.070087836    2.658951036    0.7096477183   0.03185246026  0.3613063374   1.878824799    
162      I1         1.794343393    1.327161093    3.317980748    0.7525369395   0.1635546553   5.489382569    1.528022256    1.010252096    0.003608623755 -0.1894601465  0.731999031    
163      I1         1.562283398    1.886373824    4.075871714    0.6501463064   0.05804388927  9.337788661    1.537824066    0.894750979    0.03488479031  0.844111533    0.5926437382   
164      I1         1.067199112    1.967639135    2.757161432    0.02371272381  0.0202472069   9.262748823    2.608247359    1.819704135    0.08887906592  0.5613505349   0.940009071    
165      I1         1.623598457    2.24825311     4.223294394    0.5822604601   0.635782298    2.198446692    2.96451766     2.859379984    0.03737434396  0.4339775939   0.7438924755   
166      I1         1.35883135     1.712974657    3.343104422    0.4982750828   0.4663169356   0.2658313869   1.421382374    2.660883043    0.08144251915  -0.1204428759  0.4430822631   
167      I1         1.754165204    1.457003444    4.429994142    0.5010571741   0.9251221617   9.715090123    1.886774861    1.492435792    0.04512895783  0.6726338467   0.4873577109   
168      I1         1.52698874     2.47746857     2.553667634    0.04281589581  0.6205541782   2.829426214    1.831062441    2.487139301    0.1216214533   -0.9447178837  0.9315000351   
169      I1         1.149262703    1.809580411    3.852631937    0.8872960347   0.6711742736   4.540652858    1.375566622    2.62321324     0.01741681244  0.504993468    0.3912194356   
170      I1         0.3665247071   1.866032498    2.967713737    0.713796795    0.70896935     2.95335473     1.669623209    2.650747806    0.04359658885  -0.2361866766  1.022887395    
171      I1         0.6553529962   2.030388091    3.763815005    0.6727332147   0.3613541698   8.467556951    1.973763582    1.097636174    0.1101631627   -0.5678006295  0.3944251309   
172      I1         0.8612097478   2.360140599    2.881948345    0.7310735944   0.5019211353   4.452162135    2.597056382    2.898819371    0.1208319425   0.2215269727   0.2297939141   
173      I1         1.47259        1.039329499    3.161199709    0.8315033959   0.0188045118   2.339326773    2.677691111    0.9165776792   0.01651235957  0.1793324215   0.3691213136   
174      I1         1.992340235    1.238174427    3.602551072    0.4723098789   0.8113767914   1.53493775     2.014719743    0.7533708459   0.005945549004 -0.7780745034  0.6884601634   
175      I1         1.98336308     2.286075393    4.285975636    0.01798505188  0.3921249435   9.036374273    2.862540153    1.312493302    0.05943629023  -0.2284970162  1.281377791    
176      I1         1.154517324    1.672796838    2.600405533    0.1476893845   0.9796752624   3.295380328    2.790834008    0.6910674963   0.1056830911   0.6025767316   0.4507758116   
177      I1         0.4860849217   2.232408175    4.390373804    0.3397412588   0.7426657893   5.002589404    2.194619009    2.593588089    0.01495497178  -0.3650833687  0.4862595417   
178      I1         1.924432175    1.347875166    2.83204905     0.2485902988   0.8943826397   8.275041911    1.764824294    1.37273744     0.05615738836  0.8038941396   0.3567347906   
179      I1         1.310744326    1.019503261    3.804717974    0.4492392441   0.7319429299   8.004857896    1.005840887    2.818122399    0.07644533892  -0.1155121248  1.066836704    
180      I1         0.9723733239   1.717098167    3.451950994    0.7728527275   0.544416591    6.155527653    1.94753824     0.8431757703   0.137179929    -0.03989210821 0.4001685199   
181      I1         0.5040713005   1.250427937    3.536263838    0.2525859039   0.8399781579   9.21027408     1.149856099    2.078921093    0.09975719641  -0.5447635154  0.8668006057   
182      I1         1.771281175    2.278022308    3.352611263    0.9076708301   0.5753240014   7.787279063    2.205949187    0.3749216878   0.1385545845   -0.8131123543  0.6145362235   
183      I1         1.158709209    1.395823821    3.837321156    0.2840264418   0.2769640907   4.936652069    2.435221826    1.209745649    0.1274157622   0.1951076042   0.75362487     
184      I1         1.190534918    2.668124379    2.745626434    0.7031796      0.0289882697   9.178860468    3.361107015    1.873772372    0.09597826708  -0.01703443872 0.3615102947   
185      I1         1.078928625    1.271565045    2.672124427    0.2064273717   0.1919118726   6.934065212    2.001481473    0.4931421236   0.06008628404  0.4576014747   0.6819715881   
186      I1         1.122030833    1.89441514     3.549174485    0.05664595001  0.7478827292   3.172767327    1.192543659    0.518172534    0.1112880508   0.3483731743   0.2292043264   
187      I1         1.725021871    2.402460187    4.374945498    0.2931131897   0.01450288372  5.978678452    3.037366763    0.1176097277   0.103457769    -0.5081619491  1.183836934    
188      I1         0.7405778344   2.614324739    2.847328631    0.8494940825   0.7866513945   1.782084131    2.827058448    2.179021285    0.06626250586  0.7977858274   0.4055386532   
189      I1         0.5328893243   1.157943759    3.294143353    0.1755136478   0.3976787274   0.1807719634   3.132106181    1.913873397    0.04069295183  -0.138376339   0.3448861904   
190      I1         1.280693964    1.445530588    3.773679828    0.4276016541   0.77690164     0.9213748418   3.454779949    0.1985755591   0.04957619494  -0.6650278309  0.3018426642   
191      I1         1.805055113    2.663067641    3.631972749    0.8367118221   0.6585332783   5.122869491    1.932478028    2.04014675     0.007862350739 -0.7452620384  0.626432872    
192      I1         1.73112323     2.341796621    3.288925612    0.9694566188   0.6984740392   2.099368541    3.47513158     1.053967897    0.1194149804   -0.4000719468  0.4875235273   
193      I1         0.9614019113   2.000293527    2.982554117    0.9161871134   0.5615971726   6.606688437    2.886943105    2.320806701    0.08250384046  0.2565493833   0.6901882347   
194      I1         1.898912245    1.784465805    2.523780995    0.923528304    0.03605611256  0.80618625     2.236411736    2.460068593    0.03939091535  0.9367367763   0.7683012673   
195      I1         0.6216393137   1.185621855    4.107978047    0.6403466023   0.3176662589   3.915869445    2.268349657    0.5391927832   0.1300318976   -0.6194494164  0.3861325001   
196      I1         1.630208966    1.433003144    2.877630711    0.09303893924  0.5057330862   5.154428555    1.357631033    1.889652792    0.004870288585 0.2114804164   0.4850739569   
197      I1         1.223180696    1.557022881    2.544324651    0.7065451786   0.3016913849   3.394123053    2.186557027    0.07751906206  0.06515690131  0.9639004481   0.457129139    
198      I1         1.518373807    2.133984655    2.854658815    0.6304719765   0.7141551185   1.203283781    1.106618721    2.491270314    0.1356136066   -0.4858760842  1.728530172    
199      I1         0.9112346406   1.901547742    4.251197975    0.365279752    0.8883612712   4.359482509    3.317583316    0.8215461351   0.1284888647   0.7213354982   0.5185742687   
200      I1         1.657882582    1.111207504    4.094441589    0.7643641493   0.4776620772   3.8669091      3.083430849    2.526620359    0.08075162149  -0.9321049033  0.5371289031   
201      I1         0.7932098765   1.85           3.87037037     0.6451851852   0.01604938272  0.1611111111   1.570987654    2.981481481    0.04722222222  0.2962962963   0.2713408478   
202      I1         1.464814815    1.283333333    3.154320988    0.05234567901  0.9839506173   0.1611111111   1.416666667    0.01851851852  0.1472222222   0.987654321    0.5466036376   
203      I1         1.233950617    1.157407407    2.512345679    0.3911111111   0.9839506173   9.938888889    1.848765432    0.01851851852  0.1027777778   0.1481481481   0.5241291177   
204      I1         0.8351851852   1.031481481    3.12962963     0.5241975309   0.01604938272  0.1611111111   1.540123457    0.01851851852  0.04907407407  -0.07407407407 0.1932742727   
205      I1         0.5203703704   1.598148148    2.759259259    0.3427160494   0.9839506173   0.1611111111   3.206790123    2.018518519    0.1194444444   -0.5679012346  0.5101733611   
206      I1         0.6672839506   2.542592593    3.055555556    0.6572839506   0.9839506173   9.938888889    2.62037037     2.981481481    0.1027777778   0.7654320988   0.4138125462   
207      I1         0.4154320988   2.14382716     2.512345679    0.3427160494   0.9839506173   1.016666667    2.527777778    2.018518519    0.05277777778  0.8148148148   0.4891930397   
208      I1         0.562345679    1.85           3.055555556    0.5362962963   0.4637037037   3.461111111    2.558641975    2.981481481    0.08240740741  -0.02469135802 0.2730213664   
209      I1         1.15           2.017901235    4.092592593    0.7903703704   0.5967901235   3.705555556    1.293209877    0.6481481481   0.08240740741  0.962962963    0.3211566499   
210      I1         1.087037037    1.55617284     3.820987654    0.6088888889   0.669382716    4.683333333    1.972222222    0.01851851852  0.05092592593  -0.987654321   0.3049234869   
211      I1         1.087037037    1.55617284     2.932098765    0.6572839506   0.8871604938   3.583333333    2.651234568    2.055555556    0.08055555556  0.3209876543   0.3585558966   
212      I1         0.9611111111   1.55617284     3.425925926    0.6572839506   0.1007407407   5.05           1.385802469    0.01851851852  0.04907407407  0.3209876543   0.1910036842   
213      I1         0.6672839506   1.640123457    3.5            0.4274074074   0.02814814815  3.338888889    1.416666667    0.01851851852  0.06203703704  -0.6419753086  0.4575931265   
214      I1         1.066049383    1.975925926    3.37654321     0.7903703704   0.3185185185   0.1611111111   3.145061728    0.01851851852  0.1175925926   0.5185185185   0.3621465053   
215      I1         1.129012346    2.269753086    3.154320988    0.8145679012   0.3911111111   0.1611111111   1.848765432    1.388888889    0.04166666667  0.5925925926   0.3789006902   
216      I1         0.625308642    2.290740741    4.487654321    0.4879012346   0.4395061728   3.216666667    2.435185185    0.01851851852  0.1027777778   -0.7654320988  0.4216070172   
217      I1         1.170987654    1.808024691    3.845679012    0.7903703704   0.01604938272  6.516666667    2.527777778    0.05555555556  0.04907407407  -0.7654320988  0.2853001155   
218      I1         0.8771604938   1.724074074    3.179012346    0.8266666667   0.2217283951   5.05           2.62037037     0.9074074074   0.112037037    0.987654321    0.3685408105   
219      I1         1.15           1.367283951    3.154320988    0.5120987654   0.9839506173   5.416666667    3.083333333    0.01851851852  0.06944444444  -0.987654321   0.7319664984   
220      I1         1.77962963     1.115432099    2.709876543    0.4516049383   0.2822222222   5.783333333    1.293209877    1.388888889    0.1009259259   0.7654320988   0.288484054    
221      I1         0.9820987654   1.304320988    2.734567901    0.5725925926   0.01604938272  3.338888889    1.385802469    1.5            0.075          0.4444444444   0.1951211841   
222      I1         1.15           1.010493827    2.981481481    0.6209876543   0.01604938272  9.938888889    1.694444444    0.7222222222   0.04907407407  -0.2469135802  0.330656235    
223      I1         1.884567901    1.724074074    4.487654321    0.2096296296   0.8508641975   9.083333333    1.416666667    1.314814815    0.0787037037   0.7654320988   0.3000463601   
224      I1         1.800617284    1.933950617    3.228395062    0.4516049383   0.862962963    5.05           1.385802469    1.944444444    0.07314814815  0.8888888889   0.2368944194   
225      I1         1.464814815    1.178395062    3.5            0.5483950617   0.4516049383   4.316666667    1.293209877    2.722222222    0.1009259259   0.7654320988   0.2311579894   
226      I1         1.737654321    1.535185185    2.932098765    0.4516049383   0.6814814815   5.416666667    1.447530864    0.01851851852  0.002777777778 0.5679012346   0.2358032673   
227      I1         1.653703704    1.99691358     2.512345679    0.5362962963   0.6330864198   6.761111111    1.324074074    0.01851851852  0.1472222222   0.987654321    0.2790339209   
228      I1         1.653703704    2.122839506    3.154320988    0.4395061728   0.5604938272   6.516666667    1.293209877    2.018518519    0.06944444444  0.7407407407   0.2048812601   
229      I1         0.499382716    2.668518519    3.154320988    0.6572839506   0.4637037037   3.338888889    1.787037037    0.01851851852  0.04722222222  0.987654321    0.3823263511   
230      I1         0.9611111111   1.472222222    3.820987654    0.5967901235   0.1249382716   3.461111111    1.293209877    0.9444444444   0.04722222222  0.3209876543   0.2849392409   
231      I1         1.716666667    1.07345679     2.907407407    0.4758024691   0.669382716    0.1611111111   1.694444444    2.018518519    0.1490740741   0.5925925926   0.2744616512   
232      I1         0.7932098765   1.577160494    2.537037037    0.5483950617   0.3427160494   0.1611111111   1.848765432    0.05555555556  0.1027777778   0.07407407407  0.2279561647   
233      I1         1.338888889    1.99691358     4.462962963    0.5483950617   0.9597530864   9.938888889    2.064814815    2.018518519    0.01388888889  -0.987654321   0.4841892163   
234      I1         0.6462962963   2.500617284    3.5            0.5483950617   0.8266666667   0.1611111111   2.651234568    0.9444444444   0.1490740741   -0.3456790123  0.2244503347   
235      I1         1.233950617    1.22037037     3.154320988    0.862962963    0.02814814815  9.938888889    3.361111111    2.018518519    0.04907407407  0.3456790123   0.2852267144   
236      I1         0.6672839506   1.010493827    3.12962963     0.1249382716   0.9839506173   0.2833333333   2.682098765    2.055555556    0.03055555556  0.987654321    0.7875630877   
237      I1         1.275925926    1.241358025    2.512345679    0.5362962963   0.02814814815  0.1611111111   1.478395062    0.3148148148   0.112037037    0.1481481481   0.211934209    
238      I1         1.275925926    1.55617284     3.154320988    0.6088888889   0.7903703704   0.1611111111   3.484567901    2.981481481    0.1009259259   -0.2222222222  0.3111747679   
239      I1         0.8561728395   1.724074074    3.12962963     0.6572839506   0.3427160494   9.938888889    1.385802469    0.2777777778   0.08055555556  0.6172839506   0.2454639162   
240      I1         0.8561728395   1.975925926    4.166666667    0.1491358025   0.9839506173   3.338888889    1.509259259    0.01851851852  0.002777777778 0.3209876543   0.3233883334   
241      I1         0.6882716049   1.870987654    3.62345679     0.4637037037   0.8266666667   0.1611111111   2.188271605    0.01851851852  0.1361111111   -0.5925925926  0.2907220956   
242      I1         0.6043209877   2.14382716     3.574074074    0.5120987654   0.6451851852   1.383333333    2.774691358    2.981481481    0.09722222222  -0.6172839506  0.3319282245   
243      I1         0.3734567901   1.954938272    2.709876543    0.3548148148   0.5725925926   0.2833333333   2.929012346    0.01851851852  0.1342592593   -0.2222222222  0.2728845777   
244      I1         0.8561728395   1.535185185    2.709876543    0.6451851852   0.01604938272  0.1611111111   1.848765432    0.05555555556  0.09722222222  -0.3456790123  0.2531550649   
245      I1         0.5203703704   2.689506173    3.055555556    0.6209876543   0.7540740741   0.1611111111   2.651234568    0.9814814815   0.1472222222   0.3209876543   0.2347274792   
246      I1         0.6043209877   2.689506173    3.154320988    0.5120987654   0.9355555556   5.416666667    2.25           0.01851851852  0.1490740741   -0.07407407407 0.2873774838   
247      I1         1.233950617    1.577160494    2.759259259    0.6088888889   0.669382716    9.816666667    1.87962963     2.981481481    0.1490740741   0.3209876543   0.3803894427   
248      I1         0.8561728395   1.55617284     3.154320988    0.6088888889   0.1128395062   4.683333333    3.484567901    0.05555555556  0.08611111111  -0.7654320988  0.2523043391   
249      I1         0.4574074074   1.199382716    2.981481481    0.3427160494   0.330617284    3.216666667    2.651234568    0.05555555556  0.05092592593  -0.5679012346  0.3262850542   
250      I1         0.6043209877   2.416666667    3.401234568    0.6209876543   0.669382716    0.2833333333   2.37345679     0.9814814815   0.09722222222  0.5185185185   0.210549843    
251      I1         0.5833333333   1.577160494    3.154320988    0.3911111111   0.9839506173   3.583333333    1.848765432    0.2777777778   0.1009259259   0.987654321    0.3937424717   
252      I1         0.6672839506   2.164814815    2.611111111    0.5120987654   0.8145679012   2.116666667    2.558641975    2.018518519    0.09907407407  -0.1481481481  0.2497430555   
253      I1         0.8561728395   1.472222222    4.018518519    0.05234567901  0.5            3.338888889    1.108024691    0.01851851852  0.002777777778 0.3209876543   0.5209822601   
254      I1         0.5413580247   2.416666667    3.055555556    0.6209876543   0.5725925926   3.338888889    2.404320988    1.944444444    0.1175925926   0.3209876543   0.2063543366   
255      I1         0.5833333333   2.122839506    3.154320988    0.6572839506   0.669382716    4.316666667    2.712962963    0.01851851852  0.0009259259259 0.8148148148   0.2931805603   
256      I1         0.8561728395   1.094444444    2.537037037    0.5483950617   0.1249382716   0.1611111111   1.509259259    0.01851851852  0.03240740741  0.07407407407  0.2415422122   
257      I1         0.8561728395   1.346296296    2.956790123    0.6209876543   0.01604938272  2.116666667    1.663580247    0.9444444444   0.125          0.0987654321   0.2245070129   
258      I1         0.6672839506   1.766049383    3.154320988    0.5            0.3427160494   0.65           1.848765432    0.01851851852  0.06944444444  -0.2222222222  0.2122962997   
259      I1         0.9611111111   1.136419753    2.932098765    0.5362962963   0.3427160494   1.383333333    1.848765432    0.01851851852  0.08240740741  -0.2962962963  0.2159235577   
260      I1         0.6462962963   2.416666667    3.12962963     0.5362962963   0.6572839506   3.461111111    2.682098765    0.01851851852  0.09907407407  -0.04938271605 0.2375459308   
261      I1         0.6672839506   2.122839506    3.12962963     0.6088888889   0.6572839506   0.2833333333   2.342592593    0.01851851852  0.1324074074   0.1234567901   0.2603133938   
262      I1         0.625308642    1.640123457    2.833333333    0.4032098765   0.4879012346   0.1611111111   1.87962963     1.203703704    0.05277777778  0.07407407407  0.2011962863   
263      I1         1.338888889    1.787037037    3.771604938    0.8387654321   0.1975308642   7.25           3.484567901    0.7222222222   0.1009259259   -0.4938271605  0.3041937904   
264      I1         0.4574074074   2.038888889    2.833333333    0.3427160494   0.6572839506   9.938888889    2.651234568    1.018518519    0.08611111111  0.1234567901   0.349684057    
265      I1         0.6672839506   1.010493827    2.907407407    0.4637037037   0.1128395062   0.1611111111   1.848765432    0.01851851852  0.06944444444  -0.2222222222  0.2085622734   
266      I1         0.5833333333   2.164814815    3.154320988    0.6572839506   0.6814814815   2.116666667    2.280864198    2.981481481    0.07314814815  0.7654320988   0.3315513864   
267      I1         0.6043209877   2.038888889    3.327160494    0.6451851852   0.01604938272  9.205555556    2.898148148    1.611111111    0.1490740741   0.0987654321   0.2619960422   
268      I1         0.499382716    2.332716049    2.611111111    0.4879012346   0.6572839506   1.016666667    2.12654321     1.055555556    0.06944444444  0.3209876543   0.228620869    
269      I1         1.905555556    1.283333333    3.154320988    0.3911111111   0.9839506173   6.638888889    1.848765432    2.722222222    0.04907407407  0.1728395062   0.384946448    
270      I1         0.6672839506   2.416666667    2.907407407    0.6572839506   0.3185185185   3.338888889    2.959876543    1.981481481    0.08240740741  0.2962962963   0.208927706    
271      I1         0.3524691358   1.493209877    3.154320988    0.3911111111   0.02814814815  3.216666667    3.484567901    1.018518519    0.05277777778  -0.3209876543  0.3645922395   
272      I1         0.4783950617   1.55617284     3.154320988    0.6572839506   0.01604938272  3.216666667    3.361111111    1.166666667    0.075          0.3209876543   0.2831429343   
273      I1         0.3104938272   1.55617284     2.709876543    0.5            0.01604938272  3.338888889    3.083333333    1.388888889    0.05833333333  0.0987654321   0.2836039886   
274      I1         0.8561728395   1.55617284     2.685185185    0.6572839506   0.01604938272  3.216666667    2.990740741    1.944444444    0.09907407407  -0.1234567901  0.2190336933   
275      I1         0.8561728395   2.542592593    3.154320988    0.6330864198   0.02814814815  1.75           3.484567901    0.9814814815   0.08055555556  -0.5432098765  0.2232970661   
276      I1         0.6672839506   2.332716049    2.932098765    0.6209876543   0.01604938272  4.316666667    3.175925926    1.833333333    0.09907407407  -0.2222222222  0.2745574072   
277      I1         0.5413580247   2.668518519    3.154320988    0.6088888889   0.8871604938   3.216666667    2.188271605    0.05555555556  0.04907407407  0.5432098765   0.2238079133   
278      I1         0.625308642    2.521604938    3.179012346    0.4637037037   0.9839506173   2.116666667    2.157407407    2.388888889    0.06759259259  0.3209876543   0.4142837866   
279      I1         0.7722222222   1.031481481    2.956790123    0.4516049383   0.2217283951   0.2833333333   1.632716049    1.018518519    0.06388888889  -0.1975308642  0.185963001    
280      I1         0.8561728395   1.787037037    3.154320988    0.7540740741   0.01604938272  3.338888889    1.293209877    0.9444444444   0.06388888889  0.7160493827   0.2874128725   
281      I1         0.3104938272   2.605555556    3.401234568    0.5362962963   0.3427160494   3.216666667    2.959876543    2.018518519    0.1027777778   0.3209876543   0.2873266674   
282      I1         0.3104938272   1.178395062    3.154320988    0.3427160494   0.4395061728   1.016666667    2.990740741    2.944444444    0.1009259259   -0.2222222222  0.3020697727   
283      I1         1.108024691    2.14382716     4.092592593    0.7056790123   0.02814814815  0.1611111111   3.453703704    1.018518519    0.05833333333  -0.9135802469  0.2920049038   
284      I1         0.3944444444   1.22037037     2.981481481    0.3427160494   0.5483950617   0.1611111111   2.990740741    1.018518519    0.01574074074  -0.0987654321  0.4178001675   
285      I1         0.499382716    1.954938272    3.12962963     0.4516049383   0.6572839506   5.783333333    2.62037037     1.166666667    0.1490740741   -0.5679012346  0.3386991658   
286      I1         0.5413580247   1.55617284     3.154320988    0.6572839506   0.01604938272  3.216666667    1.509259259    0.7222222222   0.0009259259259 0.5185185185   0.235929766    
287      I1         0.7722222222   2.542592593    3.154320988    0.6572839506   0.01604938272  3.216666667    1.293209877    0.6111111111   0.0009259259259 0.5432098765   0.234065291    
288      I1         0.4783950617   1.577160494    3.12962963     0.4516049383   0.330617284    0.2833333333   1.848765432    0.05555555556  0.03055555556  0.2716049383   0.1934512485   
289      I1         0.6043209877   1.577160494    3.12962963     0.4516049383   0.2217283951   0.2833333333   1.848765432    0.8333333333   0.008333333333 -0.02469135802 0.1816781846   
290      I1         0.3944444444   2.668518519    2.956790123    0.584691358    0.330617284    1.75           2.37345679     0.2777777778   0.04351851852  0.3209876543   0.2440367648   
291      I1         0.499382716    2.122839506    2.833333333    0.5            0.6209876543   1.016666667    2.280864198    0.01851851852  0.008333333333 0.3209876543   0.1932880964   
292      I1         0.8561728395   2.689506173    3.5            0.6088888889   0.8871604938   3.216666667    2.836419753    1.981481481    0.1472222222   -0.0987654321  0.2792925264   
293      I1         0.3944444444   1.010493827    3.154320988    0.2096296296   0.3911111111   1.261111111    3.083333333    0.01851851852  0.1175925926   -0.3209876543  0.3076843667   
294      I1         0.8351851852   1.010493827    2.981481481    0.2580246914   0.9718518519   2.116666667    2.836419753    0.01851851852  0.1490740741   0.2469135802   0.9962899371   
295      I1         0.4574074074   2.122839506    2.611111111    0.5483950617   0.5483950617   0.1611111111   2.62037037     0.7222222222   0.04907407407  0.3209876543   0.2443964859   
296      I1         1.422839506    1.975925926    3.154320988    0.8750617284   0.3064197531   6.638888889    2.990740741    1.388888889    0.01388888889  -0.3209876543  0.2978250104   
297      I1         0.8561728395   2.521604938    3.277777778    0.6451851852   0.8871604938   3.583333333    3.484567901    0.2777777778   0.03981481481  0.7901234568   0.3586459998   
298      I1         0.8561728395   2.164814815    3.203703704    0.6209876543   0.3427160494   6.883333333    3.484567901    1.055555556    0.05092592593  -0.0987654321  0.2389534677   
299      I1         0.6043209877   1.346296296    3.154320988    0.5120987654   0.1612345679   0.4055555556   1.540123457    0.8333333333   0.04166666667  0.1481481481   0.1748047149   
300      I1         0.7722222222   1.661111111    3.154320988    0.6451851852   0.01604938272  3.95           1.848765432    0.9814814815   0.03981481481  0.0987654321   0.2222097055   
%eval_id interface log__t_efold_shallow log__t_efold_soil log__t_efold_karst f_exfiltration_shallow f_exfiltration_soil PDD_melt_factor log__Hmax_shallow log__fdd_threshold snow_insulation_k log__routing_K neg_kge        
301      I1         0.6043209877   1.346296296    3.154320988    0.5120987654   0.1612345679   0.4055555556   1.540123457    0.8333333333   0.04166666667  0.1481481481   0.1748047149   
302      I1         0.7743209877   1.346296296    3.154320988    0.5120987654   0.1612345679   0.4055555556   1.540123457    0.8333333333   0.04166666667  0.1481481481   0.1670397839   
303      I1         0.6043209877   1.516296296    3.154320988    0.5120987654   0.1612345679   0.4055555556   1.540123457    0.8333333333   0.04166666667  0.1481481481   0.1692468937   
304      I1         0.6043209877   1.346296296    3.354320988    0.5120987654   0.1612345679   0.4055555556   1.540123457    0.8333333333   0.04166666667  0.1481481481   0.1757523895   
305      I1         0.6043209877   1.346296296    3.154320988    0.6100987654   0.1612345679   0.4055555556   1.540123457    0.8333333333   0.04166666667  0.1481481481   0.3107791506   
306      I1         0.6043209877   1.346296296    3.154320988    0.5120987654   0.2592345679   0.4055555556   1.540123457    0.8333333333   0.04166666667  0.1481481481   0.206107051    
307      I1         0.6043209877   1.346296296    3.154320988    0.5120987654   0.1612345679   1.395555556    1.540123457    0.8333333333   0.04166666667  0.1481481481   0.1772451804   
308      I1         0.6043209877   1.346296296    3.154320988    0.5120987654   0.1612345679   0.4055555556   1.790123457    0.8333333333   0.04166666667  0.1481481481   0.1768893347   
309      I1         0.6043209877   1.346296296    3.154320988    0.5120987654   0.1612345679   0.4055555556   1.540123457    1.133333333    0.04166666667  0.1481481481   0.1691809709   
310      I1         0.6043209877   1.346296296    3.154320988    0.5120987654   0.1612345679   0.4055555556   1.540123457    0.8333333333   0.05666666667  0.1481481481   0.1719794705   
311      I1         0.6043209877   1.346296296    3.154320988    0.5120987654   0.1612345679   0.4055555556   1.540123457    0.8333333333   0.04166666667  0.3481481481   0.1709827711   
312      I1         0.4343209877   1.346296296    3.154320988    0.5120987654   0.1612345679   0.4055555556   1.540123457    0.8333333333   0.04166666667  0.1481481481   0.2332829287   
313      I1         0.6043209877   1.176296296    3.154320988    0.5120987654   0.1612345679   0.4055555556   1.540123457    0.8333333333   0.04166666667  0.1481481481   0.1815454733   
314      I1         0.6043209877   1.346296296    2.954320988    0.5120987654   0.1612345679   0.4055555556   1.540123457    0.8333333333   0.04166666667  0.1481481481   0.1844582554   
315      I1         0.6043209877   1.346296296    3.154320988    0.4140987654   0.1612345679   0.4055555556   1.540123457    0.8333333333   0.04166666667  0.1481481481   0.2244317857   
316      I1         0.6043209877   1.346296296    3.154320988    0.5120987654   0.0632345679   0.4055555556   1.540123457    0.8333333333   0.04166666667  0.1481481481   0.1683169185   
317      I1         0.6043209877   1.346296296    3.154320988    0.5120987654   0.1612345679   0.4055555556   1.290123457    0.8333333333   0.04166666667  0.1481481481   0.3090388838   
318      I1         0.6043209877   1.346296296    3.154320988    0.5120987654   0.1612345679   0.4055555556   1.540123457    0.5333333333   0.04166666667  0.1481481481   0.1819948805   
319      I1         0.6043209877   1.346296296    3.154320988    0.5120987654   0.1612345679   0.4055555556   1.540123457    0.8333333333   0.02666666667  0.1481481481   0.1856165996   
320      I1         0.6043209877   1.346296296    3.154320988    0.5120987654   0.1612345679   0.4055555556   1.540123457    0.8333333333   0.04166666667  -0.05185185185 0.2229487544   
321      I1         0.6893209877   1.346296296    3.154320988    0.5120987654   0.1612345679   0.4055555556   1.540123457    0.8333333333   0.04166666667  0.1481481481   0.1608620549   
322      I1         0.6043209877   1.431296296    3.154320988    0.5120987654   0.1612345679   0.4055555556   1.540123457    0.8333333333   0.04166666667  0.1481481481   0.1717933906   
323      I1         0.6043209877   1.346296296    3.254320988    0.5120987654   0.1612345679   0.4055555556   1.540123457    0.8333333333   0.04166666667  0.1481481481   0.1711001892   
324      I1         0.6043209877   1.346296296    3.154320988    0.5610987654   0.1612345679   0.4055555556   1.540123457    0.8333333333   0.04166666667  0.1481481481   0.2297731531   
325      I1         0.6043209877   1.346296296    3.154320988    0.5120987654   0.2102345679   0.4055555556   1.540123457    0.8333333333   0.04166666667  0.1481481481   0.1882327061   
326      I1         0.6043209877   1.346296296    3.154320988    0.5120987654   0.1612345679   0.9005555556   1.540123457    0.8333333333   0.04166666667  0.1481481481   0.1656007665   
327      I1         0.6043209877   1.346296296    3.154320988    0.5120987654   0.1612345679   0.4055555556   1.665123457    0.8333333333   0.04166666667  0.1481481481   0.1760130699   
328      I1         0.6043209877   1.346296296    3.154320988    0.5120987654   0.1612345679   0.4055555556   1.540123457    0.9833333333   0.04166666667  0.1481481481   0.1718983997   
329      I1         0.6043209877   1.346296296    3.154320988    0.5120987654   0.1612345679   0.4055555556   1.540123457    0.8333333333   0.04916666667  0.1481481481   0.1744194557   
330      I1         0.6043209877   1.346296296    3.154320988    0.5120987654   0.1612345679   0.4055555556   1.540123457    0.8333333333   0.04166666667  0.2481481481   0.1639193881   
331      I1         0.5193209877   1.346296296    3.154320988    0.5120987654   0.1612345679   0.4055555556   1.540123457    0.8333333333   0.04166666667  0.1481481481   0.2012437792   
332      I1         0.6043209877   1.261296296    3.154320988    0.5120987654   0.1612345679   0.4055555556   1.540123457    0.8333333333   0.04166666667  0.1481481481   0.1780704031   
333      I1         0.6043209877   1.346296296    3.054320988    0.5120987654   0.1612345679   0.4055555556   1.540123457    0.8333333333   0.04166666667  0.1481481481   0.1803684417   
334      I1         0.6043209877   1.346296296    3.154320988    0.4630987654   0.1612345679   0.4055555556   1.540123457    0.8333333333   0.04166666667  0.1481481481   0.1774694597   
335      I1         0.6043209877   1.346296296    3.154320988    0.5120987654   0.1122345679   0.4055555556   1.540123457    0.8333333333   0.04166666667  0.1481481481   0.1670760572   
336      I1         0.6043209877   1.346296296    3.154320988    0.5120987654   0.1612345679   0.4055555556   1.415123457    0.8333333333   0.04166666667  0.1481481481   0.2132449418   
337      I1         0.6043209877   1.346296296    3.154320988    0.5120987654   0.1612345679   0.4055555556   1.540123457    0.6833333333   0.04166666667  0.1481481481   0.180749257    
338      I1         0.6043209877   1.346296296    3.154320988    0.5120987654   0.1612345679   0.4055555556   1.540123457    0.8333333333   0.03416666667  0.1481481481   0.1819196866   
339      I1         0.6043209877   1.346296296    3.154320988    0.5120987654   0.1612345679   0.4055555556   1.540123457    0.8333333333   0.04166666667  0.04814814815  0.1965846807   
340      I1         0.7743209877   1.346296296    3.154320988    0.5120987654   0.1612345679   0.4055555556   1.540123457    0.8333333333   0.04166666667  0.1481481481   0.1670397839   
341      I1         0.6893209877   1.431296296    3.154320988    0.5120987654   0.1612345679   0.4055555556   1.540123457    0.8333333333   0.04166666667  0.1481481481   0.1615340966   
342      I1         0.6893209877   1.346296296    3.254320988    0.5120987654   0.1612345679   0.4055555556   1.540123457    0.8333333333   0.04166666667  0.1481481481   0.1675914899   
343      I1         0.6893209877   1.346296296    3.154320988    0.5610987654   0.1612345679   0.4055555556   1.540123457    0.8333333333   0.04166666667  0.1481481481   0.194846181    
344      I1         0.6893209877   1.346296296    3.154320988    0.5120987654   0.2102345679   0.4055555556   1.540123457    0.8333333333   0.04166666667  0.1481481481   0.1659799908   
345      I1         0.6893209877   1.346296296    3.154320988    0.5120987654   0.1612345679   0.9005555556   1.540123457    0.8333333333   0.04166666667  0.1481481481   0.1644361954   
346      I1         0.6893209877   1.346296296    3.154320988    0.5120987654   0.1612345679   0.4055555556   1.665123457    0.8333333333   0.04166666667  0.1481481481   0.1781700315   
347      I1         0.6893209877   1.346296296    3.154320988    0.5120987654   0.1612345679   0.4055555556   1.540123457    0.9833333333   0.04166666667  0.1481481481   0.1596024917   
348      I1         0.6893209877   1.346296296    3.154320988    0.5120987654   0.1612345679   0.4055555556   1.540123457    0.8333333333   0.04916666667  0.1481481481   0.1611165662   
349      I1         0.6893209877   1.346296296    3.154320988    0.5120987654   0.1612345679   0.4055555556   1.540123457    0.8333333333   0.04166666667  0.2481481481   0.1652532004   
350      I1         0.6893209877   1.261296296    3.154320988    0.5120987654   0.1612345679   0.4055555556   1.540123457    0.8333333333   0.04166666667  0.1481481481   0.1611292283   
351      I1         0.6893209877   1.346296296    3.054320988    0.5120987654   0.1612345679   0.4055555556   1.540123457    0.8333333333   0.04166666667  0.1481481481   0.1598003702   
352      I1         0.6893209877   1.346296296    3.154320988    0.4630987654   0.1612345679   0.4055555556   1.540123457    0.8333333333   0.04166666667  0.1481481481   0.1919813601   
353      I1         0.6893209877   1.346296296    3.154320988    0.5120987654   0.1122345679   0.4055555556   1.540123457    0.8333333333   0.04166666667  0.1481481481   0.166087621    
354      I1         0.6893209877   1.346296296    3.154320988    0.5120987654   0.1612345679   0.4055555556   1.415123457    0.8333333333   0.04166666667  0.1481481481   0.1889412506   
355      I1         0.6893209877   1.346296296    3.154320988    0.5120987654   0.1612345679   0.4055555556   1.540123457    0.6833333333   0.04166666667  0.1481481481   0.1627801876   
356      I1         0.6893209877   1.346296296    3.154320988    0.5120987654   0.1612345679   0.4055555556   1.540123457    0.8333333333   0.03416666667  0.1481481481   0.1613767692   
357      I1         0.6893209877   1.346296296    3.154320988    0.5120987654   0.1612345679   0.4055555556   1.540123457    0.8333333333   0.04166666667  0.04814814815  0.1695482608   
358      I1         0.7318209877   1.346296296    3.154320988    0.5120987654   0.1612345679   0.4055555556   1.540123457    0.8333333333   0.04166666667  0.1481481481   0.1618499706   
359      I1         0.6893209877   1.388796296    3.154320988    0.5120987654   0.1612345679   0.4055555556   1.540123457    0.8333333333   0.04166666667  0.1481481481   0.1610669232   
360      I1         0.6893209877   1.346296296    3.204320988    0.5120987654   0.1612345679   0.4055555556   1.540123457    0.8333333333   0.04166666667  0.1481481481   0.1633530138   
361      I1         0.6893209877   1.346296296    3.154320988    0.5365987654   0.1612345679   0.4055555556   1.540123457    0.8333333333   0.04166666667  0.1481481481   0.1713334739   
362      I1         0.6893209877   1.346296296    3.154320988    0.5120987654   0.1857345679   0.4055555556   1.540123457    0.8333333333   0.04166666667  0.1481481481   0.1621686233   
363      I1         0.6893209877   1.346296296    3.154320988    0.5120987654   0.1612345679   0.6530555556   1.540123457    0.8333333333   0.04166666667  0.1481481481   0.1601764933   
364      I1         0.6893209877   1.346296296    3.154320988    0.5120987654   0.1612345679   0.4055555556   1.602623457    0.8333333333   0.04166666667  0.1481481481   0.167640889    
365      I1         0.6893209877   1.346296296    3.154320988    0.5120987654   0.1612345679   0.4055555556   1.540123457    0.9083333333   0.04166666667  0.1481481481   0.1605208921   
366      I1         0.6893209877   1.346296296    3.154320988    0.5120987654   0.1612345679   0.4055555556   1.540123457    0.8333333333   0.04541666667  0.1481481481   0.1608810847   
367      I1         0.6893209877   1.346296296    3.154320988    0.5120987654   0.1612345679   0.4055555556   1.540123457    0.8333333333   0.04166666667  0.1981481481   0.1613608678   
368      I1         0.6468209877   1.346296296    3.154320988    0.5120987654   0.1612345679   0.4055555556   1.540123457    0.8333333333   0.04166666667  0.1481481481   0.1653827631   
369      I1         0.6893209877   1.303796296    3.154320988    0.5120987654   0.1612345679   0.4055555556   1.540123457    0.8333333333   0.04166666667  0.1481481481   0.1608932898   
370      I1         0.6893209877   1.346296296    3.104320988    0.5120987654   0.1612345679   0.4055555556   1.540123457    0.8333333333   0.04166666667  0.1481481481   0.1598403728   
371      I1         0.6893209877   1.346296296    3.154320988    0.4875987654   0.1612345679   0.4055555556   1.540123457    0.8333333333   0.04166666667  0.1481481481   0.1711471976   
372      I1         0.6893209877   1.346296296    3.154320988    0.5120987654   0.1367345679   0.4055555556   1.540123457    0.8333333333   0.04166666667  0.1481481481   0.1623151876   
373      I1         0.6893209877   1.346296296    3.154320988    0.5120987654   0.1612345679   0.1580555556   1.540123457    0.8333333333   0.04166666667  0.1481481481   0.1810999452   
374      I1         0.6893209877   1.346296296    3.154320988    0.5120987654   0.1612345679   0.4055555556   1.477623457    0.8333333333   0.04166666667  0.1481481481   0.1645256636   
375      I1         0.6893209877   1.346296296    3.154320988    0.5120987654   0.1612345679   0.4055555556   1.540123457    0.7583333333   0.04166666667  0.1481481481   0.1620848128   
376      I1         0.6893209877   1.346296296    3.154320988    0.5120987654   0.1612345679   0.4055555556   1.540123457    0.8333333333   0.03791666667  0.1481481481   0.1607163534   
377      I1         0.6893209877   1.346296296    3.154320988    0.5120987654   0.1612345679   0.4055555556   1.540123457    0.8333333333   0.04166666667  0.09814814815  0.1637414439   
378      I1         0.7318209877   1.346296296    3.104320988    0.5120987654   0.1612345679   0.4055555556   1.540123457    0.8333333333   0.04166666667  0.1481481481   0.1588951751   
379      I1         0.6893209877   1.388796296    3.104320988    0.5120987654   0.1612345679   0.4055555556   1.540123457    0.8333333333   0.04166666667  0.1481481481   0.1595737126   
380      I1         0.6893209877   1.346296296    3.104320988    0.5365987654   0.1612345679   0.4055555556   1.540123457    0.8333333333   0.04166666667  0.1481481481   0.1739683884   
381      I1         0.6893209877   1.346296296    3.104320988    0.5120987654   0.1857345679   0.4055555556   1.540123457    0.8333333333   0.04166666667  0.1481481481   0.1626986245   
382      I1         0.6893209877   1.346296296    3.104320988    0.5120987654   0.1612345679   0.6530555556   1.540123457    0.8333333333   0.04166666667  0.1481481481   0.1572882649   
383      I1         0.6893209877   1.346296296    3.104320988    0.5120987654   0.1612345679   0.4055555556   1.602623457    0.8333333333   0.04166666667  0.1481481481   0.1649889589   
384      I1         0.6893209877   1.346296296    3.104320988    0.5120987654   0.1612345679   0.4055555556   1.540123457    0.9083333333   0.04166666667  0.1481481481   0.1593805863   
385      I1         0.6893209877   1.346296296    3.104320988    0.5120987654   0.1612345679   0.4055555556   1.540123457    0.8333333333   0.04541666667  0.1481481481   0.1598443864   
386      I1         0.6893209877   1.346296296    3.104320988    0.5120987654   0.1612345679   0.4055555556   1.540123457    0.8333333333   0.04166666667  0.1981481481   0.1590492309   
387      I1         0.6468209877   1.346296296    3.104320988    0.5120987654   0.1612345679   0.4055555556   1.540123457    0.8333333333   0.04166666667  0.1481481481   0.1666464171   
388      I1         0.6893209877   1.303796296    3.104320988    0.5120987654   0.1612345679   0.4055555556   1.540123457    0.8333333333   0.04166666667  0.1481481481   0.1603246121   
389      I1         0.6893209877   1.346296296    3.054320988    0.5120987654   0.1612345679   0.4055555556   1.540123457    0.8333333333   0.04166666667  0.1481481481   0.1598003702   
390      I1         0.6893209877   1.346296296    3.104320988    0.4875987654   0.1612345679   0.4055555556   1.540123457    0.8333333333   0.04166666667  0.1481481481   0.1667816149   
391      I1         0.6893209877   1.346296296    3.104320988    0.5120987654   0.1367345679   0.4055555556   1.540123457    0.8333333333   0.04166666667  0.1481481481   0.1596997567   
392      I1         0.6893209877   1.346296296    3.104320988    0.5120987654   0.1612345679   0.1580555556   1.540123457    0.8333333333   0.04166666667  0.1481481481   0.183313078    
393      I1         0.6893209877   1.346296296    3.104320988    0.5120987654   0.1612345679   0.4055555556   1.477623457    0.8333333333   0.04166666667  0.1481481481   0.1665830539   
394      I1         0.6893209877   1.346296296    3.104320988    0.5120987654   0.1612345679   0.4055555556   1.540123457    0.7583333333   0.04166666667  0.1481481481   0.1615774395   
395      I1         0.6893209877   1.346296296    3.104320988    0.5120987654   0.1612345679   0.4055555556   1.540123457    0.8333333333   0.03791666667  0.1481481481   0.1604311236   
396      I1         0.6893209877   1.346296296    3.104320988    0.5120987654   0.1612345679   0.4055555556   1.540123457    0.8333333333   0.04166666667  0.09814814815  0.1640645685   
397      I1         0.7318209877   1.346296296    3.104320988    0.5120987654   0.1612345679   0.6530555556   1.540123457    0.8333333333   0.04166666667  0.1481481481   0.1607265968   
398      I1         0.6893209877   1.388796296    3.104320988    0.5120987654   0.1612345679   0.6530555556   1.540123457    0.8333333333   0.04166666667  0.1481481481   0.1581019968   
399      I1         0.6893209877   1.346296296    3.104320988    0.5365987654   0.1612345679   0.6530555556   1.540123457    0.8333333333   0.04166666667  0.1481481481   0.162934027    
400      I1         0.6893209877   1.346296296    3.104320988    0.5120987654   0.1857345679   0.6530555556   1.540123457    0.8333333333   0.04166666667  0.1481481481   0.156621521    
401      I1         0.6893209877   1.346296296    3.104320988    0.5120987654   0.1612345679   0.9005555556   1.540123457    0.8333333333   0.04166666667  0.1481481481   0.1609053068   
402      I1         0.6893209877   1.346296296    3.104320988    0.5120987654   0.1612345679   0.6530555556   1.602623457    0.8333333333   0.04166666667  0.1481481481   0.1670389672   
403      I1         0.6893209877   1.346296296    3.104320988    0.5120987654   0.1612345679   0.6530555556   1.540123457    0.9083333333   0.04166666667  0.1481481481   0.1572905674   
404      I1         0.6893209877   1.346296296    3.104320988    0.5120987654   0.1612345679   0.6530555556   1.540123457    0.8333333333   0.04541666667  0.1481481481   0.1577234799   
405      I1         0.6893209877   1.346296296    3.104320988    0.5120987654   0.1612345679   0.6530555556   1.540123457    0.8333333333   0.04166666667  0.1981481481   0.1593656964   
406      I1         0.6468209877   1.346296296    3.104320988    0.5120987654   0.1612345679   0.6530555556   1.540123457    0.8333333333   0.04166666667  0.1481481481   0.1592400056   
407      I1         0.6893209877   1.303796296    3.104320988    0.5120987654   0.1612345679   0.6530555556   1.540123457    0.8333333333   0.04166666667  0.1481481481   0.1567341383   
408      I1         0.6893209877   1.346296296    3.054320988    0.5120987654   0.1612345679   0.6530555556   1.540123457    0.8333333333   0.04166666667  0.1481481481   0.1555174933   
409      I1         0.6893209877   1.346296296    3.104320988    0.4875987654   0.1612345679   0.6530555556   1.540123457    0.8333333333   0.04166666667  0.1481481481   0.1718605261   
410      I1         0.6893209877   1.346296296    3.104320988    0.5120987654   0.1367345679   0.6530555556   1.540123457    0.8333333333   0.04166666667  0.1481481481   0.1605292064   
411      I1         0.6893209877   1.346296296    3.104320988    0.5120987654   0.1612345679   0.6530555556   1.477623457    0.8333333333   0.04166666667  0.1481481481   0.1565393962   
412      I1         0.6893209877   1.346296296    3.104320988    0.5120987654   0.1612345679   0.6530555556   1.540123457    0.7583333333   0.04166666667  0.1481481481   0.1576932157   
413      I1         0.6893209877   1.346296296    3.104320988    0.5120987654   0.1612345679   0.6530555556   1.540123457    0.8333333333   0.03791666667  0.1481481481   0.1563457308   
414      I1         0.6893209877   1.346296296    3.104320988    0.5120987654   0.1612345679   0.6530555556   1.540123457    0.8333333333   0.04166666667  0.09814814815  0.158655303    
415      I1         0.7318209877   1.346296296    3.054320988    0.5120987654   0.1612345679   0.6530555556   1.540123457    0.8333333333   0.04166666667  0.1481481481   0.1578158383   
416      I1         0.6893209877   1.388796296    3.054320988    0.5120987654   0.1612345679   0.6530555556   1.540123457    0.8333333333   0.04166666667  0.1481481481   0.1560156187   
417      I1         0.6893209877   1.346296296    3.054320988    0.5365987654   0.1612345679   0.6530555556   1.540123457    0.8333333333   0.04166666667  0.1481481481   0.16451866     
418      I1         0.6893209877   1.346296296    3.054320988    0.5120987654   0.1857345679   0.6530555556   1.540123457    0.8333333333   0.04166666667  0.1481481481   0.1561331172   
419      I1         0.6893209877   1.346296296    3.054320988    0.5120987654   0.1612345679   0.9005555556   1.540123457    0.8333333333   0.04166666667  0.1481481481   0.1584563584   
420      I1         0.6893209877   1.346296296    3.054320988    0.5120987654   0.1612345679   0.6530555556   1.602623457    0.8333333333   0.04166666667  0.1481481481   0.164367459    
421      I1         0.6893209877   1.346296296    3.054320988    0.5120987654   0.1612345679   0.6530555556   1.540123457    0.9083333333   0.04166666667  0.1481481481   0.1555188079   
422      I1         0.6893209877   1.346296296    3.054320988    0.5120987654   0.1612345679   0.6530555556   1.540123457    0.8333333333   0.04541666667  0.1481481481   0.1558273805   
423      I1         0.6893209877   1.346296296    3.054320988    0.5120987654   0.1612345679   0.6530555556   1.540123457    0.8333333333   0.04166666667  0.1981481481   0.1567898941   
424      I1         0.6468209877   1.346296296    3.054320988    0.5120987654   0.1612345679   0.6530555556   1.540123457    0.8333333333   0.04166666667  0.1481481481   0.1594575969   
425      I1         0.6893209877   1.303796296    3.054320988    0.5120987654   0.1612345679   0.6530555556   1.540123457    0.8333333333   0.04166666667  0.1481481481   0.1552988044   
426      I1         0.6893209877   1.346296296    3.004320988    0.5120987654   0.1612345679   0.6530555556   1.540123457    0.8333333333   0.04166666667  0.1481481481   0.1545715165   
427      I1         0.6893209877   1.346296296    3.054320988    0.4875987654   0.1612345679   0.6530555556   1.540123457    0.8333333333   0.04166666667  0.1481481481   0.1682264334   
428      I1         0.6893209877   1.346296296    3.054320988    0.5120987654   0.1367345679   0.6530555556   1.540123457    0.8333333333   0.04166666667  0.1481481481   0.1577634354   
429      I1         0.6893209877   1.346296296    3.054320988    0.5120987654   0.1612345679   0.6530555556   1.477623457    0.8333333333   0.04166666667  0.1481481481   0.1574609091   
430      I1         0.6893209877   1.346296296    3.054320988    0.5120987654   0.1612345679   0.6530555556   1.540123457    0.7583333333   0.04166666667  0.1481481481   0.1562556474   
431      I1         0.6893209877   1.346296296    3.054320988    0.5120987654   0.1612345679   0.6530555556   1.540123457    0.8333333333   0.03791666667  0.1481481481   0.1550514305   
432      I1         0.6893209877   1.346296296    3.054320988    0.5120987654   0.1612345679   0.6530555556   1.540123457    0.8333333333   0.04166666667  0.09814814815  0.1579525764   
433      I1         0.7318209877   1.346296296    3.004320988    0.5120987654   0.1612345679   0.6530555556   1.540123457    0.8333333333   0.04166666667  0.1481481481   0.1557985562   
434      I1         0.6893209877   1.388796296    3.004320988    0.5120987654   0.1612345679   0.6530555556   1.540123457    0.8333333333   0.04166666667  0.1481481481   0.1547829492   
435      I1         0.6893209877   1.346296296    3.004320988    0.5365987654   0.1612345679   0.6530555556   1.540123457    0.8333333333   0.04166666667  0.1481481481   0.1659917753   
436      I1         0.6893209877   1.346296296    3.004320988    0.5120987654   0.1857345679   0.6530555556   1.540123457    0.8333333333   0.04166666667  0.1481481481   0.1562012491   
437      I1         0.6893209877   1.346296296    3.004320988    0.5120987654   0.1612345679   0.9005555556   1.540123457    0.8333333333   0.04166666667  0.1481481481   0.1568746825   
438      I1         0.6893209877   1.346296296    3.004320988    0.5120987654   0.1612345679   0.6530555556   1.602623457    0.8333333333   0.04166666667  0.1481481481   0.162545295    
439      I1         0.6893209877   1.346296296    3.004320988    0.5120987654   0.1612345679   0.6530555556   1.540123457    0.9083333333   0.04166666667  0.1481481481   0.1545721593   
440      I1         0.6893209877   1.346296296    3.004320988    0.5120987654   0.1612345679   0.6530555556   1.540123457    0.8333333333   0.04541666667  0.1481481481   0.1547667545   
441      I1         0.6893209877   1.346296296    3.004320988    0.5120987654   0.1612345679   0.6530555556   1.540123457    0.8333333333   0.04166666667  0.1981481481   0.1550926191   
442      I1         0.6468209877   1.346296296    3.004320988    0.5120987654   0.1612345679   0.6530555556   1.540123457    0.8333333333   0.04166666667  0.1481481481   0.1600900699   
443      I1         0.6893209877   1.303796296    3.004320988    0.5120987654   0.1612345679   0.6530555556   1.540123457    0.8333333333   0.04166666667  0.1481481481   0.1546458927   
444      I1         0.6893209877   1.346296296    2.954320988    0.5120987654   0.1612345679   0.6530555556   1.540123457    0.8333333333   0.04166666667  0.1481481481   0.1541568017   
445      I1         0.6893209877   1.346296296    3.004320988    0.4875987654   0.1612345679   0.6530555556   1.540123457    0.8333333333   0.04166666667  0.1481481481   0.1655765571   
446      I1         0.6893209877   1.346296296    3.004320988    0.5120987654   0.1367345679   0.6530555556   1.540123457    0.8333333333   0.04166666667  0.1481481481   0.155915863    
447      I1         0.6893209877   1.346296296    3.004320988    0.5120987654   0.1612345679   0.4055555556   1.540123457    0.8333333333   0.04166666667  0.1481481481   0.1602461989   
448      I1         0.6893209877   1.346296296    3.004320988    0.5120987654   0.1612345679   0.6530555556   1.477623457    0.8333333333   0.04166666667  0.1481481481   0.1586192224   
449      I1         0.6893209877   1.346296296    3.004320988    0.5120987654   0.1612345679   0.6530555556   1.540123457    0.7583333333   0.04166666667  0.1481481481   0.1556106843   
450      I1         0.6893209877   1.346296296    3.004320988    0.5120987654   0.1612345679   0.6530555556   1.540123457    0.8333333333   0.03791666667  0.1481481481   0.1545307054   
451      I1         0.6893209877   1.346296296    3.004320988    0.5120987654   0.1612345679   0.6530555556   1.540123457    0.8333333333   0.04166666667  0.09814814815  0.1579201519   
452      I1         0.7105709877   1.346296296    3.004320988    0.5120987654   0.1612345679   0.6530555556   1.540123457    0.8333333333   0.04166666667  0.1481481481   0.1543648425   
453      I1         0.6893209877   1.367546296    3.004320988    0.5120987654   0.1612345679   0.6530555556   1.540123457    0.8333333333   0.04166666667  0.1481481481   0.1546388296   
454      I1         0.6893209877   1.346296296    3.029320988    0.5120987654   0.1612345679   0.6530555556   1.540123457    0.8333333333   0.04166666667  0.1481481481   0.1549607807   
455      I1         0.6893209877   1.346296296    3.004320988    0.5243487654   0.1612345679   0.6530555556   1.540123457    0.8333333333   0.04166666667  0.1481481481   0.1579411466   
456      I1         0.6893209877   1.346296296    3.004320988    0.5120987654   0.1734845679   0.6530555556   1.540123457    0.8333333333   0.04166666667  0.1481481481   0.1550297216   
457      I1         0.6893209877   1.346296296    3.004320988    0.5120987654   0.1612345679   0.7768055556   1.540123457    0.8333333333   0.04166666667  0.1481481481   0.1552211381   
458      I1         0.6893209877   1.346296296    3.004320988    0.5120987654   0.1612345679   0.6530555556   1.571373457    0.8333333333   0.04166666667  0.1481481481   0.1577079713   
459      I1         0.6893209877   1.346296296    3.004320988    0.5120987654   0.1612345679   0.6530555556   1.540123457    0.8708333333   0.04166666667  0.1481481481   0.1545721593   
460      I1         0.6893209877   1.346296296    3.004320988    0.5120987654   0.1612345679   0.6530555556   1.540123457    0.8333333333   0.04354166667  0.1481481481   0.1545715165   
461      I1         0.6893209877   1.346296296    3.004320988    0.5120987654   0.1612345679   0.6530555556   1.540123457    0.8333333333   0.04166666667  0.1731481481   0.1543405666   
462      I1         0.6680709877   1.346296296    3.004320988    0.5120987654   0.1612345679   0.6530555556   1.540123457    0.8333333333   0.04166666667  0.1481481481   0.1564473608   
463      I1         0.6893209877   1.325046296    3.004320988    0.5120987654   0.1612345679   0.6530555556   1.540123457    0.8333333333   0.04166666667  0.1481481481   0.1545756208   
464      I1         0.6893209877   1.346296296    2.979320988    0.5120987654   0.1612345679   0.6530555556   1.540123457    0.8333333333   0.04166666667  0.1481481481   0.1543138204   
465      I1         0.6893209877   1.346296296    3.004320988    0.4998487654   0.1612345679   0.6530555556   1.540123457    0.8333333333   0.04166666667  0.1481481481   0.1577293081   
466      I1         0.6893209877   1.346296296    3.004320988    0.5120987654   0.1489845679   0.6530555556   1.540123457    0.8333333333   0.04166666667  0.1481481481   0.1548760097   
467      I1         0.6893209877   1.346296296    3.004320988    0.5120987654   0.1612345679   0.5293055556   1.540123457    0.8333333333   0.04166666667  0.1481481481   0.1568533707   
468      I1         0.6893209877   1.346296296    3.004320988    0.5120987654   0.1612345679   0.6530555556   1.508873457    0.8333333333   0.04166666667  0.1481481481   0.154169708    
469      I1         0.6893209877   1.346296296    3.004320988    0.5120987654   0.1612345679   0.6530555556   1.540123457    0.7958333333   0.04166666667  0.1481481481   0.1545715165   
470      I1         0.6893209877   1.346296296    3.004320988    0.5120987654   0.1612345679   0.6530555556   1.540123457    0.8333333333   0.03979166667  0.1481481481   0.154419942    
471      I1         0.6893209877   1.346296296    3.004320988    0.5120987654   0.1612345679   0.6530555556   1.540123457    0.8333333333   0.04166666667  0.1231481481   0.155783905    
472      I1         0.7105709877   1.346296296    3.004320988    0.5120987654   0.1612345679   0.6530555556   1.508873457    0.8333333333   0.04166666667  0.1481481481   0.152141135    
473      I1         0.6893209877   1.367546296    3.004320988    0.5120987654   0.1612345679   0.6530555556   1.508873457    0.8333333333   0.04166666667  0.1481481481   0.1538466223   
474      I1         0.6893209877   1.346296296    3.029320988    0.5120987654   0.1612345679   0.6530555556   1.508873457    0.8333333333   0.04166666667  0.1481481481   0.1541417185   
475      I1         0.6893209877   1.346296296    3.004320988    0.5243487654   0.1612345679   0.6530555556   1.508873457    0.8333333333   0.04166666667  0.1481481481   0.1607664214   
476      I1         0.6893209877   1.346296296    3.004320988    0.5120987654   0.1734845679   0.6530555556   1.508873457    0.8333333333   0.04166666667  0.1481481481   0.1557750304   
477      I1         0.6893209877   1.346296296    3.004320988    0.5120987654   0.1612345679   0.7768055556   1.508873457    0.8333333333   0.04166666667  0.1481481481   0.1536080077   
478      I1         0.6893209877   1.346296296    3.004320988    0.5120987654   0.1612345679   0.6530555556   1.508873457    0.8708333333   0.04166666667  0.1481481481   0.1541694688   
479      I1         0.6893209877   1.346296296    3.004320988    0.5120987654   0.1612345679   0.6530555556   1.508873457    0.8333333333   0.04354166667  0.1481481481   0.154169708    
480      I1         0.6893209877   1.346296296    3.004320988    0.5120987654   0.1612345679   0.6530555556   1.508873457    0.8333333333   0.04166666667  0.1731481481   0.1522942917   
481      I1         0.6680709877   1.346296296    3.004320988    0.5120987654   0.1612345679   0.6530555556   1.508873457    0.8333333333   0.04166666667  0.1481481481   0.1577348254   
482      I1         0.6893209877   1.325046296    3.004320988    0.5120987654   0.1612345679   0.6530555556   1.508873457    0.8333333333   0.04166666667  0.1481481481   0.1545457259   
483      I1         0.6893209877   1.346296296    2.979320988    0.5120987654   0.1612345679   0.6530555556   1.508873457    0.8333333333   0.04166666667  0.1481481481   0.1542745435   
484      I1         0.6893209877   1.346296296    3.004320988    0.4998487654   0.1612345679   0.6530555556   1.508873457    0.8333333333   0.04166666667  0.1481481481   0.1534500646   
485      I1         0.6893209877   1.346296296    3.004320988    0.5120987654   0.1489845679   0.6530555556   1.508873457    0.8333333333   0.04166666667  0.1481481481   0.1532053038   
486      I1         0.6893209877   1.346296296    3.004320988    0.5120987654   0.1612345679   0.5293055556   1.508873457    0.8333333333   0.04166666667  0.1481481481   0.1585904301   
487      I1         0.6893209877   1.346296296    3.004320988    0.5120987654   0.1612345679   0.6530555556   1.508873457    0.7958333333   0.04166666667  0.1481481481   0.154169708    
488      I1         0.6893209877   1.346296296    3.004320988    0.5120987654   0.1612345679   0.6530555556   1.508873457    0.8333333333   0.03979166667  0.1481481481   0.1543088191   
489      I1         0.6893209877   1.346296296    3.004320988    0.5120987654   0.1612345679   0.6530555556   1.508873457    0.8333333333   0.04166666667  0.1231481481   0.1570464975   
490      I1         0.7318209877   1.346296296    3.004320988    0.5120987654   0.1612345679   0.6530555556   1.508873457    0.8333333333   0.04166666667  0.1481481481   0.1512285973   
491      I1         0.7105709877   1.367546296    3.004320988    0.5120987654   0.1612345679   0.6530555556   1.508873457    0.8333333333   0.04166666667  0.1481481481   0.1521290239   
492      I1         0.7105709877   1.346296296    3.029320988    0.5120987654   0.1612345679   0.6530555556   1.508873457    0.8333333333   0.04166666667  0.1481481481   0.1524782161   
493      I1         0.7105709877   1.346296296    3.004320988    0.5243487654   0.1612345679   0.6530555556   1.508873457    0.8333333333   0.04166666667  0.1481481481   0.1562578092   
494      I1         0.7105709877   1.346296296    3.004320988    0.5120987654   0.1734845679   0.6530555556   1.508873457    0.8333333333   0.04166666667  0.1481481481   0.1528503002   
495      I1         0.7105709877   1.346296296    3.004320988    0.5120987654   0.1612345679   0.7768055556   1.508873457    0.8333333333   0.04166666667  0.1481481481   0.1524566059   
496      I1         0.7105709877   1.346296296    3.004320988    0.5120987654   0.1612345679   0.6530555556   1.508873457    0.8708333333   0.04166666667  0.1481481481   0.1521416902   
497      I1         0.7105709877   1.346296296    3.004320988    0.5120987654   0.1612345679   0.6530555556   1.508873457    0.8333333333   0.04354166667  0.1481481481   0.152141135    
498      I1         0.7105709877   1.346296296    3.004320988    0.5120987654   0.1612345679   0.6530555556   1.508873457    0.8333333333   0.04166666667  0.1731481481   0.1513616458   
499      I1         0.7105709877   1.325046296    3.004320988    0.5120987654   0.1612345679   0.6530555556   1.508873457    0.8333333333   0.04166666667  0.1481481481   0.1522244261   
500      I1         0.7105709877   1.346296296    2.979320988    0.5120987654   0.1612345679   0.6530555556   1.508873457    0.8333333333   0.04166666667  0.1481481481   0.1519338973   
501      I1         0.7105709877   1.346296296    3.004320988    0.4998487654   0.1612345679   0.6530555556   1.508873457    0.8333333333   0.04166666667  0.1481481481   0.154524361    
502      I1         0.7105709877   1.346296296    3.004320988    0.5120987654   0.1489845679   0.6530555556   1.508873457    0.8333333333   0.04166666667  0.1481481481   0.1522011557   
503      I1         0.7105709877   1.346296296    3.004320988    0.5120987654   0.1612345679   0.5293055556   1.508873457    0.8333333333   0.04166666667  0.1481481481   0.1550718273   
504      I1         0.7105709877   1.346296296    3.004320988    0.5120987654   0.1612345679   0.6530555556   1.477623457    0.8333333333   0.04166666667  0.1481481481   0.1544588961   
505      I1         0.7105709877   1.346296296    3.004320988    0.5120987654   0.1612345679   0.6530555556   1.508873457    0.7958333333   0.04166666667  0.1481481481   0.152141135    
506      I1         0.7105709877   1.346296296    3.004320988    0.5120987654   0.1612345679   0.6530555556   1.508873457    0.8333333333   0.03979166667  0.1481481481   0.1520440727   
507      I1         0.7105709877   1.346296296    3.004320988    0.5120987654   0.1612345679   0.6530555556   1.508873457    0.8333333333   0.04166666667  0.1231481481   0.1539489913   
508      I1         0.7530709877   1.346296296    3.004320988    0.5120987654   0.1612345679   0.6530555556   1.508873457    0.8333333333   0.04166666667  0.1481481481   0.1515225117   
509      I1         0.7318209877   1.367546296    3.004320988    0.5120987654   0.1612345679   0.6530555556   1.508873457    0.8333333333   0.04166666667  0.1481481481   0.1514942701   
510      I1         0.7318209877   1.346296296    3.029320988    0.5120987654   0.1612345679   0.6530555556   1.508873457    0.8333333333   0.04166666667  0.1481481481   0.1518575824   
511      I1         0.7318209877   1.346296296    3.004320988    0.5243487654   0.1612345679   0.6530555556   1.508873457    0.8333333333   0.04166666667  0.1481481481   0.1527502383   
512      I1         0.7318209877   1.346296296    3.004320988    0.5120987654   0.1734845679   0.6530555556   1.508873457    0.8333333333   0.04166666667  0.1481481481   0.1510365506   
513      I1         0.7318209877   1.346296296    3.004320988    0.5120987654   0.1612345679   0.7768055556   1.508873457    0.8333333333   0.04166666667  0.1481481481   0.1522949942   
514      I1         0.7318209877   1.346296296    3.004320988    0.5120987654   0.1612345679   0.6530555556   1.508873457    0.8708333333   0.04166666667  0.1481481481   0.1512299544   
515      I1         0.7318209877   1.346296296    3.004320988    0.5120987654   0.1612345679   0.6530555556   1.508873457    0.8333333333   0.04354166667  0.1481481481   0.1512285973   
516      I1         0.7318209877   1.346296296    3.004320988    0.5120987654   0.1612345679   0.6530555556   1.508873457    0.8333333333   0.04166666667  0.1731481481   0.1512880655   
517      I1         0.7318209877   1.325046296    3.004320988    0.5120987654   0.1612345679   0.6530555556   1.508873457    0.8333333333   0.04166666667  0.1481481481   0.1510371574   
518      I1         0.7318209877   1.346296296    2.979320988    0.5120987654   0.1612345679   0.6530555556   1.508873457    0.8333333333   0.04166666667  0.1481481481   0.150759049    
519      I1         0.7318209877   1.346296296    3.004320988    0.4998487654   0.1612345679   0.6530555556   1.508873457    0.8333333333   0.04166666667  0.1481481481   0.1558626678   
520      I1         0.7318209877   1.346296296    3.004320988    0.5120987654   0.1489845679   0.6530555556   1.508873457    0.8333333333   0.04166666667  0.1481481481   0.1521714082   
521      I1         0.7318209877   1.346296296    3.004320988    0.5120987654   0.1612345679   0.5293055556   1.508873457    0.8333333333   0.04166666667  0.1481481481   0.1526257681   
522      I1         0.7318209877   1.346296296    3.004320988    0.5120987654   0.1612345679   0.6530555556   1.477623457    0.8333333333   0.04166666667  0.1481481481   0.1513351937   
523      I1         0.7318209877   1.346296296    3.004320988    0.5120987654   0.1612345679   0.6530555556   1.508873457    0.7958333333   0.04166666667  0.1481481481   0.1512285973   
524      I1         0.7318209877   1.346296296    3.004320988    0.5120987654   0.1612345679   0.6530555556   1.508873457    0.8333333333   0.03979166667  0.1481481481   0.1509054994   
525      I1         0.7318209877   1.346296296    3.004320988    0.5120987654   0.1612345679   0.6530555556   1.508873457    0.8333333333   0.04166666667  0.1231481481   0.1521176296   
526      I1         0.7530709877   1.346296296    2.979320988    0.5120987654   0.1612345679   0.6530555556   1.508873457    0.8333333333   0.04166666667  0.1481481481   0.1508459134   
527      I1         0.7318209877   1.367546296    2.979320988    0.5120987654   0.1612345679   0.6530555556   1.508873457    0.8333333333   0.04166666667  0.1481481481   0.1509692897   
528      I1         0.7318209877   1.346296296    2.979320988    0.5243487654   0.1612345679   0.6530555556   1.508873457    0.8333333333   0.04166666667  0.1481481481   0.152890052    
529      I1         0.7318209877   1.346296296    2.979320988    0.5120987654   0.1734845679   0.6530555556   1.508873457    0.8333333333   0.04166666667  0.1481481481   0.1507785599   
530      I1         0.7318209877   1.346296296    2.979320988    0.5120987654   0.1612345679   0.7768055556   1.508873457    0.8333333333   0.04166666667  0.1481481481   0.1516692712   
531      I1         0.7318209877   1.346296296    2.979320988    0.5120987654   0.1612345679   0.6530555556   1.540123457    0.8333333333   0.04166666667  0.1481481481   0.1550658473   
532      I1         0.7318209877   1.346296296    2.979320988    0.5120987654   0.1612345679   0.6530555556   1.508873457    0.8708333333   0.04166666667  0.1481481481   0.1507600698   
533      I1         0.7318209877   1.346296296    2.979320988    0.5120987654   0.1612345679   0.6530555556   1.508873457    0.8333333333   0.04354166667  0.1481481481   0.150759049    
534      I1         0.7318209877   1.346296296    2.979320988    0.5120987654   0.1612345679   0.6530555556   1.508873457    0.8333333333   0.04166666667  0.1731481481   0.1506755636   
535      I1         0.7318209877   1.325046296    2.979320988    0.5120987654   0.1612345679   0.6530555556   1.508873457    0.8333333333   0.04166666667  0.1481481481   0.1506250249   
536      I1         0.7318209877   1.346296296    2.954320988    0.5120987654   0.1612345679   0.6530555556   1.508873457    0.8333333333   0.04166666667  0.1481481481   0.1504192684   
537      I1         0.7318209877   1.346296296    2.979320988    0.4998487654   0.1612345679   0.6530555556   1.508873457    0.8333333333   0.04166666667  0.1481481481   0.1549739251   
538      I1         0.7318209877   1.346296296    2.979320988    0.5120987654   0.1489845679   0.6530555556   1.508873457    0.8333333333   0.04166666667  0.1481481481   0.1515156871   
539      I1         0.7318209877   1.346296296    2.979320988    0.5120987654   0.1612345679   0.5293055556   1.508873457    0.8333333333   0.04166666667  0.1481481481   0.1525217708   
540      I1         0.7318209877   1.346296296    2.979320988    0.5120987654   0.1612345679   0.6530555556   1.477623457    0.8333333333   0.04166666667  0.1481481481   0.1514772096   
541      I1         0.7318209877   1.346296296    2.979320988    0.5120987654   0.1612345679   0.6530555556   1.508873457    0.7958333333   0.04166666667  0.1481481481   0.150759049    
542      I1         0.7318209877   1.346296296    2.979320988    0.5120987654   0.1612345679   0.6530555556   1.508873457    0.8333333333   0.03979166667  0.1481481481   0.1504813159   
543      I1         0.7318209877   1.346296296    2.979320988    0.5120987654   0.1612345679   0.6530555556   1.508873457    0.8333333333   0.04166666667  0.1231481481   0.1518162279   
544      I1         0.7743209877   1.346296296    2.954320988    0.5120987654   0.1612345679   0.6530555556   1.508873457    0.8333333333   0.04166666667  0.1481481481   0.1512608799   
545      I1         0.7318209877   1.388796296    2.954320988    0.5120987654   0.1612345679   0.6530555556   1.508873457    0.8333333333   0.04166666667  0.1481481481   0.1508219213   
546      I1         0.7318209877   1.346296296    2.954320988    0.5365987654   0.1612345679   0.6530555556   1.508873457    0.8333333333   0.04166666667  0.1481481481   0.1606505661   
547      I1         0.7318209877   1.346296296    2.954320988    0.5120987654   0.1857345679   0.6530555556   1.508873457    0.8333333333   0.04166666667  0.1481481481   0.1515936259   
548      I1         0.7318209877   1.346296296    2.954320988    0.5120987654   0.1612345679   0.9005555556   1.508873457    0.8333333333   0.04166666667  0.1481481481   0.1521507385   
549      I1         0.7318209877   1.346296296    2.954320988    0.5120987654   0.1612345679   0.6530555556   1.571373457    0.8333333333   0.04166666667  0.1481481481   0.1603739195   
550      I1         0.7318209877   1.346296296    2.954320988    0.5120987654   0.1612345679   0.6530555556   1.508873457    0.9083333333   0.04166666667  0.1481481481   0.1504200237   
551      I1         0.7318209877   1.346296296    2.954320988    0.5120987654   0.1612345679   0.6530555556   1.508873457    0.8333333333   0.04541666667  0.1481481481   0.1507098915   
552      I1         0.7318209877   1.346296296    2.954320988    0.5120987654   0.1612345679   0.6530555556   1.508873457    0.8333333333   0.04166666667  0.1981481481   0.1509685348   
553      I1         0.6893209877   1.346296296    2.954320988    0.5120987654   0.1612345679   0.6530555556   1.508873457    0.8333333333   0.04166666667  0.1481481481   0.1544236048   
554      I1         0.7318209877   1.303796296    2.954320988    0.5120987654   0.1612345679   0.6530555556   1.508873457    0.8333333333   0.04166666667  0.1481481481   0.1503252447   
555      I1         0.7318209877   1.346296296    2.904320988    0.5120987654   0.1612345679   0.6530555556   1.508873457    0.8333333333   0.04166666667  0.1481481481   0.1500316714   
556      I1         0.7318209877   1.346296296    2.954320988    0.4875987654   0.1612345679   0.6530555556   1.508873457    0.8333333333   0.04166666667  0.1481481481   0.1622170817   
557      I1         0.7318209877   1.346296296    2.954320988    0.5120987654   0.1367345679   0.6530555556   1.508873457    0.8333333333   0.04166666667  0.1481481481   0.152323304    
558      I1         0.7318209877   1.346296296    2.954320988    0.5120987654   0.1612345679   0.4055555556   1.508873457    0.8333333333   0.04166666667  0.1481481481   0.1561557421   
559      I1         0.7318209877   1.346296296    2.954320988    0.5120987654   0.1612345679   0.6530555556   1.446373457    0.8333333333   0.04166666667  0.1481481481   0.1604899985   
560      I1         0.7318209877   1.346296296    2.954320988    0.5120987654   0.1612345679   0.6530555556   1.508873457    0.7583333333   0.04166666667  0.1481481481   0.1512568262   
561      I1         0.7318209877   1.346296296    2.954320988    0.5120987654   0.1612345679   0.6530555556   1.508873457    0.8333333333   0.03791666667  0.1481481481   0.1501010728   
562      I1         0.7318209877   1.346296296    2.954320988    0.5120987654   0.1612345679   0.6530555556   1.508873457    0.8333333333   0.04166666667  0.09814814815  0.1537985461   
563      I1         0.7530709877   1.346296296    2.954320988    0.5120987654   0.1612345679   0.6530555556   1.508873457    0.8333333333   0.04166666667  0.1481481481   0.150319836    
564      I1         0.7318209877   1.367546296    2.954320988    0.5120987654   0.1612345679   0.6530555556   1.508873457    0.8333333333   0.04166666667  0.1481481481   0.1505801228   
565      I1         0.7318209877   1.346296296    2.954320988    0.5243487654   0.1612345679   0.6530555556   1.508873457    0.8333333333   0.04166666667  0.1481481481   0.1530599227   
566      I1         0.7318209877   1.346296296    2.954320988    0.5120987654   0.1734845679   0.6530555556   1.508873457    0.8333333333   0.04166666667  0.1481481481   0.1506212631   
567      I1         0.7318209877   1.346296296    2.954320988    0.5120987654   0.1612345679   0.7768055556   1.508873457    0.8333333333   0.04166666667  0.1481481481   0.1511888253   
568      I1         0.7318209877   1.346296296    2.954320988    0.5120987654   0.1612345679   0.6530555556   1.540123457    0.8333333333   0.04166666667  0.1481481481   0.1544863679   
569      I1         0.7318209877   1.346296296    2.954320988    0.5120987654   0.1612345679   0.6530555556   1.508873457    0.8708333333   0.04166666667  0.1481481481   0.1504200237   
570      I1         0.7318209877   1.346296296    2.954320988    0.5120987654   0.1612345679   0.6530555556   1.508873457    0.8333333333   0.04354166667  0.1481481481   0.1504192684   
571      I1         0.7318209877   1.346296296    2.954320988    0.5120987654   0.1612345679   0.6530555556   1.508873457    0.8333333333   0.04166666667  0.1731481481   0.1502067865   
572      I1         0.7105709877   1.346296296    2.954320988    0.5120987654   0.1612345679   0.6530555556   1.508873457    0.8333333333   0.04166666667  0.1481481481   0.1518228437   
573      I1         0.7318209877   1.325046296    2.954320988    0.5120987654   0.1612345679   0.6530555556   1.508873457    0.8333333333   0.04166666667  0.1481481481   0.1503361178   
574      I1         0.7318209877   1.346296296    2.929320988    0.5120987654   0.1612345679   0.6530555556   1.508873457    0.8333333333   0.04166666667  0.1481481481   0.1501837424   
575      I1         0.7318209877   1.346296296    2.954320988    0.4998487654   0.1612345679   0.6530555556   1.508873457    0.8333333333   0.04166666667  0.1481481481   0.1542571584   
576      I1         0.7318209877   1.346296296    2.954320988    0.5120987654   0.1489845679   0.6530555556   1.508873457    0.8333333333   0.04166666667  0.1481481481   0.1510104574   
577      I1         0.7318209877   1.346296296    2.954320988    0.5120987654   0.1612345679   0.5293055556   1.508873457    0.8333333333   0.04166666667  0.1481481481   0.1524984072   
578      I1         0.7318209877   1.346296296    2.954320988    0.5120987654   0.1612345679   0.6530555556   1.477623457    0.8333333333   0.04166666667  0.1481481481   0.1516591749   
579      I1         0.7318209877   1.346296296    2.954320988    0.5120987654   0.1612345679   0.6530555556   1.508873457    0.7958333333   0.04166666667  0.1481481481   0.1504192684   
580      I1         0.7318209877   1.346296296    2.954320988    0.5120987654   0.1612345679   0.6530555556   1.508873457    0.8333333333   0.03979166667  0.1481481481   0.150181678    
581      I1         0.7318209877   1.346296296    2.954320988    0.5120987654   0.1612345679   0.6530555556   1.508873457    0.8333333333   0.04166666667  0.1231481481   0.1516260873   
582      I1         0.7530709877   1.346296296    2.954320988    0.5120987654   0.1612345679   0.6530555556   1.508873457    0.8333333333   0.03979166667  0.1481481481   0.1498556511   
583      I1         0.7318209877   1.367546296    2.954320988    0.5120987654   0.1612345679   0.6530555556   1.508873457    0.8333333333   0.03979166667  0.1481481481   0.1502850925   
584      I1         0.7318209877   1.346296296    2.954320988    0.5243487654   0.1612345679   0.6530555556   1.508873457    0.8333333333   0.03979166667  0.1481481481   0.1533075103   
585      I1         0.7318209877   1.346296296    2.954320988    0.5120987654   0.1734845679   0.6530555556   1.508873457    0.8333333333   0.03979166667  0.1481481481   0.1505674618   
586      I1         0.7318209877   1.346296296    2.954320988    0.5120987654   0.1612345679   0.7768055556   1.508873457    0.8333333333   0.03979166667  0.1481481481   0.1511888253   
587      I1         0.7318209877   1.346296296    2.954320988    0.5120987654   0.1612345679   0.6530555556   1.540123457    0.8333333333   0.03979166667  0.1481481481   0.1539243707   
588      I1         0.7318209877   1.346296296    2.954320988    0.5120987654   0.1612345679   0.6530555556   1.508873457    0.8708333333   0.03979166667  0.1481481481   0.1501823272   
589      I1         0.7318209877   1.346296296    2.954320988    0.5120987654   0.1612345679   0.6530555556   1.508873457    0.8333333333   0.03979166667  0.1731481481   0.1498111573   
590      I1         0.7105709877   1.346296296    2.954320988    0.5120987654   0.1612345679   0.6530555556   1.508873457    0.8333333333   0.03979166667  0.1481481481   0.1518185436   
591      I1         0.7318209877   1.325046296    2.954320988    0.5120987654   0.1612345679   0.6530555556   1.508873457    0.8333333333   0.03979166667  0.1481481481   0.1501547674   
592      I1         0.7318209877   1.346296296    2.929320988    0.5120987654   0.1612345679   0.6530555556   1.508873457    0.8333333333   0.03979166667  0.1481481481   0.1499805572   
593      I1         0.7318209877   1.346296296    2.954320988    0.4998487654   0.1612345679   0.6530555556   1.508873457    0.8333333333   0.03979166667  0.1481481481   0.1535463182   
594      I1         0.7318209877   1.346296296    2.954320988    0.5120987654   0.1489845679   0.6530555556   1.508873457    0.8333333333   0.03979166667  0.1481481481   0.1505870234   
595      I1         0.7318209877   1.346296296    2.954320988    0.5120987654   0.1612345679   0.5293055556   1.508873457    0.8333333333   0.03979166667  0.1481481481   0.1524988863   
596      I1         0.7318209877   1.346296296    2.954320988    0.5120987654   0.1612345679   0.6530555556   1.477623457    0.8333333333   0.03979166667  0.1481481481   0.1519307406   
597      I1         0.7318209877   1.346296296    2.954320988    0.5120987654   0.1612345679   0.6530555556   1.508873457    0.7958333333   0.03979166667  0.1481481481   0.150181678    
598      I1         0.7318209877   1.346296296    2.954320988    0.5120987654   0.1612345679   0.6530555556   1.508873457    0.8333333333   0.03791666667  0.1481481481   0.1501010728   
599      I1         0.7318209877   1.346296296    2.954320988    0.5120987654   0.1612345679   0.6530555556   1.508873457    0.8333333333   0.03979166667  0.1231481481   0.1515526013   
600      I1         0.7530709877   1.346296296    2.954320988    0.5120987654   0.1612345679   0.6530555556   1.508873457    0.8333333333   0.03979166667  0.1731481481   0.1502441356   
601      I1         0.7318209877   1.367546296    2.954320988    0.5120987654   0.1612345679   0.6530555556   1.508873457    0.8333333333   0.03979166667  0.1731481481   0.1501051551   
602      I1         0.7318209877   1.346296296    2.979320988    0.5120987654   0.1612345679   0.6530555556   1.508873457    0.8333333333   0.03979166667  0.1731481481   0.1502465827   
603      I1         0.7318209877   1.346296296    2.954320988    0.5243487654   0.1612345679   0.6530555556   1.508873457    0.8333333333   0.03979166667  0.1731481481   0.1510188518   
604      I1         0.7318209877   1.346296296    2.954320988    0.5120987654   0.1734845679   0.6530555556   1.508873457    0.8333333333   0.03979166667  0.1731481481   0.1495666256   
605      I1         0.7318209877   1.346296296    2.954320988    0.5120987654   0.1612345679   0.7768055556   1.508873457    0.8333333333   0.03979166667  0.1731481481   0.1514726694   
606      I1         0.7318209877   1.346296296    2.954320988    0.5120987654   0.1612345679   0.6530555556   1.540123457    0.8333333333   0.03979166667  0.1731481481   0.1550861819   
607      I1         0.7318209877   1.346296296    2.954320988    0.5120987654   0.1612345679   0.6530555556   1.508873457    0.8708333333   0.03979166667  0.1731481481   0.1498121616   
608      I1         0.7318209877   1.346296296    2.954320988    0.5120987654   0.1612345679   0.6530555556   1.508873457    0.8333333333   0.03979166667  0.1981481481   0.1504312663   
609      I1         0.7105709877   1.346296296    2.954320988    0.5120987654   0.1612345679   0.6530555556   1.508873457    0.8333333333   0.03979166667  0.1731481481   0.1505118986   
610      I1         0.7318209877   1.325046296    2.954320988    0.5120987654   0.1612345679   0.6530555556   1.508873457    0.8333333333   0.03979166667  0.1731481481   0.1495933467   
611      I1         0.7318209877   1.346296296    2.929320988    0.5120987654   0.1612345679   0.6530555556   1.508873457    0.8333333333   0.03979166667  0.1731481481   0.1494914157   
612      I1         0.7318209877   1.346296296    2.954320988    0.4998487654   0.1612345679   0.6530555556   1.508873457    0.8333333333   0.03979166667  0.1731481481   0.1546559697   
613      I1         0.7318209877   1.346296296    2.954320988    0.5120987654   0.1489845679   0.6530555556   1.508873457    0.8333333333   0.03979166667  0.1731481481   0.1507996507   
614      I1         0.7318209877   1.346296296    2.954320988    0.5120987654   0.1612345679   0.5293055556   1.508873457    0.8333333333   0.03979166667  0.1731481481   0.1511603748   
615      I1         0.7318209877   1.346296296    2.954320988    0.5120987654   0.1612345679   0.6530555556   1.477623457    0.8333333333   0.03979166667  0.1731481481   0.1488939013   
616      I1         0.7318209877   1.346296296    2.954320988    0.5120987654   0.1612345679   0.6530555556   1.508873457    0.7958333333   0.03979166667  0.1731481481   0.1498111573   
617      I1         0.7318209877   1.346296296    2.954320988    0.5120987654   0.1612345679   0.6530555556   1.508873457    0.8333333333   0.03791666667  0.1731481481   0.1493168283   
618      I1         0.7530709877   1.346296296    2.954320988    0.5120987654   0.1612345679   0.6530555556   1.477623457    0.8333333333   0.03979166667  0.1731481481   0.1469649405   
619      I1         0.7318209877   1.367546296    2.954320988    0.5120987654   0.1612345679   0.6530555556   1.477623457    0.8333333333   0.03979166667  0.1731481481   0.148528263    
620      I1         0.7318209877   1.346296296    2.979320988    0.5120987654   0.1612345679   0.6530555556   1.477623457    0.8333333333   0.03979166667  0.1731481481   0.1488429837   
621      I1         0.7318209877   1.346296296    2.954320988    0.5243487654   0.1612345679   0.6530555556   1.477623457    0.8333333333   0.03979166667  0.1731481481   0.1555530883   
622      I1         0.7318209877   1.346296296    2.954320988    0.5120987654   0.1734845679   0.6530555556   1.477623457    0.8333333333   0.03979166667  0.1731481481   0.1506249498   
623      I1         0.7318209877   1.346296296    2.954320988    0.5120987654   0.1612345679   0.7768055556   1.477623457    0.8333333333   0.03979166667  0.1731481481   0.1471372945   
624      I1         0.7318209877   1.346296296    2.954320988    0.5120987654   0.1612345679   0.6530555556   1.477623457    0.8708333333   0.03979166667  0.1731481481   0.1488936342   
625      I1         0.7318209877   1.346296296    2.954320988    0.5120987654   0.1612345679   0.6530555556   1.477623457    0.8333333333   0.04166666667  0.1731481481   0.1487744817   
626      I1         0.7318209877   1.346296296    2.954320988    0.5120987654   0.1612345679   0.6530555556   1.477623457    0.8333333333   0.03979166667  0.1981481481   0.1469532943   
627      I1         0.7105709877   1.346296296    2.954320988    0.5120987654   0.1612345679   0.6530555556   1.477623457    0.8333333333   0.03979166667  0.1731481481   0.1518063321   
628      I1         0.7318209877   1.325046296    2.954320988    0.5120987654   0.1612345679   0.6530555556   1.477623457    0.8333333333   0.03979166667  0.1731481481   0.1493106435   
629      I1         0.7318209877   1.346296296    2.929320988    0.5120987654   0.1612345679   0.6530555556   1.477623457    0.8333333333   0.03979166667  0.1731481481   0.1489835361   
630      I1         0.7318209877   1.346296296    2.954320988    0.4998487654   0.1612345679   0.6530555556   1.477623457    0.8333333333   0.03979166667  0.1731481481   0.1478195783   
631      I1         0.7318209877   1.346296296    2.954320988    0.5120987654   0.1489845679   0.6530555556   1.477623457    0.8333333333   0.03979166667  0.1731481481   0.1477927985   
632      I1         0.7318209877   1.346296296    2.954320988    0.5120987654   0.1612345679   0.5293055556   1.477623457    0.8333333333   0.03979166667  0.1731481481   0.1535240121   
633      I1         0.7318209877   1.346296296    2.954320988    0.5120987654   0.1612345679   0.6530555556   1.446373457    0.8333333333   0.03979166667  0.1731481481   0.1555727216   
634      I1         0.7318209877   1.346296296    2.954320988    0.5120987654   0.1612345679   0.6530555556   1.477623457    0.7958333333   0.03979166667  0.1731481481   0.1488939013   
635      I1         0.7318209877   1.346296296    2.954320988    0.5120987654   0.1612345679   0.6530555556   1.477623457    0.8333333333   0.03791666667  0.1731481481   0.1496798159   
636      I1         0.7530709877   1.346296296    2.954320988    0.5120987654   0.1612345679   0.6530555556   1.477623457    0.8333333333   0.03979166667  0.1981481481   0.1459225835   
637      I1         0.7318209877   1.367546296    2.954320988    0.5120987654   0.1612345679   0.6530555556   1.477623457    0.8333333333   0.03979166667  0.1981481481   0.1467941362   
638      I1         0.7318209877   1.346296296    2.979320988    0.5120987654   0.1612345679   0.6530555556   1.477623457    0.8333333333   0.03979166667  0.1981481481   0.1470865476   
639      I1         0.7318209877   1.346296296    2.954320988    0.5243487654   0.1612345679   0.6530555556   1.477623457    0.8333333333   0.03979166667  0.1981481481   0.1519781433   
640      I1         0.7318209877   1.346296296    2.954320988    0.5120987654   0.1734845679   0.6530555556   1.477623457    0.8333333333   0.03979166667  0.1981481481   0.1481027407   
641      I1         0.7318209877   1.346296296    2.954320988    0.5120987654   0.1612345679   0.7768055556   1.477623457    0.8333333333   0.03979166667  0.1981481481   0.1459796666   
642      I1         0.7318209877   1.346296296    2.954320988    0.5120987654   0.1612345679   0.6530555556   1.477623457    0.8708333333   0.03979166667  0.1981481481   0.1469534667   
643      I1         0.7318209877   1.346296296    2.954320988    0.5120987654   0.1612345679   0.6530555556   1.477623457    0.8333333333   0.04166666667  0.1981481481   0.1470125142   
644      I1         0.7318209877   1.346296296    2.954320988    0.5120987654   0.1612345679   0.6530555556   1.477623457    0.8333333333   0.03979166667  0.2231481481   0.1462210034   
645      I1         0.7105709877   1.346296296    2.954320988    0.5120987654   0.1612345679   0.6530555556   1.477623457    0.8333333333   0.03979166667  0.1981481481   0.1490069188   
646      I1         0.7318209877   1.325046296    2.954320988    0.5120987654   0.1612345679   0.6530555556   1.477623457    0.8333333333   0.03979166667  0.1981481481   0.1471773225   
647      I1         0.7318209877   1.346296296    2.929320988    0.5120987654   0.1612345679   0.6530555556   1.477623457    0.8333333333   0.03979166667  0.1981481481   0.146890352    
648      I1         0.7318209877   1.346296296    2.954320988    0.4998487654   0.1612345679   0.6530555556   1.477623457    0.8333333333   0.03979166667  0.1981481481   0.1479908815   
649      I1         0.7318209877   1.346296296    2.954320988    0.5120987654   0.1489845679   0.6530555556   1.477623457    0.8333333333   0.03979166667  0.1981481481   0.1465295614   
650      I1         0.7318209877   1.346296296    2.954320988    0.5120987654   0.1612345679   0.5293055556   1.477623457    0.8333333333   0.03979166667  0.1981481481   0.1506904335   
651      I1         0.7318209877   1.346296296    2.954320988    0.5120987654   0.1612345679   0.6530555556   1.446373457    0.8333333333   0.03979166667  0.1981481481   0.1509077554   
652      I1         0.7318209877   1.346296296    2.954320988    0.5120987654   0.1612345679   0.6530555556   1.477623457    0.7958333333   0.03979166667  0.1981481481   0.1469532943   
653      I1         0.7318209877   1.346296296    2.954320988    0.5120987654   0.1612345679   0.6530555556   1.477623457    0.8333333333   0.03791666667  0.1981481481   0.147312635    
654      I1         0.7955709877   1.346296296    2.954320988    0.5120987654   0.1612345679   0.6530555556   1.477623457    0.8333333333   0.03979166667  0.1981481481   0.1465350425   
655      I1         0.7530709877   1.388796296    2.954320988    0.5120987654   0.1612345679   0.6530555556   1.477623457    0.8333333333   0.03979166667  0.1981481481   0.1462047731   
656      I1         0.7530709877   1.346296296    3.004320988    0.5120987654   0.1612345679   0.6530555556   1.477623457    0.8333333333   0.03979166667  0.1981481481   0.1467404459   
657      I1         0.7530709877   1.346296296    2.954320988    0.5365987654   0.1612345679   0.6530555556   1.477623457    0.8333333333   0.03979166667  0.1981481481   0.1562746462   
658      I1         0.7530709877   1.346296296    2.954320988    0.5120987654   0.1857345679   0.6530555556   1.477623457    0.8333333333   0.03979166667  0.1981481481   0.147389249    
659      I1         0.7530709877   1.346296296    2.954320988    0.5120987654   0.1612345679   0.9005555556   1.477623457    0.8333333333   0.03979166667  0.1981481481   0.1455712001   
660      I1         0.7530709877   1.346296296    2.954320988    0.5120987654   0.1612345679   0.6530555556   1.540123457    0.8333333333   0.03979166667  0.1981481481   0.1601645658   
661      I1         0.7530709877   1.346296296    2.954320988    0.5120987654   0.1612345679   0.6530555556   1.477623457    0.9083333333   0.03979166667  0.1981481481   0.1459233459   
662      I1         0.7530709877   1.346296296    2.954320988    0.5120987654   0.1612345679   0.6530555556   1.477623457    0.8333333333   0.04354166667  0.1981481481   0.1461982063   
663      I1         0.7530709877   1.346296296    2.954320988    0.5120987654   0.1612345679   0.6530555556   1.477623457    0.8333333333   0.03979166667  0.2481481481   0.1472771545   
664      I1         0.7530709877   1.303796296    2.954320988    0.5120987654   0.1612345679   0.6530555556   1.477623457    0.8333333333   0.03979166667  0.1981481481   0.145937496    
665      I1         0.7530709877   1.346296296    2.904320988    0.5120987654   0.1612345679   0.6530555556   1.477623457    0.8333333333   0.03979166667  0.1981481481   0.1455245062   
666      I1         0.7530709877   1.346296296    2.954320988    0.4875987654   0.1612345679   0.6530555556   1.477623457    0.8333333333   0.03979166667  0.1981481481   0.1564955041   
667      I1         0.7530709877   1.346296296    2.954320988    0.5120987654   0.1367345679   0.6530555556   1.477623457    0.8333333333   0.03979166667  0.1981481481   0.147451125    
668      I1         0.7530709877   1.346296296    2.954320988    0.5120987654   0.1612345679   0.4055555556   1.477623457    0.8333333333   0.03979166667  0.1981481481   0.1538889005   
669      I1         0.7530709877   1.346296296    2.954320988    0.5120987654   0.1612345679   0.6530555556   1.415123457    0.8333333333   0.03979166667  0.1981481481   0.1560773235   
670      I1         0.7530709877   1.346296296    2.954320988    0.5120987654   0.1612345679   0.6530555556   1.477623457    0.7583333333   0.03979166667  0.1981481481   0.1468263488   
671      I1         0.7530709877   1.346296296    2.954320988    0.5120987654   0.1612345679   0.6530555556   1.477623457    0.8333333333   0.03604166667  0.1981481481   0.1457661975   
672      I1         0.7530709877   1.346296296    2.954320988    0.5120987654   0.1612345679   0.6530555556   1.477623457    0.8333333333   0.03979166667  0.1481481481   0.1491443315   
673      I1         0.7743209877   1.346296296    2.954320988    0.5120987654   0.1612345679   0.6530555556   1.477623457    0.8333333333   0.03979166667  0.1981481481   0.1457207673   
674      I1         0.7530709877   1.367546296    2.954320988    0.5120987654   0.1612345679   0.6530555556   1.477623457    0.8333333333   0.03979166667  0.1981481481   0.1460246128   
675      I1         0.7530709877   1.346296296    2.979320988    0.5120987654   0.1612345679   0.6530555556   1.477623457    0.8333333333   0.03979166667  0.1981481481   0.1462657806   
676      I1         0.7530709877   1.346296296    2.954320988    0.5243487654   0.1612345679   0.6530555556   1.477623457    0.8333333333   0.03979166667  0.1981481481   0.148800695    
677      I1         0.7530709877   1.346296296    2.954320988    0.5120987654   0.1734845679   0.6530555556   1.477623457    0.8333333333   0.03979166667  0.1981481481   0.1462871243   
678      I1         0.7530709877   1.346296296    2.954320988    0.5120987654   0.1612345679   0.7768055556   1.477623457    0.8333333333   0.03979166667  0.1981481481   0.1457289264   
679      I1         0.7530709877   1.346296296    2.954320988    0.5120987654   0.1612345679   0.6530555556   1.508873457    0.8333333333   0.03979166667  0.1981481481   0.1514936387   
680      I1         0.7530709877   1.346296296    2.954320988    0.5120987654   0.1612345679   0.6530555556   1.477623457    0.8708333333   0.03979166667  0.1981481481   0.1459233459   
681      I1         0.7530709877   1.346296296    2.954320988    0.5120987654   0.1612345679   0.6530555556   1.477623457    0.8333333333   0.04166666667  0.1981481481   0.1461982063   
682      I1         0.7530709877   1.346296296    2.954320988    0.5120987654   0.1612345679   0.6530555556   1.477623457    0.8333333333   0.03979166667  0.2231481481   0.1460411262   
683      I1         0.7530709877   1.325046296    2.954320988    0.5120987654   0.1612345679   0.6530555556   1.477623457    0.8333333333   0.03979166667  0.1981481481   0.1458946724   
684      I1         0.7530709877   1.346296296    2.929320988    0.5120987654   0.1612345679   0.6530555556   1.477623457    0.8333333333   0.03979166667  0.1981481481   0.1456829284   
685      I1         0.7530709877   1.346296296    2.954320988    0.4998487654   0.1612345679   0.6530555556   1.477623457    0.8333333333   0.03979166667  0.1981481481   0.1491668175   
686      I1         0.7530709877   1.346296296    2.954320988    0.5120987654   0.1489845679   0.6530555556   1.477623457    0.8333333333   0.03979166667  0.1981481481   0.1463292      
687      I1         0.7530709877   1.346296296    2.954320988    0.5120987654   0.1612345679   0.5293055556   1.477623457    0.8333333333   0.03979166667  0.1981481481   0.1484643511   
688      I1         0.7530709877   1.346296296    2.954320988    0.5120987654   0.1612345679   0.6530555556   1.446373457    0.8333333333   0.03979166667  0.1981481481   0.1473963708   
689      I1         0.7530709877   1.346296296    2.954320988    0.5120987654   0.1612345679   0.6530555556   1.477623457    0.7958333333   0.03979166667  0.1981481481   0.1459225835   
690      I1         0.7530709877   1.346296296    2.954320988    0.5120987654   0.1612345679   0.6530555556   1.477623457    0.8333333333   0.03791666667  0.1981481481   0.1457661975   
691      I1         0.7743209877   1.346296296    2.929320988    0.5120987654   0.1612345679   0.6530555556   1.477623457    0.8333333333   0.03979166667  0.1981481481   0.1453245607   
692      I1         0.7530709877   1.367546296    2.929320988    0.5120987654   0.1612345679   0.6530555556   1.477623457    0.8333333333   0.03979166667  0.1981481481   0.1457411088   
693      I1         0.7530709877   1.346296296    2.929320988    0.5243487654   0.1612345679   0.6530555556   1.477623457    0.8333333333   0.03979166667  0.1981481481   0.1489682505   
694      I1         0.7530709877   1.346296296    2.929320988    0.5120987654   0.1734845679   0.6530555556   1.477623457    0.8333333333   0.03979166667  0.1981481481   0.1462010201   
695      I1         0.7530709877   1.346296296    2.929320988    0.5120987654   0.1612345679   0.7768055556   1.477623457    0.8333333333   0.03979166667  0.1981481481   0.1453261886   
696      I1         0.7530709877   1.346296296    2.929320988    0.5120987654   0.1612345679   0.6530555556   1.508873457    0.8333333333   0.03979166667  0.1981481481   0.1509779929   
697      I1         0.7530709877   1.346296296    2.929320988    0.5120987654   0.1612345679   0.6530555556   1.477623457    0.8708333333   0.03979166667  0.1981481481   0.1456834748   
698      I1         0.7530709877   1.346296296    2.929320988    0.5120987654   0.1612345679   0.6530555556   1.477623457    0.8333333333   0.04166666667  0.1981481481   0.1459233119   
699      I1         0.7530709877   1.346296296    2.929320988    0.5120987654   0.1612345679   0.6530555556   1.477623457    0.8333333333   0.03979166667  0.2231481481   0.1456763784   
700      I1         0.7530709877   1.325046296    2.929320988    0.5120987654   0.1612345679   0.6530555556   1.477623457    0.8333333333   0.03979166667  0.1981481481   0.1456998011   
701      I1         0.7530709877   1.346296296    2.929320988    0.4998487654   0.1612345679   0.6530555556   1.477623457    0.8333333333   0.03979166667  0.1981481481   0.1485896726   
702      I1         0.7530709877   1.346296296    2.929320988    0.5120987654   0.1489845679   0.6530555556   1.477623457    0.8333333333   0.03979166667  0.1981481481   0.145943798    
703      I1         0.7530709877   1.346296296    2.929320988    0.5120987654   0.1612345679   0.5293055556   1.477623457    0.8333333333   0.03979166667  0.1981481481   0.1484659219   
704      I1         0.7530709877   1.346296296    2.929320988    0.5120987654   0.1612345679   0.6530555556   1.446373457    0.8333333333   0.03979166667  0.1981481481   0.1476180013   
705      I1         0.7530709877   1.346296296    2.929320988    0.5120987654   0.1612345679   0.6530555556   1.477623457    0.7958333333   0.03979166667  0.1981481481   0.1456829284   
706      I1         0.7530709877   1.346296296    2.929320988    0.5120987654   0.1612345679   0.6530555556   1.477623457    0.8333333333   0.03791666667  0.1981481481   0.145615998    
707      I1         0.7530709877   1.346296296    2.929320988    0.5120987654   0.1612345679   0.6530555556   1.477623457    0.8333333333   0.03979166667  0.1731481481   0.1468692213   
708      I1         0.7955709877   1.346296296    2.929320988    0.5120987654   0.1612345679   0.6530555556   1.477623457    0.8333333333   0.03979166667  0.1981481481   0.1460216319   
709      I1         0.7743209877   1.367546296    2.929320988    0.5120987654   0.1612345679   0.6530555556   1.477623457    0.8333333333   0.03979166667  0.1981481481   0.1456408791   
710      I1         0.7743209877   1.346296296    2.929320988    0.5243487654   0.1612345679   0.6530555556   1.477623457    0.8333333333   0.03979166667  0.1981481481   0.1461891759   
711      I1         0.7743209877   1.346296296    2.929320988    0.5120987654   0.1734845679   0.6530555556   1.477623457    0.8333333333   0.03979166667  0.1981481481   0.1449953229   
712      I1         0.7743209877   1.346296296    2.929320988    0.5120987654   0.1612345679   0.7768055556   1.477623457    0.8333333333   0.03979166667  0.1981481481   0.1458326911   
713      I1         0.7743209877   1.346296296    2.929320988    0.5120987654   0.1612345679   0.6530555556   1.508873457    0.8333333333   0.03979166667  0.1981481481   0.1526379432   
714      I1         0.7743209877   1.346296296    2.929320988    0.5120987654   0.1612345679   0.6530555556   1.477623457    0.8708333333   0.03979166667  0.1981481481   0.1453256395   
715      I1         0.7743209877   1.346296296    2.929320988    0.5120987654   0.1612345679   0.6530555556   1.477623457    0.8333333333   0.04166666667  0.1981481481   0.1458011664   
716      I1         0.7743209877   1.346296296    2.929320988    0.5120987654   0.1612345679   0.6530555556   1.477623457    0.8333333333   0.03979166667  0.2231481481   0.14605548     
717      I1         0.7743209877   1.325046296    2.929320988    0.5120987654   0.1612345679   0.6530555556   1.477623457    0.8333333333   0.03979166667  0.1981481481   0.1450827073   
718      I1         0.7743209877   1.346296296    2.904320988    0.5120987654   0.1612345679   0.6530555556   1.477623457    0.8333333333   0.03979166667  0.1981481481   0.1450343295   
719      I1         0.7743209877   1.346296296    2.929320988    0.4998487654   0.1612345679   0.6530555556   1.477623457    0.8333333333   0.03979166667  0.1981481481   0.1501290246   
720      I1         0.7743209877   1.346296296    2.929320988    0.5120987654   0.1489845679   0.6530555556   1.477623457    0.8333333333   0.03979166667  0.1981481481   0.1463795104   
721      I1         0.7743209877   1.346296296    2.929320988    0.5120987654   0.1612345679   0.5293055556   1.477623457    0.8333333333   0.03979166667  0.1981481481   0.1469358603   
722      I1         0.7743209877   1.346296296    2.929320988    0.5120987654   0.1612345679   0.6530555556   1.446373457    0.8333333333   0.03979166667  0.1981481481   0.1445977325   
723      I1         0.7743209877   1.346296296    2.929320988    0.5120987654   0.1612345679   0.6530555556   1.477623457    0.7958333333   0.03979166667  0.1981481481   0.1453245607   
724      I1         0.7743209877   1.346296296    2.929320988    0.5120987654   0.1612345679   0.6530555556   1.477623457    0.8333333333   0.03791666667  0.1981481481   0.1447504025   
725      I1         0.7743209877   1.346296296    2.929320988    0.5120987654   0.1612345679   0.6530555556   1.477623457    0.8333333333   0.03979166667  0.1731481481   0.1456574037   
726      I1         0.7955709877   1.346296296    2.929320988    0.5120987654   0.1612345679   0.6530555556   1.446373457    0.8333333333   0.03979166667  0.1981481481   0.14261352     
727      I1         0.7743209877   1.367546296    2.929320988    0.5120987654   0.1612345679   0.6530555556   1.446373457    0.8333333333   0.03979166667  0.1981481481   0.144198598    
728      I1         0.7743209877   1.346296296    2.954320988    0.5120987654   0.1612345679   0.6530555556   1.446373457    0.8333333333   0.03979166667  0.1981481481   0.1445456954   
729      I1         0.7743209877   1.346296296    2.929320988    0.5243487654   0.1612345679   0.6530555556   1.446373457    0.8333333333   0.03979166667  0.1981481481   0.1512621822   
730      I1         0.7743209877   1.346296296    2.929320988    0.5120987654   0.1734845679   0.6530555556   1.446373457    0.8333333333   0.03979166667  0.1981481481   0.1464200968   
731      I1         0.7743209877   1.346296296    2.929320988    0.5120987654   0.1612345679   0.7768055556   1.446373457    0.8333333333   0.03979166667  0.1981481481   0.1423402349   
732      I1         0.7743209877   1.346296296    2.929320988    0.5120987654   0.1612345679   0.6530555556   1.446373457    0.8708333333   0.03979166667  0.1981481481   0.1445974255   
733      I1         0.7743209877   1.346296296    2.929320988    0.5120987654   0.1612345679   0.6530555556   1.446373457    0.8333333333   0.04166666667  0.1981481481   0.1444980572   
734      I1         0.7743209877   1.346296296    2.929320988    0.5120987654   0.1612345679   0.6530555556   1.446373457    0.8333333333   0.03979166667  0.2231481481   0.1424282547   
735      I1         0.7743209877   1.325046296    2.929320988    0.5120987654   0.1612345679   0.6530555556   1.446373457    0.8333333333   0.03979166667  0.1981481481   0.1450461162   
736      I1         0.7743209877   1.346296296    2.904320988    0.5120987654   0.1612345679   0.6530555556   1.446373457    0.8333333333   0.03979166667  0.1981481481   0.1446749687   
737      I1         0.7743209877   1.346296296    2.929320988    0.4998487654   0.1612345679   0.6530555556   1.446373457    0.8333333333   0.03979166667  0.1981481481   0.1432171212   
738      I1         0.7743209877   1.346296296    2.929320988    0.5120987654   0.1489845679   0.6530555556   1.446373457    0.8333333333   0.03979166667  0.1981481481   0.1433938908   
739      I1         0.7743209877   1.346296296    2.929320988    0.5120987654   0.1612345679   0.5293055556   1.446373457    0.8333333333   0.03979166667  0.1981481481   0.1509159847   
740      I1         0.7743209877   1.346296296    2.929320988    0.5120987654   0.1612345679   0.6530555556   1.415123457    0.8333333333   0.03979166667  0.1981481481   0.1523387334   
741      I1         0.7743209877   1.346296296    2.929320988    0.5120987654   0.1612345679   0.6530555556   1.446373457    0.7958333333   0.03979166667  0.1981481481   0.1445977325   
742      I1         0.7743209877   1.346296296    2.929320988    0.5120987654   0.1612345679   0.6530555556   1.446373457    0.8333333333   0.03791666667  0.1981481481   0.1453487706   
743      I1         0.7743209877   1.346296296    2.929320988    0.5120987654   0.1612345679   0.6530555556   1.446373457    0.8333333333   0.03979166667  0.1731481481   0.1480003428   
744      I1         0.7955709877   1.346296296    2.929320988    0.5120987654   0.1612345679   0.7768055556   1.446373457    0.8333333333   0.03979166667  0.1981481481   0.141407337    
745      I1         0.7743209877   1.367546296    2.929320988    0.5120987654   0.1612345679   0.7768055556   1.446373457    0.8333333333   0.03979166667  0.1981481481   0.1422246826   
746      I1         0.7743209877   1.346296296    2.954320988    0.5120987654   0.1612345679   0.7768055556   1.446373457    0.8333333333   0.03979166667  0.1981481481   0.1424964059   
747      I1         0.7743209877   1.346296296    2.929320988    0.5243487654   0.1612345679   0.7768055556   1.446373457    0.8333333333   0.03979166667  0.1981481481   0.1471077661   
748      I1         0.7743209877   1.346296296    2.929320988    0.5120987654   0.1734845679   0.7768055556   1.446373457    0.8333333333   0.03979166667  0.1981481481   0.1433774476   
749      I1         0.7743209877   1.346296296    2.929320988    0.5120987654   0.1612345679   0.9005555556   1.446373457    0.8333333333   0.03979166667  0.1981481481   0.1421125936   
750      I1         0.7743209877   1.346296296    2.929320988    0.5120987654   0.1612345679   0.7768055556   1.446373457    0.8708333333   0.03979166667  0.1981481481   0.142340517    
751      I1         0.7743209877   1.346296296    2.929320988    0.5120987654   0.1612345679   0.7768055556   1.446373457    0.8333333333   0.04166666667  0.1981481481   0.1423703192   
752      I1         0.7743209877   1.346296296    2.929320988    0.5120987654   0.1612345679   0.7768055556   1.446373457    0.8333333333   0.03979166667  0.2231481481   0.1410147374   
753      I1         0.7530709877   1.346296296    2.929320988    0.5120987654   0.1612345679   0.7768055556   1.446373457    0.8333333333   0.03979166667  0.1981481481   0.1445484293   
754      I1         0.7743209877   1.325046296    2.929320988    0.5120987654   0.1612345679   0.7768055556   1.446373457    0.8333333333   0.03979166667  0.1981481481   0.1425265874   
755      I1         0.7743209877   1.346296296    2.904320988    0.5120987654   0.1612345679   0.7768055556   1.446373457    0.8333333333   0.03979166667  0.1981481481   0.1422509439   
756      I1         0.7743209877   1.346296296    2.929320988    0.4998487654   0.1612345679   0.7768055556   1.446373457    0.8333333333   0.03979166667  0.1981481481   0.1437599673   
757      I1         0.7743209877   1.346296296    2.929320988    0.5120987654   0.1489845679   0.7768055556   1.446373457    0.8333333333   0.03979166667  0.1981481481   0.1420783372   
758      I1         0.7743209877   1.346296296    2.929320988    0.5120987654   0.1612345679   0.7768055556   1.415123457    0.8333333333   0.03979166667  0.1981481481   0.148056499    
759      I1         0.7743209877   1.346296296    2.929320988    0.5120987654   0.1612345679   0.7768055556   1.446373457    0.7958333333   0.03979166667  0.1981481481   0.1423402349   
760      I1         0.7743209877   1.346296296    2.929320988    0.5120987654   0.1612345679   0.7768055556   1.446373457    0.8333333333   0.03791666667  0.1981481481   0.1426607659   
761      I1         0.7743209877   1.346296296    2.929320988    0.5120987654   0.1612345679   0.7768055556   1.446373457    0.8333333333   0.03979166667  0.1731481481   0.1450531053   
762      I1         0.8168209877   1.346296296    2.929320988    0.5120987654   0.1612345679   0.7768055556   1.446373457    0.8333333333   0.03979166667  0.2231481481   0.1419788776   
763      I1         0.7743209877   1.388796296    2.929320988    0.5120987654   0.1612345679   0.7768055556   1.446373457    0.8333333333   0.03979166667  0.2231481481   0.141329881    
764      I1         0.7743209877   1.346296296    2.979320988    0.5120987654   0.1612345679   0.7768055556   1.446373457    0.8333333333   0.03979166667  0.2231481481   0.1417567669   
765      I1         0.7743209877   1.346296296    2.929320988    0.5365987654   0.1612345679   0.7768055556   1.446373457    0.8333333333   0.03979166667  0.2231481481   0.151029931    
766      I1         0.7743209877   1.346296296    2.929320988    0.5120987654   0.1857345679   0.7768055556   1.446373457    0.8333333333   0.03979166667  0.2231481481   0.1423903511   
767      I1         0.7743209877   1.346296296    2.929320988    0.5120987654   0.1612345679   1.024305556    1.446373457    0.8333333333   0.03979166667  0.2231481481   0.1415451689   
768      I1         0.7743209877   1.346296296    2.929320988    0.5120987654   0.1612345679   0.7768055556   1.508873457    0.8333333333   0.03979166667  0.2231481481   0.1584501799   
769      I1         0.7743209877   1.346296296    2.929320988    0.5120987654   0.1612345679   0.7768055556   1.446373457    0.9083333333   0.03979166667  0.2231481481   0.1406808789   
770      I1         0.7743209877   1.346296296    2.929320988    0.5120987654   0.1612345679   0.7768055556   1.446373457    0.8333333333   0.04354166667  0.2231481481   0.1410387585   
771      I1         0.7743209877   1.346296296    2.929320988    0.5120987654   0.1612345679   0.7768055556   1.446373457    0.8333333333   0.03979166667  0.2731481481   0.1424551548   
772      I1         0.7318209877   1.346296296    2.929320988    0.5120987654   0.1612345679   0.7768055556   1.446373457    0.8333333333   0.03979166667  0.2231481481   0.1443983262   
773      I1         0.7743209877   1.303796296    2.929320988    0.5120987654   0.1612345679   0.7768055556   1.446373457    0.8333333333   0.03979166667  0.2231481481   0.1410026124   
774      I1         0.7743209877   1.346296296    2.879320988    0.5120987654   0.1612345679   0.7768055556   1.446373457    0.8333333333   0.03979166667  0.2231481481   0.1406462956   
775      I1         0.7743209877   1.346296296    2.929320988    0.4875987654   0.1612345679   0.7768055556   1.446373457    0.8333333333   0.03979166667  0.2231481481   0.1514204399   
776      I1         0.7743209877   1.346296296    2.929320988    0.5120987654   0.1367345679   0.7768055556   1.446373457    0.8333333333   0.03979166667  0.2231481481   0.1426516043   
777      I1         0.7743209877   1.346296296    2.929320988    0.5120987654   0.1612345679   0.5293055556   1.446373457    0.8333333333   0.03979166667  0.2231481481   0.1478356387   
778      I1         0.7743209877   1.346296296    2.929320988    0.5120987654   0.1612345679   0.7768055556   1.383873457    0.8333333333   0.03979166667  0.2231481481   0.1544718096   
779      I1         0.7743209877   1.346296296    2.929320988    0.5120987654   0.1612345679   0.7768055556   1.446373457    0.7583333333   0.03979166667  0.2231481481   0.1413655088   
780      I1         0.7743209877   1.346296296    2.929320988    0.5120987654   0.1612345679   0.7768055556   1.446373457    0.8333333333   0.03604166667  0.2231481481   0.1406572825   
781      I1         0.7743209877   1.346296296    2.929320988    0.5120987654   0.1612345679   0.7768055556   1.446373457    0.8333333333   0.03979166667  0.1731481481   0.1450531053   
782      I1         0.7955709877   1.346296296    2.929320988    0.5120987654   0.1612345679   0.7768055556   1.446373457    0.8333333333   0.03979166667  0.2231481481   0.1409739407   
783      I1         0.7743209877   1.367546296    2.929320988    0.5120987654   0.1612345679   0.7768055556   1.446373457    0.8333333333   0.03979166667  0.2231481481   0.1411324998   
784      I1         0.7743209877   1.346296296    2.954320988    0.5120987654   0.1612345679   0.7768055556   1.446373457    0.8333333333   0.03979166667  0.2231481481   0.1413274689   
785      I1         0.7743209877   1.346296296    2.929320988    0.5243487654   0.1612345679   0.7768055556   1.446373457    0.8333333333   0.03979166667  0.2231481481   0.1437479264   
786      I1         0.7743209877   1.346296296    2.929320988    0.5120987654   0.1734845679   0.7768055556   1.446373457    0.8333333333   0.03979166667  0.2231481481   0.1413276539   
787      I1         0.7743209877   1.346296296    2.929320988    0.5120987654   0.1612345679   0.9005555556   1.446373457    0.8333333333   0.03979166667  0.2231481481   0.1406805005   
788      I1         0.7743209877   1.346296296    2.929320988    0.5120987654   0.1612345679   0.7768055556   1.477623457    0.8333333333   0.03979166667  0.2231481481   0.1471421695   
789      I1         0.7743209877   1.346296296    2.929320988    0.5120987654   0.1612345679   0.7768055556   1.446373457    0.8708333333   0.03979166667  0.2231481481   0.1410154805   
790      I1         0.7743209877   1.346296296    2.929320988    0.5120987654   0.1612345679   0.7768055556   1.446373457    0.8333333333   0.04166666667  0.2231481481   0.1410387585   
791      I1         0.7743209877   1.346296296    2.929320988    0.5120987654   0.1612345679   0.7768055556   1.446373457    0.8333333333   0.03979166667  0.2481481481   0.1410829747   
792      I1         0.7530709877   1.346296296    2.929320988    0.5120987654   0.1612345679   0.7768055556   1.446373457    0.8333333333   0.03979166667  0.2231481481   0.1422218676   
793      I1         0.7743209877   1.325046296    2.929320988    0.5120987654   0.1612345679   0.7768055556   1.446373457    0.8333333333   0.03979166667  0.2231481481   0.1409728386   
794      I1         0.7743209877   1.346296296    2.904320988    0.5120987654   0.1612345679   0.7768055556   1.446373457    0.8333333333   0.03979166667  0.2231481481   0.1407941058   
795      I1         0.7743209877   1.346296296    2.929320988    0.4998487654   0.1612345679   0.7768055556   1.446373457    0.8333333333   0.03979166667  0.2231481481   0.1443030938   
796      I1         0.7743209877   1.346296296    2.929320988    0.5120987654   0.1489845679   0.7768055556   1.446373457    0.8333333333   0.03979166667  0.2231481481   0.1414798016   
797      I1         0.7743209877   1.346296296    2.929320988    0.5120987654   0.1612345679   0.7768055556   1.415123457    0.8333333333   0.03979166667  0.2231481481   0.143300008    
798      I1         0.7743209877   1.346296296    2.929320988    0.5120987654   0.1612345679   0.7768055556   1.446373457    0.7958333333   0.03979166667  0.2231481481   0.1410147374   
799      I1         0.7743209877   1.346296296    2.929320988    0.5120987654   0.1612345679   0.7768055556   1.446373457    0.8333333333   0.03791666667  0.2231481481   0.1406599528   
800      I1         0.7955709877   1.346296296    2.929320988    0.5120987654   0.1612345679   0.7768055556   1.446373457    0.8333333333   0.03791666667  0.2231481481   0.1398837634   
801      I1         0.7743209877   1.367546296    2.929320988    0.5120987654   0.1612345679   0.7768055556   1.446373457    0.8333333333   0.03791666667  0.2231481481   0.1405781979   
802      I1         0.7743209877   1.346296296    2.954320988    0.5120987654   0.1612345679   0.7768055556   1.446373457    0.8333333333   0.03791666667  0.2231481481   0.1408456384   
803      I1         0.7743209877   1.346296296    2.929320988    0.5243487654   0.1612345679   0.7768055556   1.446373457    0.8333333333   0.03791666667  0.2231481481   0.1449196352   
804      I1         0.7743209877   1.346296296    2.929320988    0.5120987654   0.1734845679   0.7768055556   1.446373457    0.8333333333   0.03791666667  0.2231481481   0.1415913277   
805      I1         0.7743209877   1.346296296    2.929320988    0.5120987654   0.1612345679   0.9005555556   1.446373457    0.8333333333   0.03791666667  0.2231481481   0.1403942988   
806      I1         0.7743209877   1.346296296    2.929320988    0.5120987654   0.1612345679   0.7768055556   1.477623457    0.8333333333   0.03791666667  0.2231481481   0.1452032142   
807      I1         0.7743209877   1.346296296    2.929320988    0.5120987654   0.1612345679   0.7768055556   1.446373457    0.8708333333   0.03791666667  0.2231481481   0.1406603113   
808      I1         0.7743209877   1.346296296    2.929320988    0.5120987654   0.1612345679   0.7768055556   1.446373457    0.8333333333   0.03791666667  0.2481481481   0.1400886965   
809      I1         0.7530709877   1.346296296    2.929320988    0.5120987654   0.1612345679   0.7768055556   1.446373457    0.8333333333   0.03791666667  0.2231481481   0.1426205989   
810      I1         0.7743209877   1.325046296    2.929320988    0.5120987654   0.1612345679   0.7768055556   1.446373457    0.8333333333   0.03791666667  0.2231481481   0.1408101449   
811      I1         0.7743209877   1.346296296    2.904320988    0.5120987654   0.1612345679   0.7768055556   1.446373457    0.8333333333   0.03791666667  0.2231481481   0.1405455874   
812      I1         0.7743209877   1.346296296    2.929320988    0.4998487654   0.1612345679   0.7768055556   1.446373457    0.8333333333   0.03791666667  0.2231481481   0.1422906456   
813      I1         0.7743209877   1.346296296    2.929320988    0.5120987654   0.1489845679   0.7768055556   1.446373457    0.8333333333   0.03791666667  0.2231481481   0.1404812881   
814      I1         0.7743209877   1.346296296    2.929320988    0.5120987654   0.1612345679   0.6530555556   1.446373457    0.8333333333   0.03791666667  0.2231481481   0.1427614304   
815      I1         0.7743209877   1.346296296    2.929320988    0.5120987654   0.1612345679   0.7768055556   1.415123457    0.8333333333   0.03791666667  0.2231481481   0.1447771771   
816      I1         0.7743209877   1.346296296    2.929320988    0.5120987654   0.1612345679   0.7768055556   1.446373457    0.7958333333   0.03791666667  0.2231481481   0.1410714762   
817      I1         0.7743209877   1.346296296    2.929320988    0.5120987654   0.1612345679   0.7768055556   1.446373457    0.8333333333   0.03604166667  0.2231481481   0.1406572825   
