%eval_id interface log__t_efold_shallow log__t_efold_soil log__t_efold_karst f_exfiltration_shallow f_exfiltration_soil PDD_melt_factor log__Hmax_shallow log__fdd_threshold f_direct_runoff log__routing_K neg_kge        
1        I1         0.4423657064   1.793080032    4.199785706    0.1211426688   0.3368864109   2.745035188    1.488318497    2.479740193    0.2432812144   -0.9980545135  0.5701158303   
2        I1         0.6022293771   2.152574619    4.172514511    0.784987453    0.8862407109   9.507725647    1.244573648    2.081696223    0.3468503071   0.2783298605   0.9620973536   
3        I1         1.763925888    2.68783041     4.200932026    0.2955854276   0.4564087718   8.097781065    1.91254571     1.603564173    0.1179070114   0.5455694798   0.7934135239   
4        I1         0.9287867655   1.402946111    3.222304965    0.1590168536   0.2590210574   3.326900484    1.51539879     2.562848517    0.2942257329   -0.6726587056  0.3974887691   
5        I1         1.782005308    1.977115245    4.478365765    0.651920224    0.1678155591   3.14755921     1.117540016    2.883009095    0.4577709313   0.8897844816   0.3408149039   
6        I1         0.7944527712   1.283430578    2.517908039    0.5086660562   0.2024594346   9.991714094    1.692970203    1.288401825    0.392736277    -0.06298993815 0.897242664    
7        I1         1.922741166    2.604477542    2.915510221    0.5638364349   0.7583853412   8.590859009    1.627469842    2.84578239     0.08810732396  -0.02203825858 0.5612383728   
8        I1         1.272207432    1.543263755    3.278778149    0.9612380033   0.5218425283   6.860116878    1.80580799     2.63125369     0.4017461499   0.4489506757   0.6475744888   
9        I1         1.20888945     1.942919303    4.152292324    0.5888760907   0.6010431956   3.510819458    2.222455318    2.97050153     0.2921798625   -0.2807772382  0.3911878547   
10       I1         1.311619337    1.028271672    3.727471997    0.2856764246   0.687578367    5.936447582    2.255467775    1.198765904    0.2978724598   0.1512880353   0.2856970509   
11       I1         1.501985263    1.945292096    3.177042209    0.4088656905   0.07153671873  8.042952388    2.763191849    2.737728065    0.3765422654   0.4755614028   0.4197731966   
12       I1         1.182617716    2.412265176    3.735986787    0.05053750021  0.1826518913   1.29660512     1.646961503    1.715141004    0.4494117485   0.08707755232  0.4088026717   
13       I1         1.688565927    1.682658681    3.690887563    0.2022170083   0.2633067763   0.6736454139   2.501488129    1.819449405    0.1554372798   -0.1571790295  0.802233344    
14       I1         1.464272455    2.183767031    4.004195038    0.7974454449   0.7642913539   3.583289689    1.012927465    2.356551835    0.1420604198   0.4205037677   0.64348731     
15       I1         0.8516816416   1.506790343    4.214466027    0.5692604473   0.5722213742   2.245178107    1.572937828    1.79321055     0.2365946546   0.7687462438   0.3150219791   
16       I1         1.339681715    2.626616406    4.445073272    0.5146591661   0.9849853431   5.557819973    1.957670154    2.233698437    0.2647830405   0.8112419738   0.4807688842   
17       I1         1.134513451    1.128098203    3.242283537    0.6029956616   0.1802341327   1.606485542    1.412317196    2.598009624    0.3012093617   0.0173950174   0.4303074355   
18       I1         0.7737662192   1.689175818    3.574314535    0.6347489478   0.1210128828   1.047536079    1.18308511     2.222507245    0.04094003929  0.6252732461   0.2069689866   
19       I1         0.3196891923   1.189145543    4.336244821    0.09902767284  0.06669942403  2.04783647     1.818605578    1.31425145     0.2279628897   -0.1447030144  0.7028050506   
20       I1         0.8821798522   2.581201481    3.30779728     0.8782930763   0.5879647622   9.915759666    1.30241882     1.100411607    0.2491585592   0.780800284    0.5690348338   
21       I1         0.4144263736   1.373503888    3.074430617    0.6860621967   0.4610069183   6.909899875    3.284479811    1.978657689    0.3685578685   0.6685311376   0.7933349834   
22       I1         0.8102282188   1.919688301    3.487997143    0.1381101293   0.8168480328   1.188839618    2.137949191    2.627796108    0.4700688953   0.09794129226  0.4467514386   
23       I1         0.5149777703   2.5130866      2.994224371    0.4681276703   0.8481798991   2.919820596    2.743015731    2.508984455    0.1046339666   0.04236431721  0.2546054286   
24       I1         0.9170691111   1.58737199     3.372267971    0.2612767029   0.1603355566   4.573599613    3.420496642    2.756426172    0.4393630069   0.393814444    0.2549102171   
25       I1         1.910222725    1.083198933    2.970168461    0.9003524212   0.9486573197   8.89327451     2.719702949    2.954940469    0.2807050569   -0.5747835484  0.4387318049   
26       I1         1.749238512    1.772377062    2.952759793    0.382103955    0.3955700382   7.393651079    2.982508151    2.06842356     0.1729312372   -0.5572477695  0.6970844044   
27       I1         1.681532474    1.655148762    4.244123627    0.6891905616   0.9145586888   6.002778232    2.304546321    1.374013858    0.2868994948   0.2916516117   0.3480037056   
28       I1         1.453500029    1.74734508     3.239729348    0.04624513343  0.9554539488   6.251763132    2.345952424    1.270339628    0.06896564158  -0.4473377488  0.5655992633   
29       I1         0.9430770165   2.488288281    2.610208957    0.1431957361   0.09676746852  7.873275089    1.584984229    2.528967261    0.4137858471   -0.4306645188  0.5976577961   
30       I1         0.3527387624   1.46124774     2.806236369    0.1991829632   0.799860378    3.635699302    2.693995187    1.824209946    0.4992495817   -0.3447059842  1.972268765    
31       I1         0.8414370897   1.836495014    3.030591996    0.8073782172   0.6491970592   2.320547786    3.091278636    2.714241011    0.3738048729   0.03849020072  1.308746717    
32       I1         1.960481221    2.057175774    3.583271132    0.7913672041   0.8236293767   6.197710501    3.14079486     2.83581464     0.1936117029   0.9777560008   0.7293972419   
33       I1         1.55234451     1.107859401    3.864345957    0.3576384864   0.2548298908   6.790676587    3.337371736    1.496446182    0.4886050151   0.07695197333  0.3513906978   
34       I1         1.497551585    1.141502574    2.822218806    0.6011013242   0.9654515445   8.686609669    1.794421724    1.226732022    0.3270669549   -0.09652702728 0.6440228205   
35       I1         1.607192346    1.361384978    3.044128049    0.4397966583   0.2729843773   4.691825391    1.988281074    2.611612008    0.3632206911   -0.7542186101  0.5061284283   
36       I1         0.44767833     1.883261704    2.571287427    0.7261567476   0.1419592755   4.009172571    3.001111917    1.08415103     0.192397081    0.8311775617   0.3877925774   
37       I1         0.5219047772   2.093133211    3.46348914     0.113720066    0.9181502093   6.396943043    2.861752951    2.464125349    0.3799996565   -0.6233192396  0.780431323    
38       I1         1.943173811    1.016417413    3.921895255    0.3600863832   0.4079067984   5.329205753    2.673346641    2.910728087    0.2654379785   -0.878236079   0.6454182944   
39       I1         1.591137745    1.749507082    2.644512462    0.5177268601   0.8757510767   7.715318932    1.440257593    2.557998548    0.3477509003   0.2071744931   0.3711615182   
40       I1         1.102904672    2.594635822    4.306825615    0.7997784599   0.07422057778  4.472067808    3.425336835    1.14706787     0.07055925439  -0.791859964   0.2945938266   
41       I1         1.195757245    1.487714046    3.592951777    0.5209092171   0.06154652329  2.551934855    2.052768736    1.934124662    0.07933667817  0.6510909115   0.5532424579   
42       I1         0.3810226623   2.563298341    4.481868748    0.9538877546   0.7372736794   3.445593885    2.700210411    1.646602439    0.2886716652   -0.9044161408  3.613597395    
43       I1         1.891687544    1.355304279    4.034865254    0.5375843765   0.0894577734   9.1037054      1.455073717    1.442730482    0.2272442877   -0.7811938372  0.8549435251   
44       I1         0.3728256627   2.110709864    2.66725301     0.541778606    0.6257103703   2.46863673     3.442628548    2.022641816    0.149322151    -0.05456170283 0.7237682521   
45       I1         1.638273917    2.239934853    4.490403984    0.8478317      0.5659573334   8.404803086    2.912259135    2.285025321    0.4764075966   -0.08900651058 0.6587943392   
46       I1         1.410844564    2.318925935    3.956057599    0.6088469602   0.4057471772   7.267569472    1.038891193    1.157323063    0.4787352096   -0.4113787211  1.392361903    
47       I1         0.7827219914   1.732326328    4.357984449    0.176803382    0.3121974203   2.691800039    2.127179725    2.829696184    0.4374804234   0.8749023706   0.5428312812   
48       I1         0.3428379557   2.145625973    4.323662808    0.1046475444   0.5252304942   4.87901256     2.275823257    2.31794259     0.2748282692   0.983086052    0.6908636654   
49       I1         1.293213112    1.56709405     4.313984944    0.8681825689   0.2851291717   7.860261202    2.848600231    2.182400161    0.3350219151   0.1168228686   0.4723353539   
50       I1         0.4585553439   2.675928452    2.819203554    0.4766684494   0.5389951992   2.584305403    2.56921467     2.160041312    0.006561570854 -0.2501633093  0.3046580733   
51       I1         1.836534251    1.780322116    2.591971168    0.6610366424   0.2320823149   5.760776018    2.517988877    1.867388069    0.02013287669  -0.04712206415 0.7975377338   
52       I1         0.5964134953   1.927909829    2.738898102    0.08296031287  0.6129824364   8.1829479      1.426296588    1.903446706    0.08559730201  0.4018172235   0.454068611    
53       I1         1.973633855    2.223409274    4.112339234    0.3151516292   0.8643014036   3.542413203    1.557789656    1.049866595    0.2236681984   0.3850097436   0.2017743391   
54       I1         1.853645615    2.523376056    3.122012242    0.6915519842   0.8448070479   0.5881341888   1.322500014    1.782937442    0.2094779996   -0.07476144347 1.165856966    
55       I1         1.112238945    2.343000912    4.168659817    0.949850622    0.4506584715   8.552060966    2.120035492    2.090098437    0.1808843795   0.9255985642   0.4269384265   
56       I1         0.6319291476   2.580928054    3.556788171    0.7006101316   0.1531534745   3.708607551    3.016951563    2.693772041    0.4104883953   0.9181777908   0.376973715    
57       I1         1.330620213    2.536586003    3.39532452     0.3003703613   0.6440832183   6.638751157    2.393268664    1.233358189    0.1642082538   -0.2103591266  0.5883460116   
58       I1         0.39006213     2.56527134     2.654786181    0.8420744192   0.7654600043   0.4232596352   1.226427779    2.966569797    0.4212501566   -0.7681657974  3.148500763    
59       I1         0.3355633099   1.046126403    4.436933425    0.7815431259   0.9455688395   9.498619974    2.369755719    2.149753597    0.03873408558  0.6329500294   0.8906502356   
60       I1         0.4101983734   1.147302869    3.750492283    0.2415289168   0.7716847948   9.005140482    3.166076141    1.94291818     0.3385178623   -7.235899568e-05 0.892809028    
61       I1         1.226553525    2.179753498    3.154730813    0.3882659227   0.9710181614   6.727539677    1.483319489    1.164788993    0.3858082515   -0.7152486752  0.8019157767   
62       I1         0.8994731689   1.339953079    3.841892127    0.1321148206   0.2130497318   9.643499685    2.416570064    1.182156125    0.3312489506   -0.3158081701  0.4993423235   
63       I1         1.060029389    1.857502393    4.417192063    0.558378643    0.1267405837   5.440009602    2.945800992    2.519162537    0.004958930138 -0.5155752647  0.5108642218   
64       I1         0.8252572498   2.299507961    3.42561734     0.5779265914   0.1170697451   9.694709661    2.166619707    2.125918752    0.1542534487   0.7589184742   0.4039692463   
65       I1         1.889074199    1.305017817    2.692654783    0.8183059822   0.4883536824   1.724995369    2.757521514    1.748350872    0.2613743238   -0.531564993   0.4522886871   
66       I1         1.547070958    2.379669596    3.266249106    0.9572451715   0.1369696217   9.11421837     3.304283651    2.392019139    0.4853900213   -0.9553510224  1.387318484    
67       I1         0.7175991738   2.45621537     3.747975762    0.7386928392   0.6275969085   4.795533659    2.377638508    1.387357021    0.3221650846   0.3064342475   0.6334545347   
68       I1         1.871245481    1.803974027    4.274627782    0.4510187388   0.3825561817   7.427433249    1.857330859    2.809252909    0.4539339757   -0.7011728606  0.6595161881   
69       I1         1.956024234    1.831029792    3.001275434    0.9046503801   0.3635230936   1.001748151    1.708886113    1.29427592     0.09968856042  -0.1940968489  0.6493412947   
70       I1         1.980969714    2.209231162    4.230808878    0.2561986722   0.4980782255   4.967030822    3.230032266    2.042769189    0.07656730642  -0.6332853558  1.06929228     
71       I1         0.5882173616   1.756530424    3.215936495    0.5464695878   0.8610236011   0.3541249756   1.659801522    1.967697304    0.4823916842   0.3746822862   1.080142612    
72       I1         1.049861075    1.224759496    4.385810799    0.9796379121   0.4213703107   0.9808256413   1.290537531    1.400930832    0.3296714236   -0.2618834835  1.729128839    
73       I1         0.9691902626   1.598521984    4.364753591    0.551155623    0.7930541209   4.728388251    2.486941031    2.03056785     0.4193470343   -0.5288417244  1.049230615    
74       I1         0.4245520053   1.097353254    3.416947156    0.2339020498   0.4543647245   1.450095686    1.389500424    1.098060945    0.1211753283   -0.3580367082  0.4247833478   
75       I1         1.539037421    1.472429143    2.50846943     0.4330385135   0.4426261578   8.658035885    2.818549392    2.011622958    0.08365695525  0.5838857674   0.6556816129   
76       I1         0.6779745915   2.07451978     3.026651672    0.7165018842   0.5510643014   2.62875419     2.084853484    1.551537265    0.4657916515   0.5777933976   0.7550977667   
77       I1         1.323262714    2.484996524    2.724693147    0.7568711672   0.1898148325   4.333426039    3.239999224    2.002885718    0.3132292079   -0.968217014   0.6345749536   
78       I1         1.247219238    2.553750709    3.1970064      0.18731588     0.6035568613   5.215779391    2.245780458    2.792534057    0.04694469508  -0.5811000444  0.8227898582   
79       I1         0.3160663151   1.959262515    3.967034914    0.6439829026   0.5334932255   4.260571914    2.994583751    2.447807951    0.2335874273   0.7356340076   0.2948375186   
80       I1         1.717127327    1.985281329    3.680743783    0.4016370178   0.1718932345   0.8439711334   3.156593598    2.102520866    0.3557348951   0.9475177981   0.6665047614   
81       I1         1.438799716    2.069102264    3.619972848    0.9393210314   0.6658387523   6.331887949    1.15780769     1.651009958    0.100544254    0.6490267084   0.4387217596   
82       I1         1.168425809    2.334124015    3.448172915    0.3745767377   0.8292179932   3.731313954    3.120827288    1.72272138     0.03126158527  -0.1099314254  0.548012336    
83       I1         1.419750923    2.429422706    4.297784858    0.4189936291   0.4135150461   5.526973876    1.502462651    1.582927885    0.4740727295   -0.3854052914  0.6203356224   
84       I1         0.3079017367   1.089384525    2.784622419    0.2147362467   0.8789850653   7.598144076    1.870636091    2.265081519    0.1131841218   -0.3993295059  1.329276292    
85       I1         1.489386704    1.652709719    3.142220271    0.4415317787   0.2463200352   4.188251874    2.532528402    1.891703806    0.3080028415   -0.6973804885  0.3987763604   
86       I1         1.696146187    1.723872528    3.877114796    0.4808505761   0.6859801251   4.106631229    2.896475106    1.110609601    0.3051193955   0.2695118445   0.4523231106   
87       I1         0.8338031471   1.413229567    2.792456384    0.3100129122   0.2963966409   2.162021918    2.959254627    1.636825673    0.2133809053   0.535236729    0.2923200449   
88       I1         1.478389462    2.264217556    3.409354918    0.617714539    0.3475508259   2.517408922    1.132739572    1.1715592      0.3170783358   0.7412024202   0.2549398227   
89       I1         0.553361954    2.506003395    4.081349423    0.7424456046   0.2249136607   5.383896754    2.093105397    1.838588672    0.4090571756   -0.9187194154  1.501138053    
90       I1         1.615738806    1.497129676    3.327214513    0.03104441363  0.1980706214   1.859937277    1.685179173    1.840746517    0.2775789725   0.28403948     0.459179253    
91       I1         0.8045915082   1.641290698    3.494053802    0.4927495471   0.1090620174   8.826475595    1.098534421    2.078264597    0.1829493312   0.05901592311  0.4892596289   
92       I1         1.256161827    1.211651357    3.918206436    0.4610007422   0.3414622524   8.731779812    3.203003556    2.437627133    0.1124457275   0.6110877849   0.5495982344   
93       I1         1.87357065     2.05260005     3.103053777    0.3225876825   0.4310794512   1.811339385    3.499421442    2.370622828    0.4471150012   0.9978569893   0.587884921    
94       I1         1.23627656     2.305676635    3.331379779    0.06617458841  0.3711483416   9.856190522    2.491389903    2.40841015     0.09665670642  -0.7239237134  0.8124899476   
95       I1         0.4016286348   2.159405959    3.975040031    0.3448198588   0.8192303817   5.606839782    2.640794539    2.411559323    0.1095875352   -0.8075849816  0.4165188025   
96       I1         0.6855942515   2.462591002    2.863816821    0.1643987006   0.3286958889   8.336986464    1.848556874    2.811291014    0.4684630001   0.9533441939   0.4597905568   
97       I1         0.4957277127   2.014978683    3.713125202    0.8731720152   0.103980856    7.31854531     3.056860529    1.456392491    0.440813249    0.7730474147   0.8323043057   
98       I1         1.130394371    2.316377652    4.464930667    0.2227157457   0.8574453403   5.705490445    3.217602306    1.571707726    0.09324860885  0.2349830838   0.6320242504   
99       I1         1.80153224     2.441534055    2.770685731    0.7223955554   0.6777095541   6.366329451    3.395639015    1.012569475    0.3545922781   -0.6079400208  0.5106494529   
100      I1         0.7312023572   2.640566316    2.538179608    0.9304729949   0.3536942089   9.446711023    1.070727581    2.207265161    0.2303104435   -0.7327913343  2.711614368    
101      I1         1.567202837    1.702193035    3.477901424    0.9721338354   0.5912584852   0.610352996    1.463704901    1.026813927    0.4946542274   0.1270111801   0.8855842519   
102      I1         0.9869559751   1.234350195    3.01046998     0.3521041237   0.6400701768   1.655307686    1.16816521     1.629563675    0.2064060292   0.2409425337   0.6325587894   
103      I1         0.750449124    1.43732954     2.708406625    0.8862005328   0.676343048    7.20546421     2.159048172    2.497113373    0.3604667682   -0.8910758467  2.388371479    
104      I1         0.7647534265   1.524782968    2.922492251    0.1845211468   0.9345541318   6.452092482    1.982000801    2.572660665    0.2847634204   0.4916040971   0.330118839    
105      I1         0.6937674698   2.170776757    3.888234681    0.9442640393   0.2394207409   6.138323028    2.327368111    2.424865903    0.3893089912   -0.6565079305  2.850270918    
106      I1         0.4951711073   2.121766347    2.902711628    0.595768273    0.8056751453   3.110961491    2.291507961    2.053165459    0.02907569658  0.6930523617   0.2412190495   
107      I1         1.594082283    1.513949634    4.145300529    0.8233939192   0.320789198    4.81531904     2.030036401    2.984236199    0.1378988525   0.5990093136   0.4534417948   
108      I1         1.372596453    1.573901481    2.711888592    0.4886333168   0.5114201736   3.84481336     1.332058821    2.891673307    0.20486033     0.8218181873   0.2387003394   
109      I1         1.389069653    2.129130358    3.432439771    0.7672713686   0.3786067364   7.517247668    1.736800534    1.8858537      0.08016167572  -0.8556511931  0.328728965    
110      I1         1.031815732    2.423392337    3.113013275    0.02480656156  0.7023414344   9.841775118    3.0392257      1.333932804    0.2450026639   0.358344629    0.572649715    
111      I1         0.6630983557   1.311800029    3.983472701    0.6784136961   0.7229535531   4.226906781    3.19877864     1.519325676    0.04478587029  -0.1749893431  0.8020351398   
112      I1         0.326611012    2.357674334    3.527121202    0.9335967232   0.9066224618   7.653929643    3.271262121    2.335777621    0.1876578944   -0.3358898936  3.135529136    
113      I1         1.823406715    2.085767437    3.64413611     0.217349812    0.9851536558   8.246207784    3.4632993      1.301529781    0.3118770123   0.897851405    0.7453099563   
114      I1         1.934856469    1.318163841    3.664249371    0.1260542698   0.4360966493   0.208209793    2.728509133    1.530288264    0.073111235    -0.2006824421  0.9749399771   
115      I1         1.008724434    1.625971422    4.126820906    0.4037020077   0.3741970611   3.05496928     3.250847966    1.851661149    0.4951033573   -0.4933075011  0.8095635786   
116      I1         1.668035661    2.024084218    3.791282322    0.03813466218  0.2101655837   2.417095971    1.596636268    1.984243154    0.4918943367   -0.4294300845  0.6367262535   
117      I1         0.4763555759   1.664404193    4.343964989    0.2769810949   0.5544735924   4.621020402    1.760686845    1.255813986    0.1970968211   -0.5910295451  0.4289390787   
118      I1         1.861285023    2.616901197    4.011008415    0.06347138941  0.9086691245   7.366692812    1.622142185    2.862690276    0.3961214765   0.5107292462   0.29151283     
119      I1         0.7053730573   2.652883391    3.896774347    0.8135260645   0.08092113079  1.109917954    1.747056741    1.954409868    0.008052606538 0.4187665043   0.3369149068   
120      I1         1.266772467    1.277543916    2.625546715    0.9833121046   0.7203558098   8.123806979    3.176884412    1.200817661    0.1445997983   -0.3086182263  0.8566628817   
121      I1         0.5788834067   2.369053499    4.136342117    0.09484864392  0.1317473279   0.1113407298   2.554142808    2.944211034    0.05025019426  -0.37708185    0.8919886202   
122      I1         1.57691792     1.584203397    3.810259928    0.1365093359   0.0484617857   7.556041401    2.04077936     2.177180642    0.06713289676  -0.8828290536  0.9897504377   
123      I1         0.6454610403   1.819858956    4.401371371    0.5279647682   0.5414871675   7.726871273    1.72141094     1.776554718    0.03609229452  0.55345136     0.4252218425   
124      I1         1.02088661     1.872888018    3.091685818    0.01145083127  0.4843905536   1.39817282     1.221353719    1.75126556     0.1579331217   -0.8385064662  0.7203933766   
125      I1         1.028443506    2.250487389    3.200341316    0.1959069276   0.4246184373   7.928094173    1.904653541    1.486800229    0.05491177819  -0.9747974373  0.6391748505   
126      I1         0.953608261    2.389903838    2.63633544     0.4219138684   0.4379601099   6.983583116    1.787044704    2.782386763    0.41620698     -0.9828944431  0.7937910219   
127      I1         1.043622035    2.103798969    3.655579597    0.7495471175   0.05025664172  9.776148407    1.036660246    1.690126468    0.3916000915   -0.4514733095  1.480247809    
128      I1         1.212039554    1.163132893    3.827213992    0.8663153199   0.2451389809   1.944446759    3.28990503     2.991548843    0.1609548514   -0.2487443876  0.4961236857   
129      I1         1.428796657    1.061800788    4.187532481    0.3277216254   0.5786699087   9.566788489    1.34939073     2.194678574    0.06195594001  0.1669103962   0.3857977673   
130      I1         0.9905189919   1.847479596    3.674731127    0.08766672647  0.6946949651   7.140130212    2.808883335    2.532614329    0.210271095    0.3296049156   0.5408567712   
131      I1         1.839793129    1.263157119    3.908262726    0.8580020919   0.9266990333   6.060494108    2.313800446    2.60285171     0.2550720617   -0.3234803816  0.4182029963   
132      I1         1.736972913    2.204986631    2.941521391    0.2285896653   0.6078054416   8.936209867    2.062803635    1.922580032    0.01406618389  0.8683338323   0.8900863103   
133      I1         1.81565993     1.385725577    4.453154615    0.3293674977   0.5959419406   6.581371864    2.780756949    2.851150526    0.4828390047   -0.1682505118  0.523472113    
134      I1         1.29869262     1.986444153    3.624950022    0.2363858541   0.041427187    4.014965611    1.278774894    1.066662506    0.464096696    0.3191128178   0.2892514204   
135      I1         0.5405389815   1.527252954    4.260009646    0.4603745082   0.8368809941   1.578773868    2.443266495    1.525514997    0.2507617996   0.1362516691   0.6258113043   
136      I1         1.001251893    2.007925509    4.068925653    0.8533427611   0.6551352417   1.350039983    1.265648282    1.128942869    0.06420296407  -0.470073533   1.135719604    
137      I1         0.5688303017   1.476827842    3.568035854    0.3084367129   0.1464932831   5.677937282    1.369440362    1.669505124    0.3814924391   0.1056065886   0.3657426371   
138      I1         1.34845065     2.197591557    4.049628781    0.6256104145   0.3072631867   6.776723139    1.204150956    2.136717203    0.1335390649   -0.6886126368  0.867126284    
139      I1         0.789572542    2.542529793    3.706033907    0.07026284222  0.02994830241  8.445035646    3.109061162    2.583398992    0.2385041695   0.6883682326   0.748618311    
140      I1         1.650778296    2.634228482    2.895323663    0.5854851737   0.8974859361   0.7883891887   1.06137196     1.42292224     0.4269202358   0.7021587851   0.4935675334   
141      I1         0.6291513254   2.499987905    2.583711319    0.1522689735   0.3268439017   5.842297847    2.925735374    1.369836423    0.4449696218   -0.8263593524  0.9391927079   
142      I1         0.7532060067   1.549901358    3.514350809    0.3825326016   0.7255757899   3.242695856    2.539600155    1.415632858    0.0911494326   -0.9219368995  0.4315136144   
143      I1         1.096953965    1.91308261     3.937910057    0.6169280782   0.7983745614   1.914269064    3.386731765    1.398387064    0.303624734    -0.8667647265  0.6902347272   
144      I1         1.085978899    1.604534193    3.053189839    0.1715781143   0.2183877448   9.372141183    3.40923876     2.702510673    0.1680644237   0.4805376359   0.6416659168   
145      I1         0.8771454601   2.274721958    3.25662178     0.7759797059   0.8718494731   2.998884002    1.076624096    2.342843026    0.02252680563  0.001682806734 1.292848989    
146      I1         0.8594859709   1.217210995    3.086598135    0.2707709073   0.754291487    6.513782869    2.91675701     1.265935323    0.2421813129   0.7177708768   0.3713841323   
147      I1         0.7117369792   2.407561628    3.180371454    0.6653043869   0.4709062678   5.80948257     2.466265489    1.034785166    0.1266653526   0.02958508316  0.4784621724   
148      I1         0.6141995046   1.126281319    3.501041045    0.3952466911   0.2299757445   5.25479592     2.457894546    1.213190567    0.03270547147  0.9000424935   0.543116501    
149      I1         0.560579495    1.051732896    3.787971582    0.6682522869   0.3508865161   7.073311939    1.606807955    2.290889153    0.3825189571   0.06832655325  0.9925550004   
150      I1         1.397354438    1.61212834     3.940201022    0.3718642419   0.5163311147   0.7093392765   2.617147676    1.000652321    0.2194022225   0.186216058    0.4277503593   
151      I1         1.705715745    2.695719894    3.363630834    0.07700316282  0.7828581071   0.5099906425   2.410994495    1.768128524    0.1799137368   0.3322936707   0.7777005217   
152      I1         1.369271837    1.374613359    2.568326192    0.8947151221   0.08719938606  3.769961236    1.89847601     2.112548551    0.3590623576   0.5278011112   0.3787937441   
153      I1         1.387476395    2.037184526    3.066677678    0.1097605279   0.9658664552   0.4799825509   2.585269133    1.436515761    0.2596786922   -0.2904173244  0.3988585093   
154      I1         0.4353517743   1.636726289    3.994306987    0.4131563162   0.265478951    2.017122039    3.073056107    2.153447904    0.00087931466  -0.8406845044  0.4271734285   
155      I1         1.674092136    1.196024326    3.134494032    0.5620416207   0.151121497    1.285742782    2.630282138    2.679877264    0.1770247861   -0.4649674457  0.546165018    
156      I1         0.8935711441   1.001664257    2.766611993    0.9177468062   0.9391876196   8.796494637    2.351854157    1.680968676    0.1709744915   -0.6424419064  1.912292028    
157      I1         0.9294416391   1.418938544    4.054003948    0.3343624794   0.2796770395   0.3232059656   1.257138806    2.32639768     0.4304821503   0.8521097122   0.3826954263   
158      I1         1.511211025    1.293362253    2.932351306    0.5327328235   0.9560722305   7.112600664    3.343020981    2.927798441    0.127589172    -0.2707591796  0.3570601286   
159      I1         0.6734119334   1.176044486    3.381960818    0.2681338213   0.2931487373   4.124568675    3.368654007    2.483798056    0.3229313036   0.4626603695   0.2510013508   
160      I1         1.443875061    1.069215033    2.683784505    0.8252154038   0.49233943     2.796858207    2.109549846    2.307123039    0.3408529852   0.1421200426   0.4813291291   
161      I1         0.4628172735   2.451447862    4.027680889    0.9884591002   0.09937325054  5.070087836    2.658951036    1.473098479    0.1061748675   0.3613063374   1.912426499    
162      I1         1.794343393    1.327161093    3.317980748    0.7525369395   0.1635546553   5.489382569    1.528022256    1.673501397    0.01202874585  -0.1894601465  0.7262178818   
163      I1         1.562283398    1.886373824    4.075871714    0.6501463064   0.05804388927  9.337788661    1.537824066    1.596500653    0.1162826344   0.844111533    0.5574164796   
164      I1         1.067199112    1.967639135    2.757161432    0.02371272381  0.0202472069   9.262748823    2.608247359    2.21313609     0.2962635531   0.5613505349   0.5887019714   
165      I1         1.623598457    2.24825311     4.223294394    0.5822604601   0.635782298    2.198446692    2.96451766     2.906253323    0.1245811465   0.4339775939   0.6305459302   
166      I1         1.35883135     1.712974657    3.343104422    0.4982750828   0.4663169356   0.2658313869   1.421382374    2.773922028    0.2714750638   -0.1204428759  0.4690454152   
167      I1         1.754165204    1.457003444    4.429994142    0.5010571741   0.9251221617   9.715090123    1.886774861    1.994957194    0.1504298594   0.6726338467   0.4989536233   
168      I1         1.52698874     2.47746857     2.553667634    0.04281589581  0.6205541782   2.829426214    1.831062441    2.658092867    0.4054048443   -0.9447178837  0.5925750245   
169      I1         1.149262703    1.809580411    3.852631937    0.8872960347   0.6711742736   4.540652858    1.375566622    2.748808827    0.05805604147  0.504993468    0.3956416153   
170      I1         0.3665247071   1.866032498    2.967713737    0.713796795    0.70896935     2.95335473     1.669623209    2.767165204    0.1453219628   -0.2361866766  1.446807699    
171      I1         0.6553529962   2.030388091    3.763815005    0.6727332147   0.3613541698   8.467556951    1.973763582    1.731757449    0.3672105424   -0.5678006295  1.208807439    
172      I1         0.8612097478   2.360140599    2.881948345    0.7310735944   0.5019211353   4.452162135    2.597056382    2.932546247    0.4027731416   0.2215269727   0.7680733209   
173      I1         1.47259        1.039329499    3.161199709    0.8315033959   0.0188045118   2.339326773    2.677691111    1.611051786    0.05504119858  0.1793324215   0.3357724165   
174      I1         1.992340235    1.238174427    3.602551072    0.4723098789   0.8113767914   1.53493775     2.014719743    1.502247231    0.01981849668  -0.7780745034  0.6939697364   
175      I1         1.98336308     2.286075393    4.285975636    0.01798505188  0.3921249435   9.036374273    2.862540153    1.874995535    0.1981209674   -0.2284970162  1.01317522     
176      I1         1.154517324    1.672796838    2.600405533    0.1476893845   0.9796752624   3.295380328    2.790834008    1.460711664    0.3522769703   0.6025767316   0.3038745607   
177      I1         0.4860849217   2.232408175    4.390373804    0.3397412588   0.7426657893   5.002589404    2.194619009    2.729058726    0.04984990593  -0.3650833687  0.4674065536   
178      I1         1.924432175    1.347875166    2.83204905     0.2485902988   0.8943826397   8.275041911    1.764824294    1.915158293    0.1871912945   0.8038941396   0.3904692438   
179      I1         1.310744326    1.019503261    3.804717974    0.4492392441   0.7319429299   8.004857896    1.005840887    2.878748266    0.2548177964   -0.1155121248  1.121191015    
180      I1         0.9723733239   1.717098167    3.451950994    0.7728527275   0.544416591    6.155527653    1.94753824     1.56211718     0.4572664299   -0.03989210821 1.398590192    
181      I1         0.5040713005   1.250427937    3.536263838    0.2525859039   0.8399781579   9.21027408     1.149856099    2.385947396    0.332523988    -0.5447635154  1.43762984     
182      I1         1.771281175    2.278022308    3.352611263    0.9076708301   0.5753240014   7.787279063    2.205949187    1.249947792    0.4618486148   -0.8131123543  0.9662018468   
183      I1         1.158709209    1.395823821    3.837321156    0.2840264418   0.2769640907   4.936652069    2.435221826    1.806497099    0.4247192073   0.1951076042   0.3124489165   
184      I1         1.190534918    2.668124379    2.745626434    0.7031796      0.0289882697   9.178860468    3.361107015    2.249181581    0.3199275569   -0.01703443872 0.4589992686   
185      I1         1.078928625    1.271565045    2.672124427    0.2064273717   0.1919118726   6.934065212    2.001481473    1.328761416    0.2002876135   0.4576014747   0.4943701688   
186      I1         1.122030833    1.89441514     3.549174485    0.05664595001  0.7478827292   3.172767327    1.192543659    1.345448356    0.3709601695   0.3483731743   0.2030024157   
187      I1         1.725021871    2.402460187    4.374945498    0.2931131897   0.01450288372  5.978678452    3.037366763    1.078406485    0.3448592301   -0.5081619491  0.7506042392   
188      I1         0.7405778344   2.614324739    2.847328631    0.8494940825   0.7866513945   1.782084131    2.827058448    2.452680857    0.2208750195   0.7977858274   0.5467032057   
189      I1         0.5328893243   1.157943759    3.294143353    0.1755136478   0.3976787274   0.1807719634   3.132106181    2.275915598    0.1356431728   -0.138376339   0.2267786297   
190      I1         1.280693964    1.445530588    3.773679828    0.4276016541   0.77690164     0.9213748418   3.454779949    1.132383706    0.1652539831   -0.6650278309  0.3619464774   
191      I1         1.805055113    2.663067641    3.631972749    0.8367118221   0.6585332783   5.122869491    1.932478028    2.360097833    0.0262078358   -0.7452620384  0.6193554074   
192      I1         1.73112323     2.341796621    3.288925612    0.9694566188   0.6984740392   2.099368541    3.47513158     1.702645265    0.3980499348   -0.4000719468  0.7377097425   
193      I1         0.9614019113   2.000293527    2.982554117    0.9161871134   0.5615971726   6.606688437    2.886943105    2.547204467    0.2750128015   0.2565493833   0.9508988475   
194      I1         1.898912245    1.784465805    2.523780995    0.923528304    0.03605611256  0.80618625     2.236411736    2.640045729    0.1313030512   0.9367367763   0.6744036786   
195      I1         0.6216393137   1.185621855    4.107978047    0.6403466023   0.3176662589   3.915869445    2.268349657    1.359461855    0.4334396586   -0.6194494164  1.289768014    
196      I1         1.630208966    1.433003144    2.877630711    0.09303893924  0.5057330862   5.154428555    1.357631033    2.259768528    0.01623429528  0.2114804164   0.4615818884   
197      I1         1.223180696    1.557022881    2.544324651    0.7065451786   0.3016913849   3.394123053    2.186557027    1.051679375    0.217189671    0.9639004481   0.3663773924   
198      I1         1.518373807    2.133984655    2.854658815    0.6304719765   0.7141551185   1.203283781    1.106618721    2.660846876    0.4520453553   -0.4858760842  1.869854908    
199      I1         0.9112346406   1.901547742    4.251197975    0.365279752    0.8883612712   4.359482509    3.317583316    1.547697423    0.4282962157   0.7213354982   0.2984706066   
200      I1         1.657882582    1.111207504    4.094441589    0.7643641493   0.4776620772   3.8669091      3.083430849    2.684413573    0.2691720716   -0.9321049033  0.4062244055   
201      I1         0.5833333333   2.164814815    3.820987654    0.5483950617   0.01604938272  0.1611111111   1.848765432    2.987654321    0.1574074074   0.2962962963   0.2920131461   
202      I1         1.359876543    1.598148148    3.25308642     0.5604938272   0.1733333333   3.216666667    1.941358025    2.987654321    0.274691358    0.2222222222   0.3346008126   
203      I1         0.5203703704   2.353703704    4.166666667    0.3427160494   0.6451851852   0.1611111111   3.484567901    1.012345679    0.05864197531  0.4197530864   0.4267678717   
204      I1         0.8771604938   2.605555556    3.154320988    0.6572839506   0.8992592593   9.816666667    2.682098765    2.987654321    0.2314814815   0.987654321    0.421724815    
205      I1         1.129012346    1.85           3.203703704    0.4516049383   0.862962963    0.1611111111   2.898148148    2.987654321    0.274691358    0.3209876543   0.2516735761   
206      I1         1.77962963     1.451234568    2.907407407    0.3548148148   0.9234567901   6.761111111    1.848765432    2.567901235    0.3240740741   0.2222222222   0.3290906124   
207      I1         1.422839506    2.14382716     3.574074074    0.6572839506   0.7903703704   6.638888889    2.898148148    2.962962963    0.1697530864   -0.0987654321  0.3911922445   
208      I1         0.8771604938   1.283333333    2.907407407    0.3427160494   0.5            0.2833333333   3.484567901    2.987654321    0.225308642    0.1234567901   0.2359955631   
209      I1         0.562345679    2.14382716     4.240740741    0.3911111111   0.1249382716   0.1611111111   1.848765432    2.345679012    0.1574074074   -0.6666666667  0.445496631    
210      I1         0.562345679    2.416666667    4.240740741    0.6330864198   0.669382716    2.116666667    2.682098765    2.987654321    0.1388888889   0.6419753086   0.2835222887   
211      I1         1.170987654    2.689506173    2.512345679    0.4637037037   0.6572839506   3.216666667    2.342592593    2.962962963    0.3302469136   0.3209876543   0.3061266011   
212      I1         1.212962963    1.55617284     3.12962963     0.8750617284   0.01604938272  3.216666667    3.484567901    2.345679012    0.2685185185   0.987654321    0.3984479346   
213      I1         1.338888889    1.598148148    2.512345679    0.4274074074   0.669382716    6.638888889    3.484567901    2.37037037     0.4475308642   0.987654321    0.3883845863   
214      I1         1.401851852    1.55617284     4.166666667    0.8024691358   0.2217283951   3.338888889    2.435185185    1.012345679    0.02777777778  -0.7654320988  0.3525456561   
215      I1         0.6462962963   1.010493827    3.722222222    0.2822222222   0.1612345679   0.1611111111   2.682098765    1.679012346    0.1018518519   -0.3456790123  0.4170098702   
216      I1         1.338888889    1.55617284     4.487654321    0.6572839506   0.3427160494   1.016666667    3.484567901    2.37037037     0.225308642    -0.07407407407 0.2774509823   
217      I1         1.170987654    2.605555556    3.154320988    0.5483950617   0.669382716    0.2833333333   2.682098765    2.962962963    0.1203703704   -0.987654321   0.3827527749   
218      I1         0.5833333333   1.55617284     2.537037037    0.2096296296   0.669382716    0.1611111111   3.484567901    2.296296296    0.1635802469   0.987654321    0.3900061306   
219      I1         1.066049383    1.787037037    3.154320988    0.3427160494   0.9839506173   0.2833333333   3.484567901    1.185185185    0.287037037    0.3209876543   0.4285786578   
220      I1         1.212962963    1.010493827    2.561728395    0.3548148148   0.01604938272  3.216666667    3.484567901    2.962962963    0.3302469136   0.3209876543   0.3908177252   
221      I1         1.170987654    1.55617284     3.12962963     0.6572839506   0.01604938272  3.216666667    2.342592593    2.962962963    0.1141975309   -0.987654321   0.3312909265   
222      I1         0.5413580247   2.164814815    3.203703704    0.3427160494   0.5604938272   0.2833333333   3.021604938    2.962962963    0.08950617284  -0.02469135802 0.4198321619   
223      I1         1.338888889    1.55617284     3.351851852    0.2217283951   0.8266666667   1.138888889    1.848765432    2              0.3302469136   0.3209876543   0.2495759255   
224      I1         1.338888889    1.010493827    3.154320988    0.4879012346   0.6572839506   0.1611111111   2.62037037     2.518518519    0.1759259259   -0.0987654321  0.3503536693   
225      I1         1.045061728    2.689506173    4.462962963    0.6209876543   0.3427160494   3.95           2.712962963    2.37037037     0.1697530864   -0.987654321   0.3214102034   
226      I1         1.087037037    2.353703704    3.203703704    0.1007407407   0.9839506173   3.338888889    1.848765432    2.345679012    0.4475308642   0.987654321    0.4817502747   
227      I1         0.8771604938   2.101851852    3.425925926    0.3548148148   0.6572839506   3.338888889    2.682098765    2.962962963    0.3302469136   0.3209876543   0.2933962632   
228      I1         0.8771604938   2.122839506    2.833333333    0.5            0.6814814815   3.461111111    2.712962963    2.987654321    0.1697530864   0.0987654321   0.2984149658   
229      I1         1.464814815    2.290740741    3.99382716     0.8266666667   0.01604938272  3.338888889    3.484567901    1.012345679    0.1697530864   -0.2222222222  0.3248007576   
230      I1         1.15           2.14382716     4.487654321    0.4516049383   0.8992592593   2.116666667    3.484567901    2.987654321    0.25           0.3209876543   0.3509332148   
231      I1         1.15           2.689506173    2.537037037    0.8024691358   0.06444444444  0.1611111111   2.682098765    1.012345679    0.003086419753 0.3703703704   0.3651427558   
232      I1         0.3104938272   2.353703704    2.709876543    0.5362962963   0.5725925926   3.338888889    2.682098765    1.012345679    0.1759259259   0.987654321    0.3526673835   
233      I1         1.905555556    2.14382716     4.487654321    0.137037037    0.8508641975   3.338888889    1.015432099    1.037037037    0.1944444444   0.3209876543   0.6391512825   
234      I1         1.170987654    2.416666667    3.574074074    0.3427160494   0.3427160494   3.338888889    3.484567901    1.703703704    0.4969135802   0.8148148148   0.3700429368   
235      I1         1.191975309    1.975925926    2.759259259    0.06444444444  0.8871604938   6.516666667    1.848765432    1.012345679    0.3858024691   0.0987654321   0.3567028936   
236      I1         0.8981481481   1.010493827    2.759259259    0.137037037    0.669382716    0.1611111111   2.959876543    2.987654321    0.225308642    0.2962962963   0.285705002    
237      I1         0.5833333333   2.689506173    3.697530864    0.4637037037   0.6451851852   3.216666667    2.774691358    2.345679012    0.06481481481  -0.5432098765  0.311773939    
238      I1         0.8771604938   1.577160494    4.166666667    0.1854320988   0.7903703704   3.216666667    3.484567901    2.345679012    0.1882716049   -0.8148148148  0.3608228002   
239      I1         1.674691358    1.472222222    3.179012346    0.9355555556   0.5            7.861111111    2.682098765    1.555555556    0.200617284    -0.04938271605 0.3408056391   
240      I1         1.401851852    1.70308642     3.722222222    0.5483950617   0.6088888889   1.016666667    3.330246914    2.987654321    0.299382716    -0.1975308642  0.3393251476   
241      I1         1.947530864    2.122839506    2.685185185    0.4395061728   0.6814814815   5.783333333    1.200617284    1.333333333    0.3302469136   0.987654321    0.322950021    
242      I1         1.590740741    2.122839506    3.179012346    0.4274074074   0.9839506173   6.761111111    1.848765432    2.814814815    0.3055555556   0.3209876543   0.4395268112   
243      I1         1.066049383    2.290740741    4.290123457    0.6572839506   0.01604938272  0.1611111111   1.972222222    2.814814815    0.2314814815   0.3209876543   0.2496180926   
244      I1         1.905555556    2.14382716     2.512345679    0.5            0.9839506173   3.216666667    1.848765432    1.481481481    0.225308642    0.3209876543   0.3819844759   
245      I1         0.5833333333   2.521604938    3.154320988    0.4879012346   0.9718518519   2.116666667    2.558641975    1.654320988    0.1388888889   0.987654321    0.418656761    
246      I1         1.380864198    2.14382716     2.512345679    0.4879012346   0.9839506173   3.216666667    2.805555556    1.654320988    0.2685185185   -0.4444444444  0.3887779095   
247      I1         1.464814815    2.14382716     3.845679012    0.5362962963   0.1128395062   2.483333333    1.015432099    1.851851852    0.3919753086   0.987654321    0.4161230587   
248      I1         1.422839506    2.14382716     2.512345679    0.584691358    0.8266666667   3.216666667    1.848765432    1.62962963     0.3611111111   0.987654321    0.4384332959   
249      I1         0.562345679    2.14382716     3.648148148    0.2459259259   0.1128395062   2.85           1.015432099    1.012345679    0.262345679    0.2222222222   0.3527702633   
250      I1         1.108024691    2.311728395    3.648148148    0.5604938272   0.3911111111   1.261111111    2.682098765    2.518518519    0.25           -0.02469135802 0.2397729516   
251      I1         1.968518519    1.472222222    3.203703704    0.415308642    0.4758024691   6.516666667    1.169753086    1.679012346    0.3364197531   0.4197530864   0.6597143637   
252      I1         1.233950617    1.010493827    2.537037037    0.3427160494   0.6088888889   3.95           2.990740741    2.320987654    0.4228395062   0.5679012346   0.3013860579   
253      I1         0.4574074074   2.14382716     3.5            0.6572839506   0.4516049383   3.216666667    1.972222222    2.987654321    0.1697530864   0.987654321    0.3850015267   
254      I1         0.8771604938   2.14382716     3.87037037     0.3669135802   0.06444444444  9.938888889    2.712962963    2.987654321    0.4475308642   0.6666666667   0.4425337421   
255      I1         1.00308642     1.661111111    4.067901235    0.8145679012   0.2338271605   1.75           1.972222222    1.037037037    0.1697530864   0.7901234568   0.3196413837   
256      I1         1.066049383    2.227777778    4.487654321    0.669382716    0.4274074074   0.1611111111   3.484567901    1.654320988    0.3611111111   0.7407407407   0.3271440327   
257      I1         0.9611111111   2.542592593    4.487654321    0.5483950617   0.669382716    0.1611111111   2.404320988    2.296296296    0.274691358    0.2962962963   0.2286389347   
258      I1         1.233950617    2.14382716     3.5            0.5483950617   0.5483950617   0.2833333333   2.12654321     2.296296296    0.3055555556   0.2469135802   0.2153183954   
259      I1         1.15           2.605555556    4.487654321    0.5362962963   0.3427160494   0.2833333333   2.311728395    2.987654321    0.3117283951   0.02469135802  0.2762677886   
260      I1         0.5833333333   2.14382716     2.512345679    0.5483950617   0.6451851852   3.461111111    2.959876543    2.148148148    0.1759259259   0.6913580247   0.2396502153   
261      I1         1.632716049    1.724074074    3.87037037     0.6935802469   0.7177777778   9.938888889    2.774691358    2.345679012    0.1697530864   -0.962962963   0.4653784356   
262      I1         1.338888889    1.010493827    3.425925926    0.1249382716   0.5120987654   6.638888889    1.169753086    1.407407407    0.3364197531   0.7407407407   0.2405440065   
263      I1         1.066049383    2.605555556    4.462962963    0.6572839506   0.4516049383   0.1611111111   1.87962963     1.654320988    0.2314814815   0.3209876543   0.2460170999   
264      I1         1.548765432    1.661111111    3.648148148    0.669382716    0.5483950617   7.983333333    1.293209877    1.407407407    0.4228395062   0.6913580247   0.2391813624   
265      I1         1.15           1.766049383    3.425925926    0.6209876543   0.3427160494   3.216666667    1.015432099    2.148148148    0.225308642    0.7654320988   0.3025083677   
266      I1         1.15           1.010493827    3.796296296    0.5967901235   0.9839506173   2.85           2.651234568    2              0.1697530864   0.987654321    0.5088713107   
267      I1         1.653703704    1.55617284     4.018518519    0.7782716049   0.330617284    3.216666667    1.478395062    1.703703704    0.4413580247   0.987654321    0.3627135135   
268      I1         1.066049383    2.101851852    3.179012346    0.5            0.3427160494   6.15           3.484567901    2.444444444    0.3919753086   0.7654320988   0.3023909447   
269      I1         0.8771604938   1.409259259    3.87037037     0.1007407407   0.669382716    3.583333333    3.484567901    2.345679012    0.3364197531   -0.1234567901  0.3676430845   
270      I1         1.191975309    1.745061728    4.462962963    0.6209876543   0.6814814815   3.583333333    2.959876543    2.962962963    0.274691358    0.3209876543   0.2552170779   
271      I1         1.44382716     2.14382716     2.512345679    0.3548148148   0.2459259259   0.1611111111   2.342592593    1.037037037    0.4969135802   0.0987654321   0.4481201889   
272      I1         0.8771604938   1.724074074    2.783950617    0.07654320988  0.5            3.827777778    1.231481481    1.234567901    0.3425925926   0.4197530864   0.1844727045   
273      I1         1.233950617    2.14382716     4.092592593    0.2096296296   0.9355555556   6.761111111    2.682098765    2.37037037     0.3364197531   -0.987654321   0.4806417787   
274      I1         0.4154320988   2.311728395    3.845679012    0.5362962963   0.7782716049   6.761111111    2.712962963    1.012345679    0.0462962963   0.4444444444   0.2481313125   
275      I1         0.8771604938   2.122839506    3.12962963     0.7782716049   0.01604938272  3.461111111    1.601851852    2.148148148    0.003086419753 0.5925925926   0.2772722745   
276      I1         1.422839506    2.689506173    3.796296296    0.8145679012   0.1249382716   3.338888889    2.898148148    1.037037037    0.3302469136   0.7407407407   0.3203455313   
277      I1         1.233950617    1.031481481    3.12962963     0.8750617284   0.3911111111   1.138888889    2.342592593    1.679012346    0.003086419753 0.5432098765   0.4148576859   
278      I1         0.8981481481   2.689506173    3.87037037     0.6814814815   0.3427160494   0.1611111111   2.712962963    1.012345679    0.003086419753 0.987654321    0.4392119203   
279      I1         1.191975309    2.038888889    2.685185185    0.07654320988  0.3548148148   5.783333333    1.015432099    1.654320988    0.3364197531   0.6172839506   0.2296380237   
280      I1         1.066049383    2.689506173    4.487654321    0.7782716049   0.2338271605   5.416666667    2.805555556    2.962962963    0.2191358025   0.6666666667   0.2953880564   
281      I1         1.422839506    1.577160494    3.722222222    0.7782716049   0.3427160494   5.416666667    3.175925926    1.012345679    0.274691358    0.3703703704   0.2683753707   
282      I1         1.191975309    2.101851852    4.462962963    0.8266666667   0.669382716    6.761111111    2.651234568    1.012345679    0.3240740741   0.987654321    0.3791717175   
283      I1         1.77962963     1.55617284     3.12962963     0.01604938272  0.669382716    3.338888889    1.972222222    2.962962963    0.4475308642   0.987654321    0.5775209814   
284      I1         1.233950617    2.14382716     3.574074074    0.862962963    0.4516049383   0.1611111111   2.157407407    2.345679012    0.1820987654   0.5925925926   0.469199626    
285      I1         0.9611111111   2.101851852    2.512345679    0.1612345679   0.5483950617   3.216666667    1.138888889    1.012345679    0.3919753086   0.4938271605   0.1803130203   
286      I1         1.401851852    1.010493827    2.512345679    0.1007407407   0.7177777778   3.216666667    1.817901235    1.012345679    0.3364197531   0.3456790123   0.262485499    
287      I1         1.275925926    1.577160494    2.512345679    0.2822222222   0.6451851852   3.583333333    1.015432099    1.012345679    0.3364197531   0.987654321    0.3251486847   
288      I1         1.087037037    1.787037037    2.512345679    0.1249382716   0.4637037037   3.461111111    1.015432099    2.962962963    0.4043209877   0.3950617284   0.3495270964   
289      I1         0.9611111111   2.122839506    4.487654321    0.1249382716   0.5483950617   4.438888889    1.231481481    1.012345679    0.3425925926   0.5185185185   0.470703527    
290      I1         1.233950617    1.766049383    4.487654321    0.4758024691   0.5362962963   1.75           2.12654321     1.925925926    0.4290123457   0.4444444444   0.2588639461   
291      I1         0.8771604938   1.85           2.512345679    0.2338271605   0.330617284    0.2833333333   1.787037037    1.012345679    0.4104938272   0.5925925926   0.2126388266   
292      I1         1.422839506    1.724074074    2.512345679    0.5120987654   0.5            3.338888889    1.138888889    2.345679012    0.3425925926   0.6172839506   0.325641244    
293      I1         1.00308642     1.22037037     4.265432099    0.4274074074   0.5967901235   1.138888889    3.361111111    2.987654321    0.3611111111   0.987654321    0.3816626572   
294      I1         1.233950617    1.975925926    2.932098765    0.6572839506   0.3427160494   5.05           3.268518519    2.592592593    0.1697530864   -0.6913580247  0.3024069103   
295      I1         1.989506173    2.689506173    4.240740741    0.5967901235   0.3911111111   6.761111111    1.601851852    1.037037037    0.3919753086   0.987654321    0.4923391979   
296      I1         0.562345679    2.122839506    3.845679012    0.3911111111   0.01604938272  6.761111111    2.682098765    1.481481481    0.1388888889   -0.8148148148  0.4815696399   
297      I1         1.989506173    1.598148148    4.240740741    0.2096296296   0.9839506173   3.338888889    1.910493827    1.012345679    0.3425925926   0.1728395062   0.3343228619   
298      I1         1.527777778    1.031481481    4.487654321    0.5604938272   0.330617284    0.1611111111   1.848765432    1.62962963     0.3425925926   0.3209876543   0.3197166658   
299      I1         0.6882716049   2.689506173    4.462962963    0.5725925926   0.669382716    3.338888889    3.237654321    1.012345679    0.3055555556   0.8148148148   0.3219113307   
300      I1         0.6043209877   2.14382716     4.067901235    0.137037037    0.7903703704   3.216666667    2.651234568    1.012345679    0.1080246914   -0.8888888889  0.4722428802   
%eval_id interface log__t_efold_shallow log__t_efold_soil log__t_efold_karst f_exfiltration_shallow f_exfiltration_soil PDD_melt_factor log__Hmax_shallow log__fdd_threshold f_direct_runoff log__routing_K neg_kge        
301      I1         0.9611111111   2.101851852    2.512345679    0.1612345679   0.5483950617   3.216666667    1.138888889    1.012345679    0.3919753086   0.4938271605   0.1803130203   
302      I1         1.131111111    2.101851852    2.512345679    0.1612345679   0.5483950617   3.216666667    1.138888889    1.012345679    0.3919753086   0.4938271605   0.1978288339   
303      I1         0.9611111111   2.271851852    2.512345679    0.1612345679   0.5483950617   3.216666667    1.138888889    1.012345679    0.3919753086   0.4938271605   0.1736590212   
304      I1         0.9611111111   2.101851852    2.712345679    0.1612345679   0.5483950617   3.216666667    1.138888889    1.012345679    0.3919753086   0.4938271605   0.1819404722   
305      I1         0.9611111111   2.101851852    2.512345679    0.2592345679   0.5483950617   3.216666667    1.138888889    1.012345679    0.3919753086   0.4938271605   0.2205036629   
306      I1         0.9611111111   2.101851852    2.512345679    0.1612345679   0.6463950617   3.216666667    1.138888889    1.012345679    0.3919753086   0.4938271605   0.1860592502   
307      I1         0.9611111111   2.101851852    2.512345679    0.1612345679   0.5483950617   4.206666667    1.138888889    1.012345679    0.3919753086   0.4938271605   0.1817540336   
308      I1         0.9611111111   2.101851852    2.512345679    0.1612345679   0.5483950617   3.216666667    1.388888889    1.012345679    0.3919753086   0.4938271605   0.2452061222   
309      I1         0.9611111111   2.101851852    2.512345679    0.1612345679   0.5483950617   3.216666667    1.138888889    1.212345679    0.3919753086   0.4938271605   0.1765983589   
310      I1         0.9611111111   2.101851852    2.512345679    0.1612345679   0.5483950617   3.216666667    1.138888889    1.012345679    0.4419753086   0.4938271605   0.2072352776   
311      I1         0.9611111111   2.101851852    2.512345679    0.1612345679   0.5483950617   3.216666667    1.138888889    1.012345679    0.3919753086   0.6938271605   0.20755173     
312      I1         0.7911111111   2.101851852    2.512345679    0.1612345679   0.5483950617   3.216666667    1.138888889    1.012345679    0.3919753086   0.4938271605   0.1854931285   
313      I1         0.9611111111   1.931851852    2.512345679    0.1612345679   0.5483950617   3.216666667    1.138888889    1.012345679    0.3919753086   0.4938271605   0.1982113532   
314      I1         0.9611111111   2.101851852    2.512345679    0.0632345679   0.5483950617   3.216666667    1.138888889    1.012345679    0.3919753086   0.4938271605   0.1605282574   
315      I1         0.9611111111   2.101851852    2.512345679    0.1612345679   0.4503950617   3.216666667    1.138888889    1.012345679    0.3919753086   0.4938271605   0.1760338234   
316      I1         0.9611111111   2.101851852    2.512345679    0.1612345679   0.5483950617   2.226666667    1.138888889    1.012345679    0.3919753086   0.4938271605   0.1762946122   
317      I1         0.9611111111   2.101851852    2.512345679    0.1612345679   0.5483950617   3.216666667    1.138888889    1.012345679    0.3419753086   0.4938271605   0.1630801191   
318      I1         0.9611111111   2.101851852    2.512345679    0.1612345679   0.5483950617   3.216666667    1.138888889    1.012345679    0.3919753086   0.2938271605   0.3199818541   
319      I1         1.131111111    2.101851852    2.512345679    0.0632345679   0.5483950617   3.216666667    1.138888889    1.012345679    0.3919753086   0.4938271605   0.1689916108   
320      I1         0.9611111111   2.271851852    2.512345679    0.0632345679   0.5483950617   3.216666667    1.138888889    1.012345679    0.3919753086   0.4938271605   0.159882762    
321      I1         0.9611111111   2.101851852    2.712345679    0.0632345679   0.5483950617   3.216666667    1.138888889    1.012345679    0.3919753086   0.4938271605   0.1607764133   
322      I1         0.9611111111   2.101851852    2.512345679    0.0632345679   0.6463950617   3.216666667    1.138888889    1.012345679    0.3919753086   0.4938271605   0.1632685604   
323      I1         0.9611111111   2.101851852    2.512345679    0.0632345679   0.5483950617   4.206666667    1.138888889    1.012345679    0.3919753086   0.4938271605   0.1666196331   
324      I1         0.9611111111   2.101851852    2.512345679    0.0632345679   0.5483950617   3.216666667    1.388888889    1.012345679    0.3919753086   0.4938271605   0.2900215237   
325      I1         0.9611111111   2.101851852    2.512345679    0.0632345679   0.5483950617   3.216666667    1.138888889    1.212345679    0.3919753086   0.4938271605   0.1599828485   
326      I1         0.9611111111   2.101851852    2.512345679    0.0632345679   0.5483950617   3.216666667    1.138888889    1.012345679    0.4419753086   0.4938271605   0.1763253735   
327      I1         0.9611111111   2.101851852    2.512345679    0.0632345679   0.5483950617   3.216666667    1.138888889    1.012345679    0.3919753086   0.6938271605   0.2367180346   
328      I1         0.7911111111   2.101851852    2.512345679    0.0632345679   0.5483950617   3.216666667    1.138888889    1.012345679    0.3919753086   0.4938271605   0.1746763806   
329      I1         0.9611111111   1.931851852    2.512345679    0.0632345679   0.5483950617   3.216666667    1.138888889    1.012345679    0.3919753086   0.4938271605   0.1704272453   
330      I1         0.9611111111   2.101851852    2.512345679    0.0632345679   0.4503950617   3.216666667    1.138888889    1.012345679    0.3919753086   0.4938271605   0.15965247     
331      I1         0.9611111111   2.101851852    2.512345679    0.0632345679   0.5483950617   2.226666667    1.138888889    1.012345679    0.3919753086   0.4938271605   0.1523319577   
332      I1         0.9611111111   2.101851852    2.512345679    0.0632345679   0.5483950617   3.216666667    1.138888889    1.012345679    0.3419753086   0.4938271605   0.1586890308   
333      I1         0.9611111111   2.101851852    2.512345679    0.0632345679   0.5483950617   3.216666667    1.138888889    1.012345679    0.3919753086   0.2938271605   0.2749439919   
334      I1         1.046111111    2.101851852    2.512345679    0.0632345679   0.5483950617   3.216666667    1.138888889    1.012345679    0.3919753086   0.4938271605   0.1594544636   
335      I1         0.9611111111   2.186851852    2.512345679    0.0632345679   0.5483950617   3.216666667    1.138888889    1.012345679    0.3919753086   0.4938271605   0.1596498254   
336      I1         0.9611111111   2.101851852    2.612345679    0.0632345679   0.5483950617   3.216666667    1.138888889    1.012345679    0.3919753086   0.4938271605   0.1606092306   
337      I1         0.9611111111   2.101851852    2.512345679    0.1122345679   0.5483950617   3.216666667    1.138888889    1.012345679    0.3919753086   0.4938271605   0.1668361679   
338      I1         0.9611111111   2.101851852    2.512345679    0.0632345679   0.5973950617   3.216666667    1.138888889    1.012345679    0.3919753086   0.4938271605   0.1616306838   
339      I1         0.9611111111   2.101851852    2.512345679    0.0632345679   0.5483950617   3.711666667    1.138888889    1.012345679    0.3919753086   0.4938271605   0.1638256878   
340      I1         0.9611111111   2.101851852    2.512345679    0.0632345679   0.5483950617   3.216666667    1.263888889    1.012345679    0.3919753086   0.4938271605   0.2272001085   
341      I1         0.9611111111   2.101851852    2.512345679    0.0632345679   0.5483950617   3.216666667    1.138888889    1.112345679    0.3919753086   0.4938271605   0.1600570826   
342      I1         0.9611111111   2.101851852    2.512345679    0.0632345679   0.5483950617   3.216666667    1.138888889    1.012345679    0.4169753086   0.4938271605   0.1664721984   
343      I1         0.9611111111   2.101851852    2.512345679    0.0632345679   0.5483950617   3.216666667    1.138888889    1.012345679    0.3919753086   0.5938271605   0.1886276769   
344      I1         0.8761111111   2.101851852    2.512345679    0.0632345679   0.5483950617   3.216666667    1.138888889    1.012345679    0.3919753086   0.4938271605   0.1676002983   
345      I1         0.9611111111   2.016851852    2.512345679    0.0632345679   0.5483950617   3.216666667    1.138888889    1.012345679    0.3919753086   0.4938271605   0.1638289972   
346      I1         0.9611111111   2.101851852    2.512345679    0.0142345679   0.5483950617   3.216666667    1.138888889    1.012345679    0.3919753086   0.4938271605   0.1653940372   
347      I1         0.9611111111   2.101851852    2.512345679    0.0632345679   0.4993950617   3.216666667    1.138888889    1.012345679    0.3919753086   0.4938271605   0.1598949211   
348      I1         0.9611111111   2.101851852    2.512345679    0.0632345679   0.5483950617   2.721666667    1.138888889    1.012345679    0.3919753086   0.4938271605   0.1565940602   
349      I1         0.9611111111   2.101851852    2.512345679    0.0632345679   0.5483950617   3.216666667    1.013888889    1.012345679    0.3919753086   0.4938271605   0.2548205914   
350      I1         0.9611111111   2.101851852    2.512345679    0.0632345679   0.5483950617   3.216666667    1.138888889    1.012345679    0.3669753086   0.4938271605   0.1584677884   
351      I1         0.9611111111   2.101851852    2.512345679    0.0632345679   0.5483950617   3.216666667    1.138888889    1.012345679    0.3919753086   0.3938271605   0.1963176245   
352      I1         1.046111111    2.101851852    2.512345679    0.0632345679   0.5483950617   2.721666667    1.138888889    1.012345679    0.3919753086   0.4938271605   0.156933313    
353      I1         0.9611111111   2.186851852    2.512345679    0.0632345679   0.5483950617   2.721666667    1.138888889    1.012345679    0.3919753086   0.4938271605   0.155280689    
354      I1         0.9611111111   2.101851852    2.612345679    0.0632345679   0.5483950617   2.721666667    1.138888889    1.012345679    0.3919753086   0.4938271605   0.1567415604   
355      I1         0.9611111111   2.101851852    2.512345679    0.1122345679   0.5483950617   2.721666667    1.138888889    1.012345679    0.3919753086   0.4938271605   0.1642105634   
356      I1         0.9611111111   2.101851852    2.512345679    0.0632345679   0.5973950617   2.721666667    1.138888889    1.012345679    0.3919753086   0.4938271605   0.1579284917   
357      I1         0.9611111111   2.101851852    2.512345679    0.0632345679   0.5483950617   2.721666667    1.263888889    1.012345679    0.3919753086   0.4938271605   0.2218564702   
358      I1         0.9611111111   2.101851852    2.512345679    0.0632345679   0.5483950617   2.721666667    1.138888889    1.112345679    0.3919753086   0.4938271605   0.155939012    
359      I1         0.9611111111   2.101851852    2.512345679    0.0632345679   0.5483950617   2.721666667    1.138888889    1.012345679    0.4169753086   0.4938271605   0.1633783212   
360      I1         0.9611111111   2.101851852    2.512345679    0.0632345679   0.5483950617   2.721666667    1.138888889    1.012345679    0.3919753086   0.5938271605   0.1832742099   
361      I1         0.8761111111   2.101851852    2.512345679    0.0632345679   0.5483950617   2.721666667    1.138888889    1.012345679    0.3919753086   0.4938271605   0.1629825079   
362      I1         0.9611111111   2.016851852    2.512345679    0.0632345679   0.5483950617   2.721666667    1.138888889    1.012345679    0.3919753086   0.4938271605   0.1604868316   
363      I1         0.9611111111   2.101851852    2.512345679    0.0142345679   0.5483950617   2.721666667    1.138888889    1.012345679    0.3919753086   0.4938271605   0.1603614665   
364      I1         0.9611111111   2.101851852    2.512345679    0.0632345679   0.4993950617   2.721666667    1.138888889    1.012345679    0.3919753086   0.4938271605   0.1557392569   
365      I1         0.9611111111   2.101851852    2.512345679    0.0632345679   0.5483950617   2.721666667    1.013888889    1.012345679    0.3919753086   0.4938271605   0.2546082694   
366      I1         0.9611111111   2.101851852    2.512345679    0.0632345679   0.5483950617   2.721666667    1.138888889    1.012345679    0.3669753086   0.4938271605   0.1538646716   
367      I1         0.9611111111   2.101851852    2.512345679    0.0632345679   0.5483950617   2.721666667    1.138888889    1.012345679    0.3919753086   0.3938271605   0.1945325035   
368      I1         1.046111111    2.101851852    2.512345679    0.0632345679   0.5483950617   2.226666667    1.138888889    1.012345679    0.3919753086   0.4938271605   0.1542178055   
369      I1         0.9611111111   2.186851852    2.512345679    0.0632345679   0.5483950617   2.226666667    1.138888889    1.012345679    0.3919753086   0.4938271605   0.1505495323   
370      I1         0.9611111111   2.101851852    2.612345679    0.0632345679   0.5483950617   2.226666667    1.138888889    1.012345679    0.3919753086   0.4938271605   0.1525474105   
371      I1         0.9611111111   2.101851852    2.512345679    0.1122345679   0.5483950617   2.226666667    1.138888889    1.012345679    0.3919753086   0.4938271605   0.1613032022   
372      I1         0.9611111111   2.101851852    2.512345679    0.0632345679   0.5973950617   2.226666667    1.138888889    1.012345679    0.3919753086   0.4938271605   0.1539001136   
373      I1         0.9611111111   2.101851852    2.512345679    0.0632345679   0.5483950617   2.226666667    1.263888889    1.012345679    0.3919753086   0.4938271605   0.2158226823   
374      I1         0.9611111111   2.101851852    2.512345679    0.0632345679   0.5483950617   2.226666667    1.138888889    1.112345679    0.3919753086   0.4938271605   0.1514344585   
375      I1         0.9611111111   2.101851852    2.512345679    0.0632345679   0.5483950617   2.226666667    1.138888889    1.012345679    0.4169753086   0.4938271605   0.1598955783   
376      I1         0.9611111111   2.101851852    2.512345679    0.0632345679   0.5483950617   2.226666667    1.138888889    1.012345679    0.3919753086   0.5938271605   0.1774483186   
377      I1         0.8761111111   2.101851852    2.512345679    0.0632345679   0.5483950617   2.226666667    1.138888889    1.012345679    0.3919753086   0.4938271605   0.1576800304   
378      I1         0.9611111111   2.016851852    2.512345679    0.0632345679   0.5483950617   2.226666667    1.138888889    1.012345679    0.3919753086   0.4938271605   0.1568172742   
379      I1         0.9611111111   2.101851852    2.512345679    0.0142345679   0.5483950617   2.226666667    1.138888889    1.012345679    0.3919753086   0.4938271605   0.1548307365   
380      I1         0.9611111111   2.101851852    2.512345679    0.0632345679   0.4993950617   2.226666667    1.138888889    1.012345679    0.3919753086   0.4938271605   0.1512446469   
381      I1         0.9611111111   2.101851852    2.512345679    0.0632345679   0.5483950617   1.731666667    1.138888889    1.012345679    0.3919753086   0.4938271605   0.1454174926   
382      I1         0.9611111111   2.101851852    2.512345679    0.0632345679   0.5483950617   2.226666667    1.013888889    1.012345679    0.3919753086   0.4938271605   0.2544304162   
383      I1         0.9611111111   2.101851852    2.512345679    0.0632345679   0.5483950617   2.226666667    1.138888889    1.012345679    0.3669753086   0.4938271605   0.1487811482   
384      I1         0.9611111111   2.101851852    2.512345679    0.0632345679   0.5483950617   2.226666667    1.138888889    1.012345679    0.3919753086   0.3938271605   0.1928144843   
385      I1         1.046111111    2.101851852    2.512345679    0.0632345679   0.5483950617   1.731666667    1.138888889    1.012345679    0.3919753086   0.4938271605   0.1487854121   
386      I1         0.9611111111   2.186851852    2.512345679    0.0632345679   0.5483950617   1.731666667    1.138888889    1.012345679    0.3919753086   0.4938271605   0.1433144941   
387      I1         0.9611111111   2.101851852    2.612345679    0.0632345679   0.5483950617   1.731666667    1.138888889    1.012345679    0.3919753086   0.4938271605   0.145655657    
388      I1         0.9611111111   2.101851852    2.512345679    0.1122345679   0.5483950617   1.731666667    1.138888889    1.012345679    0.3919753086   0.4938271605   0.1555376704   
389      I1         0.9611111111   2.101851852    2.512345679    0.0632345679   0.5973950617   1.731666667    1.138888889    1.012345679    0.3919753086   0.4938271605   0.1471290288   
390      I1         0.9611111111   2.101851852    2.512345679    0.0632345679   0.5483950617   1.731666667    1.263888889    1.012345679    0.3919753086   0.4938271605   0.208040341    
391      I1         0.9611111111   2.101851852    2.512345679    0.0632345679   0.5483950617   1.731666667    1.138888889    1.112345679    0.3919753086   0.4938271605   0.1443085634   
392      I1         0.9611111111   2.101851852    2.512345679    0.0632345679   0.5483950617   1.731666667    1.138888889    1.012345679    0.4169753086   0.4938271605   0.1536466147   
393      I1         0.9611111111   2.101851852    2.512345679    0.0632345679   0.5483950617   1.731666667    1.138888889    1.012345679    0.3919753086   0.5938271605   0.1695332152   
394      I1         0.8761111111   2.101851852    2.512345679    0.0632345679   0.5483950617   1.731666667    1.138888889    1.012345679    0.3919753086   0.4938271605   0.1499118626   
395      I1         0.9611111111   2.016851852    2.512345679    0.0632345679   0.5483950617   1.731666667    1.138888889    1.012345679    0.3919753086   0.4938271605   0.1502749638   
396      I1         0.9611111111   2.101851852    2.512345679    0.0142345679   0.5483950617   1.731666667    1.138888889    1.012345679    0.3919753086   0.4938271605   0.1468863873   
397      I1         0.9611111111   2.101851852    2.512345679    0.0632345679   0.4993950617   1.731666667    1.138888889    1.012345679    0.3919753086   0.4938271605   0.1441775764   
398      I1         0.9611111111   2.101851852    2.512345679    0.0632345679   0.5483950617   1.236666667    1.138888889    1.012345679    0.3919753086   0.4938271605   0.1405872699   
399      I1         0.9611111111   2.101851852    2.512345679    0.0632345679   0.5483950617   1.731666667    1.013888889    1.012345679    0.3919753086   0.4938271605   0.2519795673   
400      I1         0.9611111111   2.101851852    2.512345679    0.0632345679   0.5483950617   1.731666667    1.138888889    1.012345679    0.3669753086   0.4938271605   0.1412159479   
401      I1         0.9611111111   2.101851852    2.512345679    0.0632345679   0.5483950617   1.731666667    1.138888889    1.012345679    0.3919753086   0.3938271605   0.1881269349   
402      I1         1.046111111    2.101851852    2.512345679    0.0632345679   0.5483950617   1.236666667    1.138888889    1.012345679    0.3919753086   0.4938271605   0.1468537656   
403      I1         0.9611111111   2.186851852    2.512345679    0.0632345679   0.5483950617   1.236666667    1.138888889    1.012345679    0.3919753086   0.4938271605   0.1373682258   
404      I1         0.9611111111   2.101851852    2.612345679    0.0632345679   0.5483950617   1.236666667    1.138888889    1.012345679    0.3919753086   0.4938271605   0.1409660462   
405      I1         0.9611111111   2.101851852    2.512345679    0.1122345679   0.5483950617   1.236666667    1.138888889    1.012345679    0.3919753086   0.4938271605   0.1536394286   
406      I1         0.9611111111   2.101851852    2.512345679    0.0632345679   0.5973950617   1.236666667    1.138888889    1.012345679    0.3919753086   0.4938271605   0.1427402334   
407      I1         0.9611111111   2.101851852    2.512345679    0.0632345679   0.5483950617   1.236666667    1.263888889    1.012345679    0.3919753086   0.4938271605   0.1929063569   
408      I1         0.9611111111   2.101851852    2.512345679    0.0632345679   0.5483950617   1.236666667    1.138888889    1.112345679    0.3919753086   0.4938271605   0.138873486    
409      I1         0.9611111111   2.101851852    2.512345679    0.0632345679   0.5483950617   1.236666667    1.138888889    1.012345679    0.4169753086   0.4938271605   0.1505519808   
410      I1         0.9611111111   2.101851852    2.512345679    0.0632345679   0.5483950617   1.236666667    1.138888889    1.012345679    0.3919753086   0.5938271605   0.1565795155   
411      I1         0.8761111111   2.101851852    2.512345679    0.0632345679   0.5483950617   1.236666667    1.138888889    1.012345679    0.3919753086   0.4938271605   0.1418727913   
412      I1         0.9611111111   2.016851852    2.512345679    0.0632345679   0.5483950617   1.236666667    1.138888889    1.012345679    0.3919753086   0.4938271605   0.1465751793   
413      I1         0.9611111111   2.101851852    2.512345679    0.0142345679   0.5483950617   1.236666667    1.138888889    1.012345679    0.3919753086   0.4938271605   0.1359969947   
414      I1         0.9611111111   2.101851852    2.512345679    0.0632345679   0.4993950617   1.236666667    1.138888889    1.012345679    0.3919753086   0.4938271605   0.1388481492   
415      I1         0.9611111111   2.101851852    2.512345679    0.0632345679   0.5483950617   0.7416666667   1.138888889    1.012345679    0.3919753086   0.4938271605   0.1477747135   
416      I1         0.9611111111   2.101851852    2.512345679    0.0632345679   0.5483950617   1.236666667    1.013888889    1.012345679    0.3919753086   0.4938271605   0.2577681715   
417      I1         0.9611111111   2.101851852    2.512345679    0.0632345679   0.5483950617   1.236666667    1.138888889    1.012345679    0.3669753086   0.4938271605   0.1336754633   
418      I1         0.9611111111   2.101851852    2.512345679    0.0632345679   0.5483950617   1.236666667    1.138888889    1.012345679    0.3919753086   0.3938271605   0.1872910895   
419      I1         1.131111111    2.101851852    2.512345679    0.0632345679   0.5483950617   1.236666667    1.138888889    1.012345679    0.3669753086   0.4938271605   0.1558591247   
420      I1         0.9611111111   2.271851852    2.512345679    0.0632345679   0.5483950617   1.236666667    1.138888889    1.012345679    0.3669753086   0.4938271605   0.1314816673   
421      I1         0.9611111111   2.101851852    2.712345679    0.0632345679   0.5483950617   1.236666667    1.138888889    1.012345679    0.3669753086   0.4938271605   0.1339925849   
422      I1         0.9611111111   2.101851852    2.512345679    0.1612345679   0.5483950617   1.236666667    1.138888889    1.012345679    0.3669753086   0.4938271605   0.1600146858   
423      I1         0.9611111111   2.101851852    2.512345679    0.0632345679   0.6463950617   1.236666667    1.138888889    1.012345679    0.3669753086   0.4938271605   0.1375965057   
424      I1         0.9611111111   2.101851852    2.512345679    0.0632345679   0.5483950617   1.236666667    1.388888889    1.012345679    0.3669753086   0.4938271605   0.2796116941   
425      I1         0.9611111111   2.101851852    2.512345679    0.0632345679   0.5483950617   1.236666667    1.138888889    1.212345679    0.3669753086   0.4938271605   0.1322012071   
426      I1         0.9611111111   2.101851852    2.512345679    0.0632345679   0.5483950617   1.236666667    1.138888889    1.012345679    0.4169753086   0.4938271605   0.1505519808   
427      I1         0.9611111111   2.101851852    2.512345679    0.0632345679   0.5483950617   1.236666667    1.138888889    1.012345679    0.3669753086   0.6938271605   0.2093758702   
428      I1         0.7911111111   2.101851852    2.512345679    0.0632345679   0.5483950617   1.236666667    1.138888889    1.012345679    0.3669753086   0.4938271605   0.1460273778   
429      I1         0.9611111111   1.931851852    2.512345679    0.0632345679   0.5483950617   1.236666667    1.138888889    1.012345679    0.3669753086   0.4938271605   0.1467223475   
430      I1         0.9611111111   2.101851852    2.512345679    0.0632345679   0.4503950617   1.236666667    1.138888889    1.012345679    0.3669753086   0.4938271605   0.1317769196   
431      I1         0.9611111111   2.101851852    2.512345679    0.0632345679   0.5483950617   0.2466666667   1.138888889    1.012345679    0.3669753086   0.4938271605   0.1745554527   
432      I1         0.9611111111   2.101851852    2.512345679    0.0632345679   0.5483950617   1.236666667    1.138888889    1.012345679    0.3169753086   0.4938271605   0.128946268    
433      I1         0.9611111111   2.101851852    2.512345679    0.0632345679   0.5483950617   1.236666667    1.138888889    1.012345679    0.3669753086   0.2938271605   0.256610046    
434      I1         1.046111111    2.101851852    2.512345679    0.0632345679   0.5483950617   1.236666667    1.138888889    1.012345679    0.3669753086   0.4938271605   0.1396982054   
435      I1         0.9611111111   2.186851852    2.512345679    0.0632345679   0.5483950617   1.236666667    1.138888889    1.012345679    0.3669753086   0.4938271605   0.1317382788   
436      I1         0.9611111111   2.101851852    2.612345679    0.0632345679   0.5483950617   1.236666667    1.138888889    1.012345679    0.3669753086   0.4938271605   0.1338220978   
437      I1         0.9611111111   2.101851852    2.512345679    0.1122345679   0.5483950617   1.236666667    1.138888889    1.012345679    0.3669753086   0.4938271605   0.1439328218   
438      I1         0.9611111111   2.101851852    2.512345679    0.0632345679   0.5973950617   1.236666667    1.138888889    1.012345679    0.3669753086   0.4938271605   0.1353687911   
439      I1         0.9611111111   2.101851852    2.512345679    0.0632345679   0.5483950617   1.236666667    1.263888889    1.012345679    0.3669753086   0.4938271605   0.2070508198   
440      I1         0.9611111111   2.101851852    2.512345679    0.0632345679   0.5483950617   1.236666667    1.138888889    1.112345679    0.3669753086   0.4938271605   0.1326319988   
441      I1         0.9611111111   2.101851852    2.512345679    0.0632345679   0.5483950617   1.236666667    1.138888889    1.012345679    0.3669753086   0.5938271605   0.1598242327   
442      I1         0.8761111111   2.101851852    2.512345679    0.0632345679   0.5483950617   1.236666667    1.138888889    1.012345679    0.3669753086   0.4938271605   0.1388408895   
443      I1         0.9611111111   2.016851852    2.512345679    0.0632345679   0.5483950617   1.236666667    1.138888889    1.012345679    0.3669753086   0.4938271605   0.1385440381   
444      I1         0.9611111111   2.101851852    2.512345679    0.0142345679   0.5483950617   1.236666667    1.138888889    1.012345679    0.3669753086   0.4938271605   0.13613498     
445      I1         0.9611111111   2.101851852    2.512345679    0.0632345679   0.4993950617   1.236666667    1.138888889    1.012345679    0.3669753086   0.4938271605   0.1324907077   
446      I1         0.9611111111   2.101851852    2.512345679    0.0632345679   0.5483950617   0.7416666667   1.138888889    1.012345679    0.3669753086   0.4938271605   0.1385413159   
447      I1         0.9611111111   2.101851852    2.512345679    0.0632345679   0.5483950617   1.236666667    1.013888889    1.012345679    0.3669753086   0.4938271605   0.2501062286   
448      I1         0.9611111111   2.101851852    2.512345679    0.0632345679   0.5483950617   1.236666667    1.138888889    1.012345679    0.3419753086   0.4938271605   0.1301180519   
449      I1         0.9611111111   2.101851852    2.512345679    0.0632345679   0.5483950617   1.236666667    1.138888889    1.012345679    0.3669753086   0.3938271605   0.1753510588   
450      I1         1.046111111    2.101851852    2.512345679    0.0632345679   0.5483950617   1.236666667    1.138888889    1.012345679    0.3419753086   0.4938271605   0.1341892081   
451      I1         0.9611111111   2.186851852    2.512345679    0.0632345679   0.5483950617   1.236666667    1.138888889    1.012345679    0.3419753086   0.4938271605   0.1301380269   
452      I1         0.9611111111   2.101851852    2.612345679    0.0632345679   0.5483950617   1.236666667    1.138888889    1.012345679    0.3419753086   0.4938271605   0.1300099108   
453      I1         0.9611111111   2.101851852    2.512345679    0.1122345679   0.5483950617   1.236666667    1.138888889    1.012345679    0.3419753086   0.4938271605   0.1366814682   
454      I1         0.9611111111   2.101851852    2.512345679    0.0632345679   0.5973950617   1.236666667    1.138888889    1.012345679    0.3419753086   0.4938271605   0.1309888509   
455      I1         0.9611111111   2.101851852    2.512345679    0.0632345679   0.5483950617   1.731666667    1.138888889    1.012345679    0.3419753086   0.4938271605   0.1404812636   
456      I1         0.9611111111   2.101851852    2.512345679    0.0632345679   0.5483950617   1.236666667    1.263888889    1.012345679    0.3419753086   0.4938271605   0.2189657406   
457      I1         0.9611111111   2.101851852    2.512345679    0.0632345679   0.5483950617   1.236666667    1.138888889    1.112345679    0.3419753086   0.4938271605   0.1300289351   
458      I1         0.9611111111   2.101851852    2.512345679    0.0632345679   0.5483950617   1.236666667    1.138888889    1.012345679    0.3419753086   0.5938271605   0.162837667    
459      I1         0.8761111111   2.101851852    2.512345679    0.0632345679   0.5483950617   1.236666667    1.138888889    1.012345679    0.3419753086   0.4938271605   0.1404727618   
460      I1         0.9611111111   2.016851852    2.512345679    0.0632345679   0.5483950617   1.236666667    1.138888889    1.012345679    0.3419753086   0.4938271605   0.1331517502   
461      I1         0.9611111111   2.101851852    2.512345679    0.0142345679   0.5483950617   1.236666667    1.138888889    1.012345679    0.3419753086   0.4938271605   0.1379692639   
462      I1         0.9611111111   2.101851852    2.512345679    0.0632345679   0.4993950617   1.236666667    1.138888889    1.012345679    0.3419753086   0.4938271605   0.1298687255   
463      I1         0.9611111111   2.101851852    2.512345679    0.0632345679   0.5483950617   0.7416666667   1.138888889    1.012345679    0.3419753086   0.4938271605   0.1319071218   
464      I1         0.9611111111   2.101851852    2.512345679    0.0632345679   0.5483950617   1.236666667    1.013888889    1.012345679    0.3419753086   0.4938271605   0.2436445621   
465      I1         0.9611111111   2.101851852    2.512345679    0.0632345679   0.5483950617   1.236666667    1.138888889    1.012345679    0.3169753086   0.4938271605   0.128946268    
466      I1         0.9611111111   2.101851852    2.512345679    0.0632345679   0.5483950617   1.236666667    1.138888889    1.012345679    0.3419753086   0.3938271605   0.1663329122   
467      I1         1.003611111    2.101851852    2.512345679    0.0632345679   0.5483950617   1.236666667    1.138888889    1.012345679    0.3419753086   0.4938271605   0.1299361159   
468      I1         0.9611111111   2.144351852    2.512345679    0.0632345679   0.5483950617   1.236666667    1.138888889    1.012345679    0.3419753086   0.4938271605   0.1299017491   
469      I1         0.9611111111   2.101851852    2.562345679    0.0632345679   0.5483950617   1.236666667    1.138888889    1.012345679    0.3419753086   0.4938271605   0.130052978    
470      I1         0.9611111111   2.101851852    2.512345679    0.0877345679   0.5483950617   1.236666667    1.138888889    1.012345679    0.3419753086   0.4938271605   0.1318147364   
471      I1         0.9611111111   2.101851852    2.512345679    0.0632345679   0.5728950617   1.236666667    1.138888889    1.012345679    0.3419753086   0.4938271605   0.1304688618   
472      I1         0.9611111111   2.101851852    2.512345679    0.0632345679   0.5483950617   1.484166667    1.138888889    1.012345679    0.3419753086   0.4938271605   0.1362566291   
473      I1         0.9611111111   2.101851852    2.512345679    0.0632345679   0.5483950617   1.236666667    1.201388889    1.012345679    0.3419753086   0.4938271605   0.1708630568   
474      I1         0.9611111111   2.101851852    2.512345679    0.0632345679   0.5483950617   1.236666667    1.138888889    1.062345679    0.3419753086   0.4938271605   0.1299918514   
475      I1         0.9611111111   2.101851852    2.512345679    0.0632345679   0.5483950617   1.236666667    1.138888889    1.012345679    0.3544753086   0.4938271605   0.131545967    
476      I1         0.9611111111   2.101851852    2.512345679    0.0632345679   0.5483950617   1.236666667    1.138888889    1.012345679    0.3419753086   0.5438271605   0.1421822703   
477      I1         0.9186111111   2.101851852    2.512345679    0.0632345679   0.5483950617   1.236666667    1.138888889    1.012345679    0.3419753086   0.4938271605   0.1346179495   
478      I1         0.9611111111   2.059351852    2.512345679    0.0632345679   0.5483950617   1.236666667    1.138888889    1.012345679    0.3419753086   0.4938271605   0.1311481721   
479      I1         0.9611111111   2.101851852    2.512345679    0.0387345679   0.5483950617   1.236666667    1.138888889    1.012345679    0.3419753086   0.4938271605   0.1327211609   
480      I1         0.9611111111   2.101851852    2.512345679    0.0632345679   0.5238950617   1.236666667    1.138888889    1.012345679    0.3419753086   0.4938271605   0.1299234971   
481      I1         0.9611111111   2.101851852    2.512345679    0.0632345679   0.5483950617   0.9891666667   1.138888889    1.012345679    0.3419753086   0.4938271605   0.127709425    
482      I1         0.9611111111   2.101851852    2.512345679    0.0632345679   0.5483950617   1.236666667    1.076388889    1.012345679    0.3419753086   0.4938271605   0.1711160899   
483      I1         0.9611111111   2.101851852    2.512345679    0.0632345679   0.5483950617   1.236666667    1.138888889    1.012345679    0.3294753086   0.4938271605   0.1293513085   
484      I1         0.9611111111   2.101851852    2.512345679    0.0632345679   0.5483950617   1.236666667    1.138888889    1.012345679    0.3419753086   0.4438271605   0.1400799892   
485      I1         1.003611111    2.101851852    2.512345679    0.0632345679   0.5483950617   0.9891666667   1.138888889    1.012345679    0.3419753086   0.4938271605   0.1307045685   
486      I1         0.9611111111   2.144351852    2.512345679    0.0632345679   0.5483950617   0.9891666667   1.138888889    1.012345679    0.3419753086   0.4938271605   0.1263000563   
487      I1         0.9611111111   2.101851852    2.562345679    0.0632345679   0.5483950617   0.9891666667   1.138888889    1.012345679    0.3419753086   0.4938271605   0.1277532405   
488      I1         0.9611111111   2.101851852    2.512345679    0.0877345679   0.5483950617   0.9891666667   1.138888889    1.012345679    0.3419753086   0.4938271605   0.1321853877   
489      I1         0.9611111111   2.101851852    2.512345679    0.0632345679   0.5728950617   0.9891666667   1.138888889    1.012345679    0.3419753086   0.4938271605   0.1285718318   
490      I1         0.9611111111   2.101851852    2.512345679    0.0632345679   0.5483950617   0.9891666667   1.201388889    1.012345679    0.3419753086   0.4938271605   0.1602090196   
491      I1         0.9611111111   2.101851852    2.512345679    0.0632345679   0.5483950617   0.9891666667   1.138888889    1.062345679    0.3419753086   0.4938271605   0.1268167073   
492      I1         0.9611111111   2.101851852    2.512345679    0.0632345679   0.5483950617   0.9891666667   1.138888889    1.012345679    0.3544753086   0.4938271605   0.1303160194   
493      I1         0.9611111111   2.101851852    2.512345679    0.0632345679   0.5483950617   0.9891666667   1.138888889    1.012345679    0.3419753086   0.5438271605   0.1345107692   
494      I1         0.9186111111   2.101851852    2.512345679    0.0632345679   0.5483950617   0.9891666667   1.138888889    1.012345679    0.3419753086   0.4938271605   0.1289103183   
495      I1         0.9611111111   2.059351852    2.512345679    0.0632345679   0.5483950617   0.9891666667   1.138888889    1.012345679    0.3419753086   0.4938271605   0.1299541813   
496      I1         0.9611111111   2.101851852    2.512345679    0.0387345679   0.5483950617   0.9891666667   1.138888889    1.012345679    0.3419753086   0.4938271605   0.1265442643   
497      I1         0.9611111111   2.101851852    2.512345679    0.0632345679   0.5238950617   0.9891666667   1.138888889    1.012345679    0.3419753086   0.4938271605   0.1269775693   
498      I1         0.9611111111   2.101851852    2.512345679    0.0632345679   0.5483950617   0.7416666667   1.138888889    1.012345679    0.3419753086   0.4938271605   0.1319071218   
499      I1         0.9611111111   2.101851852    2.512345679    0.0632345679   0.5483950617   0.9891666667   1.076388889    1.012345679    0.3419753086   0.4938271605   0.1765139476   
500      I1         0.9611111111   2.101851852    2.512345679    0.0632345679   0.5483950617   0.9891666667   1.138888889    1.012345679    0.3294753086   0.4938271605   0.1258518084   
501      I1         0.9611111111   2.101851852    2.512345679    0.0632345679   0.5483950617   0.9891666667   1.138888889    1.012345679    0.3419753086   0.4438271605   0.1412834143   
502      I1         1.003611111    2.101851852    2.512345679    0.0632345679   0.5483950617   0.9891666667   1.138888889    1.012345679    0.3294753086   0.4938271605   0.1284306246   
503      I1         0.9611111111   2.144351852    2.512345679    0.0632345679   0.5483950617   0.9891666667   1.138888889    1.012345679    0.3294753086   0.4938271605   0.1247548924   
504      I1         0.9611111111   2.101851852    2.562345679    0.0632345679   0.5483950617   0.9891666667   1.138888889    1.012345679    0.3294753086   0.4938271605   0.1258486849   
505      I1         0.9611111111   2.101851852    2.512345679    0.0877345679   0.5483950617   0.9891666667   1.138888889    1.012345679    0.3294753086   0.4938271605   0.1296027609   
506      I1         0.9611111111   2.101851852    2.512345679    0.0632345679   0.5728950617   0.9891666667   1.138888889    1.012345679    0.3294753086   0.4938271605   0.1266025641   
507      I1         0.9611111111   2.101851852    2.512345679    0.0632345679   0.5483950617   0.9891666667   1.201388889    1.012345679    0.3294753086   0.4938271605   0.1630863075   
508      I1         0.9611111111   2.101851852    2.512345679    0.0632345679   0.5483950617   0.9891666667   1.138888889    1.062345679    0.3294753086   0.4938271605   0.12519032     
509      I1         0.9611111111   2.101851852    2.512345679    0.0632345679   0.5483950617   0.9891666667   1.138888889    1.012345679    0.3294753086   0.5438271605   0.1347412828   
510      I1         0.9186111111   2.101851852    2.512345679    0.0632345679   0.5483950617   0.9891666667   1.138888889    1.012345679    0.3294753086   0.4938271605   0.128204001    
511      I1         0.9611111111   2.059351852    2.512345679    0.0632345679   0.5483950617   0.9891666667   1.138888889    1.012345679    0.3294753086   0.4938271605   0.1278185652   
512      I1         0.9611111111   2.101851852    2.512345679    0.0387345679   0.5483950617   0.9891666667   1.138888889    1.012345679    0.3294753086   0.4938271605   0.1259666591   
513      I1         0.9611111111   2.101851852    2.512345679    0.0632345679   0.5238950617   0.9891666667   1.138888889    1.012345679    0.3294753086   0.4938271605   0.1252496894   
514      I1         0.9611111111   2.101851852    2.512345679    0.0632345679   0.5483950617   0.7416666667   1.138888889    1.012345679    0.3294753086   0.4938271605   0.1295651793   
515      I1         0.9611111111   2.101851852    2.512345679    0.0632345679   0.5483950617   0.9891666667   1.076388889    1.012345679    0.3294753086   0.4938271605   0.1735435428   
516      I1         0.9611111111   2.101851852    2.512345679    0.0632345679   0.5483950617   0.9891666667   1.138888889    1.012345679    0.3169753086   0.4938271605   0.1244525573   
517      I1         0.9611111111   2.101851852    2.512345679    0.0632345679   0.5483950617   0.9891666667   1.138888889    1.012345679    0.3294753086   0.4438271605   0.1383097635   
518      I1         1.003611111    2.101851852    2.512345679    0.0632345679   0.5483950617   0.9891666667   1.138888889    1.012345679    0.3169753086   0.4938271605   0.1263932237   
519      I1         0.9611111111   2.144351852    2.512345679    0.0632345679   0.5483950617   0.9891666667   1.138888889    1.012345679    0.3169753086   0.4938271605   0.1236959892   
520      I1         0.9611111111   2.101851852    2.562345679    0.0632345679   0.5483950617   0.9891666667   1.138888889    1.012345679    0.3169753086   0.4938271605   0.1244049887   
521      I1         0.9611111111   2.101851852    2.512345679    0.0877345679   0.5483950617   0.9891666667   1.138888889    1.012345679    0.3169753086   0.4938271605   0.1274726513   
522      I1         0.9611111111   2.101851852    2.512345679    0.0632345679   0.5728950617   0.9891666667   1.138888889    1.012345679    0.3169753086   0.4938271605   0.1250772636   
523      I1         0.9611111111   2.101851852    2.512345679    0.0632345679   0.5483950617   0.9891666667   1.201388889    1.012345679    0.3169753086   0.4938271605   0.1656846889   
524      I1         0.9611111111   2.101851852    2.512345679    0.0632345679   0.5483950617   0.9891666667   1.138888889    1.062345679    0.3169753086   0.4938271605   0.1240286778   
525      I1         0.9611111111   2.101851852    2.512345679    0.0632345679   0.5483950617   0.9891666667   1.138888889    1.012345679    0.3169753086   0.5438271605   0.1349986985   
526      I1         0.9186111111   2.101851852    2.512345679    0.0632345679   0.5483950617   0.9891666667   1.138888889    1.012345679    0.3169753086   0.4938271605   0.1280930628   
527      I1         0.9611111111   2.059351852    2.512345679    0.0632345679   0.5483950617   0.9891666667   1.138888889    1.012345679    0.3169753086   0.4938271605   0.1261194846   
528      I1         0.9611111111   2.101851852    2.512345679    0.0387345679   0.5483950617   0.9891666667   1.138888889    1.012345679    0.3169753086   0.4938271605   0.1257106214   
529      I1         0.9611111111   2.101851852    2.512345679    0.0632345679   0.5238950617   0.9891666667   1.138888889    1.012345679    0.3169753086   0.4938271605   0.1239954731   
530      I1         0.9611111111   2.101851852    2.512345679    0.0632345679   0.5483950617   0.7416666667   1.138888889    1.012345679    0.3169753086   0.4938271605   0.1276511547   
531      I1         0.9611111111   2.101851852    2.512345679    0.0632345679   0.5483950617   0.9891666667   1.076388889    1.012345679    0.3169753086   0.4938271605   0.1711501226   
532      I1         0.9611111111   2.101851852    2.512345679    0.0632345679   0.5483950617   0.9891666667   1.138888889    1.012345679    0.3044753086   0.4938271605   0.1233883222   
533      I1         0.9611111111   2.101851852    2.512345679    0.0632345679   0.5483950617   0.9891666667   1.138888889    1.012345679    0.3169753086   0.4438271605   0.1358530223   
534      I1         1.003611111    2.101851852    2.512345679    0.0632345679   0.5483950617   0.9891666667   1.138888889    1.012345679    0.3044753086   0.4938271605   0.124639218    
535      I1         0.9611111111   2.144351852    2.512345679    0.0632345679   0.5483950617   0.9891666667   1.138888889    1.012345679    0.3044753086   0.4938271605   0.1230091312   
536      I1         0.9611111111   2.101851852    2.562345679    0.0632345679   0.5483950617   0.9891666667   1.138888889    1.012345679    0.3044753086   0.4938271605   0.1232994317   
537      I1         0.9611111111   2.101851852    2.512345679    0.0877345679   0.5483950617   0.9891666667   1.138888889    1.012345679    0.3044753086   0.4938271605   0.1255913635   
538      I1         0.9611111111   2.101851852    2.512345679    0.0632345679   0.5728950617   0.9891666667   1.138888889    1.012345679    0.3044753086   0.4938271605   0.1238612667   
539      I1         0.9611111111   2.101851852    2.512345679    0.0632345679   0.5483950617   1.236666667    1.138888889    1.012345679    0.3044753086   0.4938271605   0.1288129143   
540      I1         0.9611111111   2.101851852    2.512345679    0.0632345679   0.5483950617   0.9891666667   1.201388889    1.012345679    0.3044753086   0.4938271605   0.1680735607   
541      I1         0.9611111111   2.101851852    2.512345679    0.0632345679   0.5483950617   0.9891666667   1.138888889    1.062345679    0.3044753086   0.4938271605   0.1232169161   
542      I1         0.9611111111   2.101851852    2.512345679    0.0632345679   0.5483950617   0.9891666667   1.138888889    1.012345679    0.3044753086   0.5438271605   0.1353425014   
543      I1         0.9186111111   2.101851852    2.512345679    0.0632345679   0.5483950617   0.9891666667   1.138888889    1.012345679    0.3044753086   0.4938271605   0.1282940203   
544      I1         0.9611111111   2.059351852    2.512345679    0.0632345679   0.5483950617   0.9891666667   1.138888889    1.012345679    0.3044753086   0.4938271605   0.1246991501   
545      I1         0.9611111111   2.101851852    2.512345679    0.0387345679   0.5483950617   0.9891666667   1.138888889    1.012345679    0.3044753086   0.4938271605   0.1256967738   
546      I1         0.9611111111   2.101851852    2.512345679    0.0632345679   0.5238950617   0.9891666667   1.138888889    1.012345679    0.3044753086   0.4938271605   0.1230996465   
547      I1         0.9611111111   2.101851852    2.512345679    0.0632345679   0.5483950617   0.7416666667   1.138888889    1.012345679    0.3044753086   0.4938271605   0.1259786775   
548      I1         0.9611111111   2.101851852    2.512345679    0.0632345679   0.5483950617   0.9891666667   1.076388889    1.012345679    0.3044753086   0.4938271605   0.1690619268   
549      I1         0.9611111111   2.101851852    2.512345679    0.0632345679   0.5483950617   0.9891666667   1.138888889    1.012345679    0.2919753086   0.4938271605   0.1226240848   
550      I1         0.9611111111   2.101851852    2.512345679    0.0632345679   0.5483950617   0.9891666667   1.138888889    1.012345679    0.3044753086   0.4438271605   0.1336515506   
551      I1         1.046111111    2.101851852    2.512345679    0.0632345679   0.5483950617   0.9891666667   1.138888889    1.012345679    0.2919753086   0.4938271605   0.1290840497   
552      I1         0.9611111111   2.186851852    2.512345679    0.0632345679   0.5483950617   0.9891666667   1.138888889    1.012345679    0.2919753086   0.4938271605   0.12312501     
553      I1         0.9611111111   2.101851852    2.612345679    0.0632345679   0.5483950617   0.9891666667   1.138888889    1.012345679    0.2919753086   0.4938271605   0.1224006605   
554      I1         0.9611111111   2.101851852    2.512345679    0.1122345679   0.5483950617   0.9891666667   1.138888889    1.012345679    0.2919753086   0.4938271605   0.1287005285   
555      I1         0.9611111111   2.101851852    2.512345679    0.0632345679   0.5973950617   0.9891666667   1.138888889    1.012345679    0.2919753086   0.4938271605   0.123446561    
556      I1         0.9611111111   2.101851852    2.512345679    0.0632345679   0.5483950617   1.484166667    1.138888889    1.012345679    0.2919753086   0.4938271605   0.1369551271   
557      I1         0.9611111111   2.101851852    2.512345679    0.0632345679   0.5483950617   0.9891666667   1.263888889    1.012345679    0.2919753086   0.4938271605   0.2297390815   
558      I1         0.9611111111   2.101851852    2.512345679    0.0632345679   0.5483950617   0.9891666667   1.138888889    1.112345679    0.2919753086   0.4938271605   0.123037913    
559      I1         0.9611111111   2.101851852    2.512345679    0.0632345679   0.5483950617   0.9891666667   1.138888889    1.012345679    0.2919753086   0.5938271605   0.1568328996   
560      I1         0.8761111111   2.101851852    2.512345679    0.0632345679   0.5483950617   0.9891666667   1.138888889    1.012345679    0.2919753086   0.4938271605   0.1365012248   
561      I1         0.9611111111   2.016851852    2.512345679    0.0632345679   0.5483950617   0.9891666667   1.138888889    1.012345679    0.2919753086   0.4938271605   0.1256312537   
562      I1         0.9611111111   2.101851852    2.512345679    0.0142345679   0.5483950617   0.9891666667   1.138888889    1.012345679    0.2919753086   0.4938271605   0.1314022109   
563      I1         0.9611111111   2.101851852    2.512345679    0.0632345679   0.4993950617   0.9891666667   1.138888889    1.012345679    0.2919753086   0.4938271605   0.1225699474   
564      I1         0.9611111111   2.101851852    2.512345679    0.0632345679   0.5483950617   0.4941666667   1.138888889    1.012345679    0.2919753086   0.4938271605   0.1353936604   
565      I1         0.9611111111   2.101851852    2.512345679    0.0632345679   0.5483950617   0.9891666667   1.013888889    1.012345679    0.2919753086   0.4938271605   0.2437601548   
566      I1         0.9611111111   2.101851852    2.512345679    0.0632345679   0.5483950617   0.9891666667   1.138888889    1.012345679    0.2669753086   0.4938271605   0.1218236499   
567      I1         0.9611111111   2.101851852    2.512345679    0.0632345679   0.5483950617   0.9891666667   1.138888889    1.012345679    0.2919753086   0.3938271605   0.1571889175   
568      I1         1.003611111    2.101851852    2.512345679    0.0632345679   0.5483950617   0.9891666667   1.138888889    1.012345679    0.2919753086   0.4938271605   0.1231674163   
569      I1         0.9611111111   2.144351852    2.512345679    0.0632345679   0.5483950617   0.9891666667   1.138888889    1.012345679    0.2919753086   0.4938271605   0.1226261751   
570      I1         0.9611111111   2.101851852    2.562345679    0.0632345679   0.5483950617   0.9891666667   1.138888889    1.012345679    0.2919753086   0.4938271605   0.1225002775   
571      I1         0.9611111111   2.101851852    2.512345679    0.0877345679   0.5483950617   0.9891666667   1.138888889    1.012345679    0.2919753086   0.4938271605   0.1239503312   
572      I1         0.9611111111   2.101851852    2.512345679    0.0632345679   0.5728950617   0.9891666667   1.138888889    1.012345679    0.2919753086   0.4938271605   0.1229296945   
573      I1         0.9611111111   2.101851852    2.512345679    0.0632345679   0.5483950617   1.236666667    1.138888889    1.012345679    0.2919753086   0.4938271605   0.1288680664   
574      I1         0.9611111111   2.101851852    2.512345679    0.0632345679   0.5483950617   0.9891666667   1.201388889    1.012345679    0.2919753086   0.4938271605   0.1703223444   
575      I1         0.9611111111   2.101851852    2.512345679    0.0632345679   0.5483950617   0.9891666667   1.138888889    1.062345679    0.2919753086   0.4938271605   0.1226996906   
576      I1         0.9611111111   2.101851852    2.512345679    0.0632345679   0.5483950617   0.9891666667   1.138888889    1.012345679    0.2919753086   0.5438271605   0.1357138087   
577      I1         0.9186111111   2.101851852    2.512345679    0.0632345679   0.5483950617   0.9891666667   1.138888889    1.012345679    0.2919753086   0.4938271605   0.1286679634   
578      I1         0.9611111111   2.059351852    2.512345679    0.0632345679   0.5483950617   0.9891666667   1.138888889    1.012345679    0.2919753086   0.4938271605   0.123543031    
579      I1         0.9611111111   2.101851852    2.512345679    0.0387345679   0.5483950617   0.9891666667   1.138888889    1.012345679    0.2919753086   0.4938271605   0.1258313343   
580      I1         0.9611111111   2.101851852    2.512345679    0.0632345679   0.5238950617   0.9891666667   1.138888889    1.012345679    0.2919753086   0.4938271605   0.1225126403   
581      I1         0.9611111111   2.101851852    2.512345679    0.0632345679   0.5483950617   0.7416666667   1.138888889    1.012345679    0.2919753086   0.4938271605   0.1245202972   
582      I1         0.9611111111   2.101851852    2.512345679    0.0632345679   0.5483950617   0.9891666667   1.076388889    1.012345679    0.2919753086   0.4938271605   0.1673288098   
583      I1         0.9611111111   2.101851852    2.512345679    0.0632345679   0.5483950617   0.9891666667   1.138888889    1.012345679    0.2794753086   0.4938271605   0.122124873    
584      I1         0.9611111111   2.101851852    2.512345679    0.0632345679   0.5483950617   0.9891666667   1.138888889    1.012345679    0.2919753086   0.4438271605   0.131702628    
585      I1         0.9823611111   2.101851852    2.512345679    0.0632345679   0.5483950617   0.9891666667   1.138888889    1.012345679    0.2919753086   0.4938271605   0.1219563091   
586      I1         0.9611111111   2.123101852    2.512345679    0.0632345679   0.5483950617   0.9891666667   1.138888889    1.012345679    0.2919753086   0.4938271605   0.1225394439   
587      I1         0.9611111111   2.101851852    2.537345679    0.0632345679   0.5483950617   0.9891666667   1.138888889    1.012345679    0.2919753086   0.4938271605   0.1225594168   
588      I1         0.9611111111   2.101851852    2.512345679    0.0754845679   0.5483950617   0.9891666667   1.138888889    1.012345679    0.2919753086   0.4938271605   0.1227055763   
589      I1         0.9611111111   2.101851852    2.512345679    0.0632345679   0.5606450617   0.9891666667   1.138888889    1.012345679    0.2919753086   0.4938271605   0.1227513409   
590      I1         0.9611111111   2.101851852    2.512345679    0.0632345679   0.5483950617   1.112916667    1.138888889    1.012345679    0.2919753086   0.4938271605   0.124970404    
591      I1         0.9611111111   2.101851852    2.512345679    0.0632345679   0.5483950617   0.9891666667   1.170138889    1.012345679    0.2919753086   0.4938271605   0.1424983715   
592      I1         0.9611111111   2.101851852    2.512345679    0.0632345679   0.5483950617   0.9891666667   1.138888889    1.037345679    0.2919753086   0.4938271605   0.1227776541   
593      I1         0.9611111111   2.101851852    2.512345679    0.0632345679   0.5483950617   0.9891666667   1.138888889    1.012345679    0.2982253086   0.4938271605   0.1229711582   
594      I1         0.9611111111   2.101851852    2.512345679    0.0632345679   0.5483950617   0.9891666667   1.138888889    1.012345679    0.2919753086   0.5188271605   0.1275915415   
595      I1         0.9398611111   2.101851852    2.512345679    0.0632345679   0.5483950617   0.9891666667   1.138888889    1.012345679    0.2919753086   0.4938271605   0.1251177313   
596      I1         0.9611111111   2.080601852    2.512345679    0.0632345679   0.5483950617   0.9891666667   1.138888889    1.012345679    0.2919753086   0.4938271605   0.1229351788   
597      I1         0.9611111111   2.101851852    2.512345679    0.0509845679   0.5483950617   0.9891666667   1.138888889    1.012345679    0.2919753086   0.4938271605   0.1237698618   
598      I1         0.9611111111   2.101851852    2.512345679    0.0632345679   0.5361450617   0.9891666667   1.138888889    1.012345679    0.2919753086   0.4938271605   0.1225455253   
599      I1         0.9611111111   2.101851852    2.512345679    0.0632345679   0.5483950617   0.8654166667   1.138888889    1.012345679    0.2919753086   0.4938271605   0.1227210545   
600      I1         0.9611111111   2.101851852    2.512345679    0.0632345679   0.5483950617   0.9891666667   1.107638889    1.012345679    0.2919753086   0.4938271605   0.1378018983   
601      I1         0.9611111111   2.101851852    2.512345679    0.0632345679   0.5483950617   0.9891666667   1.138888889    1.012345679    0.2857253086   0.4938271605   0.122342479    
602      I1         0.9611111111   2.101851852    2.512345679    0.0632345679   0.5483950617   0.9891666667   1.138888889    1.012345679    0.2919753086   0.4688271605   0.1240280998   
603      I1         0.9823611111   2.123101852    2.512345679    0.0632345679   0.5483950617   0.9891666667   1.138888889    1.012345679    0.2919753086   0.4938271605   0.1212978845   
604      I1         0.9823611111   2.101851852    2.537345679    0.0632345679   0.5483950617   0.9891666667   1.138888889    1.012345679    0.2919753086   0.4938271605   0.121932219    
605      I1         0.9823611111   2.101851852    2.512345679    0.0754845679   0.5483950617   0.9891666667   1.138888889    1.012345679    0.2919753086   0.4938271605   0.1233985819   
606      I1         0.9823611111   2.101851852    2.512345679    0.0632345679   0.5606450617   0.9891666667   1.138888889    1.012345679    0.2919753086   0.4938271605   0.1223356301   
607      I1         0.9823611111   2.101851852    2.512345679    0.0632345679   0.5483950617   1.112916667    1.138888889    1.012345679    0.2919753086   0.4938271605   0.1226793522   
608      I1         0.9823611111   2.101851852    2.512345679    0.0632345679   0.5483950617   0.9891666667   1.170138889    1.012345679    0.2919753086   0.4938271605   0.1371746636   
609      I1         0.9823611111   2.101851852    2.512345679    0.0632345679   0.5483950617   0.9891666667   1.138888889    1.037345679    0.2919753086   0.4938271605   0.1214957569   
610      I1         0.9823611111   2.101851852    2.512345679    0.0632345679   0.5483950617   0.9891666667   1.138888889    1.012345679    0.2982253086   0.4938271605   0.1225513954   
611      I1         0.9823611111   2.101851852    2.512345679    0.0632345679   0.5483950617   0.9891666667   1.138888889    1.012345679    0.2919753086   0.5188271605   0.1242752052   
612      I1         0.9823611111   2.080601852    2.512345679    0.0632345679   0.5483950617   0.9891666667   1.138888889    1.012345679    0.2919753086   0.4938271605   0.1228391898   
613      I1         0.9823611111   2.101851852    2.512345679    0.0509845679   0.5483950617   0.9891666667   1.138888889    1.012345679    0.2919753086   0.4938271605   0.1215638815   
614      I1         0.9823611111   2.101851852    2.512345679    0.0632345679   0.5361450617   0.9891666667   1.138888889    1.012345679    0.2919753086   0.4938271605   0.1216196363   
615      I1         0.9823611111   2.101851852    2.512345679    0.0632345679   0.5483950617   0.8654166667   1.138888889    1.012345679    0.2919753086   0.4938271605   0.1231774781   
616      I1         0.9823611111   2.101851852    2.512345679    0.0632345679   0.5483950617   0.9891666667   1.107638889    1.012345679    0.2919753086   0.4938271605   0.1416338904   
617      I1         0.9823611111   2.101851852    2.512345679    0.0632345679   0.5483950617   0.9891666667   1.138888889    1.012345679    0.2857253086   0.4938271605   0.1214248773   
618      I1         0.9823611111   2.101851852    2.512345679    0.0632345679   0.5483950617   0.9891666667   1.138888889    1.012345679    0.2919753086   0.4688271605   0.1263760881   
619      I1         1.003611111    2.123101852    2.512345679    0.0632345679   0.5483950617   0.9891666667   1.138888889    1.012345679    0.2919753086   0.4938271605   0.1221343718   
620      I1         0.9823611111   2.144351852    2.512345679    0.0632345679   0.5483950617   0.9891666667   1.138888889    1.012345679    0.2919753086   0.4938271605   0.1208387507   
621      I1         0.9823611111   2.123101852    2.537345679    0.0632345679   0.5483950617   0.9891666667   1.138888889    1.012345679    0.2919753086   0.4938271605   0.1212660477   
622      I1         0.9823611111   2.123101852    2.512345679    0.0754845679   0.5483950617   0.9891666667   1.138888889    1.012345679    0.2919753086   0.4938271605   0.1224329526   
623      I1         0.9823611111   2.123101852    2.512345679    0.0632345679   0.5606450617   0.9891666667   1.138888889    1.012345679    0.2919753086   0.4938271605   0.1215734265   
624      I1         0.9823611111   2.123101852    2.512345679    0.0632345679   0.5483950617   1.112916667    1.138888889    1.012345679    0.2919753086   0.4938271605   0.1225079642   
625      I1         0.9823611111   2.123101852    2.512345679    0.0632345679   0.5483950617   0.9891666667   1.170138889    1.012345679    0.2919753086   0.4938271605   0.1382253862   
626      I1         0.9823611111   2.123101852    2.512345679    0.0632345679   0.5483950617   0.9891666667   1.138888889    1.037345679    0.2919753086   0.4938271605   0.1210115391   
627      I1         0.9823611111   2.123101852    2.512345679    0.0632345679   0.5483950617   0.9891666667   1.138888889    1.012345679    0.2982253086   0.4938271605   0.1218370138   
628      I1         0.9823611111   2.123101852    2.512345679    0.0632345679   0.5483950617   0.9891666667   1.138888889    1.012345679    0.2919753086   0.5188271605   0.1244699008   
629      I1         0.9823611111   2.123101852    2.512345679    0.0509845679   0.5483950617   0.9891666667   1.138888889    1.012345679    0.2919753086   0.4938271605   0.1213562567   
630      I1         0.9823611111   2.123101852    2.512345679    0.0632345679   0.5361450617   0.9891666667   1.138888889    1.012345679    0.2919753086   0.4938271605   0.1210616422   
631      I1         0.9823611111   2.123101852    2.512345679    0.0632345679   0.5483950617   0.8654166667   1.138888889    1.012345679    0.2919753086   0.4938271605   0.1222775193   
632      I1         0.9823611111   2.123101852    2.512345679    0.0632345679   0.5483950617   0.9891666667   1.107638889    1.012345679    0.2919753086   0.4938271605   0.1401882283   
633      I1         0.9823611111   2.123101852    2.512345679    0.0632345679   0.5483950617   0.9891666667   1.138888889    1.012345679    0.2857253086   0.4938271605   0.1208253785   
634      I1         0.9823611111   2.123101852    2.512345679    0.0632345679   0.5483950617   0.9891666667   1.138888889    1.012345679    0.2919753086   0.4688271605   0.1251116229   
635      I1         1.003611111    2.123101852    2.512345679    0.0632345679   0.5483950617   0.9891666667   1.138888889    1.012345679    0.2857253086   0.4938271605   0.121483187    
636      I1         0.9823611111   2.144351852    2.512345679    0.0632345679   0.5483950617   0.9891666667   1.138888889    1.012345679    0.2857253086   0.4938271605   0.1204333013   
637      I1         0.9823611111   2.123101852    2.537345679    0.0632345679   0.5483950617   0.9891666667   1.138888889    1.012345679    0.2857253086   0.4938271605   0.1207847518   
638      I1         0.9823611111   2.123101852    2.512345679    0.0754845679   0.5483950617   0.9891666667   1.138888889    1.012345679    0.2857253086   0.4938271605   0.121783136    
639      I1         0.9823611111   2.123101852    2.512345679    0.0632345679   0.5606450617   0.9891666667   1.138888889    1.012345679    0.2857253086   0.4938271605   0.1210749214   
640      I1         0.9823611111   2.123101852    2.512345679    0.0632345679   0.5483950617   1.112916667    1.138888889    1.012345679    0.2857253086   0.4938271605   0.1222921768   
641      I1         0.9823611111   2.123101852    2.512345679    0.0632345679   0.5483950617   0.9891666667   1.170138889    1.012345679    0.2857253086   0.4938271605   0.1385507802   
642      I1         0.9823611111   2.123101852    2.512345679    0.0632345679   0.5483950617   0.9891666667   1.138888889    1.037345679    0.2857253086   0.4938271605   0.1206327      
643      I1         0.9823611111   2.123101852    2.512345679    0.0632345679   0.5483950617   0.9891666667   1.138888889    1.012345679    0.2857253086   0.5188271605   0.124384992    
644      I1         0.9611111111   2.123101852    2.512345679    0.0632345679   0.5483950617   0.9891666667   1.138888889    1.012345679    0.2857253086   0.4938271605   0.1223507009   
645      I1         0.9823611111   2.123101852    2.512345679    0.0509845679   0.5483950617   0.9891666667   1.138888889    1.012345679    0.2857253086   0.4938271605   0.1211186254   
646      I1         0.9823611111   2.123101852    2.512345679    0.0632345679   0.5361450617   0.9891666667   1.138888889    1.012345679    0.2857253086   0.4938271605   0.1206176193   
647      I1         0.9823611111   2.123101852    2.512345679    0.0632345679   0.5483950617   0.8654166667   1.138888889    1.012345679    0.2857253086   0.4938271605   0.1216747317   
648      I1         0.9823611111   2.123101852    2.512345679    0.0632345679   0.5483950617   0.9891666667   1.107638889    1.012345679    0.2857253086   0.4938271605   0.1394673539   
649      I1         0.9823611111   2.123101852    2.512345679    0.0632345679   0.5483950617   0.9891666667   1.138888889    1.012345679    0.2794753086   0.4938271605   0.1204018587   
650      I1         0.9823611111   2.123101852    2.512345679    0.0632345679   0.5483950617   0.9891666667   1.138888889    1.012345679    0.2857253086   0.4688271605   0.1243744038   
651      I1         1.003611111    2.123101852    2.512345679    0.0632345679   0.5483950617   0.9891666667   1.138888889    1.012345679    0.2794753086   0.4938271605   0.1208811323   
652      I1         0.9823611111   2.144351852    2.512345679    0.0632345679   0.5483950617   0.9891666667   1.138888889    1.012345679    0.2794753086   0.4938271605   0.1200805994   
653      I1         0.9823611111   2.123101852    2.537345679    0.0632345679   0.5483950617   0.9891666667   1.138888889    1.012345679    0.2794753086   0.4938271605   0.1203528841   
654      I1         0.9823611111   2.123101852    2.512345679    0.0754845679   0.5483950617   0.9891666667   1.138888889    1.012345679    0.2794753086   0.4938271605   0.1211752953   
655      I1         0.9823611111   2.123101852    2.512345679    0.0632345679   0.5606450617   0.9891666667   1.138888889    1.012345679    0.2794753086   0.4938271605   0.1206234158   
656      I1         0.9823611111   2.123101852    2.512345679    0.0632345679   0.5483950617   1.112916667    1.138888889    1.012345679    0.2794753086   0.4938271605   0.1221287932   
657      I1         0.9823611111   2.123101852    2.512345679    0.0632345679   0.5483950617   0.9891666667   1.170138889    1.012345679    0.2794753086   0.4938271605   0.1388682918   
658      I1         0.9823611111   2.123101852    2.512345679    0.0632345679   0.5483950617   0.9891666667   1.138888889    1.037345679    0.2794753086   0.4938271605   0.1203044001   
659      I1         0.9823611111   2.123101852    2.512345679    0.0632345679   0.5483950617   0.9891666667   1.138888889    1.012345679    0.2794753086   0.5188271605   0.1243241852   
660      I1         0.9611111111   2.123101852    2.512345679    0.0632345679   0.5483950617   0.9891666667   1.138888889    1.012345679    0.2794753086   0.4938271605   0.122218809    
661      I1         0.9823611111   2.101851852    2.512345679    0.0632345679   0.5483950617   0.9891666667   1.138888889    1.012345679    0.2794753086   0.4938271605   0.120937827    
662      I1         0.9823611111   2.123101852    2.512345679    0.0509845679   0.5483950617   0.9891666667   1.138888889    1.012345679    0.2794753086   0.4938271605   0.1209255138   
663      I1         0.9823611111   2.123101852    2.512345679    0.0632345679   0.5361450617   0.9891666667   1.138888889    1.012345679    0.2794753086   0.4938271605   0.1202244022   
664      I1         0.9823611111   2.123101852    2.512345679    0.0632345679   0.5483950617   0.8654166667   1.138888889    1.012345679    0.2794753086   0.4938271605   0.1211195597   
665      I1         0.9823611111   2.123101852    2.512345679    0.0632345679   0.5483950617   0.9891666667   1.107638889    1.012345679    0.2794753086   0.4938271605   0.1388377522   
666      I1         0.9823611111   2.123101852    2.512345679    0.0632345679   0.5483950617   0.9891666667   1.138888889    1.012345679    0.2732253086   0.4938271605   0.1200300957   
667      I1         0.9823611111   2.123101852    2.512345679    0.0632345679   0.5483950617   0.9891666667   1.138888889    1.012345679    0.2794753086   0.4688271605   0.1236772199   
668      I1         1.024861111    2.123101852    2.512345679    0.0632345679   0.5483950617   0.9891666667   1.138888889    1.012345679    0.2732253086   0.4938271605   0.1225926086   
669      I1         0.9823611111   2.165601852    2.512345679    0.0632345679   0.5483950617   0.9891666667   1.138888889    1.012345679    0.2732253086   0.4938271605   0.1197257973   
670      I1         0.9823611111   2.123101852    2.562345679    0.0632345679   0.5483950617   0.9891666667   1.138888889    1.012345679    0.2732253086   0.4938271605   0.1199219654   
671      I1         0.9823611111   2.123101852    2.512345679    0.0877345679   0.5483950617   0.9891666667   1.138888889    1.012345679    0.2732253086   0.4938271605   0.1222585591   
672      I1         0.9823611111   2.123101852    2.512345679    0.0632345679   0.5728950617   0.9891666667   1.138888889    1.012345679    0.2732253086   0.4938271605   0.120460677    
673      I1         0.9823611111   2.123101852    2.512345679    0.0632345679   0.5483950617   1.236666667    1.138888889    1.012345679    0.2732253086   0.4938271605   0.1257787639   
674      I1         0.9823611111   2.123101852    2.512345679    0.0632345679   0.5483950617   0.9891666667   1.201388889    1.012345679    0.2732253086   0.4938271605   0.1686005659   
675      I1         0.9823611111   2.123101852    2.512345679    0.0632345679   0.5483950617   0.9891666667   1.138888889    1.062345679    0.2732253086   0.4938271605   0.1199388524   
676      I1         0.9823611111   2.123101852    2.512345679    0.0632345679   0.5483950617   0.9891666667   1.138888889    1.012345679    0.2857253086   0.4938271605   0.1208253785   
677      I1         0.9823611111   2.123101852    2.512345679    0.0632345679   0.5483950617   0.9891666667   1.138888889    1.012345679    0.2732253086   0.5438271605   0.1321361232   
678      I1         0.9398611111   2.123101852    2.512345679    0.0632345679   0.5483950617   0.9891666667   1.138888889    1.012345679    0.2732253086   0.4938271605   0.1257691829   
679      I1         0.9823611111   2.080601852    2.512345679    0.0632345679   0.5483950617   0.9891666667   1.138888889    1.012345679    0.2732253086   0.4938271605   0.121219452    
680      I1         0.9823611111   2.123101852    2.512345679    0.0387345679   0.5483950617   0.9891666667   1.138888889    1.012345679    0.2732253086   0.4938271605   0.1226076016   
681      I1         0.9823611111   2.123101852    2.512345679    0.0632345679   0.5238950617   0.9891666667   1.138888889    1.012345679    0.2732253086   0.4938271605   0.1197839272   
682      I1         0.9823611111   2.123101852    2.512345679    0.0632345679   0.5483950617   0.7416666667   1.138888889    1.012345679    0.2732253086   0.4938271605   0.1230898159   
683      I1         0.9823611111   2.123101852    2.512345679    0.0632345679   0.5483950617   0.9891666667   1.076388889    1.012345679    0.2732253086   0.4938271605   0.1696059804   
684      I1         0.9823611111   2.123101852    2.512345679    0.0632345679   0.5483950617   0.9891666667   1.138888889    1.012345679    0.2607253086   0.4938271605   0.1194372828   
685      I1         0.9823611111   2.123101852    2.512345679    0.0632345679   0.5483950617   0.9891666667   1.138888889    1.012345679    0.2732253086   0.4438271605   0.1317682635   
686      I1         1.003611111    2.123101852    2.512345679    0.0632345679   0.5483950617   0.9891666667   1.138888889    1.012345679    0.2732253086   0.4938271605   0.1203315817   
687      I1         0.9823611111   2.144351852    2.512345679    0.0632345679   0.5483950617   0.9891666667   1.138888889    1.012345679    0.2732253086   0.4938271605   0.1197829236   
688      I1         0.9823611111   2.123101852    2.537345679    0.0632345679   0.5483950617   0.9891666667   1.138888889    1.012345679    0.2732253086   0.4938271605   0.1199732843   
689      I1         0.9823611111   2.123101852    2.512345679    0.0754845679   0.5483950617   0.9891666667   1.138888889    1.012345679    0.2732253086   0.4938271605   0.1206142755   
690      I1         0.9823611111   2.123101852    2.512345679    0.0632345679   0.5606450617   0.9891666667   1.138888889    1.012345679    0.2732253086   0.4938271605   0.1202218283   
691      I1         0.9823611111   2.123101852    2.512345679    0.0632345679   0.5483950617   1.112916667    1.138888889    1.012345679    0.2732253086   0.4938271605   0.122002761    
692      I1         0.9823611111   2.123101852    2.512345679    0.0632345679   0.5483950617   0.9891666667   1.170138889    1.012345679    0.2732253086   0.4938271605   0.1391761736   
693      I1         0.9823611111   2.123101852    2.512345679    0.0632345679   0.5483950617   0.9891666667   1.138888889    1.037345679    0.2732253086   0.4938271605   0.1200280876   
694      I1         0.9823611111   2.123101852    2.512345679    0.0632345679   0.5483950617   0.9891666667   1.138888889    1.012345679    0.2732253086   0.5188271605   0.1242875721   
695      I1         0.9611111111   2.123101852    2.512345679    0.0632345679   0.5483950617   0.9891666667   1.138888889    1.012345679    0.2732253086   0.4938271605   0.1221286324   
696      I1         0.9823611111   2.101851852    2.512345679    0.0632345679   0.5483950617   0.9891666667   1.138888889    1.012345679    0.2732253086   0.4938271605   0.1204992359   
697      I1         0.9823611111   2.123101852    2.512345679    0.0509845679   0.5483950617   0.9891666667   1.138888889    1.012345679    0.2732253086   0.4938271605   0.1207768318   
698      I1         0.9823611111   2.123101852    2.512345679    0.0632345679   0.5361450617   0.9891666667   1.138888889    1.012345679    0.2732253086   0.4938271605   0.1198846505   
699      I1         0.9823611111   2.123101852    2.512345679    0.0632345679   0.5483950617   0.8654166667   1.138888889    1.012345679    0.2732253086   0.4938271605   0.1206107297   
700      I1         0.9823611111   2.123101852    2.512345679    0.0632345679   0.5483950617   0.9891666667   1.107638889    1.012345679    0.2732253086   0.4938271605   0.1383116222   
701      I1         0.9823611111   2.123101852    2.512345679    0.0632345679   0.5483950617   0.9891666667   1.138888889    1.012345679    0.2669753086   0.4938271605   0.1197084775   
702      I1         0.9823611111   2.123101852    2.512345679    0.0632345679   0.5483950617   0.9891666667   1.138888889    1.012345679    0.2732253086   0.4688271605   0.1230244759   
703      I1         1.003611111    2.123101852    2.512345679    0.0632345679   0.5483950617   0.9891666667   1.138888889    1.012345679    0.2669753086   0.4938271605   0.1198260511   
704      I1         0.9823611111   2.144351852    2.512345679    0.0632345679   0.5483950617   0.9891666667   1.138888889    1.012345679    0.2669753086   0.4938271605   0.1195375088   
705      I1         0.9823611111   2.123101852    2.537345679    0.0632345679   0.5483950617   0.9891666667   1.138888889    1.012345679    0.2669753086   0.4938271605   0.1196443936   
706      I1         0.9823611111   2.123101852    2.512345679    0.0754845679   0.5483950617   0.9891666667   1.138888889    1.012345679    0.2669753086   0.4938271605   0.1201012248   
707      I1         0.9823611111   2.123101852    2.512345679    0.0632345679   0.5606450617   0.9891666667   1.138888889    1.012345679    0.2669753086   0.4938271605   0.1198688218   
708      I1         0.9823611111   2.123101852    2.512345679    0.0632345679   0.5483950617   1.112916667    1.138888889    1.012345679    0.2669753086   0.4938271605   0.1219161388   
709      I1         0.9823611111   2.123101852    2.512345679    0.0632345679   0.5483950617   0.9891666667   1.170138889    1.012345679    0.2669753086   0.4938271605   0.1394696369   
710      I1         0.9823611111   2.123101852    2.512345679    0.0632345679   0.5483950617   0.9891666667   1.138888889    1.037345679    0.2669753086   0.4938271605   0.1198008308   
711      I1         0.9823611111   2.123101852    2.512345679    0.0632345679   0.5483950617   0.9891666667   1.138888889    1.012345679    0.2669753086   0.5188271605   0.124271213    
712      I1         0.9611111111   2.123101852    2.512345679    0.0632345679   0.5483950617   0.9891666667   1.138888889    1.012345679    0.2669753086   0.4938271605   0.1220755182   
713      I1         0.9823611111   2.101851852    2.512345679    0.0632345679   0.5483950617   0.9891666667   1.138888889    1.012345679    0.2669753086   0.4938271605   0.1201090904   
714      I1         0.9823611111   2.123101852    2.512345679    0.0509845679   0.5483950617   0.9891666667   1.138888889    1.012345679    0.2669753086   0.4938271605   0.1206678602   
715      I1         0.9823611111   2.123101852    2.512345679    0.0632345679   0.5361450617   0.9891666667   1.138888889    1.012345679    0.2669753086   0.4938271605   0.1195963304   
716      I1         0.9823611111   2.123101852    2.512345679    0.0632345679   0.5483950617   0.8654166667   1.138888889    1.012345679    0.2669753086   0.4938271605   0.1201484136   
717      I1         0.9823611111   2.123101852    2.512345679    0.0632345679   0.5483950617   0.9891666667   1.107638889    1.012345679    0.2669753086   0.4938271605   0.137830488    
718      I1         0.9823611111   2.123101852    2.512345679    0.0632345679   0.5483950617   0.9891666667   1.138888889    1.012345679    0.2607253086   0.4938271605   0.1194372828   
719      I1         0.9823611111   2.123101852    2.512345679    0.0632345679   0.5483950617   0.9891666667   1.138888889    1.012345679    0.2669753086   0.4688271605   0.1224173078   
720      I1         1.003611111    2.123101852    2.512345679    0.0632345679   0.5483950617   0.9891666667   1.138888889    1.012345679    0.2607253086   0.4938271605   0.1193628263   
721      I1         0.9823611111   2.144351852    2.512345679    0.0632345679   0.5483950617   0.9891666667   1.138888889    1.012345679    0.2607253086   0.4938271605   0.1193402466   
722      I1         0.9823611111   2.123101852    2.537345679    0.0632345679   0.5483950617   0.9891666667   1.138888889    1.012345679    0.2607253086   0.4938271605   0.1193668081   
723      I1         0.9823611111   2.123101852    2.512345679    0.0754845679   0.5483950617   0.9891666667   1.138888889    1.012345679    0.2607253086   0.4938271605   0.1196402006   
724      I1         0.9823611111   2.123101852    2.512345679    0.0632345679   0.5606450617   0.9891666667   1.138888889    1.012345679    0.2607253086   0.4938271605   0.1195663941   
725      I1         0.9823611111   2.123101852    2.512345679    0.0632345679   0.5483950617   1.112916667    1.138888889    1.012345679    0.2607253086   0.4938271605   0.1218600291   
726      I1         0.9823611111   2.123101852    2.512345679    0.0632345679   0.5483950617   0.9891666667   1.170138889    1.012345679    0.2607253086   0.4938271605   0.1397467443   
727      I1         0.9823611111   2.123101852    2.512345679    0.0632345679   0.5483950617   0.9891666667   1.138888889    1.037345679    0.2607253086   0.4938271605   0.1196189558   
728      I1         0.9823611111   2.123101852    2.512345679    0.0632345679   0.5483950617   0.9891666667   1.138888889    1.012345679    0.2607253086   0.5188271605   0.1242664679   
729      I1         0.9611111111   2.123101852    2.512345679    0.0632345679   0.5483950617   0.9891666667   1.138888889    1.012345679    0.2607253086   0.4938271605   0.1220533699   
730      I1         0.9823611111   2.101851852    2.512345679    0.0632345679   0.5483950617   0.9891666667   1.138888889    1.012345679    0.2607253086   0.4938271605   0.119769445    
731      I1         0.9823611111   2.123101852    2.512345679    0.0509845679   0.5483950617   0.9891666667   1.138888889    1.012345679    0.2607253086   0.4938271605   0.1205906414   
732      I1         0.9823611111   2.123101852    2.512345679    0.0632345679   0.5361450617   0.9891666667   1.138888889    1.012345679    0.2607253086   0.4938271605   0.1193578297   
733      I1         0.9823611111   2.123101852    2.512345679    0.0632345679   0.5483950617   0.8654166667   1.138888889    1.012345679    0.2607253086   0.4938271605   0.1197389112   
734      I1         0.9823611111   2.123101852    2.512345679    0.0632345679   0.5483950617   0.9891666667   1.107638889    1.012345679    0.2607253086   0.4938271605   0.1373947267   
735      I1         0.9823611111   2.123101852    2.512345679    0.0632345679   0.5483950617   0.9891666667   1.138888889    1.012345679    0.2544753086   0.4938271605   0.11920739     
736      I1         0.9823611111   2.123101852    2.512345679    0.0632345679   0.5483950617   0.9891666667   1.138888889    1.012345679    0.2607253086   0.4688271605   0.1218695171   
737      I1         1.003611111    2.123101852    2.512345679    0.0632345679   0.5483950617   0.9891666667   1.138888889    1.012345679    0.2544753086   0.4938271605   0.1189406268   
738      I1         0.9823611111   2.144351852    2.512345679    0.0632345679   0.5483950617   0.9891666667   1.138888889    1.012345679    0.2544753086   0.4938271605   0.1191819804   
739      I1         0.9823611111   2.123101852    2.537345679    0.0632345679   0.5483950617   0.9891666667   1.138888889    1.012345679    0.2544753086   0.4938271605   0.1191314455   
740      I1         0.9823611111   2.123101852    2.512345679    0.0754845679   0.5483950617   0.9891666667   1.138888889    1.012345679    0.2544753086   0.4938271605   0.1192231935   
741      I1         0.9823611111   2.123101852    2.512345679    0.0632345679   0.5606450617   0.9891666667   1.138888889    1.012345679    0.2544753086   0.4938271605   0.1193054964   
742      I1         0.9823611111   2.123101852    2.512345679    0.0632345679   0.5483950617   1.112916667    1.138888889    1.012345679    0.2544753086   0.4938271605   0.1218266343   
743      I1         0.9823611111   2.123101852    2.512345679    0.0632345679   0.5483950617   0.9891666667   1.170138889    1.012345679    0.2544753086   0.4938271605   0.1399976041   
744      I1         0.9823611111   2.123101852    2.512345679    0.0632345679   0.5483950617   0.9891666667   1.138888889    1.037345679    0.2544753086   0.4938271605   0.1194736955   
745      I1         0.9823611111   2.123101852    2.512345679    0.0632345679   0.5483950617   0.9891666667   1.138888889    1.012345679    0.2544753086   0.5188271605   0.1242702664   
746      I1         0.9611111111   2.123101852    2.512345679    0.0632345679   0.5483950617   0.9891666667   1.138888889    1.012345679    0.2544753086   0.4938271605   0.1220502078   
747      I1         0.9823611111   2.101851852    2.512345679    0.0632345679   0.5483950617   0.9891666667   1.138888889    1.012345679    0.2544753086   0.4938271605   0.1194707759   
748      I1         0.9823611111   2.123101852    2.512345679    0.0509845679   0.5483950617   0.9891666667   1.138888889    1.012345679    0.2544753086   0.4938271605   0.1205381298   
749      I1         0.9823611111   2.123101852    2.512345679    0.0632345679   0.5361450617   0.9891666667   1.138888889    1.012345679    0.2544753086   0.4938271605   0.1191600436   
750      I1         0.9823611111   2.123101852    2.512345679    0.0632345679   0.5483950617   0.8654166667   1.138888889    1.012345679    0.2544753086   0.4938271605   0.1193725417   
751      I1         0.9823611111   2.123101852    2.512345679    0.0632345679   0.5483950617   0.9891666667   1.107638889    1.012345679    0.2544753086   0.4938271605   0.1370041132   
752      I1         0.9823611111   2.123101852    2.512345679    0.0632345679   0.5483950617   0.9891666667   1.138888889    1.012345679    0.2482253086   0.4938271605   0.1190171814   
753      I1         0.9823611111   2.123101852    2.512345679    0.0632345679   0.5483950617   0.9891666667   1.138888889    1.012345679    0.2544753086   0.4688271605   0.1213694954   
754      I1         1.024861111    2.123101852    2.512345679    0.0632345679   0.5483950617   0.9891666667   1.138888889    1.012345679    0.2544753086   0.4938271605   0.1212341351   
755      I1         1.003611111    2.144351852    2.512345679    0.0632345679   0.5483950617   0.9891666667   1.138888889    1.012345679    0.2544753086   0.4938271605   0.1182086845   
756      I1         1.003611111    2.123101852    2.537345679    0.0632345679   0.5483950617   0.9891666667   1.138888889    1.012345679    0.2544753086   0.4938271605   0.1189051901   
757      I1         1.003611111    2.123101852    2.512345679    0.0754845679   0.5483950617   0.9891666667   1.138888889    1.012345679    0.2544753086   0.4938271605   0.1205715153   
758      I1         1.003611111    2.123101852    2.512345679    0.0632345679   0.5606450617   0.9891666667   1.138888889    1.012345679    0.2544753086   0.4938271605   0.1193410414   
759      I1         1.003611111    2.123101852    2.512345679    0.0632345679   0.5483950617   1.112916667    1.138888889    1.012345679    0.2544753086   0.4938271605   0.1193828081   
760      I1         1.003611111    2.123101852    2.512345679    0.0632345679   0.5483950617   0.9891666667   1.170138889    1.012345679    0.2544753086   0.4938271605   0.1343230211   
761      I1         1.003611111    2.123101852    2.512345679    0.0632345679   0.5483950617   0.9891666667   1.138888889    1.037345679    0.2544753086   0.4938271605   0.1184390664   
762      I1         1.003611111    2.123101852    2.512345679    0.0632345679   0.5483950617   0.9891666667   1.138888889    1.012345679    0.2544753086   0.5188271605   0.1207006505   
763      I1         1.003611111    2.101851852    2.512345679    0.0632345679   0.5483950617   0.9891666667   1.138888889    1.012345679    0.2544753086   0.4938271605   0.1198832281   
764      I1         1.003611111    2.123101852    2.512345679    0.0509845679   0.5483950617   0.9891666667   1.138888889    1.012345679    0.2544753086   0.4938271605   0.1183360616   
765      I1         1.003611111    2.123101852    2.512345679    0.0632345679   0.5361450617   0.9891666667   1.138888889    1.012345679    0.2544753086   0.4938271605   0.1185792341   
766      I1         1.003611111    2.123101852    2.512345679    0.0632345679   0.5483950617   0.8654166667   1.138888889    1.012345679    0.2544753086   0.4938271605   0.1205624406   
767      I1         1.003611111    2.123101852    2.512345679    0.0632345679   0.5483950617   0.9891666667   1.107638889    1.012345679    0.2544753086   0.4938271605   0.1420794528   
768      I1         1.003611111    2.123101852    2.512345679    0.0632345679   0.5483950617   0.9891666667   1.138888889    1.012345679    0.2482253086   0.4938271605   0.1185743119   
769      I1         1.003611111    2.123101852    2.512345679    0.0632345679   0.5483950617   0.9891666667   1.138888889    1.012345679    0.2544753086   0.4688271605   0.1246067613   
770      I1         1.046111111    2.144351852    2.512345679    0.0632345679   0.5483950617   0.9891666667   1.138888889    1.012345679    0.2544753086   0.4938271605   0.1237565457   
771      I1         1.003611111    2.186851852    2.512345679    0.0632345679   0.5483950617   0.9891666667   1.138888889    1.012345679    0.2544753086   0.4938271605   0.1173597866   
772      I1         1.003611111    2.144351852    2.562345679    0.0632345679   0.5483950617   0.9891666667   1.138888889    1.012345679    0.2544753086   0.4938271605   0.1181274235   
773      I1         1.003611111    2.144351852    2.512345679    0.0877345679   0.5483950617   0.9891666667   1.138888889    1.012345679    0.2544753086   0.4938271605   0.1216884613   
774      I1         1.003611111    2.144351852    2.512345679    0.0632345679   0.5728950617   0.9891666667   1.138888889    1.012345679    0.2544753086   0.4938271605   0.1188437535   
775      I1         1.003611111    2.144351852    2.512345679    0.0632345679   0.5483950617   1.236666667    1.138888889    1.012345679    0.2544753086   0.4938271605   0.1226041551   
776      I1         1.003611111    2.144351852    2.512345679    0.0632345679   0.5483950617   0.9891666667   1.201388889    1.012345679    0.2544753086   0.4938271605   0.1649886884   
777      I1         1.003611111    2.144351852    2.512345679    0.0632345679   0.5483950617   0.9891666667   1.138888889    1.062345679    0.2544753086   0.4938271605   0.1177664483   
778      I1         1.003611111    2.144351852    2.512345679    0.0632345679   0.5483950617   0.9891666667   1.138888889    1.012345679    0.2669753086   0.4938271605   0.1190406713   
779      I1         1.003611111    2.144351852    2.512345679    0.0632345679   0.5483950617   0.9891666667   1.138888889    1.012345679    0.2544753086   0.5438271605   0.1282321682   
780      I1         0.9611111111   2.144351852    2.512345679    0.0632345679   0.5483950617   0.9891666667   1.138888889    1.012345679    0.2544753086   0.4938271605   0.1225466265   
781      I1         1.003611111    2.101851852    2.512345679    0.0632345679   0.5483950617   0.9891666667   1.138888889    1.012345679    0.2544753086   0.4938271605   0.1198832281   
782      I1         1.003611111    2.144351852    2.512345679    0.0387345679   0.5483950617   0.9891666667   1.138888889    1.012345679    0.2544753086   0.4938271605   0.1193414308   
783      I1         1.003611111    2.144351852    2.512345679    0.0632345679   0.5238950617   0.9891666667   1.138888889    1.012345679    0.2544753086   0.4938271605   0.1177235975   
784      I1         1.003611111    2.144351852    2.512345679    0.0632345679   0.5483950617   0.7416666667   1.138888889    1.012345679    0.2544753086   0.4938271605   0.1228986505   
785      I1         1.003611111    2.144351852    2.512345679    0.0632345679   0.5483950617   0.9891666667   1.076388889    1.012345679    0.2544753086   0.4938271605   0.1733844455   
786      I1         1.003611111    2.144351852    2.512345679    0.0632345679   0.5483950617   0.9891666667   1.138888889    1.012345679    0.2419753086   0.4938271605   0.117614016    
787      I1         1.003611111    2.144351852    2.512345679    0.0632345679   0.5483950617   0.9891666667   1.138888889    1.012345679    0.2544753086   0.4438271605   0.1332100093   
788      I1         1.046111111    2.186851852    2.512345679    0.0632345679   0.5483950617   0.9891666667   1.138888889    1.012345679    0.2544753086   0.4938271605   0.1218485489   
789      I1         1.003611111    2.229351852    2.512345679    0.0632345679   0.5483950617   0.9891666667   1.138888889    1.012345679    0.2544753086   0.4938271605   0.1171707847   
790      I1         1.003611111    2.186851852    2.562345679    0.0632345679   0.5483950617   0.9891666667   1.138888889    1.012345679    0.2544753086   0.4938271605   0.1172414051   
791      I1         1.003611111    2.186851852    2.512345679    0.0877345679   0.5483950617   0.9891666667   1.138888889    1.012345679    0.2544753086   0.4938271605   0.1199135668   
792      I1         1.003611111    2.186851852    2.512345679    0.0632345679   0.5728950617   0.9891666667   1.138888889    1.012345679    0.2544753086   0.4938271605   0.1176363564   
793      I1         1.003611111    2.186851852    2.512345679    0.0632345679   0.5483950617   1.236666667    1.138888889    1.012345679    0.2544753086   0.4938271605   0.1233858658   
794      I1         1.003611111    2.186851852    2.512345679    0.0632345679   0.5483950617   0.9891666667   1.201388889    1.012345679    0.2544753086   0.4938271605   0.1672842998   
795      I1         1.003611111    2.186851852    2.512345679    0.0632345679   0.5483950617   0.9891666667   1.138888889    1.062345679    0.2544753086   0.4938271605   0.117304711    
796      I1         1.003611111    2.186851852    2.512345679    0.0632345679   0.5483950617   0.9891666667   1.138888889    1.012345679    0.2669753086   0.4938271605   0.1180319027   
797      I1         1.003611111    2.186851852    2.512345679    0.0632345679   0.5483950617   0.9891666667   1.138888889    1.012345679    0.2544753086   0.5438271605   0.1293291916   
798      I1         0.9611111111   2.186851852    2.512345679    0.0632345679   0.5483950617   0.9891666667   1.138888889    1.012345679    0.2544753086   0.4938271605   0.1236612526   
799      I1         1.003611111    2.186851852    2.512345679    0.0387345679   0.5483950617   0.9891666667   1.138888889    1.012345679    0.2544753086   0.4938271605   0.1201361159   
800      I1         1.003611111    2.186851852    2.512345679    0.0632345679   0.5238950617   0.9891666667   1.138888889    1.012345679    0.2544753086   0.4938271605   0.1172040583   
801      I1         1.003611111    2.186851852    2.512345679    0.0632345679   0.5483950617   0.7416666667   1.138888889    1.012345679    0.2544753086   0.4938271605   0.1211912793   
802      I1         1.003611111    2.186851852    2.512345679    0.0632345679   0.5483950617   0.9891666667   1.076388889    1.012345679    0.2544753086   0.4938271605   0.1708430958   
803      I1         1.003611111    2.186851852    2.512345679    0.0632345679   0.5483950617   0.9891666667   1.138888889    1.012345679    0.2419753086   0.4938271605   0.1168791126   
804      I1         1.003611111    2.186851852    2.512345679    0.0632345679   0.5483950617   0.9891666667   1.138888889    1.012345679    0.2544753086   0.4438271605   0.1310221061   
