%eval_id interface log__t_efold_shallow log__t_efold_soil log__t_efold_karst f_exfiltration_shallow f_exfiltration_soil PDD_melt_factor log__Hmax_shallow log__fdd_threshold baseflow_Q     log__routing_K neg_kge        
1        I1         0.4423657064   1.793080032    4.199785706    0.1211426688   0.3368864109   2.745035188    1.488318497    2.219610289    0.1459687287   -0.9980545135  1.06831407     
2        I1         0.6022293771   2.152574619    4.172514511    0.784987453    0.8862407109   9.507725647    1.244573648    1.622544334    0.2081101843   0.2783298605   0.5344778128   
3        I1         1.763925888    2.68783041     4.200932026    0.2955854276   0.4564087718   8.097781065    1.91254571     0.9053462594   0.07074420684  0.5455694798   0.9381003624   
4        I1         0.9287867655   1.402946111    3.222304965    0.1590168536   0.2590210574   3.326900484    1.51539879     2.344272776    0.1765354397   -0.6726587056  1.019338812    
5        I1         1.782005308    1.977115245    4.478365765    0.651920224    0.1678155591   3.14755921     1.117540016    2.824513642    0.2746625588   0.8897844816   1.109715099    
6        I1         0.7944527712   1.283430578    2.517908039    0.5086660562   0.2024594346   9.991714094    1.692970203    0.4326027368   0.2356417662   -0.06298993815 0.8318259905   
7        I1         1.922741166    2.604477542    2.915510221    0.5638364349   0.7583853412   8.590859009    1.627469842    2.768673585    0.05286439437  -0.02203825858 0.4922870055   
8        I1         1.272207432    1.543263755    3.278778149    0.9612380033   0.5218425283   6.860116878    1.80580799     2.446880534    0.24104769     0.4489506757   0.7187711919   
9        I1         1.20888945     1.942919303    4.152292324    0.5888760907   0.6010431956   3.510819458    2.222455318    2.955752295    0.1753079175   -0.2807772382  0.8126376703   
10       I1         1.311619337    1.028271672    3.727471997    0.2856764246   0.687578367    5.936447582    2.255467775    0.2981488567   0.1787234759   0.1512880353   0.8482889873   
11       I1         1.501985263    1.945292096    3.177042209    0.4088656905   0.07153671873  8.042952388    2.763191849    2.606592097    0.2259253593   0.4755614028   1.210637378    
12       I1         1.182617716    2.412265176    3.735986787    0.05053750021  0.1826518913   1.29660512     1.646961503    1.072711507    0.2696470491   0.08707755232  1.267147918    
13       I1         1.688565927    1.682658681    3.690887563    0.2022170083   0.2633067763   0.6736454139   2.501488129    1.229174108    0.09326236789  -0.1571790295  1.166871296    
14       I1         1.464272455    2.183767031    4.004195038    0.7974454449   0.7642913539   3.583289689    1.012927465    2.034827753    0.08523625186  0.4205037677   0.3647655395   
15       I1         0.8516816416   1.506790343    4.214466027    0.5692604473   0.5722213742   2.245178107    1.572937828    1.189815824    0.1419567927   0.7687462438   0.6966982642   
16       I1         1.339681715    2.626616406    4.445073272    0.5146591661   0.9849853431   5.557819973    1.957670154    1.850547656    0.1588698243   0.8112419738   1.00870259     
17       I1         1.134513451    1.128098203    3.242283537    0.6029956616   0.1802341327   1.606485542    1.412317196    2.397014436    0.180725617    0.0173950174   0.6449794048   
18       I1         0.7737662192   1.689175818    3.574314535    0.6347489478   0.1210128828   1.047536079    1.18308511     1.833760868    0.02456402357  0.6252732461   0.2609885364   
19       I1         0.3196891923   1.189145543    4.336244821    0.09902767284  0.06669942403  2.04783647     1.818605578    0.4713771753   0.1367777338   -0.1447030144  1.126942915    
20       I1         0.8821798522   2.581201481    3.30779728     0.8782930763   0.5879647622   9.915759666    1.30241882     0.1506174106   0.1494951355   0.780800284    0.4976269909   
21       I1         0.4144263736   1.373503888    3.074430617    0.6860621967   0.4610069183   6.909899875    3.284479811    1.467986534    0.2211347211   0.6685311376   0.6879946081   
22       I1         0.8102282188   1.919688301    3.487997143    0.1381101293   0.8168480328   1.188839618    2.137949191    2.441694162    0.2820413372   0.09794129226  1.172580796    
23       I1         0.5149777703   2.5130866      2.994224371    0.4681276703   0.8481798991   2.919820596    2.743015731    2.263476683    0.06278037998  0.04236431721  0.5352422074   
24       I1         0.9170691111   1.58737199     3.372267971    0.2612767029   0.1603355566   4.573599613    3.420496642    2.634639258    0.2636178042   0.393814444    1.221499474    
25       I1         1.910222725    1.083198933    2.970168461    0.9003524212   0.9486573197   8.89327451     2.719702949    2.932410703    0.1684230342   -0.5747835484  0.9918585069   
26       I1         1.749238512    1.772377062    2.952759793    0.382103955    0.3955700382   7.393651079    2.982508151    1.60263534     0.1037587423   -0.5572477695  1.088537883    
27       I1         1.681532474    1.655148762    4.244123627    0.6891905616   0.9145586888   6.002778232    2.304546321    0.5610207874   0.1721396969   0.2916516117   0.9199588019   
28       I1         1.453500029    1.74734508     3.239729348    0.04624513343  0.9554539488   6.251763132    2.345952424    0.405509442    0.04137938495  -0.4473377488  0.7309509678   
29       I1         0.9430770165   2.488288281    2.610208957    0.1431957361   0.09676746852  7.873275089    1.584984229    2.293450892    0.2482715083   -0.4306645188  1.255100604    
30       I1         0.3527387624   1.46124774     2.806236369    0.1991829632   0.799860378    3.635699302    2.693995187    1.23631492     0.299549749    -0.3447059842  0.8859727519   
31       I1         0.8414370897   1.836495014    3.030591996    0.8073782172   0.6491970592   2.320547786    3.091278636    2.571361517    0.2242829237   0.03849020072  0.5523818908   
32       I1         1.960481221    2.057175774    3.583271132    0.7913672041   0.8236293767   6.197710501    3.14079486     2.753721959    0.1161670218   0.9777560008   1.056478525    
33       I1         1.55234451     1.107859401    3.864345957    0.3576384864   0.2548298908   6.790676587    3.337371736    0.7446692734   0.2931630091   0.07695197333  1.324192739    
34       I1         1.497551585    1.141502574    2.822218806    0.6011013242   0.9654515445   8.686609669    1.794421724    0.3400980331   0.196240173    -0.09652702728 0.7086424138   
35       I1         1.607192346    1.361384978    3.044128049    0.4397966583   0.2729843773   4.691825391    1.988281074    2.417418012    0.2179324147   -0.7542186101  1.076165423    
36       I1         0.44767833     1.883261704    2.571287427    0.7261567476   0.1419592755   4.009172571    3.001111917    0.1262265452   0.1154382486   0.8311775617   0.5333162168   
37       I1         0.5219047772   2.093133211    3.46348914     0.113720066    0.9181502093   6.396943043    2.861752951    2.196188023    0.2279997939   -0.6233192396  1.147404195    
38       I1         1.943173811    1.016417413    3.921895255    0.3600863832   0.4079067984   5.329205753    2.673346641    2.86609213     0.1592627871   -0.878236079   1.166646888    
39       I1         1.591137745    1.749507082    2.644512462    0.5177268601   0.8757510767   7.715318932    1.440257593    2.336997822    0.2086505402   0.2071744931   0.6287683562   
40       I1         1.102904672    2.594635822    4.306825615    0.7997784599   0.07422057778  4.472067808    3.425336835    0.2206018046   0.04233555264  -0.791859964   0.3484004149   
41       I1         1.195757245    1.487714046    3.592951777    0.5209092171   0.06154652329  2.551934855    2.052768736    1.401186994    0.0476020069   0.6510909115   0.7463152614   
42       I1         0.3810226623   2.563298341    4.481868748    0.9538877546   0.7372736794   3.445593885    2.700210411    0.9699036579   0.1732029991   -0.9044161408  0.8611368335   
43       I1         1.891687544    1.355304279    4.034865254    0.5375843765   0.0894577734   9.1037054      1.455073717    0.6640957225   0.1363465726   -0.7811938372  1.047093984    
44       I1         0.3728256627   2.110709864    2.66725301     0.541778606    0.6257103703   2.46863673     3.442628548    1.533962724    0.08959329063  -0.05456170283 0.3835056725   
45       I1         1.638273917    2.239934853    4.490403984    0.8478317      0.5659573334   8.404803086    2.912259135    1.927537981    0.285844558    -0.08900651058 1.097588159    
46       I1         1.410844564    2.318925935    3.956057599    0.6088469602   0.4057471772   7.267569472    1.038891193    0.2359845949   0.2872411258   -0.4113787211  1.073162609    
47       I1         0.7827219914   1.732326328    4.357984449    0.176803382    0.3121974203   2.691800039    2.127179725    2.744544277    0.262488254    0.8749023706   1.273269869    
48       I1         0.3428379557   2.145625973    4.323662808    0.1046475444   0.5252304942   4.87901256     2.275823257    1.976913885    0.1648969615   0.983086052    1.149044037    
49       I1         1.293213112    1.56709405     4.313984944    0.8681825689   0.2851291717   7.860261202    2.848600231    1.773600242    0.201013149    0.1168228686   0.7266798407   
50       I1         0.4585553439   2.675928452    2.819203554    0.4766684494   0.5389951992   2.584305403    2.56921467     1.740061967    0.003936942512 -0.2501633093  0.3621088761   
51       I1         1.836534251    1.780322116    2.591971168    0.6610366424   0.2320823149   5.760776018    2.517988877    1.301082103    0.01207972601  -0.04712206415 0.8578989913   
52       I1         0.5964134953   1.927909829    2.738898102    0.08296031287  0.6129824364   8.1829479      1.426296588    1.355170059    0.05135838121  0.4018172235   0.7461616327   
53       I1         1.973633855    2.223409274    4.112339234    0.3151516292   0.8643014036   3.542413203    1.557789656    0.07479989212  0.1342009191   0.3850097436   0.4973239801   
54       I1         1.853645615    2.523376056    3.122012242    0.6915519842   0.8448070479   0.5881341888   1.322500014    1.174406162    0.1256867998   -0.07476144347 0.7151378623   
55       I1         1.112238945    2.343000912    4.168659817    0.949850622    0.4506584715   8.552060966    2.120035492    1.635147656    0.1085306277   0.9255985642   0.5400695405   
56       I1         0.6319291476   2.580928054    3.556788171    0.7006101316   0.1531534745   3.708607551    3.016951563    2.540658062    0.2462930372   0.9181777908   0.9566115106   
57       I1         1.330620213    2.536586003    3.39532452     0.3003703613   0.6440832183   6.638751157    2.393268664    0.3500372832   0.0985249523   -0.2103591266  0.9901555738   
58       I1         0.39006213     2.56527134     2.654786181    0.8420744192   0.7654600043   0.4232596352   1.226427779    2.949854696    0.252750094    -0.7681657974  0.6920931944   
59       I1         0.3355633099   1.046126403    4.436933425    0.7815431259   0.9455688395   9.498619974    2.369755719    1.724630396    0.02324045135  0.6329500294   0.6473217893   
60       I1         0.4101983734   1.147302869    3.750492283    0.2415289168   0.7716847948   9.005140482    3.166076141    1.41437727     0.2031107174   -7.235899568e-05 0.6500325481   
61       I1         1.226553525    2.179753498    3.154730813    0.3882659227   0.9710181614   6.727539677    1.483319489    0.2471834899   0.2314849509   -0.7152486752  0.9585283532   
62       I1         0.8994731689   1.339953079    3.841892127    0.1321148206   0.2130497318   9.643499685    2.416570064    0.2732341874   0.1987493704   -0.3158081701  1.175727155    
63       I1         1.060029389    1.857502393    4.417192063    0.558378643    0.1267405837   5.440009602    2.945800992    2.278743805    0.002975358083 -0.5155752647  0.5379895343   
64       I1         0.8252572498   2.299507961    3.42561734     0.5779265914   0.1170697451   9.694709661    2.166619707    1.688878128    0.09255206922  0.7589184742   0.7471624416   
65       I1         1.889074199    1.305017817    2.692654783    0.8183059822   0.4883536824   1.724995369    2.757521514    1.122526308    0.1568245943   -0.531564993   0.9889549171   
66       I1         1.547070958    2.379669596    3.266249106    0.9572451715   0.1369696217   9.11421837     3.304283651    2.088028708    0.2912340128   -0.9553510224  0.9763931512   
67       I1         0.7175991738   2.45621537     3.747975762    0.7386928392   0.6275969085   4.795533659    2.377638508    0.5810355321   0.1932990508   0.3064342475   0.6044682965   
68       I1         1.871245481    1.803974027    4.274627782    0.4510187388   0.3825561817   7.427433249    1.857330859    2.713879364    0.2723603854   -0.7011728606  1.226203115    
69       I1         1.956024234    1.831029792    3.001275434    0.9046503801   0.3635230936   1.001748151    1.708886113    0.4414138806   0.05981313625  -0.1940968489  0.5776811864   
70       I1         1.980969714    2.209231162    4.230808878    0.2561986722   0.4980782255   4.967030822    3.230032266    1.564153784    0.04594038385  -0.6332853558  1.283975161    
71       I1         0.5882173616   1.756530424    3.215936495    0.5464695878   0.8610236011   0.3541249756   1.659801522    1.451545956    0.2894350105   0.3746822862   0.7899964661   
72       I1         1.049861075    1.224759496    4.385810799    0.9796379121   0.4213703107   0.9808256413   1.290537531    0.601396248    0.1978028541   -0.2618834835  0.5887837298   
73       I1         0.9691902626   1.598521984    4.364753591    0.551155623    0.7930541209   4.728388251    2.486941031    1.545851775    0.2516082206   -0.5288417244  0.8085635463   
74       I1         0.4245520053   1.097353254    3.416947156    0.2339020498   0.4543647245   1.450095686    1.389500424    0.1470914168   0.07270519698  -0.3580367082  0.4841434481   
75       I1         1.539037421    1.472429143    2.50846943     0.4330385135   0.4426261578   8.658035885    2.818549392    1.517434438    0.05019417315  0.5838857674   0.8400550309   
76       I1         0.6779745915   2.07451978     3.026651672    0.7165018842   0.5510643014   2.62875419     2.084853484    0.8273058978   0.2794749909   0.5777933976   0.8277293048   
77       I1         1.323262714    2.484996524    2.724693147    0.7568711672   0.1898148325   4.333426039    3.239999224    1.504328578    0.1879375247   -0.968217014   0.7881542967   
78       I1         1.247219238    2.553750709    3.1970064      0.18731588     0.6035568613   5.215779391    2.245780458    2.688801086    0.02816681705  -0.5811000444  1.011294583    
79       I1         0.3160663151   1.959262515    3.967034914    0.6439829026   0.5334932255   4.260571914    2.994583751    2.171711927    0.1401524564   0.7356340076   0.6719383424   
80       I1         1.717127327    1.985281329    3.680743783    0.4016370178   0.1718932345   0.8439711334   3.156593598    1.653781299    0.2134409371   0.9475177981   1.323601115    
81       I1         1.438799716    2.069102264    3.619972848    0.9393210314   0.6658387523   6.331887949    1.15780769     0.9765149368   0.06032655243  0.6490267084   0.2657626123   
82       I1         1.168425809    2.334124015    3.448172915    0.3745767377   0.8292179932   3.731313954    3.120827288    1.08408207     0.01875695116  -0.1099314254  0.6975673405   
83       I1         1.419750923    2.429422706    4.297784858    0.4189936291   0.4135150461   5.526973876    1.502462651    0.8743918281   0.2844436377   -0.3854052914  1.233359314    
84       I1         0.3079017367   1.089384525    2.784622419    0.2147362467   0.8789850653   7.598144076    1.870636091    1.897622279    0.0679104731   -0.3993295059  0.4456548682   
85       I1         1.489386704    1.652709719    3.142220271    0.4415317787   0.2463200352   4.188251874    2.532528402    1.337555709    0.1848017049   -0.6973804885  1.056717431    
86       I1         1.696146187    1.723872528    3.877114796    0.4808505761   0.6859801251   4.106631229    2.896475106    0.1659144012   0.1830716373   0.2695118445   1.079285491    
87       I1         0.8338031471   1.413229567    2.792456384    0.3100129122   0.2963966409   2.162021918    2.959254627    0.9552385088   0.1280285432   0.535236729    0.8155180556   
88       I1         1.478389462    2.264217556    3.409354918    0.617714539    0.3475508259   2.517408922    1.132739572    0.2573387999   0.1902470015   0.7412024202   0.6140961982   
89       I1         0.553361954    2.506003395    4.081349423    0.7424456046   0.2249136607   5.383896754    2.093105397    1.257883007    0.2454343054   -0.9187194154  0.7270554069   
90       I1         1.615738806    1.497129676    3.327214513    0.03104441363  0.1980706214   1.859937277    1.685179173    1.261119775    0.1665473835   0.28403948     0.8644195842   
91       I1         0.8045915082   1.641290698    3.494053802    0.4927495471   0.1090620174   8.826475595    1.098534421    1.617396896    0.1097695987   0.05901592311  0.5605107442   
92       I1         1.256161827    1.211651357    3.918206436    0.4610007422   0.3414622524   8.731779812    3.203003556    2.1564407      0.06746743648  0.6110877849   0.771046378    
93       I1         1.87357065     2.05260005     3.103053777    0.3225876825   0.4310794512   1.811339385    3.499421442    2.055934242    0.2682690007   0.9978569893   1.445796354    
94       I1         1.23627656     2.305676635    3.331379779    0.06617458841  0.3711483416   9.856190522    2.491389903    2.112615225    0.05799402385  -0.7239237134  1.183201161    
95       I1         0.4016286348   2.159405959    3.975040031    0.3448198588   0.8192303817   5.606839782    2.640794539    2.117338985    0.0657525211   -0.8075849816  0.6350132645   
96       I1         0.6855942515   2.462591002    2.863816821    0.1643987006   0.3286958889   8.336986464    1.848556874    2.716936522    0.2810778001   0.9533441939   1.384680553    
97       I1         0.4957277127   2.014978683    3.713125202    0.8731720152   0.103980856    7.31854531     3.056860529    0.6845887361   0.2644879494   0.7730474147   0.8264954739   
98       I1         1.130394371    2.316377652    4.464930667    0.2227157457   0.8574453403   5.705490445    3.217602306    0.8575615895   0.05594916531  0.2349830838   0.8906358143   
99       I1         1.80153224     2.441534055    2.770685731    0.7223955554   0.6777095541   6.366329451    3.395639015    0.01885421188  0.2127553668   -0.6079400208  1.119715877    
100      I1         0.7312023572   2.640566316    2.538179608    0.9304729949   0.3536942089   9.446711023    1.070727581    1.810897742    0.1381862661   -0.7327913343  1.024007175    
101      I1         1.567202837    1.702193035    3.477901424    0.9721338354   0.5912584852   0.610352996    1.463704901    0.04022089047  0.2967925364   0.1270111801   0.7503333628   
102      I1         0.9869559751   1.234350195    3.01046998     0.3521041237   0.6400701768   1.655307686    1.16816521     0.9443455124   0.1238436175   0.2409425337   0.3268347875   
103      I1         0.750449124    1.43732954     2.708406625    0.8862005328   0.676343048    7.20546421     2.159048172    2.245670059    0.2162800609   -0.8910758467  0.4590443916   
104      I1         0.7647534265   1.524782968    2.922492251    0.1845211468   0.9345541318   6.452092482    1.982000801    2.358990998    0.1708580523   0.4916040971   0.7562959115   
105      I1         0.6937674698   2.170776757    3.888234681    0.9442640393   0.2394207409   6.138323028    2.327368111    2.137298854    0.2335853947   -0.6565079305  0.5375007739   
106      I1         0.4951711073   2.121766347    2.902711628    0.595768273    0.8056751453   3.110961491    2.291507961    1.579748189    0.01744541795  0.6930523617   0.3519021942   
107      I1         1.594082283    1.513949634    4.145300529    0.8233939192   0.320789198    4.81531904     2.030036401    2.976354299    0.08273931148  0.5990093136   0.6922835558   
108      I1         1.372596453    1.573901481    2.711888592    0.4886333168   0.5114201736   3.84481336     1.332058821    2.83750996     0.122916198    0.8218181873   0.5125492891   
109      I1         1.389069653    2.129130358    3.432439771    0.7672713686   0.3786067364   7.517247668    1.736800534    1.328780551    0.04809700543  -0.8556511931  0.4966138474   
110      I1         1.031815732    2.423392337    3.113013275    0.02480656156  0.7023414344   9.841775118    3.0392257      0.5008992053   0.1470015983   0.358344629    1.17240408     
111      I1         0.6630983557   1.311800029    3.983472701    0.6784136961   0.7229535531   4.226906781    3.19877864     0.7789885138   0.02687152217  -0.1749893431  0.5596510015   
112      I1         0.326611012    2.357674334    3.527121202    0.9335967232   0.9066224618   7.653929643    3.271262121    2.003666432    0.1125947367   -0.3358898936  1.131465154    
113      I1         1.823406715    2.085767437    3.64413611     0.217349812    0.9851536558   8.246207784    3.4632993      0.4522946708   0.1871262074   0.897851405    1.272806216    
114      I1         1.934856469    1.318163841    3.664249371    0.1260542698   0.4360966493   0.208209793    2.728509133    0.7954323962   0.043866741    -0.2006824421  1.164060286    
115      I1         1.008724434    1.625971422    4.126820906    0.4037020077   0.3741970611   3.05496928     3.250847966    1.277491723    0.2970620144   -0.4933075011  1.128265379    
116      I1         1.668035661    2.024084218    3.791282322    0.03813466218  0.2101655837   2.417095971    1.596636268    1.476364732    0.295136602    -0.4294300845  1.406709996    
117      I1         0.4763555759   1.664404193    4.343964989    0.2769810949   0.5544735924   4.621020402    1.760686845    0.3837209791   0.1182580926   -0.5910295451  0.7402955581   
118      I1         1.861285023    2.616901197    4.011008415    0.06347138941  0.9086691245   7.366692812    1.622142185    2.794035414    0.2376728859   0.5107292462   0.8055996641   
119      I1         0.7053730573   2.652883391    3.896774347    0.8135260645   0.08092113079  1.109917954    1.747056741    1.431614803    0.004831563923 0.4187665043   0.3023024151   
120      I1         1.266772467    1.277543916    2.625546715    0.9833121046   0.7203558098   8.123806979    3.176884412    0.301226491    0.08675987897  -0.3086182263  0.3314989575   
121      I1         0.5788834067   2.369053499    4.136342117    0.09484864392  0.1317473279   0.1113407298   2.554142808    2.916316551    0.03015011656  -0.37708185    1.077402205    
122      I1         1.57691792     1.584203397    3.810259928    0.1365093359   0.0484617857   7.556041401    2.04077936     1.765770963    0.04027973806  -0.8828290536  1.215383284    
123      I1         0.6454610403   1.819858956    4.401371371    0.5279647682   0.5414871675   7.726871273    1.72141094     1.164832077    0.02165537671  0.55345136     0.4960144938   
124      I1         1.02088661     1.872888018    3.091685818    0.01145083127  0.4843905536   1.39817282     1.221353719    1.126898341    0.09475987303  -0.8385064662  0.7699882797   
125      I1         1.028443506    2.250487389    3.200341316    0.1959069276   0.4246184373   7.928094173    1.904653541    0.7302003434   0.03294706691  -0.9747974373  0.8712226567   
126      I1         0.953608261    2.389903838    2.63633544     0.4219138684   0.4379601099   6.983583116    1.787044704    2.673580145    0.249724188    -0.9828944431  1.085316229    
127      I1         1.043622035    2.103798969    3.655579597    0.7495471175   0.05025664172  9.776148407    1.036660246    1.035189702    0.2349600549   -0.4514733095  0.8993749459   
128      I1         1.212039554    1.163132893    3.827213992    0.8663153199   0.2451389809   1.944446759    3.28990503     2.987323265    0.09657291083  -0.2487443876  0.3617812409   
129      I1         1.428796657    1.061800788    4.187532481    0.3277216254   0.5786699087   9.566788489    1.34939073     1.792017861    0.037173564    0.1669103962   0.4870577406   
130      I1         0.9905189919   1.847479596    3.674731127    0.08766672647  0.6946949651   7.140130212    2.808883335    2.298921494    0.126162657    0.3296049156   1.039425423    
131      I1         1.839793129    1.263157119    3.908262726    0.8580020919   0.9266990333   6.060494108    2.313800446    2.404277565    0.153043237    -0.3234803816  0.9192274498   
132      I1         1.736972913    2.204986631    2.941521391    0.2285896653   0.6078054416   8.936209867    2.062803635    1.383870048    0.008439710334 0.8683338323   0.9719836531   
133      I1         1.81565993     1.385725577    4.453154615    0.3293674977   0.5959419406   6.581371864    2.780756949    2.776725789    0.2897034028   -0.1682505118  1.295875307    
134      I1         1.29869262     1.986444153    3.624950022    0.2363858541   0.041427187    4.014965611    1.278774894    0.09999375941  0.2784580176   0.3191128178   1.104532982    
135      I1         0.5405389815   1.527252954    4.260009646    0.4603745082   0.8368809941   1.578773868    2.443266495    0.788272496    0.1504570798   0.1362516691   0.4683508254   
136      I1         1.001251893    2.007925509    4.068925653    0.8533427611   0.6551352417   1.350039983    1.265648282    0.1934143029   0.03852177844  -0.470073533   0.8795592036   
137      I1         0.5688303017   1.476827842    3.568035854    0.3084367129   0.1464932831   5.677937282    1.369440362    1.004257686    0.2288954634   0.1056065886   0.9676625938   
138      I1         1.34845065     2.197591557    4.049628781    0.6256104145   0.3072631867   6.776723139    1.204150956    1.705075804    0.08012343895  -0.6886126368  0.7952320145   
139      I1         0.789572542    2.542529793    3.706033907    0.07026284222  0.02994830241  8.445035646    3.109061162    2.375098487    0.1431025017   0.6883682326   1.31476339     
140      I1         1.650778296    2.634228482    2.895323663    0.5854851737   0.8974859361   0.7883891887   1.06137196     0.6343833602   0.2561521415   0.7021587851   0.5925678717   
141      I1         0.6291513254   2.499987905    2.583711319    0.1522689735   0.3268439017   5.842297847    2.925735374    0.5547546341   0.2669817731   -0.8263593524  1.193186522    
142      I1         0.7532060067   1.549901358    3.514350809    0.3825326016   0.7255757899   3.242695856    2.539600155    0.6234492863   0.05468965956  -0.9219368995  0.3603498615   
143      I1         1.096953965    1.91308261     3.937910057    0.6169280782   0.7983745614   1.914269064    3.386731765    0.5975805961   0.1821748404   -0.8667647265  0.6950446417   
144      I1         1.085978899    1.604534193    3.053189839    0.1715781143   0.2183877448   9.372141183    3.40923876     2.55376601     0.1008386542   0.4805376359   1.070110609    
145      I1         0.8771454601   2.274721958    3.25662178     0.7759797059   0.8718494731   2.998884002    1.076624096    2.01426454     0.01351608338  0.001682806734 1.085394702    
146      I1         0.8594859709   1.217210995    3.086598135    0.2707709073   0.754291487    6.513782869    2.91675701     0.3989029848   0.1453087877   0.7177708768   0.667350983    
147      I1         0.7117369792   2.407561628    3.180371454    0.6653043869   0.4709062678   5.80948257     2.466265489    0.05217774912  0.07599921153  0.02958508316  0.3318745355   
148      I1         0.6141995046   1.126281319    3.501041045    0.3952466911   0.2299757445   5.25479592     2.457894546    0.3197858511   0.01962328288  0.9000424935   0.6514662693   
149      I1         0.560579495    1.051732896    3.787971582    0.6682522869   0.3508865161   7.073311939    1.606807955    1.936333729    0.2295113742   0.06832655325  0.6677956299   
150      I1         1.397354438    1.61212834     3.940201022    0.3718642419   0.5163311147   0.7093392765   2.617147676    0.0009784810385 0.1316413335   0.186216058    0.8977167132   
151      I1         1.705715745    2.695719894    3.363630834    0.07700316282  0.7828581071   0.5099906425   2.410994495    1.152192786    0.1079482421   0.3322936707   1.291637632    
152      I1         1.369271837    1.374613359    2.568326192    0.8947151221   0.08719938606  3.769961236    1.89847601     1.668822826    0.2154374145   0.5278011112   0.7799474316   
153      I1         1.387476395    2.037184526    3.066677678    0.1097605279   0.9658664552   0.4799825509   2.585269133    0.6547736416   0.1558072153   -0.2904173244  1.002345916    
154      I1         0.4353517743   1.636726289    3.994306987    0.4131563162   0.265478951    2.017122039    3.073056107    1.730171856    0.000527588796 -0.8406845044  0.4613801464   
155      I1         1.674092136    1.196024326    3.134494032    0.5620416207   0.151121497    1.285742782    2.630282138    2.519815896    0.1062148716   -0.4649674457  0.9293493955   
156      I1         0.8935711441   1.001664257    2.766611993    0.9177468062   0.9391876196   8.796494637    2.351854157    1.021453014    0.1025846949   -0.6424419064  0.5318062752   
157      I1         0.9294416391   1.418938544    4.054003948    0.3343624794   0.2796770395   0.3232059656   1.257138806    1.98959652     0.2582892902   0.8521097122   1.106643988    
158      I1         1.511211025    1.293362253    2.932351306    0.5327328235   0.9560722305   7.112600664    3.343020981    2.891697661    0.07655350319  -0.2707591796  0.5647311464   
159      I1         0.6734119334   1.176044486    3.381960818    0.2681338213   0.2931487373   4.124568675    3.368654007    2.225697083    0.1937587822   0.4626603695   0.9870813578   
160      I1         1.443875061    1.069215033    2.683784505    0.8252154038   0.49233943     2.796858207    2.109549846    1.960684558    0.2045117911   0.1421200426   0.7692682226   
161      I1         0.4628172735   2.451447862    4.027680889    0.9884591002   0.09937325054  5.070087836    2.658951036    0.7096477183   0.06370492051  0.3613063374   0.855429527    
162      I1         1.794343393    1.327161093    3.317980748    0.7525369395   0.1635546553   5.489382569    1.528022256    1.010252096    0.007217247511 -0.1894601465  0.7116856559   
163      I1         1.562283398    1.886373824    4.075871714    0.6501463064   0.05804388927  9.337788661    1.537824066    0.894750979    0.06976958061  0.844111533    0.7324613201   
164      I1         1.067199112    1.967639135    2.757161432    0.02371272381  0.0202472069   9.262748823    2.608247359    1.819704135    0.1777581318   0.5613505349   1.341169146    
165      I1         1.623598457    2.24825311     4.223294394    0.5822604601   0.635782298    2.198446692    2.96451766     2.859379984    0.07474868792  0.4339775939   0.8688132758   
166      I1         1.35883135     1.712974657    3.343104422    0.4982750828   0.4663169356   0.2658313869   1.421382374    2.660883043    0.1628850383   -0.1204428759  0.6632471902   
167      I1         1.754165204    1.457003444    4.429994142    0.5010571741   0.9251221617   9.715090123    1.886774861    1.492435792    0.09025791567  0.6726338467   0.6715102507   
168      I1         1.52698874     2.47746857     2.553667634    0.04281589581  0.6205541782   2.829426214    1.831062441    2.487139301    0.2432429066   -0.9447178837  1.255898102    
169      I1         1.149262703    1.809580411    3.852631937    0.8872960347   0.6711742736   4.540652858    1.375566622    2.62321324     0.03483362488  0.504993468    0.2763261074   
170      I1         0.3665247071   1.866032498    2.967713737    0.713796795    0.70896935     2.95335473     1.669623209    2.650747806    0.0871931777   -0.2361866766  0.5411705731   
171      I1         0.6553529962   2.030388091    3.763815005    0.6727332147   0.3613541698   8.467556951    1.973763582    1.097636174    0.2203263254   -0.5678006295  0.6995425133   
172      I1         0.8612097478   2.360140599    2.881948345    0.7310735944   0.5019211353   4.452162135    2.597056382    2.898819371    0.2416638849   0.2215269727   0.7538285134   
173      I1         1.47259        1.039329499    3.161199709    0.8315033959   0.0188045118   2.339326773    2.677691111    0.9165776792   0.03302471915  0.1793324215   0.4685651126   
174      I1         1.992340235    1.238174427    3.602551072    0.4723098789   0.8113767914   1.53493775     2.014719743    0.7533708459   0.01189109801  -0.7780745034  0.7197600061   
175      I1         1.98336308     2.286075393    4.285975636    0.01798505188  0.3921249435   9.036374273    2.862540153    1.312493302    0.1188725805   -0.2284970162  1.498083344    
176      I1         1.154517324    1.672796838    2.600405533    0.1476893845   0.9796752624   3.295380328    2.790834008    0.6910674963   0.2113661822   0.6025767316   0.9043658639   
177      I1         0.4860849217   2.232408175    4.390373804    0.3397412588   0.7426657893   5.002589404    2.194619009    2.593588089    0.02990994356  -0.3650833687  0.64880898     
178      I1         1.924432175    1.347875166    2.83204905     0.2485902988   0.8943826397   8.275041911    1.764824294    1.37273744     0.1123147767   0.8038941396   0.5951997213   
179      I1         1.310744326    1.019503261    3.804717974    0.4492392441   0.7319429299   8.004857896    1.005840887    2.818122399    0.1528906778   -0.1155121248  0.637090668    
180      I1         0.9723733239   1.717098167    3.451950994    0.7728527275   0.544416591    6.155527653    1.94753824     0.8431757703   0.274359858    -0.03989210821 0.7658633002   
181      I1         0.5040713005   1.250427937    3.536263838    0.2525859039   0.8399781579   9.21027408     1.149856099    2.078921093    0.1995143928   -0.5447635154  0.7201615023   
182      I1         1.771281175    2.278022308    3.352611263    0.9076708301   0.5753240014   7.787279063    2.205949187    0.3749216878   0.2771091689   -0.8131123543  1.1167257      
183      I1         1.158709209    1.395823821    3.837321156    0.2840264418   0.2769640907   4.936652069    2.435221826    1.209745649    0.2548315244   0.1951076042   1.18256025     
184      I1         1.190534918    2.668124379    2.745626434    0.7031796      0.0289882697   9.178860468    3.361107015    1.873772372    0.1919565342   -0.01703443872 0.8140335009   
185      I1         1.078928625    1.271565045    2.672124427    0.2064273717   0.1919118726   6.934065212    2.001481473    0.4931421236   0.1201725681   0.4576014747   0.9619439215   
186      I1         1.122030833    1.89441514     3.549174485    0.05664595001  0.7478827292   3.172767327    1.192543659    0.518172534    0.2225761017   0.3483731743   0.7504255622   
187      I1         1.725021871    2.402460187    4.374945498    0.2931131897   0.01450288372  5.978678452    3.037366763    0.1176097277   0.2069155381   -0.5081619491  1.471902487    
188      I1         0.7405778344   2.614324739    2.847328631    0.8494940825   0.7866513945   1.782084131    2.827058448    2.179021285    0.1325250117   0.7977858274   0.4760491967   
189      I1         0.5328893243   1.157943759    3.294143353    0.1755136478   0.3976787274   0.1807719634   3.132106181    1.913873397    0.08138590366  -0.138376339   0.6723962144   
190      I1         1.280693964    1.445530588    3.773679828    0.4276016541   0.77690164     0.9213748418   3.454779949    0.1985755591   0.09915238987  -0.6650278309  0.5475110007   
191      I1         1.805055113    2.663067641    3.631972749    0.8367118221   0.6585332783   5.122869491    1.932478028    2.04014675     0.01572470148  -0.7452620384  0.6615847497   
192      I1         1.73112323     2.341796621    3.288925612    0.9694566188   0.6984740392   2.099368541    3.47513158     1.053967897    0.2388299609   -0.4000719468  0.9680725753   
193      I1         0.9614019113   2.000293527    2.982554117    0.9161871134   0.5615971726   6.606688437    2.886943105    2.320806701    0.1650076809   0.2565493833   0.4164663327   
194      I1         1.898912245    1.784465805    2.523780995    0.923528304    0.03605611256  0.80618625     2.236411736    2.460068593    0.07878183071  0.9367367763   0.9078652553   
195      I1         0.6216393137   1.185621855    4.107978047    0.6403466023   0.3176662589   3.915869445    2.268349657    0.5391927832   0.2600637952   -0.6194494164  0.796240453    
196      I1         1.630208966    1.433003144    2.877630711    0.09303893924  0.5057330862   5.154428555    1.357631033    1.889652792    0.00974057717  0.2114804164   0.4243706973   
197      I1         1.223180696    1.557022881    2.544324651    0.7065451786   0.3016913849   3.394123053    2.186557027    0.07751906206  0.1303138026   0.9639004481   0.7555928047   
198      I1         1.518373807    2.133984655    2.854658815    0.6304719765   0.7141551185   1.203283781    1.106618721    2.491270314    0.2712272132   -0.4858760842  0.8563725372   
199      I1         0.9112346406   1.901547742    4.251197975    0.365279752    0.8883612712   4.359482509    3.317583316    0.8215461351   0.2569777294   0.7213354982   1.033816207    
200      I1         1.657882582    1.111207504    4.094441589    0.7643641493   0.4776620772   3.8669091      3.083430849    2.526620359    0.161503243    -0.9321049033  0.8556264735   
201      I1         1.129012346    1.912962963    2.512345679    0.8871604938   0.2096296296   0.1611111111   2.342592593    0.01851851852  0.005555555556 -0.3456790123  0.589465233    
202      I1         0.499382716    1.954938272    2.512345679    0.5            0.5362962963   0.2833333333   2.682098765    0.01851851852  0.02777777778  -0.3456790123  0.2723486586   
203      I1         1.191975309    1.472222222    2.512345679    0.9355555556   0.3427160494   0.2833333333   3.484567901    0.01851851852  0.01666666667  0.3456790123   0.5782762226   
204      I1         1.317901235    1.472222222    2.512345679    0.8266666667   0.669382716    0.2833333333   1.015432099    0.01851851852  0.06111111111  0.9135802469   0.3917128476   
205      I1         0.6043209877   1.010493827    2.512345679    0.4274074074   0.8871604938   3.216666667    2.280864198    0.01851851852  0.06111111111  -0.2222222222  0.6271207257   
206      I1         0.3104938272   1.409259259    3.179012346    0.5604938272   0.415308642    0.1611111111   2.404320988    0.05555555556  0.02777777778  0.07407407407  0.3793546825   
207      I1         0.7512345679   1.430246914    3.055555556    0.6330864198   0.3911111111   0.2833333333   3.052469136    0.01851851852  0.03518518519  -0.7407407407  0.3271809245   
208      I1         0.8351851852   1.493209877    3.154320988    0.9355555556   0.2459259259   0.1611111111   1.540123457    0.01851851852  0.001851851852 0.5925925926   1.09228262     
209      I1         1.087037037    1.933950617    3.574074074    0.8387654321   0.3790123457   0.1611111111   2.49691358     2.611111111    0.04259259259  -0.5925925926  0.3156895231   
210      I1         1.15           1.912962963    3.574074074    0.8024691358   0.3185185185   9.938888889    2.959876543    0.01851851852  0.05740740741  -0.7654320988  0.3564375747   
211      I1         1.15           2.14382716     3.820987654    0.8387654321   0.2217283951   0.2833333333   1.046296296    2.981481481    0.02777777778  0.987654321    0.3858411223   
212      I1         1.401851852    1.766049383    3.154320988    0.9718518519   0.862962963    9.938888889    1.848765432    2.981481481    0.03888888889  0.3209876543   0.3082393519   
213      I1         0.8771604938   2.542592593    3.820987654    0.7782716049   0.1733333333   0.2833333333   1.941358025    2.981481481    0.001851851852 0.2222222222   0.2770491828   
214      I1         0.8771604938   2.668518519    3.845679012    0.6814814815   0.2096296296   0.1611111111   2.651234568    0.3518518519   0.02037037037  -0.5185185185  0.258001004    
215      I1         0.8771604938   2.689506173    3.425925926    0.7782716049   0.3427160494   0.1611111111   2.342592593    1.722222222    0.03518518519  0              0.2671516986   
216      I1         1.44382716     1.577160494    3.820987654    0.9355555556   0.8871604938   6.15           1.046296296    2.722222222    0.06481481481  0.9382716049   0.2946614924   
217      I1         1.170987654    1.010493827    2.512345679    0.9113580247   0.5120987654   5.783333333    3.083333333    2.351851852    0.08333333333  -0.2222222222  0.3148806357   
218      I1         1.338888889    2.14382716     3.796296296    0.862962963    0.6209876543   6.638888889    1.848765432    2.981481481    0.01666666667  0.3209876543   0.3030285081   
219      I1         1.170987654    1.55617284     3.820987654    0.9839506173   0.7903703704   0.2833333333   1.848765432    2.981481481    0.08333333333  0.1481481481   0.399451148    
220      I1         1.066049383    2.038888889    3.845679012    0.7782716049   0.1854320988   0.1611111111   3.083333333    0.7222222222   0.06111111111  -0.5432098765  0.2999781074   
221      I1         0.5203703704   2.122839506    2.611111111    0.5725925926   0.415308642    0.1611111111   2.867283951    0.9814814815   0.03518518519  -0.1481481481  0.2410334706   
222      I1         1.170987654    1.891975309    2.512345679    0.8750617284   0.8266666667   9.938888889    2.62037037     2.018518519    0.08333333333  -0.2222222222  0.335993829    
223      I1         1.338888889    1.010493827    3.722222222    0.862962963    0.4879012346   2.238888889    3.114197531    1.166666667    0.02777777778  -0.4444444444  0.2901552213   
224      I1         1.129012346    2.689506173    4.462962963    0.8508641975   0.3427160494   1.138888889    2.682098765    0.2777777778   0.05           -0.5925925926  0.2701558836   
225      I1         0.8771604938   2.605555556    3.401234568    0.7177777778   0.3911111111   0.1611111111   2.774691358    0.01851851852  0.05           -0.6419753086  0.252039775    
226      I1         1.087037037    2.689506173    4.067901235    0.7903703704   0.3548148148   0.1611111111   2.959876543    0.01851851852  0.02777777778  -0.3456790123  0.2589239304   
227      I1         1.15           2.689506173    3.845679012    0.8871604938   0.3427160494   3.216666667    2.805555556    1.055555556    0.05740740741  -0.4938271605  0.2877371124   
228      I1         1.317901235    1.55617284     3.944444444    0.8750617284   0.6814814815   9.938888889    1.231481481    2.648148148    0.0537037037   0.5925925926   0.2489114166   
229      I1         1.401851852    1.661111111    4.487654321    0.9234567901   0.8992592593   8.961111111    1.848765432    1.277777778    0.009259259259 0.3209876543   0.3046703098   
230      I1         1.212962963    1.954938272    3.944444444    0.8145679012   0.669382716    3.95           2.62037037     1.018518519    0.03148148148  -0.3209876543  0.2873763793   
231      I1         1.00308642     2.164814815    4.290123457    0.6814814815   0.4395061728   0.1611111111   2.805555556    0.01851851852  0.02407407407  -0.8148148148  0.2873138347   
232      I1         1.087037037    1.577160494    3.203703704    0.7056790123   0.6209876543   1.75           2.836419753    1.018518519    0.06111111111  -0.7654320988  0.2904777321   
233      I1         1.338888889    2.14382716     4.487654321    0.9234567901   0.3427160494   2.238888889    3.268518519    0.3888888889   0.03888888889  -0.4197530864  0.2963741045   
234      I1         1.129012346    2.500617284    4.487654321    0.8266666667   0.3427160494   2.605555556    2.774691358    0.8333333333   0.005555555556 -0.5185185185  0.2640553369   
235      I1         1.129012346    2.500617284    4.487654321    0.8266666667   0.3790123457   0.1611111111   3.083333333    1.166666667    0.03888888889  -0.5679012346  0.2708833165   
236      I1         1.233950617    1.640123457    3.37654321     0.8387654321   0.4879012346   3.338888889    3.361111111    1.833333333    0.03888888889  -0.5925925926  0.2866503463   
237      I1         1.212962963    1.010493827    2.512345679    0.862962963    0.9839506173   3.338888889    3.453703704    2.018518519    0.09444444444  0.1234567901   0.3225485964   
238      I1         1.359876543    1.07345679     2.981481481    0.9355555556   0.9839506173   6.516666667    2.959876543    2.351851852    0.02777777778  0.0987654321   0.3466307598   
239      I1         1.087037037    1.724074074    2.512345679    0.7903703704   0.9839506173   3.338888889    3.145061728    0.01851851852  0.09444444444  0.3209876543   0.336334287    
240      I1         1.29691358     1.010493827    3.080246914    0.8266666667   0.6814814815   8.961111111    3.361111111    1.240740741    0.06851851852  -0.07407407407 0.3453418464   
241      I1         1.170987654    1.577160494    2.512345679    0.9355555556   0.8266666667   0.1611111111   3.114197531    2.055555556    0.09814814815  -0.2222222222  0.3639617406   
242      I1         1.233950617    1.367283951    3.820987654    0.8750617284   0.4879012346   5.416666667    2.898148148    2.351851852    0.03888888889  -0.8148148148  0.3088469165   
243      I1         0.9611111111   1.388271605    2.512345679    0.862962963    0.9839506173   6.638888889    2.898148148    2.981481481    0.09814814815  0.962962963    0.4481756852   
244      I1         1.066049383    1.975925926    2.512345679    0.7782716049   0.6572839506   4.683333333    3.484567901    2.944444444    0.06481481481  0.07407407407  0.3216751279   
245      I1         1.15           1.577160494    3.055555556    0.7782716049   0.5120987654   3.583333333    3.052469136    2.981481481    0.03518518519  -0.2962962963  0.270577653    
246      I1         1.129012346    1.933950617    3.549382716    0.7903703704   0.4637037037   3.583333333    2.990740741    1.351851852    0.03888888889  -0.3209876543  0.2808151764   
247      I1         1.15           2.584567901    4.487654321    0.9839506173   0.9718518519   7.25           2.12654321     0.01851851852  0.05           0.3209876543   0.3844276506   
248      I1         1.401851852    2.14382716     4.092592593    0.9839506173   0.5483950617   8.716666667    2.12654321     0.01851851852  0.05           -0.3456790123  0.3322647158   
249      I1         0.8771604938   2.689506173    4.487654321    0.7782716049   0.3911111111   3.461111111    2.25           0.9444444444   0.005555555556 0.0987654321   0.2544099297   
250      I1         1.066049383    2.689506173    4.438271605    0.7903703704   0.3911111111   2.483333333    2.37345679     0.01851851852  0.009259259259 -0.07407407407 0.2470448217   
251      I1         0.8981481481   2.689506173    3.944444444    0.8266666667   0.3427160494   6.761111111    2.219135802    2.981481481    0.03888888889  -0.3456790123  0.3153575036   
252      I1         1.087037037    2.689506173    4.314814815    0.8024691358   0.5604938272   6.761111111    2.558641975    0.01851851852  0.01666666667  -0.2962962963  0.2714790141   
253      I1         0.8981481481   2.689506173    3.845679012    0.7419753086   0.3548148148   3.461111111    2.527777778    0.01851851852  0.01666666667  -0.2716049383  0.2582760184   
254      I1         1.066049383    2.689506173    4.487654321    0.8871604938   0.3548148148   4.683333333    1.87962963     1.981481481    0.03888888889  0.0987654321   0.284592204    
255      I1         1.087037037    2.689506173    4.487654321    0.8145679012   0.4516049383   3.461111111    2.558641975    0.7222222222   0.02777777778  -0.1481481481  0.2643999937   
256      I1         1.15           1.55617284     4.487654321    0.8750617284   0.8992592593   9.816666667    1.848765432    2.981481481    0.01666666667  0.3209876543   0.3959962383   
257      I1         1.422839506    2.14382716     3.154320988    0.8871604938   0.8992592593   9.45           1.848765432    0.01851851852  0.02777777778  0.5925925926   0.3987042032   
258      I1         1.338888889    1.766049383    3.154320988    0.9355555556   0.669382716    5.05           1.138888889    2.981481481    0.1018518519   0.5679012346   0.2601145424   
259      I1         1.212962963    2.353703704    3.820987654    0.8387654321   0.2096296296   0.1611111111   3.453703704    2.981481481    0.01296296296  -0.5679012346  0.2970449673   
260      I1         0.8771604938   2.14382716     2.512345679    0.6814814815   0.3185185185   1.016666667    2.990740741    2.907407407    0.03888888889  -0.7654320988  0.278827591    
261      I1         1.212962963    2.14382716     3.87037037     0.8266666667   0.2217283951   0.1611111111   3.114197531    2.685185185    0.03518518519  -0.8148148148  0.2736807645   
262      I1         1.15           2.332716049    3.425925926    0.7782716049   0.4879012346   1.383333333    2.959876543    2.685185185    0.009259259259 -0.7407407407  0.2405134947   
263      I1         0.6462962963   2.122839506    2.512345679    0.5362962963   0.4274074074   0.1611111111   3.052469136    0.01851851852  0.03148148148  -0.5925925926  0.2613337987   
264      I1         0.3104938272   2.122839506    2.709876543    0.5483950617   0.1733333333   0.2833333333   2.12654321     2.611111111    0.005555555556 -0.3456790123  0.3563217503   
265      I1         0.3104938272   1.55617284     2.512345679    0.5            0.4637037037   0.2833333333   3.114197531    0.01851851852  0.08333333333  -0.5679012346  0.3690787293   
266      I1         0.6672839506   1.199382716    3.12962963     0.4758024691   0.2096296296   0.1611111111   1.015432099    2.944444444    0.02037037037  0.6666666667   0.2433469217   
267      I1         0.7722222222   1.010493827    4.487654321    0.3669135802   0.7661728395   0.2833333333   2.898148148    0.01851851852  0.04259259259  -0.6666666667  0.3075347792   
268      I1         0.7722222222   1.933950617    3.179012346    0.5483950617   0.4637037037   0.1611111111   2.682098765    0.2777777778   0.01296296296  -0.8148148148  0.2305396611   
269      I1         0.8561728395   1.346296296    3.845679012    0.5            0.6088888889   0.1611111111   2.651234568    2.944444444    0.001851851852 -0.987654321   0.2618200572   
270      I1         0.8561728395   1.199382716    2.808641975    0.5120987654   0.6088888889   0.1611111111   3.083333333    2.611111111    0.001851851852 -0.8148148148  0.3273772218   
271      I1         1.170987654    1.010493827    3.154320988    0.5            0.862962963    0.1611111111   2.62037037     0.01851851852  0.001851851852 -0.962962963   0.6173963222   
272      I1         0.5833333333   1.304320988    3.845679012    0.4758024691   0.5725925926   0.1611111111   2.62037037     2.981481481    0.03518518519  -0.7407407407  0.2645103519   
273      I1         0.8351851852   2.038888889    3.154320988    0.6088888889   0.4516049383   0.1611111111   2.712962963    2.166666667    0.01666666667  -0.7654320988  0.2664728878   
274      I1         0.499382716    2.689506173    2.512345679    0.7177777778   0.2096296296   0.2833333333   2.157407407    2.981481481    0.1018518519   0.0987654321   0.2951506697   
275      I1         0.3524691358   2.689506173    2.512345679    0.6814814815   0.669382716    6.761111111    2.157407407    2.055555556    0.001851851852 0.8148148148   0.3312908264   
276      I1         0.7722222222   2.689506173    2.512345679    0.7903703704   0.3548148148   1.383333333    2.651234568    2.981481481    0.1018518519   -0.3209876543  0.3005335038   
277      I1         0.3104938272   1.010493827    2.537037037    0.9839506173   0.9839506173   3.216666667    1.848765432    2.944444444    0.1981481481   0.3703703704   0.4145327963   
278      I1         0.3104938272   1.157407407    2.512345679    0.7419753086   0.9839506173   2.116666667    1.848765432    2.944444444    0.15           0.987654321    0.4721918052   
279      I1         0.7092592593   2.542592593    2.512345679    0.9839506173   0.9839506173   3.338888889    2.157407407    2.981481481    0.1981481481   0.07407407407  0.4003570421   
280      I1         0.5833333333   1.010493827    2.537037037    0.9839506173   0.9839506173   3.216666667    1.015432099    2.944444444    0.2685185185   0.3209876543   0.5071381101   
281      I1         0.3104938272   2.122839506    2.537037037    0.9234567901   0.5            3.338888889    1.848765432    2.944444444    0.1981481481   0.2962962963   0.4065336123   
282      I1         0.499382716    2.122839506    2.512345679    0.7782716049   0.6814814815   2.483333333    2.25           2.981481481    0.1018518519   0.7407407407   0.403674814    
283      I1         0.6043209877   2.689506173    4.067901235    0.6814814815   0.07654320988  0.1611111111   1.725308642    2.722222222    0.005555555556 0.5185185185   0.2980066725   
284      I1         0.7092592593   1.346296296    4.290123457    0.4637037037   0.5483950617   0.1611111111   2.651234568    1.351851852    0.02037037037  -0.8888888889  0.2605686236   
285      I1         0.5833333333   2.122839506    3.401234568    0.5362962963   0.4516049383   0.1611111111   2.682098765    0.01851851852  0.005555555556 -0.4444444444  0.2476075536   
286      I1         0.7302469136   1.010493827    4.487654321    0.4032098765   0.862962963    1.016666667    2.836419753    2.981481481    0.05           -0.5925925926  0.362082753    
287      I1         1.338888889    1.598148148    3.154320988    0.9355555556   0.8871604938   5.05           1.046296296    1.018518519    0.1388888889   0.6666666667   0.3111066204   
288      I1         1.548765432    1.535185185    3.154320988    0.9355555556   0.7782716049   5.661111111    1.324074074    2.166666667    0.0462962963   0.3209876543   0.3959772199   
289      I1         0.6043209877   2.122839506    2.759259259    0.5483950617   0.2459259259   0.1611111111   2.527777778    0.01851851852  0.02037037037  -0.4444444444  0.2441070488   
290      I1         1.170987654    1.933950617    3.154320988    0.947654321    0.7540740741   7.616666667    1.169753086    2.981481481    0.1055555556   0.962962963    0.4009643412   
291      I1         1.275925926    2.164814815    3.154320988    0.8145679012   0.9839506173   5.05           3.206790123    2.981481481    0.001851851852 -0.4444444444  0.2731321652   
292      I1         1.087037037    1.010493827    2.512345679    0.7782716049   0.330617284    1.383333333    2.651234568    2.981481481    0.1055555556   -0.962962963   0.3501275639   
293      I1         1.380864198    2.14382716     3.154320988    0.9355555556   0.8992592593   5.783333333    2.74382716     0.01851851852  0.001851851852 -0.5925925926  0.3696482684   
294      I1         1.066049383    2.227777778    3.154320988    0.7903703704   0.330617284    2.483333333    2.651234568    2.981481481    0.1018518519   -0.7407407407  0.4018381236   
295      I1         0.5203703704   1.933950617    2.734567901    0.5483950617   0.3911111111   6.761111111    2.712962963    0.9444444444   0.001851851852 -0.5679012346  0.3764531645   
296      I1         0.4574074074   2.689506173    2.512345679    0.669382716    0.3185185185   0.1611111111   2.342592593    0.01851851852  0.1018518519   0.1481481481   0.2821476216   
297      I1         0.8351851852   1.010493827    2.512345679    0.7177777778   0.330617284    0.1611111111   3.083333333    2.981481481    0.1018518519   -0.4444444444  0.293561534    
298      I1         0.6672839506   1.010493827    2.512345679    0.9718518519   0.330617284    0.65           2.805555556    2.981481481    0.1944444444   -0.3456790123  0.4782997034   
299      I1         0.5203703704   2.689506173    2.512345679    0.669382716    0.3185185185   0.1611111111   2.404320988    2.018518519    0.01666666667  0.2222222222   0.234944742    
300      I1         0.6462962963   2.689506173    2.512345679    0.8750617284   0.3185185185   9.938888889    2.25           2.981481481    0.1203703704   0.2962962963   0.3384916898   
%eval_id interface log__t_efold_shallow log__t_efold_soil log__t_efold_karst f_exfiltration_shallow f_exfiltration_soil PDD_melt_factor log__Hmax_shallow log__fdd_threshold baseflow_Q     log__routing_K neg_kge        
301      I1         0.7722222222   1.933950617    3.179012346    0.5483950617   0.4637037037   0.1611111111   2.682098765    0.2777777778   0.01296296296  -0.8148148148  0.2305396611   
302      I1         0.9422222222   1.933950617    3.179012346    0.5483950617   0.4637037037   0.1611111111   2.682098765    0.2777777778   0.01296296296  -0.8148148148  0.2861213345   
303      I1         0.7722222222   2.103950617    3.179012346    0.5483950617   0.4637037037   0.1611111111   2.682098765    0.2777777778   0.01296296296  -0.8148148148  0.2460166358   
304      I1         0.7722222222   1.933950617    3.379012346    0.5483950617   0.4637037037   0.1611111111   2.682098765    0.2777777778   0.01296296296  -0.8148148148  0.240376792    
305      I1         0.7722222222   1.933950617    3.179012346    0.6463950617   0.4637037037   0.1611111111   2.682098765    0.2777777778   0.01296296296  -0.8148148148  0.3061592312   
306      I1         0.7722222222   1.933950617    3.179012346    0.5483950617   0.5617037037   0.1611111111   2.682098765    0.2777777778   0.01296296296  -0.8148148148  0.2282000862   
307      I1         0.7722222222   1.933950617    3.179012346    0.5483950617   0.4637037037   1.151111111    2.682098765    0.2777777778   0.01296296296  -0.8148148148  0.2472476246   
308      I1         0.7722222222   1.933950617    3.179012346    0.5483950617   0.4637037037   0.1611111111   2.932098765    0.2777777778   0.01296296296  -0.8148148148  0.2305396611   
309      I1         0.7722222222   1.933950617    3.179012346    0.5483950617   0.4637037037   0.1611111111   2.682098765    0.5777777778   0.01296296296  -0.8148148148  0.235633029    
310      I1         0.7722222222   1.933950617    3.179012346    0.5483950617   0.4637037037   0.1611111111   2.682098765    0.2777777778   0.04296296296  -0.8148148148  0.2895835412   
311      I1         0.7722222222   1.933950617    3.179012346    0.5483950617   0.4637037037   0.1611111111   2.682098765    0.2777777778   0.01296296296  -0.6148148148  0.2299371313   
312      I1         0.6022222222   1.933950617    3.179012346    0.5483950617   0.4637037037   0.1611111111   2.682098765    0.2777777778   0.01296296296  -0.8148148148  0.2748226072   
313      I1         0.7722222222   1.763950617    3.179012346    0.5483950617   0.4637037037   0.1611111111   2.682098765    0.2777777778   0.01296296296  -0.8148148148  0.2289355134   
314      I1         0.7722222222   1.933950617    2.979012346    0.5483950617   0.4637037037   0.1611111111   2.682098765    0.2777777778   0.01296296296  -0.8148148148  0.2269546652   
315      I1         0.7722222222   1.933950617    3.179012346    0.4503950617   0.4637037037   0.1611111111   2.682098765    0.2777777778   0.01296296296  -0.8148148148  0.3323745671   
316      I1         0.7722222222   1.933950617    3.179012346    0.5483950617   0.3657037037   0.1611111111   2.682098765    0.2777777778   0.01296296296  -0.8148148148  0.2404927799   
317      I1         0.7722222222   1.933950617    3.179012346    0.5483950617   0.4637037037   0.1611111111   2.432098765    0.2777777778   0.01296296296  -0.8148148148  0.2305396611   
318      I1         0.8572222222   1.933950617    3.179012346    0.5483950617   0.4637037037   0.1611111111   2.682098765    0.2777777778   0.01296296296  -0.8148148148  0.2523812446   
319      I1         0.7722222222   2.018950617    3.179012346    0.5483950617   0.4637037037   0.1611111111   2.682098765    0.2777777778   0.01296296296  -0.8148148148  0.2377560224   
320      I1         0.7722222222   1.933950617    3.279012346    0.5483950617   0.4637037037   0.1611111111   2.682098765    0.2777777778   0.01296296296  -0.8148148148  0.2345815438   
321      I1         0.7722222222   1.933950617    3.179012346    0.5973950617   0.4637037037   0.1611111111   2.682098765    0.2777777778   0.01296296296  -0.8148148148  0.2421943132   
322      I1         0.7722222222   1.933950617    3.179012346    0.5483950617   0.5127037037   0.1611111111   2.682098765    0.2777777778   0.01296296296  -0.8148148148  0.228108996    
323      I1         0.7722222222   1.933950617    3.179012346    0.5483950617   0.4637037037   0.6561111111   2.682098765    0.2777777778   0.01296296296  -0.8148148148  0.2304392245   
324      I1         0.7722222222   1.933950617    3.179012346    0.5483950617   0.4637037037   0.1611111111   2.807098765    0.2777777778   0.01296296296  -0.8148148148  0.2305396611   
325      I1         0.7722222222   1.933950617    3.179012346    0.5483950617   0.4637037037   0.1611111111   2.682098765    0.4277777778   0.01296296296  -0.8148148148  0.2311448716   
326      I1         0.7722222222   1.933950617    3.179012346    0.5483950617   0.4637037037   0.1611111111   2.682098765    0.2777777778   0.02796296296  -0.8148148148  0.2571142408   
327      I1         0.7722222222   1.933950617    3.179012346    0.5483950617   0.4637037037   0.1611111111   2.682098765    0.2777777778   0.01296296296  -0.7148148148  0.2303691161   
328      I1         0.6872222222   1.933950617    3.179012346    0.5483950617   0.4637037037   0.1611111111   2.682098765    0.2777777778   0.01296296296  -0.8148148148  0.2353925689   
329      I1         0.7722222222   1.848950617    3.179012346    0.5483950617   0.4637037037   0.1611111111   2.682098765    0.2777777778   0.01296296296  -0.8148148148  0.2266949385   
330      I1         0.7722222222   1.933950617    3.079012346    0.5483950617   0.4637037037   0.1611111111   2.682098765    0.2777777778   0.01296296296  -0.8148148148  0.2281163151   
331      I1         0.7722222222   1.933950617    3.179012346    0.4993950617   0.4637037037   0.1611111111   2.682098765    0.2777777778   0.01296296296  -0.8148148148  0.2745160462   
332      I1         0.7722222222   1.933950617    3.179012346    0.5483950617   0.4147037037   0.1611111111   2.682098765    0.2777777778   0.01296296296  -0.8148148148  0.2348720813   
333      I1         0.7722222222   1.933950617    3.179012346    0.5483950617   0.4637037037   0.1611111111   2.557098765    0.2777777778   0.01296296296  -0.8148148148  0.2305396611   
334      I1         0.7722222222   1.933950617    3.179012346    0.5483950617   0.4637037037   0.1611111111   2.682098765    0.1277777778   0.01296296296  -0.8148148148  0.2305892252   
335      I1         0.7722222222   1.933950617    3.179012346    0.5483950617   0.4637037037   0.1611111111   2.682098765    0.2777777778   0.01296296296  -0.9148148148  0.2305891191   
336      I1         0.8572222222   1.848950617    3.179012346    0.5483950617   0.4637037037   0.1611111111   2.682098765    0.2777777778   0.01296296296  -0.8148148148  0.2405596835   
337      I1         0.7722222222   1.848950617    3.279012346    0.5483950617   0.4637037037   0.1611111111   2.682098765    0.2777777778   0.01296296296  -0.8148148148  0.2289846607   
338      I1         0.7722222222   1.848950617    3.179012346    0.5973950617   0.4637037037   0.1611111111   2.682098765    0.2777777778   0.01296296296  -0.8148148148  0.2545281425   
339      I1         0.7722222222   1.848950617    3.179012346    0.5483950617   0.5127037037   0.1611111111   2.682098765    0.2777777778   0.01296296296  -0.8148148148  0.228563305    
340      I1         0.7722222222   1.848950617    3.179012346    0.5483950617   0.4637037037   0.6561111111   2.682098765    0.2777777778   0.01296296296  -0.8148148148  0.2246297813   
341      I1         0.7722222222   1.848950617    3.179012346    0.5483950617   0.4637037037   0.1611111111   2.807098765    0.2777777778   0.01296296296  -0.8148148148  0.2266949385   
342      I1         0.7722222222   1.848950617    3.179012346    0.5483950617   0.4637037037   0.1611111111   2.682098765    0.4277777778   0.01296296296  -0.8148148148  0.2261118407   
343      I1         0.7722222222   1.848950617    3.179012346    0.5483950617   0.4637037037   0.1611111111   2.682098765    0.2777777778   0.02796296296  -0.8148148148  0.2466722002   
344      I1         0.7722222222   1.848950617    3.179012346    0.5483950617   0.4637037037   0.1611111111   2.682098765    0.2777777778   0.01296296296  -0.7148148148  0.2264548269   
345      I1         0.6872222222   1.848950617    3.179012346    0.5483950617   0.4637037037   0.1611111111   2.682098765    0.2777777778   0.01296296296  -0.8148148148  0.242996669    
346      I1         0.7722222222   1.848950617    3.079012346    0.5483950617   0.4637037037   0.1611111111   2.682098765    0.2777777778   0.01296296296  -0.8148148148  0.2256916962   
347      I1         0.7722222222   1.848950617    3.179012346    0.4993950617   0.4637037037   0.1611111111   2.682098765    0.2777777778   0.01296296296  -0.8148148148  0.2587611184   
348      I1         0.7722222222   1.848950617    3.179012346    0.5483950617   0.4147037037   0.1611111111   2.682098765    0.2777777778   0.01296296296  -0.8148148148  0.2283194479   
349      I1         0.7722222222   1.848950617    3.179012346    0.5483950617   0.4637037037   0.1611111111   2.557098765    0.2777777778   0.01296296296  -0.8148148148  0.2266949385   
350      I1         0.7722222222   1.848950617    3.179012346    0.5483950617   0.4637037037   0.1611111111   2.682098765    0.1277777778   0.01296296296  -0.8148148148  0.2268772935   
351      I1         0.7722222222   1.848950617    3.179012346    0.5483950617   0.4637037037   0.1611111111   2.682098765    0.2777777778   0.01296296296  -0.9148148148  0.2267644406   
352      I1         0.8147222222   1.848950617    3.179012346    0.5483950617   0.4637037037   0.1611111111   2.682098765    0.2777777778   0.01296296296  -0.8148148148  0.2307419123   
353      I1         0.7722222222   1.891450617    3.179012346    0.5483950617   0.4637037037   0.1611111111   2.682098765    0.2777777778   0.01296296296  -0.8148148148  0.2279873325   
354      I1         0.7722222222   1.848950617    3.229012346    0.5483950617   0.4637037037   0.1611111111   2.682098765    0.2777777778   0.01296296296  -0.8148148148  0.2276449288   
355      I1         0.7722222222   1.848950617    3.179012346    0.5728950617   0.4637037037   0.1611111111   2.682098765    0.2777777778   0.01296296296  -0.8148148148  0.2333315162   
356      I1         0.7722222222   1.848950617    3.179012346    0.5483950617   0.4882037037   0.1611111111   2.682098765    0.2777777778   0.01296296296  -0.8148148148  0.2271703273   
357      I1         0.7722222222   1.848950617    3.179012346    0.5483950617   0.4637037037   0.4086111111   2.682098765    0.2777777778   0.01296296296  -0.8148148148  0.2232128457   
358      I1         0.7722222222   1.848950617    3.179012346    0.5483950617   0.4637037037   0.1611111111   2.744598765    0.2777777778   0.01296296296  -0.8148148148  0.2266949385   
359      I1         0.7722222222   1.848950617    3.179012346    0.5483950617   0.4637037037   0.1611111111   2.682098765    0.3527777778   0.01296296296  -0.8148148148  0.2265582058   
360      I1         0.7722222222   1.848950617    3.179012346    0.5483950617   0.4637037037   0.1611111111   2.682098765    0.2777777778   0.02046296296  -0.8148148148  0.234735682    
361      I1         0.7722222222   1.848950617    3.179012346    0.5483950617   0.4637037037   0.1611111111   2.682098765    0.2777777778   0.01296296296  -0.7648148148  0.2266070056   
362      I1         0.7297222222   1.848950617    3.179012346    0.5483950617   0.4637037037   0.1611111111   2.682098765    0.2777777778   0.01296296296  -0.8148148148  0.2307641137   
363      I1         0.7722222222   1.806450617    3.179012346    0.5483950617   0.4637037037   0.1611111111   2.682098765    0.2777777778   0.01296296296  -0.8148148148  0.2269572074   
364      I1         0.7722222222   1.848950617    3.129012346    0.5483950617   0.4637037037   0.1611111111   2.682098765    0.2777777778   0.01296296296  -0.8148148148  0.2260675897   
365      I1         0.7722222222   1.848950617    3.179012346    0.5238950617   0.4637037037   0.1611111111   2.682098765    0.2777777778   0.01296296296  -0.8148148148  0.2374705645   
366      I1         0.7722222222   1.848950617    3.179012346    0.5483950617   0.4392037037   0.1611111111   2.682098765    0.2777777778   0.01296296296  -0.8148148148  0.2271031789   
367      I1         0.7722222222   1.848950617    3.179012346    0.5483950617   0.4637037037   0.1611111111   2.619598765    0.2777777778   0.01296296296  -0.8148148148  0.2266949385   
368      I1         0.7722222222   1.848950617    3.179012346    0.5483950617   0.4637037037   0.1611111111   2.682098765    0.2027777778   0.01296296296  -0.8148148148  0.2267725306   
369      I1         0.7722222222   1.848950617    3.179012346    0.5483950617   0.4637037037   0.1611111111   2.682098765    0.2777777778   0.005462962963 -0.8148148148  0.224889033    
370      I1         0.7722222222   1.848950617    3.179012346    0.5483950617   0.4637037037   0.1611111111   2.682098765    0.2777777778   0.01296296296  -0.8648148148  0.2267417232   
371      I1         0.8147222222   1.848950617    3.179012346    0.5483950617   0.4637037037   0.4086111111   2.682098765    0.2777777778   0.01296296296  -0.8148148148  0.2268202696   
372      I1         0.7722222222   1.891450617    3.179012346    0.5483950617   0.4637037037   0.4086111111   2.682098765    0.2777777778   0.01296296296  -0.8148148148  0.2244339279   
373      I1         0.7722222222   1.848950617    3.229012346    0.5483950617   0.4637037037   0.4086111111   2.682098765    0.2777777778   0.01296296296  -0.8148148148  0.224164851    
374      I1         0.7722222222   1.848950617    3.179012346    0.5728950617   0.4637037037   0.4086111111   2.682098765    0.2777777778   0.01296296296  -0.8148148148  0.2297743476   
375      I1         0.7722222222   1.848950617    3.179012346    0.5483950617   0.4882037037   0.4086111111   2.682098765    0.2777777778   0.01296296296  -0.8148148148  0.22389334     
376      I1         0.7722222222   1.848950617    3.179012346    0.5483950617   0.4637037037   0.4086111111   2.744598765    0.2777777778   0.01296296296  -0.8148148148  0.2232128457   
377      I1         0.7722222222   1.848950617    3.179012346    0.5483950617   0.4637037037   0.4086111111   2.682098765    0.3527777778   0.01296296296  -0.8148148148  0.2230823382   
378      I1         0.7722222222   1.848950617    3.179012346    0.5483950617   0.4637037037   0.4086111111   2.682098765    0.2777777778   0.02046296296  -0.8148148148  0.2311270546   
379      I1         0.7722222222   1.848950617    3.179012346    0.5483950617   0.4637037037   0.4086111111   2.682098765    0.2777777778   0.01296296296  -0.7648148148  0.2231139567   
380      I1         0.7297222222   1.848950617    3.179012346    0.5483950617   0.4637037037   0.4086111111   2.682098765    0.2777777778   0.01296296296  -0.8148148148  0.2287924741   
381      I1         0.7722222222   1.806450617    3.179012346    0.5483950617   0.4637037037   0.4086111111   2.682098765    0.2777777778   0.01296296296  -0.8148148148  0.2234728412   
382      I1         0.7722222222   1.848950617    3.129012346    0.5483950617   0.4637037037   0.4086111111   2.682098765    0.2777777778   0.01296296296  -0.8148148148  0.2226043218   
383      I1         0.7722222222   1.848950617    3.179012346    0.5238950617   0.4637037037   0.4086111111   2.682098765    0.2777777778   0.01296296296  -0.8148148148  0.2339470223   
384      I1         0.7722222222   1.848950617    3.179012346    0.5483950617   0.4392037037   0.4086111111   2.682098765    0.2777777778   0.01296296296  -0.8148148148  0.2234805118   
385      I1         0.7722222222   1.848950617    3.179012346    0.5483950617   0.4637037037   0.4086111111   2.619598765    0.2777777778   0.01296296296  -0.8148148148  0.2232128457   
386      I1         0.7722222222   1.848950617    3.179012346    0.5483950617   0.4637037037   0.4086111111   2.682098765    0.2027777778   0.01296296296  -0.8148148148  0.2230570287   
387      I1         0.7722222222   1.848950617    3.179012346    0.5483950617   0.4637037037   0.4086111111   2.682098765    0.2777777778   0.005462962963 -0.8148148148  0.2216917298   
388      I1         0.7722222222   1.848950617    3.179012346    0.5483950617   0.4637037037   0.4086111111   2.682098765    0.2777777778   0.01296296296  -0.8648148148  0.2232654536   
389      I1         0.8147222222   1.848950617    3.179012346    0.5483950617   0.4637037037   0.4086111111   2.682098765    0.2777777778   0.005462962963 -0.8148148148  0.2184247423   
390      I1         0.7722222222   1.891450617    3.179012346    0.5483950617   0.4637037037   0.4086111111   2.682098765    0.2777777778   0.005462962963 -0.8148148148  0.2195606097   
391      I1         0.7722222222   1.848950617    3.229012346    0.5483950617   0.4637037037   0.4086111111   2.682098765    0.2777777778   0.005462962963 -0.8148148148  0.2213294893   
392      I1         0.7722222222   1.848950617    3.179012346    0.5728950617   0.4637037037   0.4086111111   2.682098765    0.2777777778   0.005462962963 -0.8148148148  0.2380823938   
393      I1         0.7722222222   1.848950617    3.179012346    0.5483950617   0.4882037037   0.4086111111   2.682098765    0.2777777778   0.005462962963 -0.8148148148  0.2248800148   
394      I1         0.7722222222   1.848950617    3.179012346    0.5483950617   0.4637037037   0.6561111111   2.682098765    0.2777777778   0.005462962963 -0.8148148148  0.2201968099   
395      I1         0.7722222222   1.848950617    3.179012346    0.5483950617   0.4637037037   0.4086111111   2.744598765    0.2777777778   0.005462962963 -0.8148148148  0.2216917298   
396      I1         0.7722222222   1.848950617    3.179012346    0.5483950617   0.4637037037   0.4086111111   2.682098765    0.3527777778   0.005462962963 -0.8148148148  0.2213074888   
397      I1         0.7722222222   1.848950617    3.179012346    0.5483950617   0.4637037037   0.4086111111   2.682098765    0.2777777778   0.005462962963 -0.7648148148  0.2215562077   
398      I1         0.7297222222   1.848950617    3.179012346    0.5483950617   0.4637037037   0.4086111111   2.682098765    0.2777777778   0.005462962963 -0.8148148148  0.2344417735   
399      I1         0.7722222222   1.806450617    3.179012346    0.5483950617   0.4637037037   0.4086111111   2.682098765    0.2777777778   0.005462962963 -0.8148148148  0.2252934079   
400      I1         0.7722222222   1.848950617    3.129012346    0.5483950617   0.4637037037   0.4086111111   2.682098765    0.2777777778   0.005462962963 -0.8148148148  0.222217736    
401      I1         0.7722222222   1.848950617    3.179012346    0.5238950617   0.4637037037   0.4086111111   2.682098765    0.2777777778   0.005462962963 -0.8148148148  0.2226558964   
402      I1         0.7722222222   1.848950617    3.179012346    0.5483950617   0.4392037037   0.4086111111   2.682098765    0.2777777778   0.005462962963 -0.8148148148  0.219420399    
403      I1         0.7722222222   1.848950617    3.179012346    0.5483950617   0.4637037037   0.4086111111   2.619598765    0.2777777778   0.005462962963 -0.8148148148  0.2216917298   
404      I1         0.7722222222   1.848950617    3.179012346    0.5483950617   0.4637037037   0.4086111111   2.682098765    0.2027777778   0.005462962963 -0.8148148148  0.2214740149   
405      I1         0.7722222222   1.848950617    3.179012346    0.5483950617   0.4637037037   0.4086111111   2.682098765    0.2777777778   0.005462962963 -0.8648148148  0.2217637709   
406      I1         0.8572222222   1.848950617    3.179012346    0.5483950617   0.4637037037   0.4086111111   2.682098765    0.2777777778   0.005462962963 -0.8148148148  0.2241006444   
407      I1         0.8147222222   1.891450617    3.179012346    0.5483950617   0.4637037037   0.4086111111   2.682098765    0.2777777778   0.005462962963 -0.8148148148  0.2199721247   
408      I1         0.8147222222   1.848950617    3.229012346    0.5483950617   0.4637037037   0.4086111111   2.682098765    0.2777777778   0.005462962963 -0.8148148148  0.2194007384   
409      I1         0.8147222222   1.848950617    3.179012346    0.5728950617   0.4637037037   0.4086111111   2.682098765    0.2777777778   0.005462962963 -0.8148148148  0.2239155362   
410      I1         0.8147222222   1.848950617    3.179012346    0.5483950617   0.4882037037   0.4086111111   2.682098765    0.2777777778   0.005462962963 -0.8148148148  0.2190001765   
411      I1         0.8147222222   1.848950617    3.179012346    0.5483950617   0.4637037037   0.6561111111   2.682098765    0.2777777778   0.005462962963 -0.8148148148  0.2199707344   
412      I1         0.8147222222   1.848950617    3.179012346    0.5483950617   0.4637037037   0.4086111111   2.744598765    0.2777777778   0.005462962963 -0.8148148148  0.2184247423   
413      I1         0.8147222222   1.848950617    3.179012346    0.5483950617   0.4637037037   0.4086111111   2.682098765    0.3527777778   0.005462962963 -0.8148148148  0.2183084567   
414      I1         0.8147222222   1.848950617    3.179012346    0.5483950617   0.4637037037   0.4086111111   2.682098765    0.2777777778   0.005462962963 -0.7648148148  0.2183439017   
415      I1         0.8147222222   1.806450617    3.179012346    0.5483950617   0.4637037037   0.4086111111   2.682098765    0.2777777778   0.005462962963 -0.8148148148  0.2185618185   
416      I1         0.8147222222   1.848950617    3.129012346    0.5483950617   0.4637037037   0.4086111111   2.682098765    0.2777777778   0.005462962963 -0.8148148148  0.2177978811   
417      I1         0.8147222222   1.848950617    3.179012346    0.5238950617   0.4637037037   0.4086111111   2.682098765    0.2777777778   0.005462962963 -0.8148148148  0.230644329    
418      I1         0.8147222222   1.848950617    3.179012346    0.5483950617   0.4392037037   0.4086111111   2.682098765    0.2777777778   0.005462962963 -0.8148148148  0.2189012913   
419      I1         0.8147222222   1.848950617    3.179012346    0.5483950617   0.4637037037   0.1611111111   2.682098765    0.2777777778   0.005462962963 -0.8148148148  0.2225884627   
420      I1         0.8147222222   1.848950617    3.179012346    0.5483950617   0.4637037037   0.4086111111   2.619598765    0.2777777778   0.005462962963 -0.8148148148  0.2184247423   
421      I1         0.8147222222   1.848950617    3.179012346    0.5483950617   0.4637037037   0.4086111111   2.682098765    0.2027777778   0.005462962963 -0.8148148148  0.2182710735   
422      I1         0.8147222222   1.848950617    3.179012346    0.5483950617   0.4637037037   0.4086111111   2.682098765    0.2777777778   0.005462962963 -0.8648148148  0.2184677626   
423      I1         0.8572222222   1.848950617    3.129012346    0.5483950617   0.4637037037   0.4086111111   2.682098765    0.2777777778   0.005462962963 -0.8148148148  0.22267333     
424      I1         0.8147222222   1.891450617    3.129012346    0.5483950617   0.4637037037   0.4086111111   2.682098765    0.2777777778   0.005462962963 -0.8148148148  0.2188693832   
425      I1         0.8147222222   1.848950617    3.129012346    0.5728950617   0.4637037037   0.4086111111   2.682098765    0.2777777778   0.005462962963 -0.8148148148  0.2248602379   
426      I1         0.8147222222   1.848950617    3.129012346    0.5483950617   0.4882037037   0.4086111111   2.682098765    0.2777777778   0.005462962963 -0.8148148148  0.218782105    
427      I1         0.8147222222   1.848950617    3.129012346    0.5483950617   0.4637037037   0.6561111111   2.682098765    0.2777777778   0.005462962963 -0.8148148148  0.2189193524   
428      I1         0.8147222222   1.848950617    3.129012346    0.5483950617   0.4637037037   0.4086111111   2.744598765    0.2777777778   0.005462962963 -0.8148148148  0.2177978811   
429      I1         0.8147222222   1.848950617    3.129012346    0.5483950617   0.4637037037   0.4086111111   2.682098765    0.3527777778   0.005462962963 -0.8148148148  0.2176398706   
430      I1         0.8147222222   1.848950617    3.129012346    0.5483950617   0.4637037037   0.4086111111   2.682098765    0.2777777778   0.01296296296  -0.8148148148  0.2254000685   
431      I1         0.8147222222   1.848950617    3.129012346    0.5483950617   0.4637037037   0.4086111111   2.682098765    0.2777777778   0.005462962963 -0.7648148148  0.2177122635   
432      I1         0.8147222222   1.806450617    3.129012346    0.5483950617   0.4637037037   0.4086111111   2.682098765    0.2777777778   0.005462962963 -0.8148148148  0.2184757408   
433      I1         0.8147222222   1.848950617    3.079012346    0.5483950617   0.4637037037   0.4086111111   2.682098765    0.2777777778   0.005462962963 -0.8148148148  0.2174451859   
434      I1         0.8147222222   1.848950617    3.129012346    0.5238950617   0.4637037037   0.4086111111   2.682098765    0.2777777778   0.005462962963 -0.8148148148  0.228811336    
435      I1         0.8147222222   1.848950617    3.129012346    0.5483950617   0.4392037037   0.4086111111   2.682098765    0.2777777778   0.005462962963 -0.8148148148  0.2178681744   
436      I1         0.8147222222   1.848950617    3.129012346    0.5483950617   0.4637037037   0.1611111111   2.682098765    0.2777777778   0.005462962963 -0.8148148148  0.2220061784   
437      I1         0.8147222222   1.848950617    3.129012346    0.5483950617   0.4637037037   0.4086111111   2.619598765    0.2777777778   0.005462962963 -0.8148148148  0.2177978811   
438      I1         0.8147222222   1.848950617    3.129012346    0.5483950617   0.4637037037   0.4086111111   2.682098765    0.2027777778   0.005462962963 -0.8148148148  0.2176342939   
439      I1         0.8147222222   1.848950617    3.129012346    0.5483950617   0.4637037037   0.4086111111   2.682098765    0.2777777778   0.005462962963 -0.8648148148  0.217843437    
440      I1         0.8359722222   1.848950617    3.129012346    0.5483950617   0.4637037037   0.4086111111   2.682098765    0.2777777778   0.005462962963 -0.8148148148  0.2192065293   
441      I1         0.8147222222   1.870200617    3.129012346    0.5483950617   0.4637037037   0.4086111111   2.682098765    0.2777777778   0.005462962963 -0.8148148148  0.2181294895   
442      I1         0.8147222222   1.848950617    3.154012346    0.5483950617   0.4637037037   0.4086111111   2.682098765    0.2777777778   0.005462962963 -0.8148148148  0.2180723372   
443      I1         0.8147222222   1.848950617    3.129012346    0.5606450617   0.4637037037   0.4086111111   2.682098765    0.2777777778   0.005462962963 -0.8148148148  0.2191162075   
444      I1         0.8147222222   1.848950617    3.129012346    0.5483950617   0.4759537037   0.4086111111   2.682098765    0.2777777778   0.005462962963 -0.8148148148  0.2181560554   
445      I1         0.8147222222   1.848950617    3.129012346    0.5483950617   0.4637037037   0.5323611111   2.682098765    0.2777777778   0.005462962963 -0.8148148148  0.2176379754   
446      I1         0.8147222222   1.848950617    3.129012346    0.5483950617   0.4637037037   0.4086111111   2.713348765    0.2777777778   0.005462962963 -0.8148148148  0.2177978811   
447      I1         0.8147222222   1.848950617    3.129012346    0.5483950617   0.4637037037   0.4086111111   2.682098765    0.3152777778   0.005462962963 -0.8148148148  0.2177978811   
448      I1         0.8147222222   1.848950617    3.129012346    0.5483950617   0.4637037037   0.4086111111   2.682098765    0.2777777778   0.009212962963 -0.8148148148  0.2208916816   
449      I1         0.8147222222   1.848950617    3.129012346    0.5483950617   0.4637037037   0.4086111111   2.682098765    0.2777777778   0.005462962963 -0.7898148148  0.2177613536   
450      I1         0.7934722222   1.848950617    3.129012346    0.5483950617   0.4637037037   0.4086111111   2.682098765    0.2777777778   0.005462962963 -0.8148148148  0.2187011239   
451      I1         0.8147222222   1.827700617    3.129012346    0.5483950617   0.4637037037   0.4086111111   2.682098765    0.2777777778   0.005462962963 -0.8148148148  0.2179080878   
452      I1         0.8147222222   1.848950617    3.104012346    0.5483950617   0.4637037037   0.4086111111   2.682098765    0.2777777778   0.005462962963 -0.8148148148  0.217591872    
453      I1         0.8147222222   1.848950617    3.129012346    0.5361450617   0.4637037037   0.4086111111   2.682098765    0.2777777778   0.005462962963 -0.8148148148  0.2213396034   
454      I1         0.8147222222   1.848950617    3.129012346    0.5483950617   0.4514537037   0.4086111111   2.682098765    0.2777777778   0.005462962963 -0.8148148148  0.2177045151   
455      I1         0.8147222222   1.848950617    3.129012346    0.5483950617   0.4637037037   0.2848611111   2.682098765    0.2777777778   0.005462962963 -0.8148148148  0.2177234188   
456      I1         0.8147222222   1.848950617    3.129012346    0.5483950617   0.4637037037   0.4086111111   2.650848765    0.2777777778   0.005462962963 -0.8148148148  0.2177978811   
457      I1         0.8147222222   1.848950617    3.129012346    0.5483950617   0.4637037037   0.4086111111   2.682098765    0.2402777778   0.005462962963 -0.8148148148  0.2176375324   
458      I1         0.8147222222   1.848950617    3.129012346    0.5483950617   0.4637037037   0.4086111111   2.682098765    0.2777777778   0.001712962963 -0.8148148148  0.2165305619   
459      I1         0.8147222222   1.848950617    3.129012346    0.5483950617   0.4637037037   0.4086111111   2.682098765    0.2777777778   0.005462962963 -0.8398148148  0.2178244874   
460      I1         0.8359722222   1.848950617    3.129012346    0.5483950617   0.4637037037   0.4086111111   2.682098765    0.2777777778   0.001712962963 -0.8148148148  0.2160051072   
461      I1         0.8147222222   1.870200617    3.129012346    0.5483950617   0.4637037037   0.4086111111   2.682098765    0.2777777778   0.001712962963 -0.8148148148  0.2159125224   
462      I1         0.8147222222   1.848950617    3.154012346    0.5483950617   0.4637037037   0.4086111111   2.682098765    0.2777777778   0.001712962963 -0.8148148148  0.2165300068   
463      I1         0.8147222222   1.848950617    3.129012346    0.5606450617   0.4637037037   0.4086111111   2.682098765    0.2777777778   0.001712962963 -0.8148148148  0.220826155    
464      I1         0.8147222222   1.848950617    3.129012346    0.5483950617   0.4759537037   0.4086111111   2.682098765    0.2777777778   0.001712962963 -0.8148148148  0.2175897843   
465      I1         0.8147222222   1.848950617    3.129012346    0.5483950617   0.4637037037   0.5323611111   2.682098765    0.2777777778   0.001712962963 -0.8148148148  0.2154328387   
466      I1         0.8147222222   1.848950617    3.129012346    0.5483950617   0.4637037037   0.4086111111   2.713348765    0.2777777778   0.001712962963 -0.8148148148  0.2165305619   
467      I1         0.8147222222   1.848950617    3.129012346    0.5483950617   0.4637037037   0.4086111111   2.682098765    0.3152777778   0.001712962963 -0.8148148148  0.2165305619   
468      I1         0.8147222222   1.848950617    3.129012346    0.5483950617   0.4637037037   0.4086111111   2.682098765    0.2777777778   0.001712962963 -0.7898148148  0.2164863711   
469      I1         0.7934722222   1.848950617    3.129012346    0.5483950617   0.4637037037   0.4086111111   2.682098765    0.2777777778   0.001712962963 -0.8148148148  0.2194807363   
470      I1         0.8147222222   1.827700617    3.129012346    0.5483950617   0.4637037037   0.4086111111   2.682098765    0.2777777778   0.001712962963 -0.8148148148  0.2176025117   
471      I1         0.8147222222   1.848950617    3.104012346    0.5483950617   0.4637037037   0.4086111111   2.682098765    0.2777777778   0.001712962963 -0.8148148148  0.2165766538   
472      I1         0.8147222222   1.848950617    3.129012346    0.5361450617   0.4637037037   0.4086111111   2.682098765    0.2777777778   0.001712962963 -0.8148148148  0.2171938625   
473      I1         0.8147222222   1.848950617    3.129012346    0.5483950617   0.4514537037   0.4086111111   2.682098765    0.2777777778   0.001712962963 -0.8148148148  0.2157388014   
474      I1         0.8147222222   1.848950617    3.129012346    0.5483950617   0.4637037037   0.2848611111   2.682098765    0.2777777778   0.001712962963 -0.8148148148  0.2174373891   
475      I1         0.8147222222   1.848950617    3.129012346    0.5483950617   0.4637037037   0.4086111111   2.650848765    0.2777777778   0.001712962963 -0.8148148148  0.2165305619   
476      I1         0.8147222222   1.848950617    3.129012346    0.5483950617   0.4637037037   0.4086111111   2.682098765    0.2402777778   0.001712962963 -0.8148148148  0.2163355318   
477      I1         0.8147222222   1.848950617    3.129012346    0.5483950617   0.4637037037   0.4086111111   2.682098765    0.2777777778   0.001712962963 -0.8398148148  0.2165627429   
478      I1         0.8359722222   1.848950617    3.129012346    0.5483950617   0.4637037037   0.5323611111   2.682098765    0.2777777778   0.001712962963 -0.8148148148  0.2158906314   
479      I1         0.8147222222   1.870200617    3.129012346    0.5483950617   0.4637037037   0.5323611111   2.682098765    0.2777777778   0.001712962963 -0.8148148148  0.2153119689   
480      I1         0.8147222222   1.848950617    3.154012346    0.5483950617   0.4637037037   0.5323611111   2.682098765    0.2777777778   0.001712962963 -0.8148148148  0.2155696394   
481      I1         0.8147222222   1.848950617    3.129012346    0.5606450617   0.4637037037   0.5323611111   2.682098765    0.2777777778   0.001712962963 -0.8148148148  0.218290762    
482      I1         0.8147222222   1.848950617    3.129012346    0.5483950617   0.4759537037   0.5323611111   2.682098765    0.2777777778   0.001712962963 -0.8148148148  0.2161533939   
483      I1         0.8147222222   1.848950617    3.129012346    0.5483950617   0.4637037037   0.6561111111   2.682098765    0.2777777778   0.001712962963 -0.8148148148  0.2160393584   
484      I1         0.8147222222   1.848950617    3.129012346    0.5483950617   0.4637037037   0.5323611111   2.713348765    0.2777777778   0.001712962963 -0.8148148148  0.2154328387   
485      I1         0.8147222222   1.848950617    3.129012346    0.5483950617   0.4637037037   0.5323611111   2.682098765    0.3152777778   0.001712962963 -0.8148148148  0.2154328387   
486      I1         0.8147222222   1.848950617    3.129012346    0.5483950617   0.4637037037   0.5323611111   2.682098765    0.2777777778   0.001712962963 -0.7898148148  0.2153915562   
487      I1         0.7934722222   1.848950617    3.129012346    0.5483950617   0.4637037037   0.5323611111   2.682098765    0.2777777778   0.001712962963 -0.8148148148  0.2174876425   
488      I1         0.8147222222   1.827700617    3.129012346    0.5483950617   0.4637037037   0.5323611111   2.682098765    0.2777777778   0.001712962963 -0.8148148148  0.2160202319   
489      I1         0.8147222222   1.848950617    3.104012346    0.5483950617   0.4637037037   0.5323611111   2.682098765    0.2777777778   0.001712962963 -0.8148148148  0.2153545165   
490      I1         0.8147222222   1.848950617    3.129012346    0.5361450617   0.4637037037   0.5323611111   2.682098765    0.2777777778   0.001712962963 -0.8148148148  0.2176897847   
491      I1         0.8147222222   1.848950617    3.129012346    0.5483950617   0.4514537037   0.5323611111   2.682098765    0.2777777778   0.001712962963 -0.8148148148  0.2149923351   
492      I1         0.8147222222   1.848950617    3.129012346    0.5483950617   0.4637037037   0.4086111111   2.682098765    0.2777777778   0.001712962963 -0.8148148148  0.2165305619   
493      I1         0.8147222222   1.848950617    3.129012346    0.5483950617   0.4637037037   0.5323611111   2.650848765    0.2777777778   0.001712962963 -0.8148148148  0.2154328387   
494      I1         0.8147222222   1.848950617    3.129012346    0.5483950617   0.4637037037   0.5323611111   2.682098765    0.2402777778   0.001712962963 -0.8148148148  0.2153721294   
495      I1         0.8147222222   1.848950617    3.129012346    0.5483950617   0.4637037037   0.5323611111   2.682098765    0.2777777778   0.001712962963 -0.8398148148  0.2154629051   
496      I1         0.8359722222   1.848950617    3.129012346    0.5483950617   0.4514537037   0.5323611111   2.682098765    0.2777777778   0.001712962963 -0.8148148148  0.2161868906   
497      I1         0.8147222222   1.870200617    3.129012346    0.5483950617   0.4514537037   0.5323611111   2.682098765    0.2777777778   0.001712962963 -0.8148148148  0.2152283628   
498      I1         0.8147222222   1.848950617    3.154012346    0.5483950617   0.4514537037   0.5323611111   2.682098765    0.2777777778   0.001712962963 -0.8148148148  0.2152349317   
499      I1         0.8147222222   1.848950617    3.129012346    0.5606450617   0.4514537037   0.5323611111   2.682098765    0.2777777778   0.001712962963 -0.8148148148  0.2168156757   
500      I1         0.8147222222   1.848950617    3.129012346    0.5483950617   0.4514537037   0.6561111111   2.682098765    0.2777777778   0.001712962963 -0.8148148148  0.2158673851   
501      I1         0.8147222222   1.848950617    3.129012346    0.5483950617   0.4514537037   0.5323611111   2.713348765    0.2777777778   0.001712962963 -0.8148148148  0.2149923351   
502      I1         0.8147222222   1.848950617    3.129012346    0.5483950617   0.4514537037   0.5323611111   2.682098765    0.3152777778   0.001712962963 -0.8148148148  0.2149923351   
503      I1         0.8147222222   1.848950617    3.129012346    0.5483950617   0.4514537037   0.5323611111   2.682098765    0.2777777778   0.005462962963 -0.8148148148  0.2178696614   
504      I1         0.8147222222   1.848950617    3.129012346    0.5483950617   0.4514537037   0.5323611111   2.682098765    0.2777777778   0.001712962963 -0.7898148148  0.2149539103   
505      I1         0.7934722222   1.848950617    3.129012346    0.5483950617   0.4514537037   0.5323611111   2.682098765    0.2777777778   0.001712962963 -0.8148148148  0.2163226009   
506      I1         0.8147222222   1.827700617    3.129012346    0.5483950617   0.4514537037   0.5323611111   2.682098765    0.2777777778   0.001712962963 -0.8148148148  0.2152006452   
507      I1         0.8147222222   1.848950617    3.104012346    0.5483950617   0.4514537037   0.5323611111   2.682098765    0.2777777778   0.001712962963 -0.8148148148  0.2148190086   
508      I1         0.8147222222   1.848950617    3.129012346    0.5361450617   0.4514537037   0.5323611111   2.682098765    0.2777777778   0.001712962963 -0.8148148148  0.2184039643   
509      I1         0.8147222222   1.848950617    3.129012346    0.5483950617   0.4392037037   0.5323611111   2.682098765    0.2777777778   0.001712962963 -0.8148148148  0.2148315087   
510      I1         0.8147222222   1.848950617    3.129012346    0.5483950617   0.4514537037   0.4086111111   2.682098765    0.2777777778   0.001712962963 -0.8148148148  0.2157388014   
511      I1         0.8147222222   1.848950617    3.129012346    0.5483950617   0.4514537037   0.5323611111   2.650848765    0.2777777778   0.001712962963 -0.8148148148  0.2149923351   
512      I1         0.8147222222   1.848950617    3.129012346    0.5483950617   0.4514537037   0.5323611111   2.682098765    0.2402777778   0.001712962963 -0.8148148148  0.2149393743   
513      I1         0.8147222222   1.848950617    3.129012346    0.5483950617   0.4514537037   0.5323611111   2.682098765    0.2777777778   0.001712962963 -0.8398148148  0.2150203248   
514      I1         0.8359722222   1.848950617    3.104012346    0.5483950617   0.4514537037   0.5323611111   2.682098765    0.2777777778   0.001712962963 -0.8148148148  0.2157772641   
515      I1         0.8147222222   1.870200617    3.104012346    0.5483950617   0.4514537037   0.5323611111   2.682098765    0.2777777778   0.001712962963 -0.8148148148  0.2149355535   
516      I1         0.8147222222   1.848950617    3.104012346    0.5606450617   0.4514537037   0.5323611111   2.682098765    0.2777777778   0.001712962963 -0.8148148148  0.2170364675   
517      I1         0.8147222222   1.848950617    3.104012346    0.5483950617   0.4514537037   0.6561111111   2.682098765    0.2777777778   0.001712962963 -0.8148148148  0.2155976577   
518      I1         0.8147222222   1.848950617    3.104012346    0.5483950617   0.4514537037   0.5323611111   2.713348765    0.2777777778   0.001712962963 -0.8148148148  0.2148190086   
519      I1         0.8147222222   1.848950617    3.104012346    0.5483950617   0.4514537037   0.5323611111   2.682098765    0.3152777778   0.001712962963 -0.8148148148  0.2148190086   
520      I1         0.8147222222   1.848950617    3.104012346    0.5483950617   0.4514537037   0.5323611111   2.682098765    0.2777777778   0.005462962963 -0.8148148148  0.2174684128   
521      I1         0.8147222222   1.848950617    3.104012346    0.5483950617   0.4514537037   0.5323611111   2.682098765    0.2777777778   0.001712962963 -0.7898148148  0.2147795653   
522      I1         0.7934722222   1.848950617    3.104012346    0.5483950617   0.4514537037   0.5323611111   2.682098765    0.2777777778   0.001712962963 -0.8148148148  0.2164230646   
523      I1         0.8147222222   1.827700617    3.104012346    0.5483950617   0.4514537037   0.5323611111   2.682098765    0.2777777778   0.001712962963 -0.8148148148  0.2151512227   
524      I1         0.8147222222   1.848950617    3.079012346    0.5483950617   0.4514537037   0.5323611111   2.682098765    0.2777777778   0.001712962963 -0.8148148148  0.2147047743   
525      I1         0.8147222222   1.848950617    3.104012346    0.5361450617   0.4514537037   0.5323611111   2.682098765    0.2777777778   0.001712962963 -0.8148148148  0.2178662365   
526      I1         0.8147222222   1.848950617    3.104012346    0.5483950617   0.4392037037   0.5323611111   2.682098765    0.2777777778   0.001712962963 -0.8148148148  0.2145617538   
527      I1         0.8147222222   1.848950617    3.104012346    0.5483950617   0.4514537037   0.4086111111   2.682098765    0.2777777778   0.001712962963 -0.8148148148  0.215693129    
528      I1         0.8147222222   1.848950617    3.104012346    0.5483950617   0.4514537037   0.5323611111   2.650848765    0.2777777778   0.001712962963 -0.8148148148  0.2148190086   
529      I1         0.8147222222   1.848950617    3.104012346    0.5483950617   0.4514537037   0.5323611111   2.682098765    0.2402777778   0.001712962963 -0.8148148148  0.2147632402   
530      I1         0.8147222222   1.848950617    3.104012346    0.5483950617   0.4514537037   0.5323611111   2.682098765    0.2777777778   0.001712962963 -0.8398148148  0.2148477389   
531      I1         0.8572222222   1.848950617    3.104012346    0.5483950617   0.4392037037   0.5323611111   2.682098765    0.2777777778   0.001712962963 -0.8148148148  0.2200774701   
532      I1         0.8147222222   1.891450617    3.104012346    0.5483950617   0.4392037037   0.5323611111   2.682098765    0.2777777778   0.001712962963 -0.8148148148  0.2158566891   
533      I1         0.8147222222   1.848950617    3.154012346    0.5483950617   0.4392037037   0.5323611111   2.682098765    0.2777777778   0.001712962963 -0.8148148148  0.2151805366   
534      I1         0.8147222222   1.848950617    3.104012346    0.5728950617   0.4392037037   0.5323611111   2.682098765    0.2777777778   0.001712962963 -0.8148148148  0.2216316843   
535      I1         0.8147222222   1.848950617    3.104012346    0.5483950617   0.4637037037   0.5323611111   2.682098765    0.2777777778   0.001712962963 -0.8148148148  0.2153545165   
536      I1         0.8147222222   1.848950617    3.104012346    0.5483950617   0.4392037037   0.7798611111   2.682098765    0.2777777778   0.001712962963 -0.8148148148  0.218085559    
537      I1         0.8147222222   1.848950617    3.104012346    0.5483950617   0.4392037037   0.5323611111   2.744598765    0.2777777778   0.001712962963 -0.8148148148  0.2145617538   
538      I1         0.8147222222   1.848950617    3.104012346    0.5483950617   0.4392037037   0.5323611111   2.682098765    0.3527777778   0.001712962963 -0.8148148148  0.2144291974   
539      I1         0.8147222222   1.848950617    3.104012346    0.5483950617   0.4392037037   0.5323611111   2.682098765    0.2777777778   0.009212962963 -0.8148148148  0.2225921325   
540      I1         0.8147222222   1.848950617    3.104012346    0.5483950617   0.4392037037   0.5323611111   2.682098765    0.2777777778   0.001712962963 -0.7648148148  0.2144760131   
541      I1         0.7722222222   1.848950617    3.104012346    0.5483950617   0.4392037037   0.5323611111   2.682098765    0.2777777778   0.001712962963 -0.8148148148  0.21914267     
542      I1         0.8147222222   1.806450617    3.104012346    0.5483950617   0.4392037037   0.5323611111   2.682098765    0.2777777778   0.001712962963 -0.8148148148  0.2149288521   
543      I1         0.8147222222   1.848950617    3.054012346    0.5483950617   0.4392037037   0.5323611111   2.682098765    0.2777777778   0.001712962963 -0.8148148148  0.2142206547   
544      I1         0.8147222222   1.848950617    3.104012346    0.5238950617   0.4392037037   0.5323611111   2.682098765    0.2777777778   0.001712962963 -0.8148148148  0.2269883592   
545      I1         0.8147222222   1.848950617    3.104012346    0.5483950617   0.4147037037   0.5323611111   2.682098765    0.2777777778   0.001712962963 -0.8148148148  0.2148604544   
546      I1         0.8147222222   1.848950617    3.104012346    0.5483950617   0.4392037037   0.2848611111   2.682098765    0.2777777778   0.001712962963 -0.8148148148  0.2154301544   
547      I1         0.8147222222   1.848950617    3.104012346    0.5483950617   0.4392037037   0.5323611111   2.619598765    0.2777777778   0.001712962963 -0.8148148148  0.2145617538   
548      I1         0.8147222222   1.848950617    3.104012346    0.5483950617   0.4392037037   0.5323611111   2.682098765    0.2027777778   0.001712962963 -0.8148148148  0.2145104591   
549      I1         0.8147222222   1.848950617    3.104012346    0.5483950617   0.4392037037   0.5323611111   2.682098765    0.2777777778   0.001712962963 -0.8648148148  0.2146073868   
550      I1         0.8359722222   1.848950617    3.104012346    0.5483950617   0.4392037037   0.5323611111   2.682098765    0.2777777778   0.001712962963 -0.8148148148  0.2162450937   
551      I1         0.8147222222   1.870200617    3.104012346    0.5483950617   0.4392037037   0.5323611111   2.682098765    0.2777777778   0.001712962963 -0.8148148148  0.2150170392   
552      I1         0.8147222222   1.848950617    3.104012346    0.5606450617   0.4392037037   0.5323611111   2.682098765    0.2777777778   0.001712962963 -0.8148148148  0.2157058718   
553      I1         0.8147222222   1.848950617    3.104012346    0.5483950617   0.4392037037   0.6561111111   2.682098765    0.2777777778   0.001712962963 -0.8148148148  0.2156053399   
554      I1         0.8147222222   1.848950617    3.104012346    0.5483950617   0.4392037037   0.5323611111   2.713348765    0.2777777778   0.001712962963 -0.8148148148  0.2145617538   
555      I1         0.8147222222   1.848950617    3.104012346    0.5483950617   0.4392037037   0.5323611111   2.682098765    0.3152777778   0.001712962963 -0.8148148148  0.2145617538   
556      I1         0.8147222222   1.848950617    3.104012346    0.5483950617   0.4392037037   0.5323611111   2.682098765    0.2777777778   0.005462962963 -0.8148148148  0.2178611588   
557      I1         0.8147222222   1.848950617    3.104012346    0.5483950617   0.4392037037   0.5323611111   2.682098765    0.2777777778   0.001712962963 -0.7898148148  0.2145251713   
558      I1         0.7934722222   1.848950617    3.104012346    0.5483950617   0.4392037037   0.5323611111   2.682098765    0.2777777778   0.001712962963 -0.8148148148  0.2154222564   
559      I1         0.8147222222   1.827700617    3.104012346    0.5483950617   0.4392037037   0.5323611111   2.682098765    0.2777777778   0.001712962963 -0.8148148148  0.2145267685   
560      I1         0.8147222222   1.848950617    3.079012346    0.5483950617   0.4392037037   0.5323611111   2.682098765    0.2777777778   0.001712962963 -0.8148148148  0.2143612743   
561      I1         0.8147222222   1.848950617    3.104012346    0.5361450617   0.4392037037   0.5323611111   2.682098765    0.2777777778   0.001712962963 -0.8148148148  0.2187422213   
562      I1         0.8147222222   1.848950617    3.104012346    0.5483950617   0.4269537037   0.5323611111   2.682098765    0.2777777778   0.001712962963 -0.8148148148  0.2145788718   
563      I1         0.8147222222   1.848950617    3.104012346    0.5483950617   0.4392037037   0.4086111111   2.682098765    0.2777777778   0.001712962963 -0.8148148148  0.2150794216   
564      I1         0.8147222222   1.848950617    3.104012346    0.5483950617   0.4392037037   0.5323611111   2.650848765    0.2777777778   0.001712962963 -0.8148148148  0.2145617538   
565      I1         0.8147222222   1.848950617    3.104012346    0.5483950617   0.4392037037   0.5323611111   2.682098765    0.2402777778   0.001712962963 -0.8148148148  0.2145137127   
566      I1         0.8147222222   1.848950617    3.104012346    0.5483950617   0.4392037037   0.5323611111   2.682098765    0.2777777778   0.001712962963 -0.8398148148  0.2145884042   
567      I1         0.8359722222   1.848950617    3.079012346    0.5483950617   0.4392037037   0.5323611111   2.682098765    0.2777777778   0.001712962963 -0.8148148148  0.2158382396   
568      I1         0.8147222222   1.870200617    3.079012346    0.5483950617   0.4392037037   0.5323611111   2.682098765    0.2777777778   0.001712962963 -0.8148148148  0.2147126681   
569      I1         0.8147222222   1.848950617    3.079012346    0.5606450617   0.4392037037   0.5323611111   2.682098765    0.2777777778   0.001712962963 -0.8148148148  0.2158732347   
570      I1         0.8147222222   1.848950617    3.079012346    0.5483950617   0.4392037037   0.6561111111   2.682098765    0.2777777778   0.001712962963 -0.8148148148  0.2153189936   
571      I1         0.8147222222   1.848950617    3.079012346    0.5483950617   0.4392037037   0.5323611111   2.713348765    0.2777777778   0.001712962963 -0.8148148148  0.2143612743   
572      I1         0.8147222222   1.848950617    3.079012346    0.5483950617   0.4392037037   0.5323611111   2.682098765    0.3152777778   0.001712962963 -0.8148148148  0.2143612743   
573      I1         0.8147222222   1.848950617    3.079012346    0.5483950617   0.4392037037   0.5323611111   2.682098765    0.2777777778   0.005462962963 -0.8148148148  0.2174628181   
574      I1         0.8147222222   1.848950617    3.079012346    0.5483950617   0.4392037037   0.5323611111   2.682098765    0.2777777778   0.001712962963 -0.7898148148  0.2143237817   
575      I1         0.7934722222   1.848950617    3.079012346    0.5483950617   0.4392037037   0.5323611111   2.682098765    0.2777777778   0.001712962963 -0.8148148148  0.2154733042   
576      I1         0.8147222222   1.827700617    3.079012346    0.5483950617   0.4392037037   0.5323611111   2.682098765    0.2777777778   0.001712962963 -0.8148148148  0.2144363003   
577      I1         0.8147222222   1.848950617    3.079012346    0.5361450617   0.4392037037   0.5323611111   2.682098765    0.2777777778   0.001712962963 -0.8148148148  0.2182233051   
578      I1         0.8147222222   1.848950617    3.079012346    0.5483950617   0.4269537037   0.5323611111   2.682098765    0.2777777778   0.001712962963 -0.8148148148  0.2142922948   
579      I1         0.8147222222   1.848950617    3.079012346    0.5483950617   0.4392037037   0.4086111111   2.682098765    0.2777777778   0.001712962963 -0.8148148148  0.2149951589   
580      I1         0.8147222222   1.848950617    3.079012346    0.5483950617   0.4392037037   0.5323611111   2.650848765    0.2777777778   0.001712962963 -0.8148148148  0.2143612743   
581      I1         0.8147222222   1.848950617    3.079012346    0.5483950617   0.4392037037   0.5323611111   2.682098765    0.2402777778   0.001712962963 -0.8148148148  0.2143106776   
582      I1         0.8147222222   1.848950617    3.079012346    0.5483950617   0.4392037037   0.5323611111   2.682098765    0.2777777778   0.001712962963 -0.8398148148  0.2143885869   
583      I1         0.8253472222   1.848950617    3.079012346    0.5483950617   0.4392037037   0.5323611111   2.682098765    0.2777777778   0.001712962963 -0.8148148148  0.2148009043   
584      I1         0.8147222222   1.859575617    3.079012346    0.5483950617   0.4392037037   0.5323611111   2.682098765    0.2777777778   0.001712962963 -0.8148148148  0.2144855843   
585      I1         0.8147222222   1.848950617    3.091512346    0.5483950617   0.4392037037   0.5323611111   2.682098765    0.2777777778   0.001712962963 -0.8148148148  0.2144534654   
586      I1         0.8147222222   1.848950617    3.079012346    0.5545200617   0.4392037037   0.5323611111   2.682098765    0.2777777778   0.001712962963 -0.8148148148  0.2144473789   
587      I1         0.8147222222   1.848950617    3.079012346    0.5483950617   0.4453287037   0.5323611111   2.682098765    0.2777777778   0.001712962963 -0.8148148148  0.2144984596   
588      I1         0.8147222222   1.848950617    3.079012346    0.5483950617   0.4392037037   0.5942361111   2.682098765    0.2777777778   0.001712962963 -0.8148148148  0.2147011035   
589      I1         0.8147222222   1.848950617    3.079012346    0.5483950617   0.4392037037   0.5323611111   2.697723765    0.2777777778   0.001712962963 -0.8148148148  0.2143612743   
590      I1         0.8147222222   1.848950617    3.079012346    0.5483950617   0.4392037037   0.5323611111   2.682098765    0.2965277778   0.001712962963 -0.8148148148  0.2143612743   
591      I1         0.8147222222   1.848950617    3.079012346    0.5483950617   0.4392037037   0.5323611111   2.682098765    0.2777777778   0.003587962963 -0.8148148148  0.215693998    
592      I1         0.8147222222   1.848950617    3.079012346    0.5483950617   0.4392037037   0.5323611111   2.682098765    0.2777777778   0.001712962963 -0.8023148148  0.2143439611   
593      I1         0.8040972222   1.848950617    3.079012346    0.5483950617   0.4392037037   0.5323611111   2.682098765    0.2777777778   0.001712962963 -0.8148148148  0.2145580451   
594      I1         0.8147222222   1.838325617    3.079012346    0.5483950617   0.4392037037   0.5323611111   2.682098765    0.2777777778   0.001712962963 -0.8148148148  0.2143441298   
595      I1         0.8147222222   1.848950617    3.066512346    0.5483950617   0.4392037037   0.5323611111   2.682098765    0.2777777778   0.001712962963 -0.8148148148  0.2142840364   
596      I1         0.8147222222   1.848950617    3.079012346    0.5422700617   0.4392037037   0.5323611111   2.682098765    0.2777777778   0.001712962963 -0.8148148148  0.2156575793   
597      I1         0.8147222222   1.848950617    3.079012346    0.5483950617   0.4330787037   0.5323611111   2.682098765    0.2777777778   0.001712962963 -0.8148148148  0.2142928165   
598      I1         0.8147222222   1.848950617    3.079012346    0.5483950617   0.4392037037   0.4704861111   2.682098765    0.2777777778   0.001712962963 -0.8148148148  0.2146025893   
599      I1         0.8147222222   1.848950617    3.079012346    0.5483950617   0.4392037037   0.5323611111   2.666473765    0.2777777778   0.001712962963 -0.8148148148  0.2143612743   
600      I1         0.8147222222   1.848950617    3.079012346    0.5483950617   0.4392037037   0.5323611111   2.682098765    0.2590277778   0.001712962963 -0.8148148148  0.2143106776   
601      I1         0.8147222222   1.848950617    3.079012346    0.5483950617   0.4392037037   0.5323611111   2.682098765    0.2777777778   0.001712962963 -0.8273148148  0.2143760488   
602      I1         0.8253472222   1.848950617    3.066512346    0.5483950617   0.4392037037   0.5323611111   2.682098765    0.2777777778   0.001712962963 -0.8148148148  0.214672007    
603      I1         0.8147222222   1.859575617    3.066512346    0.5483950617   0.4392037037   0.5323611111   2.682098765    0.2777777778   0.001712962963 -0.8148148148  0.2143838332   
604      I1         0.8147222222   1.848950617    3.066512346    0.5545200617   0.4392037037   0.5323611111   2.682098765    0.2777777778   0.001712962963 -0.8148148148  0.2144562542   
605      I1         0.8147222222   1.848950617    3.066512346    0.5483950617   0.4453287037   0.5323611111   2.682098765    0.2777777778   0.001712962963 -0.8148148148  0.2144409689   
606      I1         0.8147222222   1.848950617    3.066512346    0.5483950617   0.4392037037   0.5942361111   2.682098765    0.2777777778   0.001712962963 -0.8148148148  0.2146032517   
607      I1         0.8147222222   1.848950617    3.066512346    0.5483950617   0.4392037037   0.5323611111   2.697723765    0.2777777778   0.001712962963 -0.8148148148  0.2142840364   
608      I1         0.8147222222   1.848950617    3.066512346    0.5483950617   0.4392037037   0.5323611111   2.682098765    0.2965277778   0.001712962963 -0.8148148148  0.2142840364   
609      I1         0.8147222222   1.848950617    3.066512346    0.5483950617   0.4392037037   0.5323611111   2.682098765    0.2777777778   0.003587962963 -0.8148148148  0.2155670211   
610      I1         0.8147222222   1.848950617    3.066512346    0.5483950617   0.4392037037   0.5323611111   2.682098765    0.2777777778   0.001712962963 -0.8023148148  0.2142665279   
611      I1         0.8040972222   1.848950617    3.066512346    0.5483950617   0.4392037037   0.5323611111   2.682098765    0.2777777778   0.001712962963 -0.8148148148  0.2145372962   
612      I1         0.8147222222   1.838325617    3.066512346    0.5483950617   0.4392037037   0.5323611111   2.682098765    0.2777777778   0.001712962963 -0.8148148148  0.2142920476   
613      I1         0.8147222222   1.848950617    3.054012346    0.5483950617   0.4392037037   0.5323611111   2.682098765    0.2777777778   0.001712962963 -0.8148148148  0.2142206547   
614      I1         0.8147222222   1.848950617    3.066512346    0.5422700617   0.4392037037   0.5323611111   2.682098765    0.2777777778   0.001712962963 -0.8148148148  0.2154993848   
615      I1         0.8147222222   1.848950617    3.066512346    0.5483950617   0.4330787037   0.5323611111   2.682098765    0.2777777778   0.001712962963 -0.8148148148  0.2141958016   
616      I1         0.8147222222   1.848950617    3.066512346    0.5483950617   0.4392037037   0.4704861111   2.682098765    0.2777777778   0.001712962963 -0.8148148148  0.2145461849   
617      I1         0.8147222222   1.848950617    3.066512346    0.5483950617   0.4392037037   0.5323611111   2.666473765    0.2777777778   0.001712962963 -0.8148148148  0.2142840364   
618      I1         0.8147222222   1.848950617    3.066512346    0.5483950617   0.4392037037   0.5323611111   2.682098765    0.2590277778   0.001712962963 -0.8148148148  0.214232251    
619      I1         0.8147222222   1.848950617    3.066512346    0.5483950617   0.4392037037   0.5323611111   2.682098765    0.2777777778   0.001712962963 -0.8273148148  0.2142989778   
620      I1         0.8253472222   1.848950617    3.066512346    0.5483950617   0.4330787037   0.5323611111   2.682098765    0.2777777778   0.001712962963 -0.8148148148  0.2147706318   
621      I1         0.8147222222   1.859575617    3.066512346    0.5483950617   0.4330787037   0.5323611111   2.682098765    0.2777777778   0.001712962963 -0.8148148148  0.2143796875   
622      I1         0.8147222222   1.848950617    3.066512346    0.5545200617   0.4330787037   0.5323611111   2.682098765    0.2777777778   0.001712962963 -0.8148148148  0.2140774137   
623      I1         0.8147222222   1.848950617    3.066512346    0.5483950617   0.4330787037   0.5942361111   2.682098765    0.2777777778   0.001712962963 -0.8148148148  0.2145816632   
624      I1         0.8147222222   1.848950617    3.066512346    0.5483950617   0.4330787037   0.5323611111   2.697723765    0.2777777778   0.001712962963 -0.8148148148  0.2141958016   
625      I1         0.8147222222   1.848950617    3.066512346    0.5483950617   0.4330787037   0.5323611111   2.682098765    0.2965277778   0.001712962963 -0.8148148148  0.2141958016   
626      I1         0.8147222222   1.848950617    3.066512346    0.5483950617   0.4330787037   0.5323611111   2.682098765    0.2777777778   0.003587962963 -0.8148148148  0.2156481207   
627      I1         0.8147222222   1.848950617    3.066512346    0.5483950617   0.4330787037   0.5323611111   2.682098765    0.2777777778   0.001712962963 -0.8023148148  0.2141789528   
628      I1         0.8040972222   1.848950617    3.066512346    0.5483950617   0.4330787037   0.5323611111   2.682098765    0.2777777778   0.001712962963 -0.8148148148  0.2142584375   
629      I1         0.8147222222   1.838325617    3.066512346    0.5483950617   0.4330787037   0.5323611111   2.682098765    0.2777777778   0.001712962963 -0.8148148148  0.2141157269   
630      I1         0.8147222222   1.848950617    3.054012346    0.5483950617   0.4330787037   0.5323611111   2.682098765    0.2777777778   0.001712962963 -0.8148148148  0.2141138386   
631      I1         0.8147222222   1.848950617    3.066512346    0.5422700617   0.4330787037   0.5323611111   2.682098765    0.2777777778   0.001712962963 -0.8148148148  0.2157063298   
632      I1         0.8147222222   1.848950617    3.066512346    0.5483950617   0.4269537037   0.5323611111   2.682098765    0.2777777778   0.001712962963 -0.8148148148  0.2141755821   
633      I1         0.8147222222   1.848950617    3.066512346    0.5483950617   0.4330787037   0.4704861111   2.682098765    0.2777777778   0.001712962963 -0.8148148148  0.2143906465   
634      I1         0.8147222222   1.848950617    3.066512346    0.5483950617   0.4330787037   0.5323611111   2.666473765    0.2777777778   0.001712962963 -0.8148148148  0.2141958016   
635      I1         0.8147222222   1.848950617    3.066512346    0.5483950617   0.4330787037   0.5323611111   2.682098765    0.2590277778   0.001712962963 -0.8148148148  0.2141478642   
636      I1         0.8147222222   1.848950617    3.066512346    0.5483950617   0.4330787037   0.5323611111   2.682098765    0.2777777778   0.001712962963 -0.8273148148  0.2142101797   
637      I1         0.8253472222   1.848950617    3.066512346    0.5545200617   0.4330787037   0.5323611111   2.682098765    0.2777777778   0.001712962963 -0.8148148148  0.2137337008   
638      I1         0.8147222222   1.859575617    3.066512346    0.5545200617   0.4330787037   0.5323611111   2.682098765    0.2777777778   0.001712962963 -0.8148148148  0.2138681464   
639      I1         0.8147222222   1.848950617    3.079012346    0.5545200617   0.4330787037   0.5323611111   2.682098765    0.2777777778   0.001712962963 -0.8148148148  0.2140873539   
640      I1         0.8147222222   1.848950617    3.066512346    0.5606450617   0.4330787037   0.5323611111   2.682098765    0.2777777778   0.001712962963 -0.8148148148  0.2153298854   
641      I1         0.8147222222   1.848950617    3.066512346    0.5545200617   0.4330787037   0.5942361111   2.682098765    0.2777777778   0.001712962963 -0.8148148148  0.214132744    
642      I1         0.8147222222   1.848950617    3.066512346    0.5545200617   0.4330787037   0.5323611111   2.697723765    0.2777777778   0.001712962963 -0.8148148148  0.2140774137   
643      I1         0.8147222222   1.848950617    3.066512346    0.5545200617   0.4330787037   0.5323611111   2.682098765    0.2965277778   0.001712962963 -0.8148148148  0.2140774137   
644      I1         0.8147222222   1.848950617    3.066512346    0.5545200617   0.4330787037   0.5323611111   2.682098765    0.2777777778   0.003587962963 -0.8148148148  0.2147214598   
645      I1         0.8147222222   1.848950617    3.066512346    0.5545200617   0.4330787037   0.5323611111   2.682098765    0.2777777778   0.001712962963 -0.8023148148  0.2140572218   
646      I1         0.8040972222   1.848950617    3.066512346    0.5545200617   0.4330787037   0.5323611111   2.682098765    0.2777777778   0.001712962963 -0.8148148148  0.215074161    
647      I1         0.8147222222   1.838325617    3.066512346    0.5545200617   0.4330787037   0.5323611111   2.682098765    0.2777777778   0.001712962963 -0.8148148148  0.2143869846   
648      I1         0.8147222222   1.848950617    3.054012346    0.5545200617   0.4330787037   0.5323611111   2.682098765    0.2777777778   0.001712962963 -0.8148148148  0.2140772588   
649      I1         0.8147222222   1.848950617    3.066512346    0.5545200617   0.4269537037   0.5323611111   2.682098765    0.2777777778   0.001712962963 -0.8148148148  0.2137628411   
650      I1         0.8147222222   1.848950617    3.066512346    0.5545200617   0.4330787037   0.4704861111   2.682098765    0.2777777778   0.001712962963 -0.8148148148  0.214598829    
651      I1         0.8147222222   1.848950617    3.066512346    0.5545200617   0.4330787037   0.5323611111   2.666473765    0.2777777778   0.001712962963 -0.8148148148  0.2140774137   
652      I1         0.8147222222   1.848950617    3.066512346    0.5545200617   0.4330787037   0.5323611111   2.682098765    0.2590277778   0.001712962963 -0.8148148148  0.2140141946   
653      I1         0.8147222222   1.848950617    3.066512346    0.5545200617   0.4330787037   0.5323611111   2.682098765    0.2777777778   0.001712962963 -0.8273148148  0.2140946428   
654      I1         0.8359722222   1.848950617    3.066512346    0.5545200617   0.4330787037   0.5323611111   2.682098765    0.2777777778   0.001712962963 -0.8148148148  0.214045176    
655      I1         0.8253472222   1.859575617    3.066512346    0.5545200617   0.4330787037   0.5323611111   2.682098765    0.2777777778   0.001712962963 -0.8148148148  0.2137723525   
656      I1         0.8253472222   1.848950617    3.079012346    0.5545200617   0.4330787037   0.5323611111   2.682098765    0.2777777778   0.001712962963 -0.8148148148  0.2138002359   
657      I1         0.8253472222   1.848950617    3.066512346    0.5606450617   0.4330787037   0.5323611111   2.682098765    0.2777777778   0.001712962963 -0.8148148148  0.2140740845   
658      I1         0.8253472222   1.848950617    3.066512346    0.5545200617   0.4392037037   0.5323611111   2.682098765    0.2777777778   0.001712962963 -0.8148148148  0.2139268063   
659      I1         0.8253472222   1.848950617    3.066512346    0.5545200617   0.4330787037   0.5942361111   2.682098765    0.2777777778   0.001712962963 -0.8148148148  0.2139937528   
660      I1         0.8253472222   1.848950617    3.066512346    0.5545200617   0.4330787037   0.5323611111   2.697723765    0.2777777778   0.001712962963 -0.8148148148  0.2137337008   
661      I1         0.8253472222   1.848950617    3.066512346    0.5545200617   0.4330787037   0.5323611111   2.682098765    0.2965277778   0.001712962963 -0.8148148148  0.2137337008   
662      I1         0.8253472222   1.848950617    3.066512346    0.5545200617   0.4330787037   0.5323611111   2.682098765    0.2777777778   0.003587962963 -0.8148148148  0.2149154408   
663      I1         0.8253472222   1.848950617    3.066512346    0.5545200617   0.4330787037   0.5323611111   2.682098765    0.2777777778   0.001712962963 -0.8023148148  0.2137163286   
664      I1         0.8253472222   1.838325617    3.066512346    0.5545200617   0.4330787037   0.5323611111   2.682098765    0.2777777778   0.001712962963 -0.8148148148  0.2137973553   
665      I1         0.8253472222   1.848950617    3.054012346    0.5545200617   0.4330787037   0.5323611111   2.682098765    0.2777777778   0.001712962963 -0.8148148148  0.2136802297   
666      I1         0.8253472222   1.848950617    3.066512346    0.5545200617   0.4269537037   0.5323611111   2.682098765    0.2777777778   0.001712962963 -0.8148148148  0.2136067171   
667      I1         0.8253472222   1.848950617    3.066512346    0.5545200617   0.4330787037   0.4704861111   2.682098765    0.2777777778   0.001712962963 -0.8148148148  0.2140458759   
668      I1         0.8253472222   1.848950617    3.066512346    0.5545200617   0.4330787037   0.5323611111   2.666473765    0.2777777778   0.001712962963 -0.8148148148  0.2137337008   
669      I1         0.8253472222   1.848950617    3.066512346    0.5545200617   0.4330787037   0.5323611111   2.682098765    0.2590277778   0.001712962963 -0.8148148148  0.2136799332   
670      I1         0.8253472222   1.848950617    3.066512346    0.5545200617   0.4330787037   0.5323611111   2.682098765    0.2777777778   0.001712962963 -0.8273148148  0.2137485255   
671      I1         0.8465972222   1.848950617    3.066512346    0.5545200617   0.4269537037   0.5323611111   2.682098765    0.2777777778   0.001712962963 -0.8148148148  0.2152341433   
672      I1         0.8253472222   1.870200617    3.066512346    0.5545200617   0.4269537037   0.5323611111   2.682098765    0.2777777778   0.001712962963 -0.8148148148  0.213941406    
673      I1         0.8253472222   1.848950617    3.091512346    0.5545200617   0.4269537037   0.5323611111   2.682098765    0.2777777778   0.001712962963 -0.8148148148  0.2137936224   
674      I1         0.8253472222   1.848950617    3.066512346    0.5667700617   0.4269537037   0.5323611111   2.682098765    0.2777777778   0.001712962963 -0.8148148148  0.2150714781   
675      I1         0.8253472222   1.848950617    3.066512346    0.5545200617   0.4269537037   0.6561111111   2.682098765    0.2777777778   0.001712962963 -0.8148148148  0.21453985     
676      I1         0.8253472222   1.848950617    3.066512346    0.5545200617   0.4269537037   0.5323611111   2.713348765    0.2777777778   0.001712962963 -0.8148148148  0.2136067171   
677      I1         0.8253472222   1.848950617    3.066512346    0.5545200617   0.4269537037   0.5323611111   2.682098765    0.3152777778   0.001712962963 -0.8148148148  0.2136067171   
678      I1         0.8253472222   1.848950617    3.066512346    0.5545200617   0.4269537037   0.5323611111   2.682098765    0.2777777778   0.005462962963 -0.8148148148  0.2167388628   
679      I1         0.8253472222   1.848950617    3.066512346    0.5545200617   0.4269537037   0.5323611111   2.682098765    0.2777777778   0.001712962963 -0.7898148148  0.2135704694   
680      I1         0.8040972222   1.848950617    3.066512346    0.5545200617   0.4269537037   0.5323611111   2.682098765    0.2777777778   0.001712962963 -0.8148148148  0.2145806254   
681      I1         0.8253472222   1.827700617    3.066512346    0.5545200617   0.4269537037   0.5323611111   2.682098765    0.2777777778   0.001712962963 -0.8148148148  0.2136656517   
682      I1         0.8253472222   1.848950617    3.041512346    0.5545200617   0.4269537037   0.5323611111   2.682098765    0.2777777778   0.001712962963 -0.8148148148  0.2134768986   
683      I1         0.8253472222   1.848950617    3.066512346    0.5422700617   0.4269537037   0.5323611111   2.682098765    0.2777777778   0.001712962963 -0.8148148148  0.2175328955   
684      I1         0.8253472222   1.848950617    3.066512346    0.5545200617   0.4147037037   0.5323611111   2.682098765    0.2777777778   0.001712962963 -0.8148148148  0.2135490142   
685      I1         0.8253472222   1.848950617    3.066512346    0.5545200617   0.4269537037   0.4086111111   2.682098765    0.2777777778   0.001712962963 -0.8148148148  0.2142520051   
686      I1         0.8253472222   1.848950617    3.066512346    0.5545200617   0.4269537037   0.5323611111   2.650848765    0.2777777778   0.001712962963 -0.8148148148  0.2136067171   
687      I1         0.8253472222   1.848950617    3.066512346    0.5545200617   0.4269537037   0.5323611111   2.682098765    0.2402777778   0.001712962963 -0.8148148148  0.2135566815   
688      I1         0.8253472222   1.848950617    3.066512346    0.5545200617   0.4269537037   0.5323611111   2.682098765    0.2777777778   0.001712962963 -0.8398148148  0.2136331242   
689      I1         0.8359722222   1.848950617    3.066512346    0.5545200617   0.4269537037   0.5323611111   2.682098765    0.2777777778   0.001712962963 -0.8148148148  0.2141033966   
690      I1         0.8253472222   1.859575617    3.066512346    0.5545200617   0.4269537037   0.5323611111   2.682098765    0.2777777778   0.001712962963 -0.8148148148  0.2137266264   
691      I1         0.8253472222   1.848950617    3.079012346    0.5545200617   0.4269537037   0.5323611111   2.682098765    0.2777777778   0.001712962963 -0.8148148148  0.2136924918   
692      I1         0.8253472222   1.848950617    3.066512346    0.5606450617   0.4269537037   0.5323611111   2.682098765    0.2777777778   0.001712962963 -0.8148148148  0.2136657406   
693      I1         0.8253472222   1.848950617    3.066512346    0.5545200617   0.4269537037   0.5942361111   2.682098765    0.2777777778   0.001712962963 -0.8148148148  0.2139329696   
694      I1         0.8253472222   1.848950617    3.066512346    0.5545200617   0.4269537037   0.5323611111   2.697723765    0.2777777778   0.001712962963 -0.8148148148  0.2136067171   
695      I1         0.8253472222   1.848950617    3.066512346    0.5545200617   0.4269537037   0.5323611111   2.682098765    0.2965277778   0.001712962963 -0.8148148148  0.2136067171   
696      I1         0.8253472222   1.848950617    3.066512346    0.5545200617   0.4269537037   0.5323611111   2.682098765    0.2777777778   0.003587962963 -0.8148148148  0.214956089    
697      I1         0.8253472222   1.848950617    3.066512346    0.5545200617   0.4269537037   0.5323611111   2.682098765    0.2777777778   0.001712962963 -0.8023148148  0.2135899782   
698      I1         0.8253472222   1.838325617    3.066512346    0.5545200617   0.4269537037   0.5323611111   2.682098765    0.2777777778   0.001712962963 -0.8148148148  0.2135856748   
699      I1         0.8253472222   1.848950617    3.054012346    0.5545200617   0.4269537037   0.5323611111   2.682098765    0.2777777778   0.001712962963 -0.8148148148  0.2135351963   
700      I1         0.8253472222   1.848950617    3.066512346    0.5483950617   0.4269537037   0.5323611111   2.682098765    0.2777777778   0.001712962963 -0.8148148148  0.2149340662   
701      I1         0.8253472222   1.848950617    3.066512346    0.5545200617   0.4208287037   0.5323611111   2.682098765    0.2777777778   0.001712962963 -0.8148148148  0.2135454143   
702      I1         0.8253472222   1.848950617    3.066512346    0.5545200617   0.4269537037   0.4704861111   2.682098765    0.2777777778   0.001712962963 -0.8148148148  0.2138535652   
703      I1         0.8253472222   1.848950617    3.066512346    0.5545200617   0.4269537037   0.5323611111   2.666473765    0.2777777778   0.001712962963 -0.8148148148  0.2136067171   
704      I1         0.8253472222   1.848950617    3.066512346    0.5545200617   0.4269537037   0.5323611111   2.682098765    0.2590277778   0.001712962963 -0.8148148148  0.2135566815   
705      I1         0.8253472222   1.848950617    3.066512346    0.5545200617   0.4269537037   0.5323611111   2.682098765    0.2777777778   0.001712962963 -0.8273148148  0.2136210018   
706      I1         0.8359722222   1.848950617    3.054012346    0.5545200617   0.4269537037   0.5323611111   2.682098765    0.2777777778   0.001712962963 -0.8148148148  0.2139834499   
707      I1         0.8253472222   1.859575617    3.054012346    0.5545200617   0.4269537037   0.5323611111   2.682098765    0.2777777778   0.001712962963 -0.8148148148  0.2136330696   
708      I1         0.8253472222   1.848950617    3.054012346    0.5606450617   0.4269537037   0.5323611111   2.682098765    0.2777777778   0.001712962963 -0.8148148148  0.213674669    
709      I1         0.8253472222   1.848950617    3.054012346    0.5545200617   0.4269537037   0.5942361111   2.682098765    0.2777777778   0.001712962963 -0.8148148148  0.2138420566   
710      I1         0.8253472222   1.848950617    3.054012346    0.5545200617   0.4269537037   0.5323611111   2.697723765    0.2777777778   0.001712962963 -0.8148148148  0.2135351963   
711      I1         0.8253472222   1.848950617    3.054012346    0.5545200617   0.4269537037   0.5323611111   2.682098765    0.2965277778   0.001712962963 -0.8148148148  0.2135351963   
712      I1         0.8253472222   1.848950617    3.054012346    0.5545200617   0.4269537037   0.5323611111   2.682098765    0.2777777778   0.003587962963 -0.8148148148  0.214838297    
713      I1         0.8253472222   1.848950617    3.054012346    0.5545200617   0.4269537037   0.5323611111   2.682098765    0.2777777778   0.001712962963 -0.8023148148  0.2135182794   
714      I1         0.8147222222   1.848950617    3.054012346    0.5545200617   0.4269537037   0.5323611111   2.682098765    0.2777777778   0.001712962963 -0.8148148148  0.2137447272   
715      I1         0.8253472222   1.838325617    3.054012346    0.5545200617   0.4269537037   0.5323611111   2.682098765    0.2777777778   0.001712962963 -0.8148148148  0.2135367858   
716      I1         0.8253472222   1.848950617    3.041512346    0.5545200617   0.4269537037   0.5323611111   2.682098765    0.2777777778   0.001712962963 -0.8148148148  0.2134768986   
717      I1         0.8253472222   1.848950617    3.054012346    0.5483950617   0.4269537037   0.5323611111   2.682098765    0.2777777778   0.001712962963 -0.8148148148  0.2147870081   
718      I1         0.8253472222   1.848950617    3.054012346    0.5545200617   0.4208287037   0.5323611111   2.682098765    0.2777777778   0.001712962963 -0.8148148148  0.2134558408   
719      I1         0.8253472222   1.848950617    3.054012346    0.5545200617   0.4269537037   0.4704861111   2.682098765    0.2777777778   0.001712962963 -0.8148148148  0.2138013569   
720      I1         0.8253472222   1.848950617    3.054012346    0.5545200617   0.4269537037   0.5323611111   2.666473765    0.2777777778   0.001712962963 -0.8148148148  0.2135351963   
721      I1         0.8253472222   1.848950617    3.054012346    0.5545200617   0.4269537037   0.5323611111   2.682098765    0.2590277778   0.001712962963 -0.8148148148  0.2134840552   
722      I1         0.8253472222   1.848950617    3.054012346    0.5545200617   0.4269537037   0.5323611111   2.682098765    0.2777777778   0.001712962963 -0.8273148148  0.2135496328   
723      I1         0.8359722222   1.848950617    3.054012346    0.5545200617   0.4208287037   0.5323611111   2.682098765    0.2777777778   0.001712962963 -0.8148148148  0.2140879811   
724      I1         0.8253472222   1.859575617    3.054012346    0.5545200617   0.4208287037   0.5323611111   2.682098765    0.2777777778   0.001712962963 -0.8148148148  0.2136326132   
725      I1         0.8253472222   1.848950617    3.054012346    0.5606450617   0.4208287037   0.5323611111   2.682098765    0.2777777778   0.001712962963 -0.8148148148  0.2133104178   
726      I1         0.8253472222   1.848950617    3.054012346    0.5545200617   0.4208287037   0.5942361111   2.682098765    0.2777777778   0.001712962963 -0.8148148148  0.2138283022   
727      I1         0.8253472222   1.848950617    3.054012346    0.5545200617   0.4208287037   0.5323611111   2.697723765    0.2777777778   0.001712962963 -0.8148148148  0.2134558408   
728      I1         0.8253472222   1.848950617    3.054012346    0.5545200617   0.4208287037   0.5323611111   2.682098765    0.2965277778   0.001712962963 -0.8148148148  0.2134558408   
729      I1         0.8253472222   1.848950617    3.054012346    0.5545200617   0.4208287037   0.5323611111   2.682098765    0.2777777778   0.003587962963 -0.8148148148  0.214923748    
730      I1         0.8253472222   1.848950617    3.054012346    0.5545200617   0.4208287037   0.5323611111   2.682098765    0.2777777778   0.001712962963 -0.8023148148  0.2134395566   
731      I1         0.8147222222   1.848950617    3.054012346    0.5545200617   0.4208287037   0.5323611111   2.682098765    0.2777777778   0.001712962963 -0.8148148148  0.2134767029   
732      I1         0.8253472222   1.838325617    3.054012346    0.5545200617   0.4208287037   0.5323611111   2.682098765    0.2777777778   0.001712962963 -0.8148148148  0.2133747242   
733      I1         0.8253472222   1.848950617    3.041512346    0.5545200617   0.4208287037   0.5323611111   2.682098765    0.2777777778   0.001712962963 -0.8148148148  0.2133806405   
734      I1         0.8253472222   1.848950617    3.054012346    0.5483950617   0.4208287037   0.5323611111   2.682098765    0.2777777778   0.001712962963 -0.8148148148  0.2149964255   
735      I1         0.8253472222   1.848950617    3.054012346    0.5545200617   0.4147037037   0.5323611111   2.682098765    0.2777777778   0.001712962963 -0.8148148148  0.2134414803   
736      I1         0.8253472222   1.848950617    3.054012346    0.5545200617   0.4208287037   0.4704861111   2.682098765    0.2777777778   0.001712962963 -0.8148148148  0.2136569233   
737      I1         0.8253472222   1.848950617    3.054012346    0.5545200617   0.4208287037   0.5323611111   2.666473765    0.2777777778   0.001712962963 -0.8148148148  0.2134558408   
738      I1         0.8253472222   1.848950617    3.054012346    0.5545200617   0.4208287037   0.5323611111   2.682098765    0.2590277778   0.001712962963 -0.8148148148  0.2134084219   
739      I1         0.8253472222   1.848950617    3.054012346    0.5545200617   0.4208287037   0.5323611111   2.682098765    0.2777777778   0.001712962963 -0.8273148148  0.2134697374   
740      I1         0.8359722222   1.848950617    3.054012346    0.5606450617   0.4208287037   0.5323611111   2.682098765    0.2777777778   0.001712962963 -0.8148148148  0.2130183427   
741      I1         0.8253472222   1.859575617    3.054012346    0.5606450617   0.4208287037   0.5323611111   2.682098765    0.2777777778   0.001712962963 -0.8148148148  0.2131086297   
742      I1         0.8253472222   1.848950617    3.066512346    0.5606450617   0.4208287037   0.5323611111   2.682098765    0.2777777778   0.001712962963 -0.8148148148  0.213318704    
743      I1         0.8253472222   1.848950617    3.054012346    0.5667700617   0.4208287037   0.5323611111   2.682098765    0.2777777778   0.001712962963 -0.8148148148  0.2145418321   
744      I1         0.8253472222   1.848950617    3.054012346    0.5606450617   0.4208287037   0.5942361111   2.682098765    0.2777777778   0.001712962963 -0.8148148148  0.213349731    
745      I1         0.8253472222   1.848950617    3.054012346    0.5606450617   0.4208287037   0.5323611111   2.697723765    0.2777777778   0.001712962963 -0.8148148148  0.2133104178   
746      I1         0.8253472222   1.848950617    3.054012346    0.5606450617   0.4208287037   0.5323611111   2.682098765    0.2965277778   0.001712962963 -0.8148148148  0.2133104178   
747      I1         0.8253472222   1.848950617    3.054012346    0.5606450617   0.4208287037   0.5323611111   2.682098765    0.2777777778   0.003587962963 -0.8148148148  0.2139714722   
748      I1         0.8253472222   1.848950617    3.054012346    0.5606450617   0.4208287037   0.5323611111   2.682098765    0.2777777778   0.001712962963 -0.8023148148  0.2132908582   
749      I1         0.8147222222   1.848950617    3.054012346    0.5606450617   0.4208287037   0.5323611111   2.682098765    0.2777777778   0.001712962963 -0.8148148148  0.2142773932   
750      I1         0.8253472222   1.838325617    3.054012346    0.5606450617   0.4208287037   0.5323611111   2.682098765    0.2777777778   0.001712962963 -0.8148148148  0.2136050937   
751      I1         0.8253472222   1.848950617    3.041512346    0.5606450617   0.4208287037   0.5323611111   2.682098765    0.2777777778   0.001712962963 -0.8148148148  0.2133113124   
752      I1         0.8253472222   1.848950617    3.054012346    0.5606450617   0.4147037037   0.5323611111   2.682098765    0.2777777778   0.001712962963 -0.8148148148  0.2130077392   
753      I1         0.8253472222   1.848950617    3.054012346    0.5606450617   0.4208287037   0.4704861111   2.682098765    0.2777777778   0.001712962963 -0.8148148148  0.2138358384   
754      I1         0.8253472222   1.848950617    3.054012346    0.5606450617   0.4208287037   0.5323611111   2.666473765    0.2777777778   0.001712962963 -0.8148148148  0.2133104178   
755      I1         0.8253472222   1.848950617    3.054012346    0.5606450617   0.4208287037   0.5323611111   2.682098765    0.2590277778   0.001712962963 -0.8148148148  0.2132478148   
756      I1         0.8253472222   1.848950617    3.054012346    0.5606450617   0.4208287037   0.5323611111   2.682098765    0.2777777778   0.001712962963 -0.8273148148  0.213327107    
757      I1         0.8359722222   1.848950617    3.054012346    0.5606450617   0.4147037037   0.5323611111   2.682098765    0.2777777778   0.001712962963 -0.8148148148  0.2129004516   
758      I1         0.8253472222   1.859575617    3.054012346    0.5606450617   0.4147037037   0.5323611111   2.682098765    0.2777777778   0.001712962963 -0.8148148148  0.212884327    
759      I1         0.8253472222   1.848950617    3.066512346    0.5606450617   0.4147037037   0.5323611111   2.682098765    0.2777777778   0.001712962963 -0.8148148148  0.2130336149   
760      I1         0.8253472222   1.848950617    3.054012346    0.5667700617   0.4147037037   0.5323611111   2.682098765    0.2777777778   0.001712962963 -0.8148148148  0.2139807057   
761      I1         0.8253472222   1.848950617    3.054012346    0.5606450617   0.4147037037   0.5942361111   2.682098765    0.2777777778   0.001712962963 -0.8148148148  0.2131122779   
762      I1         0.8253472222   1.848950617    3.054012346    0.5606450617   0.4147037037   0.5323611111   2.697723765    0.2777777778   0.001712962963 -0.8148148148  0.2130077392   
763      I1         0.8253472222   1.848950617    3.054012346    0.5606450617   0.4147037037   0.5323611111   2.682098765    0.2965277778   0.001712962963 -0.8148148148  0.2130077392   
764      I1         0.8253472222   1.848950617    3.054012346    0.5606450617   0.4147037037   0.5323611111   2.682098765    0.2777777778   0.003587962963 -0.8148148148  0.2138392432   
765      I1         0.8253472222   1.848950617    3.054012346    0.5606450617   0.4147037037   0.5323611111   2.682098765    0.2777777778   0.001712962963 -0.8023148148  0.2129887892   
766      I1         0.8147222222   1.848950617    3.054012346    0.5606450617   0.4147037037   0.5323611111   2.682098765    0.2777777778   0.001712962963 -0.8148148148  0.2137974462   
767      I1         0.8253472222   1.838325617    3.054012346    0.5606450617   0.4147037037   0.5323611111   2.682098765    0.2777777778   0.001712962963 -0.8148148148  0.2132223494   
768      I1         0.8253472222   1.848950617    3.041512346    0.5606450617   0.4147037037   0.5323611111   2.682098765    0.2777777778   0.001712962963 -0.8148148148  0.2129922748   
769      I1         0.8253472222   1.848950617    3.054012346    0.5606450617   0.4085787037   0.5323611111   2.682098765    0.2777777778   0.001712962963 -0.8148148148  0.2127671562   
770      I1         0.8253472222   1.848950617    3.054012346    0.5606450617   0.4147037037   0.4704861111   2.682098765    0.2777777778   0.001712962963 -0.8148148148  0.2134706802   
771      I1         0.8253472222   1.848950617    3.054012346    0.5606450617   0.4147037037   0.5323611111   2.666473765    0.2777777778   0.001712962963 -0.8148148148  0.2130077392   
772      I1         0.8253472222   1.848950617    3.054012346    0.5606450617   0.4147037037   0.5323611111   2.682098765    0.2590277778   0.001712962963 -0.8148148148  0.2129485901   
773      I1         0.8253472222   1.848950617    3.054012346    0.5606450617   0.4147037037   0.5323611111   2.682098765    0.2777777778   0.001712962963 -0.8273148148  0.2130239083   
774      I1         0.8465972222   1.848950617    3.054012346    0.5606450617   0.4085787037   0.5323611111   2.682098765    0.2777777778   0.001712962963 -0.8148148148  0.2136083582   
775      I1         0.8253472222   1.870200617    3.054012346    0.5606450617   0.4085787037   0.5323611111   2.682098765    0.2777777778   0.001712962963 -0.8148148148  0.2127614872   
776      I1         0.8253472222   1.848950617    3.079012346    0.5606450617   0.4085787037   0.5323611111   2.682098765    0.2777777778   0.001712962963 -0.8148148148  0.2128674124   
777      I1         0.8253472222   1.848950617    3.054012346    0.5728950617   0.4085787037   0.5323611111   2.682098765    0.2777777778   0.001712962963 -0.8148148148  0.2155017959   
778      I1         0.8253472222   1.848950617    3.054012346    0.5606450617   0.4085787037   0.6561111111   2.682098765    0.2777777778   0.001712962963 -0.8148148148  0.2133958085   
779      I1         0.8253472222   1.848950617    3.054012346    0.5606450617   0.4085787037   0.5323611111   2.713348765    0.2777777778   0.001712962963 -0.8148148148  0.2127671562   
780      I1         0.8253472222   1.848950617    3.054012346    0.5606450617   0.4085787037   0.5323611111   2.682098765    0.3152777778   0.001712962963 -0.8148148148  0.2127671562   
781      I1         0.8253472222   1.848950617    3.054012346    0.5606450617   0.4085787037   0.5323611111   2.682098765    0.2777777778   0.005462962963 -0.8148148148  0.2152424188   
782      I1         0.8253472222   1.848950617    3.054012346    0.5606450617   0.4085787037   0.5323611111   2.682098765    0.2777777778   0.001712962963 -0.7898148148  0.212727458    
783      I1         0.8040972222   1.848950617    3.054012346    0.5606450617   0.4085787037   0.5323611111   2.682098765    0.2777777778   0.001712962963 -0.8148148148  0.2146555214   
784      I1         0.8253472222   1.827700617    3.054012346    0.5606450617   0.4085787037   0.5323611111   2.682098765    0.2777777778   0.001712962963 -0.8148148148  0.2131279945   
785      I1         0.8253472222   1.848950617    3.029012346    0.5606450617   0.4085787037   0.5323611111   2.682098765    0.2777777778   0.001712962963 -0.8148148148  0.2127135109   
786      I1         0.8253472222   1.848950617    3.054012346    0.5483950617   0.4085787037   0.5323611111   2.682098765    0.2777777778   0.001712962963 -0.8148148148  0.2155955411   
787      I1         0.8253472222   1.848950617    3.054012346    0.5606450617   0.3963287037   0.5323611111   2.682098765    0.2777777778   0.001712962963 -0.8148148148  0.2124728353   
788      I1         0.8253472222   1.848950617    3.054012346    0.5606450617   0.4085787037   0.4086111111   2.682098765    0.2777777778   0.001712962963 -0.8148148148  0.2138104454   
789      I1         0.8253472222   1.848950617    3.054012346    0.5606450617   0.4085787037   0.5323611111   2.650848765    0.2777777778   0.001712962963 -0.8148148148  0.2127671562   
790      I1         0.8253472222   1.848950617    3.054012346    0.5606450617   0.4085787037   0.5323611111   2.682098765    0.2402777778   0.001712962963 -0.8148148148  0.2127114961   
791      I1         0.8253472222   1.848950617    3.054012346    0.5606450617   0.4085787037   0.5323611111   2.682098765    0.2777777778   0.001712962963 -0.8398148148  0.2127960723   
792      I1         0.8465972222   1.848950617    3.054012346    0.5606450617   0.3963287037   0.5323611111   2.682098765    0.2777777778   0.001712962963 -0.8148148148  0.2140302972   
793      I1         0.8253472222   1.870200617    3.054012346    0.5606450617   0.3963287037   0.5323611111   2.682098765    0.2777777778   0.001712962963 -0.8148148148  0.2127552181   
794      I1         0.8253472222   1.848950617    3.079012346    0.5606450617   0.3963287037   0.5323611111   2.682098765    0.2777777778   0.001712962963 -0.8148148148  0.2126480651   
795      I1         0.8253472222   1.848950617    3.054012346    0.5728950617   0.3963287037   0.5323611111   2.682098765    0.2777777778   0.001712962963 -0.8148148148  0.2141876511   
796      I1         0.8253472222   1.848950617    3.054012346    0.5606450617   0.3963287037   0.6561111111   2.682098765    0.2777777778   0.001712962963 -0.8148148148  0.2133592105   
797      I1         0.8253472222   1.848950617    3.054012346    0.5606450617   0.3963287037   0.5323611111   2.713348765    0.2777777778   0.001712962963 -0.8148148148  0.2124728353   
798      I1         0.8253472222   1.848950617    3.054012346    0.5606450617   0.3963287037   0.5323611111   2.682098765    0.3152777778   0.001712962963 -0.8148148148  0.2124728353   
799      I1         0.8253472222   1.848950617    3.054012346    0.5606450617   0.3963287037   0.5323611111   2.682098765    0.2777777778   0.005462962963 -0.8148148148  0.2155775235   
800      I1         0.8253472222   1.848950617    3.054012346    0.5606450617   0.3963287037   0.5323611111   2.682098765    0.2777777778   0.001712962963 -0.7898148148  0.2124358401   
801      I1         0.8040972222   1.848950617    3.054012346    0.5606450617   0.3963287037   0.5323611111   2.682098765    0.2777777778   0.001712962963 -0.8148148148  0.2136444789   
802      I1         0.8253472222   1.827700617    3.054012346    0.5606450617   0.3963287037   0.5323611111   2.682098765    0.2777777778   0.001712962963 -0.8148148148  0.2125230308   
803      I1         0.8253472222   1.848950617    3.029012346    0.5606450617   0.3963287037   0.5323611111   2.682098765    0.2777777778   0.001712962963 -0.8148148148  0.2123538147   
804      I1         0.8253472222   1.848950617    3.054012346    0.5483950617   0.3963287037   0.5323611111   2.682098765    0.2777777778   0.001712962963 -0.8148148148  0.2164176339   
805      I1         0.8253472222   1.848950617    3.054012346    0.5606450617   0.3840787037   0.5323611111   2.682098765    0.2777777778   0.001712962963 -0.8148148148  0.2124258305   
806      I1         0.8253472222   1.848950617    3.054012346    0.5606450617   0.3963287037   0.4086111111   2.682098765    0.2777777778   0.001712962963 -0.8148148148  0.213174102    
807      I1         0.8253472222   1.848950617    3.054012346    0.5606450617   0.3963287037   0.5323611111   2.650848765    0.2777777778   0.001712962963 -0.8148148148  0.2124728353   
808      I1         0.8253472222   1.848950617    3.054012346    0.5606450617   0.3963287037   0.5323611111   2.682098765    0.2402777778   0.001712962963 -0.8148148148  0.2124241844   
809      I1         0.8253472222   1.848950617    3.054012346    0.5606450617   0.3963287037   0.5323611111   2.682098765    0.2777777778   0.001712962963 -0.8398148148  0.2124997855   
