%eval_id interface log__t_efold_shallow log__t_efold_soil log__t_efold_karst f_exfiltration_shallow f_exfiltration_soil PDD_melt_factor log__Hmax_shallow log__fdd_threshold snow_insulation_k f_direct_runoff baseflow_Q     log__routing_K neg_kge        
1        I1         1.272207432    2.523376056    4.306825615    0.7495471175   0.3508865161   5.002589404    3.386731765    1.122526308    0.07097839637  0.07470678486  0.1300193836   0.7709886684   0.3024937827   
2        I1         1.539037421    1.061800788    2.83204905     0.3521041237   0.08719938606  8.89327451     1.204150956    1.053967897    0.09937468518  0.4303338745   0.06915390068  0.01913880087  1.080902989    
3        I1         1.853645615    2.316377652    4.417192063    0.5086660562   0.06669942403  2.198446692    1.622142185    2.744544277    0.06817328631  0.4994642473   0.2832268988   0.9830449123   0.2393486698   
4        I1         0.3728256627   1.476827842    4.081349423    0.08766672647  0.06154652329  5.440009602    2.313800446    2.955752295    0.02380100345  0.3053817432   0.1135243376   0.2098197696   0.502893659    
5        I1         1.389069653    2.103798969    4.168659817    0.4927495471   0.8056751453   8.936209867    2.959254627    1.097636174    0.1397374954   0.348453611    0.1756302993   0.3886711399   0.235538366    
6        I1         1.910222725    1.809580411    3.583271132    0.2561986722   0.5615971726   8.004857896    2.014719743    2.1564407      0.06308132851  0.07565487787  0.1320486019   0.9481632319   0.2141653918   
7        I1         1.594082283    2.264217556    3.066677678    0.6610366424   0.3536942089   4.188251874    3.14079486     2.824513642    0.02509708657  0.3395861573   0.1596847579   -0.9726067624  0.4875800909   
8        I1         1.067199112    1.128098203    2.738898102    0.8663153199   0.7319429299   9.776148407    1.375566622    2.336997822    0.04479664531  0.02723103831  0.1905403701   0.6635970716   0.2219441542   
9        I1         1.453500029    2.037184526    4.260009646    0.3448198588   0.2931487373   4.124568675    2.827058448    0.301226491    0.0903628085   0.4122566771   0.1150162769   -0.927671569   0.7748838698   
10       I1         1.922741166    1.732326328    4.251197975    0.01798505188  0.08092113079  0.80618625     3.001111917    0.9765149368   0.1005065745   0.3324012289   0.254777627    0.5138357108   0.2167366193   
11       I1         1.497551585    1.107859401    4.214466027    0.1431957361   0.2769640907   2.017122039    2.808883335    2.460068593    0.08542902613  0.1638235039   0.0284277666   -0.7038634318  0.5746927671   
12       I1         0.7405778344   1.61212834     2.822218806    0.5822604601   0.8757510767   2.517408922    1.51539879     0.4326027368   0.06192180875  0.0004863716272 0.007788739785 0.8313800208   1.65573089     
13       I1         0.7944527712   1.664404193    3.706033907    0.9694566188   0.9486573197   3.394123053    2.486941031    1.492435792    0.009378475582 0.1928757459   0.1689802003   -0.006246706576 0.4704908829   
14       I1         0.3160663151   2.357674334    3.01046998     0.3397412588   0.3414622524   1.001748151    3.109061162    1.277491723    0.03287626055  0.1080498426   0.1722077127   0.05371289709  0.4324064073   
15       I1         1.043622035    2.250487389    2.757161432    0.9796379121   0.2101655837   2.584305403    2.120035492    1.126898341    0.07522853988  0.4509735349   0.285487308    0.6330650399   0.1493671202   
16       I1         1.060029389    2.110709864    3.827213992    0.4492392441   0.9251221617   2.04783647     2.001481473    2.987323265    0.1231465186   0.4744628513   0.2006014058   -0.564676049   0.4595407379   
17       I1         1.889074199    1.43732954     3.091685818    0.7728527275   0.7372736794   5.526973876    1.421382374    0.7954323962   0.00675804169  0.3173779611   0.202097618    0.242356466    0.2849038602   
18       I1         1.630208966    2.014978683    2.683784505    0.595768273    0.09676746852  5.842297847    1.659801522    1.476364732    0.03827675159  0.4813996411   0.1340795214   -0.5867455713  0.7256135214   
19       I1         1.836534251    2.209231162    4.357984449    0.3576384864   0.2548298908   4.87901256     2.640794539    0.5610207874   0.04737993652  0.3504543059   0.1189090775   0.1930651112   0.4543559212   
20       I1         1.81565993     2.133984655    3.852631937    0.541778606    0.1919118726   0.9213748418   3.368654007    2.949854696    0.06515690131  0.1874591727   0.2036457296   -0.1462001994  0.1579522151   
21       I1         1.794343393    1.549901358    3.180371454    0.9538877546   0.2394207409   9.1037054      1.278774894    0.6343833602   0.04337993949  0.3017936233   0.2151182569   -0.025189996   0.3726938527   
22       I1         0.9614019113   1.361384978    2.654786181    0.3003703613   0.7983745614   4.009172571    1.369440362    0.07479989212  0.142922279    0.3622376689   0.1926087805   -0.1894813844  0.4211466174   
23       I1         1.80153224     1.942919303    3.967034914    0.7223955554   0.2463200352   7.726871273    2.457894546    1.08408207     0.0765216185   0.4528104934   0.1285940181   0.9681893877   0.3172421008   
24       I1         1.749238512    2.334124015    3.574314535    0.5177268601   0.2249136607   2.95335473     1.483319489    0.09999375941  0.08250384046  0.4171327844   0.05482767275  -0.2367004308  1.231770529    
25       I1         0.8612097478   2.663067641    3.142220271    0.2415289168   0.5544735924   7.366692812    1.426296588    1.209745649    0.1485310072   0.2717693881   0.2271284703   0.9736758752   0.1679463928   
26       I1         0.5040713005   1.524782968    4.478365765    0.06347138941  0.9066224618   6.197710501    2.728509133    1.653781299    0.003608623755 0.2670816383   0.2366994429   -0.08072463318 0.2838320014   
27       I1         1.438799716    1.986444153    2.708406625    0.07700316282  0.9560722305   2.796858207    1.412317196    1.401186994    0.09975719641  0.1691299046   0.04037605881  -0.2019649882  1.282582887    
28       I1         1.266772467    1.682658681    3.727471997    0.3718642419   0.3268439017   2.339326773    1.15780769     2.519815896    0.04069295183  0.1557295375   0.1481809018   -0.682772538   0.7486184025   
29       I1         0.5788834067   1.374613359    3.921895255    0.4330385135   0.4310794512   3.05496928     2.275823257    0.8575615895   0.001487679041 0.1878139031   0.03066666457  -0.5538032109  1.631623238    
30       I1         1.934856469    2.402460187    4.136342117    0.3100129122   0.8236293767   8.275041911    1.794421724    0.8215461351   0.07474756776  0.02389596479  0.007201336422 0.0793895055   1.39054747     
31       I1         1.52698874     1.74734508     2.877630711    0.8782930763   0.8113767914   0.4232596352   3.361107015    2.55376601     0.09356310369  0.4630274281   0.03441828859  -0.1281948218  1.436446591    
32       I1         1.226553525    1.901547742    2.571287427    0.4037020077   0.754291487    3.583289689    2.862540153    0.405509442    0.000263794398 0.2079373721   0.2694920654   -0.3906263659  0.1726069951   
33       I1         1.924432175    1.339953079    3.918206436    0.8252154038   0.1170697451   5.760776018    1.91254571     1.889652792    0.03185246026  0.006300640668 0.1892929442   -0.6560247087  0.2047879492   
34       I1         1.638273917    1.196024326    2.770685731    0.2856764246   0.07153671873  8.658035885    1.818605578    1.564153784    0.02116777632  0.2987769011   0.06190825029  -0.7989764959  1.005036783    
35       I1         1.122030833    1.557022881    2.538179608    0.6347489478   0.4057471772   0.3232059656   1.463704901    2.344272776    0.1258041103   0.2596225502   0.06521518662  0.6970997968   0.8083937187   
36       I1         1.511211025    2.68783041     3.416947156    0.3277216254   0.77690164     9.036374273    1.070727581    1.337555709    0.01495497178  0.2313096391   0.1994646257   -0.3291874129  0.5534970168   
37       I1         1.085978899    2.536586003    3.154730813    0.2769810949   0.4426261578   9.507725647    3.47513158     2.898819371    0.147568301    0.1381655628   0.01109908823  -0.4129917143  1.122482825    
38       I1         0.5882173616   1.58737199     4.323662808    0.9304729949   0.2851291717   6.581371864    1.848556874    2.171711927    0.05615738836  0.2107052426   0.01841106381  0.9377940333   1.336894247    
39       I1         1.98336308     1.927909829    2.941521391    0.3151516292   0.6275969085   4.936652069    2.245780458    0.8273058978   0.0640142716   0.1337581386   0.1705700587   -0.5926807862  0.1942861321   
40       I1         1.754165204    2.407561628    4.429994142    0.1991829632   0.2963966409   1.811339385    2.501488129    0.518172534    0.03939091535  0.1728454434   0.2881114557   0.001011056369 0.4050759558   
41       I1         1.771281175    1.318163841    3.908262726    0.2840264418   0.5510643014   9.498619974    3.40923876     1.174406162    0.02297019193  0.04037338344  0.06125710187  -0.9649410541  0.4289574606   
42       I1         0.8045915082   1.028271672    3.877114796    0.7568711672   0.5334932255   7.112600664    2.818549392    0.601396248    0.04828645542  0.4750106234   0.2529765577   -0.8754158504  0.4002138305   
43       I1         0.8771454601   2.488288281    2.544324651    0.8135260645   0.1267405837   5.122869491    1.596636268    0.1659144012   0.07943491215  0.08374304228  0.151825692    -0.671523883   0.5527340895   
44       I1         1.891687544    1.147302869    2.745626434    0.4016370178   0.3475508259   9.841775118    3.337371736    2.112615225    0.05488479935  0.2258682432   0.2342779449   0.6149044442   0.2290807132   
45       I1         1.001251893    2.614324739    4.343964989    0.6403466023   0.4663169356   2.320547786    2.554142808    1.312493302    0.120523845    0.004276389221 0.2455875119   -0.9330883453  0.1601813378   
46       I1         0.7175991738   1.433003144    3.487997143    0.04624513343  0.9849853431   7.517247668    2.780756949    1.41437727     0.02013986903  0.3403265844   0.2373301846   0.7907755064   0.1379894876   
47       I1         0.3196891923   1.293362253    3.086598135    0.5779265914   0.8943826397   5.978678452    3.420496642    0.1262265452   0.05041932712  0.1501676235   0.2393173721   -0.7831094255  0.4263046007   
48       I1         1.428796657    1.872888018    2.854658815    0.6784136961   0.6585332783   7.427433249    3.250847966    1.152192786    0.04926247615  0.2026349634   0.08320282338  -0.6631190973  0.727375658    
49       I1         1.369271837    1.402946111    3.266249106    0.8494940825   0.544416591    0.7093392765   1.455073717    1.688878128    0.1101631627   0.1426424789   0.2749908384   0.2888727778   0.1582109139   
50       I1         0.9287867655   1.866032498    4.385810799    0.1381101293   0.3072631867   4.359482509    1.692970203    0.0009784810385 0.005945549004 0.2138242464   0.2170703175   -0.6072938468  0.3169407974   
51       I1         0.553361954    1.506790343    2.967713737    0.9076708301   0.265478951    3.708607551    2.166619707    1.668822826    0.06710045953  0.08183532359  0.2947907263   0.8589673951   0.2072093896   
52       I1         1.130394371    2.318925935    3.787971582    0.4397966583   0.0188045118   0.3541249756   2.994583751    0.3197858511   0.04627603461  0.1773956689   0.01331624984  0.555939973    1.394472576    
53       I1         1.339681715    1.445530588    3.331379779    0.2612767029   0.8862407109   1.53493775     3.203003556    2.01426454     0.1121414619   0.1022426137   0.2979594849   0.526875163    0.2825265525   
54       I1         1.464272455    1.046126403    4.075871714    0.6256104145   0.0289882697   4.226906781    2.052768736    0.4713771753   0.08144251915  0.01697377417  0.07324211939  0.6094152173   0.4287953542   
55       I1         1.518373807    2.484996524    2.915510221    0.4088656905   0.7716847948   5.383896754    3.499421442    1.730171856    0.05912904632  0.1974102183   0.1243243328   0.4478614865   0.2509733371   
56       I1         1.973633855    1.636726289    4.453154615    0.4723098789   0.6078054416   2.46863673     2.693995187    1.072711507    0.09153581866  0.3997523284   0.09211670165  0.9168573717   0.435084857    
57       I1         1.168425809    1.283430578    4.336244821    0.6439829026   0.8574453403   1.450095686    1.646961503    0.3749216878   0.004870288585 0.4610278832   0.02177816111  -0.07798254838 1.726816527    
58       I1         1.23627656     1.019503261    3.592951777    0.4681276703   0.2024594346   0.1113407298   1.787044704    1.504328578    0.113999897    0.3584943985   0.04737999875  -0.7232559473  1.275224757    
59       I1         0.4144263736   1.543263755    3.432439771    0.558378643    0.3955700382   9.856190522    1.72141094     2.298921494    0.01408340852  0.4944390002   0.250449045    -0.3058384258  0.4347247617   
60       I1         1.657882582    2.462591002    4.313984944    0.7310735944   0.3016913849   7.860261202    1.244573648    0.9552385088   0.09664952539  0.3266085619   0.04929076776  -0.999560935   1.460006935    
61       I1         1.280693964    2.121766347    4.364753591    0.5375843765   0.6777095541   5.936447582    1.831062441    1.229174108    0.01647353346  0.4841841941   0.09484468781  0.4168059108   0.6810978694   
62       I1         1.992340235    1.641290698    2.625546715    0.617714539    0.9086691245   8.467556951    1.192543659    0.3400980331   0.07298436433  0.3656650924   0.2067538413   -0.4493905716  0.5771447976   
63       I1         0.9294416391   1.176044486    3.655579597    0.8233939192   0.9455688395   6.727539677    2.56921467     2.491270314    0.03373371824  0.38836284     0.1608746913   0.8285691285   0.2834858172   
64       I1         1.387476395    1.672796838    3.896774347    0.3225876825   0.1317473279   4.106631229    2.517988877    2.263476683    0.01228201179  0.08938952341  0.2319327438   -0.1633639246  0.1853780859   
65       I1         0.4353517743   2.057175774    3.222304965    0.6501463064   0.0484617857   3.915869445    3.120827288    2.179021285    0.01082768836  0.04341016191  0.2636896678   -0.287997648   0.3117527337   
66       I1         1.323262714    2.369053499    3.713125202    0.9833121046   0.1826518913   4.621020402    3.19877864     0.5391927832   0.1448517014   0.1587291578   0.2187472523   -0.7629706608  0.2101232459   
67       I1         0.5149777703   2.542529793    4.152292324    0.1260542698   0.7023414344   5.489382569    1.036660246    0.5975805961   0.02797458266  0.3546916261   0.03249180207  0.3340394219   1.457700916    
68       I1         1.861285023    1.487714046    3.750492283    0.6088469602   0.2183877448   3.295380328    2.04077936     2.976354299    0.006039863006 0.3903376337   0.2098024605   0.1653396103   0.1969571142   
69       I1         1.805055113    1.211651357    3.841892127    0.2022170083   0.4980782255   2.551934855    1.221353719    2.606592097    0.03537210342  0.238219484    0.1548699032   0.2168264025   0.508353264    
70       I1         0.4016286348   2.030388091    3.161199709    0.3084367129   0.3711483416   7.20546421     2.912259135    1.98959652     0.01651235957  0.2573962708   0.2609812102   0.6438171901   0.1409398241   
71       I1         1.29869262     2.204986631    3.044128049    0.3343624794   0.1635546553   2.829426214    3.425336835    0.04022089047  0.09812008648  0.4494464569   0.02485333822  -0.9046207739  1.730613984    
72       I1         1.717127327    1.573901481    4.390373804    0.8947151221   0.8481798991   1.655307686    3.230032266    0.5008992053   0.1373312794   0.4082375074   0.005326735923 -0.03766551813 2.089489462    
73       I1         0.8935711441   2.695719894    2.895323663    0.1097605279   0.8974859361   3.242695856    2.345952424    1.035189702    0.1040550921   0.4232630904   0.143164368    -0.4850479577  0.6698036392   
74       I1         0.5405389815   2.05260005     4.094441589    0.2147362467   0.8643014036   0.7883891887   2.093105397    2.818122399    0.05629736833  0.3644003687   0.1159914828   0.8125250463   0.3958274839   
75       I1         0.6630983557   2.239934853    3.804717974    0.7643641493   0.2590210574   1.29660512     1.973763582    2.003666432    0.08327369175  0.4724461204   0.1262548233   0.06355852368  0.7059791579   
76       I1         0.3079017367   2.007925509    2.819203554    0.651920224    0.5218425283   1.285742782    1.669623209    1.23631492     0.001968471256 0.05548137415  0.08756643364  0.9911329664   0.5857387454   
77       I1         0.8252572498   1.016417413    3.215936495    0.2485902988   0.2451389809   9.715090123    2.91675701     2.446880534    0.07841229713  0.4294427192   0.2302624252   0.3221248542   0.189702242    
78       I1         1.195757245    2.553750709    3.536263838    0.949850622    0.103980856    8.1829479      2.945800992    1.833760868    0.1280760708   0.3551259419   0.1732631868   -0.2918773859  0.4540068075   
79       I1         1.55234451     1.977115245    3.288925612    0.8367118221   0.1210128828   5.80948257     2.700210411    2.358990998    0.03488479031  0.007945746504 0.1544868497   -0.7166808572  0.1819782252   
80       I1         0.4101983734   1.327161093    3.030591996    0.1046475444   0.3613541698   2.245178107    2.96451766     1.810897742    0.09240085246  0.219889281    0.1214167053   0.4939683613   0.3946480406   
81       I1         1.87357065     2.093133211    4.223294394    0.04281589581  0.0894577734   6.909899875    3.395639015    1.533962724    0.00981164144  0.03044098024  0.1942007204   -0.6184342303  0.5458660847   
82       I1         0.3355633099   2.286075393    3.352611263    0.8073782172   0.2299757445   9.643499685    2.757521514    2.62321324     0.0256791906   0.2457413903   0.05212084647  0.4636654457   1.120618392    
83       I1         1.705715745    1.793080032    2.766611993    0.06617458841  0.4213703107   1.188839618    3.156593598    0.2981488567   0.103457769    0.435300605    0.01671618504  -0.06219955816 1.650214284    
84       I1         0.8994731689   2.563298341    3.864345957    0.2339020498   0.5019211353   8.097781065    1.982000801    0.8431757703   0.09512350073  0.1324816167   0.2553011267   -0.3766013051  0.2180705026   
85       I1         0.7647534265   1.472429143    4.112339234    0.3825326016   0.8292179932   2.099368541    3.454779949    0.9443455124   0.01162022567  0.02032014616  0.07629792284  0.3401699586   0.7657708365   
86       I1         1.688565927    1.723872528    3.527121202    0.5327328235   0.4564087718   0.1807719634   1.870636091    2.540658062    0.02734482978  0.3436705715   0.2661050882   0.8471977544   0.2190866136   
87       I1         0.6553529962   1.347875166    3.64413611     0.9721338354   0.5722213742   6.155527653    2.109549846    0.6547736416   0.1089662073   0.281752795    0.2116103783   -0.2690294642  0.4363158955   
88       I1         0.4957277127   1.513949634    3.763815005    0.2681338213   0.5879647622   2.998884002    2.597056382    1.261119775    0.1341345003   0.09167866105  0.2926199304   0.5716215582   0.2095010692   
89       I1         0.7532060067   2.305676635    3.747975762    0.7974454449   0.2633067763   0.6736454139   2.416570064    0.1176097277   0.09687939109  0.06680216643  0.1830612052   0.1337721254   0.3574706203   
90       I1         0.6319291476   1.277543916    2.517908039    0.8731720152   0.5753240014   6.860116878    2.393268664    1.383870048    0.09396876236  0.2444904354   0.2674020865   -0.1134200438  0.2870315679   
91       I1         0.8594859709   2.232408175    3.134494032    0.8315033959   0.320789198    0.2658313869   1.290537531    0.3837209791   0.1129626796   0.2878220088   0.2640887624   0.0906163155   0.2319694967   
92       I1         1.34845065     1.46124774     2.644512462    0.2931131897   0.4843905536   4.333426039    2.268349657    1.257883007    0.05771912429  0.4397296185   0.221848154    -0.8125470703  0.3917811487   
93       I1         1.134513451    1.271565045    4.027680889    0.8183059822   0.5912584852   6.366329451    1.94753824     2.776725789    0.1147556871   0.128530979    0.2986542283   0.1160178351   0.1853854383   
94       I1         1.212039554    1.111207504    4.011008415    0.05664595001  0.2796770395   3.510819458    1.760686845    2.404277565    0.09890142707  0.0980149948   0.102088945    -0.3328558964  0.2343144509   
95       I1         1.049861075    2.47746857     4.481868748    0.2955854276   0.687578367    1.578773868    3.0392257      0.1934143029   0.1081400305   0.2605910793   0.1361856846   -0.8887133441  0.5583637722   
96       I1         0.5328893243   1.604534193    4.200932026    0.6891905616   0.1980706214   8.826475595    1.098534421    2.634639258    0.1422218189   0.490975112    0.03468204095  -0.7710117524  1.796477297    
97       I1         0.4628172735   1.985281329    4.464930667    0.7997784599   0.4506584715   6.776723139    2.291507961    2.660883043    0.126375047    0.2764016472   0.08496520201  -0.1942249714  1.051188691    
98       I1         0.8516816416   2.197591557    4.445073272    0.09303893924  0.9796752624   6.934065212    1.685179173    0.7533708459   0.05129234746  0.4339085019   0.2103043388   0.7216079164   0.14518481     
99       I1         1.650778296    2.580928054    2.724693147    0.1590168536   0.8368809941   0.4799825509   1.332058821    2.078921093    0.01741681244  0.2062526642   0.2481450434   -0.6967818225  0.4443469515   
100      I1         0.7312023572   2.278022308    3.239729348    0.4131563162   0.6859801251   1.350039983    2.617147676    0.9699036579   0.04359658885  0.4006441829   0.1221000043   -0.1022171054  0.7168241693   
101      I1         1.096953965    2.000293527    3.053189839    0.7165018842   0.6129824364   6.513782869    1.076624096    0.5810355321   0.1216214533   0.3863923699   0.1740032416   -0.4684361727  0.6340717845   
102      I1         1.112238945    2.223409274    3.477901424    0.2707709073   0.4246184373   9.991714094    2.127179725    1.635147656    0.04006171947  0.4063183115   0.02633150671  -0.4530740596  1.647227051    
103      I1         1.839793129    2.45621537     3.624950022    0.8533427611   0.6400701768   8.552060966    1.932478028    1.765770963    0.1241357541   0.03608720172  0.2716977036   -0.4980039255  0.2419342293   
104      I1         0.6022293771   1.625971422    3.122012242    0.5888760907   0.7426657893   3.110961491    2.886943105    1.897622279    0.118836443    0.06144534748  0.1038267229   0.2205670553   0.6548779337   
105      I1         1.397354438    1.355304279    3.773679828    0.382103955    0.5786699087   4.472067808    1.89847601     0.1470914168   0.02990656813  0.4795444477   0.2615389145   -0.2434481469  0.2681166942   
106      I1         1.607192346    1.126281319    3.568035854    0.6011013242   0.6035568613   4.260571914    1.502462651    1.740061967    0.1194149804   0.2504207017   0.1851420586   -0.4311124547  0.4314965761   
107      I1         0.9723733239   2.159405959    2.711888592    0.5854851737   0.8168480328   0.9808256413   2.062803635    1.355170059    0.1043252701   0.1423338703   0.1180469787   -0.1738447166  0.5657591919   
108      I1         1.419750923    1.238174427    3.937910057    0.1755136478   0.9181502093   7.715318932    1.226427779    2.526620359    0.1157424755   0.1266731247   0.2584184443   -0.9183524899  0.4303675012   
109      I1         0.6937674698   2.594635822    3.39532452     0.8580020919   0.9658664552   3.326900484    2.539600155    2.713879364    0.1410206686   0.370134409    0.09434027848  0.1893026264   0.8382134171   
110      I1         0.5964134953   1.784465805    3.363630834    0.176803382    0.05804388927  6.331887949    2.466265489    0.8743918281   0.1334908866   0.3729010243   0.03811653396  0.0831126579   1.3650116      
111      I1         1.668035661    2.412265176    2.553667634    0.1845211468   0.7642913539   0.5099906425   1.584984229    0.2206018046   0.05397412103  0.3776823116   0.1003159953   -0.5084236473  0.866918553    
112      I1         1.591137745    1.083198933    4.436933425    0.03104441363  0.4079067984   9.372141183    1.149856099    1.579748189    0.08765395876  0.03330881837  0.05009544408  0.7426726979   0.974138238    
113      I1         1.372596453    2.429422706    4.107978047    0.9884591002   0.70896935     7.787279063    3.091278636    0.7096477183   0.1356136066   0.2792057172   0.1507588639   -0.2120556735  0.4498776528   
114      I1         0.7117369792   2.506003395    3.940201022    0.7815431259   0.1678155591   3.542413203    1.106618721    0.788272496    0.1392290088   0.1229595127   0.002037003257 0.7185248965   2.131093546    
115      I1         0.4951711073   2.675928452    3.113013275    0.03813466218  0.5959419406   4.573599613    1.132739572    2.688801086    0.05310743582  0.1845291291   0.05792611895  -0.0438553907  1.138865488    
116      I1         1.960481221    2.56527134     4.068925653    0.7006101316   0.1419592755   4.81531904     1.005840887    2.83750996     0.06284339989  0.08587301737  0.2078217987   0.9017110272   0.173413848    
117      I1         0.6779745915   1.717098167    2.63633544     0.713796795    0.151121497    6.983583116    1.886774861    2.593588089    0.018586782    0.2647539808   0.04257597038  -0.4739472718  1.459519112    
118      I1         0.5688303017   1.772377062    4.049628781    0.5209092171   0.6440832183   2.919820596    2.084853484    2.916316551    0.09108742021  0.04810375459  0.02870340772  -0.1303847559  1.355895198    
119      I1         0.6454610403   1.883261704    2.568326192    0.2227157457   0.01450288372  1.109917954    3.166076141    1.467986534    0.04261812593  0.376248367    0.1392180884   0.8090879692   0.3307475579   
120      I1         1.031815732    2.441534055    2.66725301     0.3745767377   0.6711742736   9.11421837     1.488318497    0.2471834899   0.1497748745   0.2692379933   0.2804818379   0.3533046886   0.1771483278   
121      I1         1.736972913    1.373503888    2.50846943     0.1522689735   0.3825561817   3.14755921     3.28990503     1.010252096    0.1322439747   0.2211219688   0.1092582359   0.4360653932   0.2732598341   
122      I1         0.9430770165   1.418938544    4.054003948    0.1959069276   0.6984740392   1.047536079    2.222455318    0.4522946708   0.02899701193  0.3688903507   0.1955118556   -0.3463580067  0.3890251321   
123      I1         0.6216393137   2.640566316    3.674731127    0.4610007422   0.7866513945   7.31854531     1.957670154    2.859379984    0.08936173794  0.01951577511  0.09046139308  -0.3686073384  0.6441767054   
124      I1         1.410844564    1.91308261     3.200341316    0.1211426688   0.8399781579   4.795533659    1.389500424    2.487139301    0.1167926974   0.05203500899  0.2202881877   0.2683717908   0.2078494243   
125      I1         1.501985263    1.959262515    2.583711319    0.6860621967   0.8192303817   5.070087836    3.083430849    0.894750979    0.04957619494  0.2225171437   0.05686852121  0.7337938388   0.6992962365   
126      I1         0.789572542    1.001664257    3.074430617    0.1321148206   0.7229535531   6.606688437    2.351854157    1.622544334    0.124862094    0.05795855065  0.03685918019  -0.6213005992  1.256906159    
127      I1         1.310744326    1.305017817    2.523780995    0.07026284222  0.02994830241  5.329205753    2.673346641    0.6845887361   0.1022558956   0.0636844904   0.2572889327   0.5438172938   0.3785276449   
128      I1         1.823406715    2.24825311     3.690887563    0.9003524212   0.5414871675   9.446711023    2.137949191    1.850547656    0.03395523655  0.0547015407   0.2230063105   0.2973289169   0.1971401642   
129      I1         0.9905189919   2.379669596    3.451950994    0.09484864392  0.6946949651   4.967030822    2.369755719    1.164832077    0.09597826708  0.445200071    0.1576767862   0.174535434    0.4316005877   
130      I1         1.615738806    2.183767031    2.952759793    0.09902767284  0.7828581071   3.172767327    2.186557027    2.417418012    0.08826771987  0.01382052909  0.1247620302   0.3157407185   0.2930716883   
131      I1         1.102904672    1.831029792    4.374945498    0.6169280782   0.4610069183   2.691800039    2.861752951    1.724630396    0.1405389      0.4027719462   0.07174604596  0.8611079743   0.6817194149   
132      I1         0.953608261    2.626616406    2.994224371    0.5279647682   0.1718932345   0.5881341888   1.06137196     2.716936522    0.05187937117  0.4577943904   0.1105366147   -0.8342798433  0.9843209237   
133      I1         1.47259        1.702193035    3.42561734     0.9393210314   0.4135150461   8.123806979    1.80580799     0.3989029848   0.02404850272  0.1710479575   0.04169375998  0.9200970124   0.8384704143   
134      I1         0.8338031471   1.051732896    4.297784858    0.18731588     0.1369696217   3.445593885    2.255467775    1.004257686    0.1300318976   0.3195824651   0.2960863676   -0.897372154   0.2933171804   
135      I1         1.311619337    1.263157119    3.994306987    0.6682522869   0.6010431956   7.267569472    1.357631033    0.6640957225   0.007862350739 0.3959714418   0.188816349    0.4890291061   0.2619937309   
136      I1         0.9869559751   2.274721958    3.294143353    0.4189936291   0.09937325054  2.745035188    2.630282138    2.245670059    0.08075162149  0.2855300107   0.2132722275   -0.3535979453  0.3095552767   
137      I1         0.7827219914   1.189145543    3.343104422    0.3293674977   0.3286958889   1.724995369    2.030036401    0.2732341874   0.131244127    0.0941701901   0.1497130078   0.6710648641   0.2548787941   
138      I1         0.7737662192   2.668124379    3.026651672    0.7261567476   0.1603355566   9.337788661    3.271262121    0.7789885138   0.04512895783  0.4670834581   0.05391049371  0.7611666456   0.9223508834   
139      I1         1.190534918    2.389903838    3.1970064      0.4219138684   0.03605611256  8.336986464    2.585269133    1.328780551    0.1227171527   0.1823102051   0.2769344773   0.4588160455   0.2170437132   
140      I1         1.681532474    2.343000912    2.600405533    0.5146591661   0.6491970592   6.002778232    1.904653541    1.431614803    0.1361801927   0.1063041129   0.2427437694   0.5357540479   0.2304667682   
141      I1         1.158709209    1.780322116    3.975040031    0.784987453    0.3368864109   0.8439711334   1.557789656    2.196188023    0.05808351088  0.02929273659  0.1644792145   0.408131917    0.3180725594   
142      I1         0.4763555759   1.919688301    3.278778149    0.6029956616   0.8448070479   7.393651079    3.132106181    1.021453014    0.05943629023  0.2363595743   0.1078770357   -0.5456999337  0.9147803411   
143      I1         0.4423657064   2.170776757    3.501041045    0.8420744192   0.4360966493   8.686609669    1.857330859    0.1506174106   0.07265439387  0.1177895689   0.1371506125   0.4737191116   0.5134968896   
144      I1         1.696146187    2.299507961    2.784622419    0.9046503801   0.4379601099   6.452092482    1.117540016    2.86609213     0.04663118394  0.2543487543   0.01045752412  0.5872983978   1.769373944    
145      I1         0.6855942515   1.655148762    3.602551072    0.551155623    0.2729843773   7.873275089    1.265648282    2.04014675     0.01507505828  0.07118783121  0.04507043975  0.2324238019   1.269433459    
146      I1         1.489386704    2.07451978     4.034865254    0.4982750828   0.7255757899   6.138323028    1.747056741    2.034827753    0.06909313304  0.2400269729   0.02084108941  -0.9426524369  1.481250087    
147      I1         0.9112346406   1.141502574    2.881948345    0.7759797059   0.3921249435   8.445035646    2.532528402    2.753721959    0.1174800274   0.2499819103   0.07837091543  -0.5757359418  0.9889294096   
148      I1         1.567202837    1.163132893    3.103053777    0.8872960347   0.4776620772   4.691825391    1.012927465    0.7302003434   0.1456170064   0.06901907164  0.1018346943   -0.7449406816  1.067328687    
149      I1         0.7053730573   2.152574619    3.372267971    0.5620416207   0.1802341327   9.915759666    1.606807955    0.2359845949   0.137179929    0.1499820133   0.2054498346   0.6241139703   0.1707732938   
150      I1         0.560579495    1.413229567    3.327214513    0.6727332147   0.4709062678   3.635699302    1.30241882     2.117338985    0.1105673606   0.09513764589  0.2705980023   0.1236453442   0.2259609749   
151      I1         0.6141995046   1.039329499    3.494053802    0.9572451715   0.1531534745   4.728388251    2.608247359    1.60263534     0.03737434396  0.2342525155   0.2339008709   -0.5389937891  0.4034773493   
152      I1         1.20888945     1.069215033    2.982554117    0.6915519842   0.3635230936   2.417095971    3.056860529    2.932410703    0.1056830911   0.3028701041   0.131559827    -0.2574379159  0.5556548289   
153      I1         1.35883135     1.217210995    4.172514511    0.6653043869   0.5252304942   9.694709661    2.982508151    1.936333729    0.07963139354  0.4554545468   0.06847389302  -0.01814823825 1.006852686    
154      I1         1.782005308    1.652709719    2.932351306    0.4603745082   0.0202472069   6.396943043    1.708886113    1.545851775    0.1291446451   0.4181584617   0.09781213357  -0.8471614275  0.9214658157   
155      I1         1.73112323     1.457003444    4.490403984    0.4415317787   0.6658387523   1.914269064    2.435221826    0.9165776792   0.1063776834   0.2014757878   0.2921559344   0.3959157229   0.2724031332   
156      I1         1.256161827    1.756530424    4.285975636    0.4276016541   0.9391876196   5.606839782    1.572937828    1.301082103    0.1112880508   0.1211061838   0.2866717328   -0.7577755531  0.227635789    
157      I1         1.443875061    1.819858956    3.317980748    0.7065451786   0.5057330862   1.203283781    1.736800534    0.07751906206  0.1318089021   0.1604908229   0.02324423496  0.959670102    1.02907667     
158      I1         0.8102282188   1.311800029    4.187532481    0.3600863832   0.07422057778  9.262748823    1.16816521     0.4931421236   0.03799960577  0.2948331054   0.08167391127  0.04142613852  0.990906333    
159      I1         0.8414370897   1.89441514     3.837321156    0.08296031287  0.3121974203   5.557819973    1.038891193    2.397014436    0.1067204685   0.2744853231   0.1413164483   0.8902334979   0.3354175853   
160      I1         1.330620213    2.499987905    2.672124427    0.01145083127  0.041427187    4.014965611    2.159048172    2.650747806    0.0683888669   0.4127727279   0.07681003132  -0.525055893   1.109381679    
161      I1         1.725021871    2.341796621    3.177042209    0.3952466911   0.7141551185   6.790676587    2.327368111    0.5547546341   0.0219333705   0.2154059153   0.2255459396   0.1034906336   0.1430460445   
162      I1         1.02088661     1.234350195    2.692654783    0.7913672041   0.7654600043   0.610352996    1.627469842    1.517434438    0.008722708975 0.4883360485   0.1567108909   0.03022046786  0.52843272     
163      I1         1.149262703    1.497129676    2.970168461    0.9177468062   0.8610236011   1.944446759    2.491389903    2.673580145    0.07350079917  0.3141373458   0.09690526061  -0.3875965457  0.8188780193   
164      I1         1.223180696    1.847479596    3.30779728     0.2064273717   0.05025664172  2.162021918    3.4632993      1.976913885    0.1208319425   0.2965540145   0.2517095009   0.5008921302   0.1716857544   
165      I1         1.547070958    2.604477542    3.810259928    0.9161871134   0.6257103703   3.8669091      3.217602306    2.320806701    0.002415781961 0.07784684079  0.1793616061   -0.8526481999  0.1863419308   
166      I1         1.956024234    2.634228482    3.735986787    0.8478317      0.6551352417   8.246207784    2.790834008    1.873772372    0.07790360766  0.3229129029   0.2467388256   -0.05446929996 0.1748151343   
167      I1         1.008724434    2.616901197    4.244123627    0.4808505761   0.1090620174   6.638751157    2.443266495    0.7446692734   0.06582066675  0.32100987     0.2837523073   -0.8678285974  0.2673713236   
168      I1         0.5219047772   2.360140599    2.922492251    0.7525369395   0.676343048    7.556041401    1.764824294    1.705075804    0.08887906592  0.3370932936   0.2897007361   -0.9819565711  0.3664822543   
169      I1         0.3527387624   1.836495014    4.274627782    0.6304719765   0.3741970611   9.005140482    1.528022256    0.9053462594   0.1178208831   0.4868794495   0.1119102955   -0.4019200581  0.9878847873   
170      I1         1.57691792     2.069102264    3.664249371    0.2285896653   0.9851536558   9.21027408     2.743015731    2.891697661    0.1465815045   0.4687255927   0.181524361    0.3023303924   0.2766974804   
171      I1         0.4245520053   2.179753498    3.983472701    0.923528304    0.3786067364   7.140130212    3.284479811    1.773600242    0.08244848076  0.4255396963   0.1812396283   0.8752224823   0.2353227754   
172      I1         0.3665247071   1.097353254    4.199785706    0.1715781143   0.1898148325   4.540652858    1.988281074    1.819704135    0.06626250586  0.3297782045   0.01591026209  -0.5141100989  2.06191024     
173      I1         1.478389462    1.886373824    3.619972848    0.7672713686   0.7583853412   0.208209793    1.18308511     1.913873397    0.06008628404  0.291727599    0.1462709885   -0.2284023232  0.6701175738   
174      I1         1.871245481    1.857502393    3.556788171    0.7031796      0.799860378    1.782084131    3.073056107    2.441694162    0.03016327621  0.3819502778   0.2441000008   -0.7366390804  0.2943671054   
175      I1         0.326611012    2.652883391    3.381960818    0.1476893845   0.7930541209   7.073311939    2.236411736    1.617396896    0.01926088922  0.1371316726   0.281990062    -0.4289550113  0.310461962    
176      I1         1.623598457    1.395823821    3.242283537    0.5638364349   0.9266990333   8.404803086    3.304283651    1.451545956    0.02643219719  0.495771513    0.1779592023   0.7549792126   0.2152467142   
177      I1         1.898912245    1.803974027    3.791282322    0.9442640393   0.1464932831   5.705490445    2.763191849    2.219610289    0.04136965574  0.2840629173   0.2404432291   0.5675350711   0.1563433604   
178      I1         1.674092136    2.5130866      3.888234681    0.3882659227   0.9654515445   3.769961236    2.304546321    2.768673585    0.08606984844  0.0111622444   0.001196466807 -0.6427307588  0.8324679138   
179      I1         1.154517324    2.581201481    3.001275434    0.113720066    0.49233943     8.042952388    2.896475106    2.794035414    0.07644533892  0.4220920582   0.2777157628   0.6819292174   0.2131752411   
180      I1         0.4585553439   2.085767437    3.25662178     0.7424456046   0.4543647245   5.154428555    1.322500014    1.37273744     0.08421151708  0.4432618537   0.06434972761  -0.8031639231  1.381316764    
181      I1         0.39006213     2.451447862    2.610208957    0.2363858541   0.2130497318   7.598144076    3.016951563    1.960684558    0.03635259849  0.1909533309   0.1407327901   -0.8233359114  0.6910409206   
182      I1         0.8821798522   1.689175818    3.46348914     0.8681825689   0.9710181614   6.060494108    2.848600231    0.01885421188  0.004219855167 0.1138091211   0.1632920619   0.02102600389  0.4430677238   
183      I1         0.750449124    1.157943759    4.126820906    0.7386928392   0.8883612712   3.84481336     2.194619009    2.571361517    0.1447175053   0.2277483724   0.1973230974   -0.950972562   0.4218166576   
184      I1         1.028443506    2.145625973    4.401371371    0.1643987006   0.2320823149   8.731779812    2.925735374    2.293450892    0.06145809899  0.1106880576   0.07473266432  0.7035727925   0.2585896282   
185      I1         0.6734119334   1.224759496    2.902711628    0.365279752    0.9145586888   7.653929643    3.239999224    2.225697083    0.1144477317   0.3102356334   0.04385991379  0.2518736557   1.207366875    
186      I1         1.247219238    1.089384525    2.591971168    0.05053750021  0.9345541318   8.796494637    1.537824066    2.375098487    0.08660149955  0.4421865609   0.2739359156   0.7802439085   0.1862884568   
187      I1         1.562283398    1.967639135    3.680743783    0.4510187388   0.3976787274   1.39817282     2.677691111    0.2573387999   0.1284888647   0.3838091822   0.0666702172   0.3790281744   0.7759992093   
188      I1         0.4860849217   1.712974657    4.145300529    0.5464695878   0.5659573334   5.25479592     1.257138806    0.4414138806   0.1077187073   0.1471553197   0.2242142718   0.3659122514   0.2516158113   
189      I1         0.9691902626   1.945292096    3.631972749    0.1365093359   0.635782298    3.731313954    1.440257593    2.137298854    0.07155125084  0.1660275266   0.1868865984   -0.317739509   0.3571672407   
190      I1         1.980969714    1.584203397    2.792456384    0.4886333168   0.8718494731   4.452162135    2.410994495    1.927537981    0.01343576109  0.308745771    0.01489493232  0.5980682237   1.196136       
191      I1         0.44767833     1.56709405     3.448172915    0.5010571741   0.7478827292   1.606485542    2.658951036    2.088028708    0.1483962682   0.1798056904   0.2281638893   -0.09039608657 0.2731395518   
192      I1         1.763925888    1.527252954    2.806236369    0.9612380033   0.8789850653   5.677937282    3.442628548    2.278743805    0.1015553587   0.1998293895   0.004084156161 0.2750288989   1.695854989    
193      I1         1.293213112    2.423392337    3.514350809    0.2525859039   0.5114201736   9.566788489    3.037366763    0.6910674963   0.05426531385  0.3944483494   0.08648180614  0.4288772879   0.6513165909   
194      I1         1.078928625    1.749507082    3.549174485    0.217349812    0.3176662589   5.215779391    2.719702949    2.055934242    0.1436205629   0.1536486771   0.05868075051  -0.6367589932  0.7227522634   
195      I1         1.182617716    1.598521984    4.230808878    0.9335967232   0.5389951992   2.62875419     3.176884412    1.792017861    0.1274157622   0.1047249889   0.1447796878   0.8828645206   0.3028786905   
196      I1         0.6291513254   2.024084218    3.409354918    0.02371272381  0.4883536824   6.251763132    3.343020981    0.3500372832   0.1385545845   0.3330734177   0.08890960884  0.650226115    0.5541508236   
197      I1         1.943173811    1.185621855    2.863816821    0.02480656156  0.7203558098   9.178860468    2.377638508    0.05217774912  0.07007622819  0.0398288739   0.1669938784   0.1568925773   0.2455623728   
198      I1         0.9170691111   1.385725577    4.004195038    0.4766684494   0.5163311147   8.590859009    3.317583316    0.1985755591   0.1348235245   0.1171087518   0.1663522654   -0.1596776709  0.3764332711   
199      I1         0.3810226623   2.129130358    2.847328631    0.5692604473   0.6205541782   7.928094173    1.34939073     1.189815824    0.03139018999  0.04672191144  0.1059359306   -0.2781611963  0.9181544293   
200      I1         0.3428379557   1.250427937    3.956057599    0.8862005328   0.9554539488   1.859937277    2.205949187    0.6234492863   0.02068969248  0.3462524359   0.07999169792  0.1414684573   1.031491491    
201      I1         1.401851852    2.668518519    3.648148148    0.6451851852   0.9718518519   5.05           2.990740741    0.05555555556  0.1472222222   0.3796296296   0.25           0.962962963    0.194595775    
202      I1         1.087037037    1.031481481    3.648148148    0.7177777778   0.7903703704   6.516666667    1.416666667    0.05555555556  0.075          0.009259259259 0.25           0.962962963    0.173932398    
203      I1         1.653703704    1.031481481    3.425925926    0.6814814815   0.9718518519   2.483333333    2.527777778    0.5            0.1083333333   0.1203703704   0.2277777778   -0.962962963   0.1194717509   
204      I1         0.3314814815   1.031481481    4.018518519    0.02814814815  0.2459259259   6.516666667    2.990740741    2.944444444    0.1472222222   0.1759259259   0.2055555556   0.962962963    0.368091967    
205      I1         0.5833333333   1.031481481    3.574074074    0.5362962963   0.6814814815   1.016666667    2.712962963    1.055555556    0.002777777778 0.3796296296   0.2722222222   0.962962963    0.186619503    
206      I1         1.275925926    2.668518519    3.87037037     0.7903703704   0.8992592593   4.683333333    3.453703704    2.944444444    0.05277777778  0.212962963    0.2166666667   0.962962963    0.1563999234   
207      I1         1.087037037    1.85           3.12962963     0.3548148148   0.9718518519   9.816666667    2.157407407    0.05555555556  0.06944444444  0.3055555556   0.25           0.2962962963   0.1476139503   
208      I1         1.401851852    1.661111111    3.648148148    0.6451851852   0.9718518519   0.2833333333   2.990740741    2.944444444    0.1472222222   0.1759259259   0.25           -0.07407407407 0.1163009468   
209      I1         1.401851852    1.598148148    3.648148148    0.6088888889   0.6814814815   0.2833333333   3.083333333    0.05555555556  0.05277777778  0.2314814815   0.2388888889   0.1481481481   0.116784528    
210      I1         0.8981481481   2.101851852    3.5            0.4637037037   0.9718518519   4.316666667    3.361111111    2.944444444    0.002777777778 0.2685185185   0.25           0.2962962963   0.1345766283   
211      I1         1.968518519    1.031481481    3.796296296    0.4637037037   0.7903703704   0.2833333333   2.712962963    0.05555555556  0.1472222222   0.25           0.2055555556   0.2962962963   0.09995702505  
212      I1         1.401851852    1.031481481    3.648148148    0.3548148148   0.7177777778   5.783333333    3.083333333    0.05555555556  0.1472222222   0.3240740741   0.2388888889   0.2222222222   0.1337859778   
213      I1         0.7092592593   2.353703704    3.5            0.02814814815  0.6814814815   9.816666667    2.990740741    0.05555555556  0.002777777778 0.4907407407   0.2277777778   0.962962963    0.1526187379   
214      I1         1.653703704    1.535185185    3.722222222    0.8992592593   0.6814814815   0.2833333333   2.712962963    2.944444444    0.002777777778 0.009259259259 0.2166666667   -0.962962963   0.1308093448   
215      I1         1.968518519    1.031481481    3.944444444    0.02814814815  0.9718518519   1.016666667    3.083333333    2.944444444    0.04722222222  0.3611111111   0.2055555556   0.962962963    0.1564031845   
216      I1         1.15           2.668518519    3.351851852    0.5            0.9718518519   0.2833333333   3.175925926    1.277777778    0.05277777778  0.2314814815   0.25           0.2222222222   0.1283948916   
217      I1         1.024074074    2.668518519    3.648148148    0.9718518519   0.02814814815  9.816666667    2.712962963    2.944444444    0.002777777778 0.4907407407   0.2388888889   0.962962963    0.1593053957   
218      I1         1.968518519    1.031481481    3.796296296    0.6088888889   0.9718518519   3.216666667    2.712962963    2.055555556    0.05833333333  0.2314814815   0.2166666667   0.1481481481   0.110028177    
219      I1         0.8981481481   1.031481481    3.425925926    0.4637037037   0.6451851852   0.2833333333   2.898148148    2.944444444    0.08611111111  0.2314814815   0.2833333333   0.1481481481   0.1538542461   
220      I1         1.212962963    2.101851852    3.574074074    0.6451851852   0.9718518519   9.816666667    3.361111111    1.944444444    0.09722222222  0.2314814815   0.25           0              0.1561125526   
221      I1         1.77962963     1.85           3.648148148    0.7903703704   0.9718518519   0.2833333333   2.342592593    0.05555555556  0.1472222222   0.2314814815   0.2388888889   -0.07407407407 0.1269962038   
222      I1         0.5833333333   2.164814815    3.203703704    0.3911111111   0.9718518519   9.816666667    3.083333333    0.9444444444   0.002777777778 0.25           0.2722222222   0.962962963    0.2233298579   
223      I1         1.905555556    2.668518519    3.796296296    0.9355555556   0.7903703704   2.85           3.361111111    2.944444444    0.1472222222   0.1203703704   0.2166666667   0.07407407407  0.158007801    
224      I1         1.968518519    1.975925926    3.648148148    0.5725925926   0.6814814815   3.216666667    2.990740741    0.05555555556  0.1361111111   0.25           0.2166666667   0.2222222222   0.1299662245   
225      I1         1.212962963    2.668518519    3.722222222    0.6451851852   0.3548148148   3.583333333    3.175925926    2.944444444    0.002777777778 0.212962963    0.2388888889   0.2962962963   0.1179942411   
226      I1         1.77962963     1.031481481    4.018518519    0.6814814815   0.02814814815  0.2833333333   3.175925926    2.944444444    0.1472222222   0.3055555556   0.2388888889   0.2962962963   0.1266811039   
227      I1         1.590740741    1.031481481    3.796296296    0.6451851852   0.5725925926   1.016666667    2.712962963    1.055555556    0.1472222222   0.1759259259   0.2388888889   -0.07407407407 0.1119833824   
228      I1         1.464814815    1.535185185    3.722222222    0.7903703704   0.2096296296   6.516666667    1.87962963     0.2777777778   0.1472222222   0.4907407407   0.2388888889   0.962962963    0.162577954    
229      I1         1.275925926    2.668518519    3.648148148    0.8992592593   0.3548148148   9.816666667    1.138888889    2.944444444    0.1472222222   0.009259259259 0.2388888889   0.962962963    0.1543304925   
230      I1         0.8981481481   2.668518519    3.5            0.6814814815   0.7903703704   9.816666667    1.694444444    2.944444444    0.1027777778   0.4907407407   0.2611111111   0.962962963    0.1902811274   
231      I1         1.212962963    1.031481481    3.796296296    0.5            0.02814814815  9.816666667    1.324074074    2.944444444    0.002777777778 0.06481481481  0.2166666667   0.962962963    0.1394622684   
232      I1         1.401851852    2.668518519    3.87037037     0.9718518519   0.3185185185   7.25           1.416666667    0.05555555556  0.05277777778  0.1759259259   0.2166666667   0.962962963    0.148608746    
233      I1         1.401851852    1.031481481    3.722222222    0.02814814815  0.3185185185   9.816666667    1.787037037    0.05555555556  0.1027777778   0.4907407407   0.2166666667   0.962962963    0.1489672891   
234      I1         0.4574074074   2.668518519    3.351851852    0.02814814815  0.02814814815  6.883333333    2.157407407    0.05555555556  0.002777777778 0.4351851852   0.25           0.962962963    0.1803488987   
235      I1         1.401851852    1.598148148    3.5            0.5            0.02814814815  1.016666667    2.712962963    0.05555555556  0.04722222222  0.4907407407   0.2388888889   0.7407407407   0.1198976326   
236      I1         1.968518519    1.031481481    3.944444444    0.3548148148   0.3185185185   6.883333333    2.435185185    0.05555555556  0.1027777778   0.3425925926   0.2055555556   0.5925925926   0.108279521    
237      I1         1.401851852    1.157407407    4.018518519    0.4637037037   0.9718518519   9.816666667    1.416666667    0.05555555556  0.1472222222   0.1759259259   0.2055555556   0.962962963    0.160275994    
238      I1         0.8981481481   1.031481481    3.648148148    0.5362962963   0.02814814815  6.883333333    1.694444444    0.05555555556  0.08055555556  0.2314814815   0.2611111111   0.5925925926   0.1388174199   
239      I1         1.401851852    1.346296296    3.796296296    0.4637037037   0.6814814815   3.216666667    2.25           0.05555555556  0.09722222222  0.009259259259 0.2055555556   -0.962962963   0.1096168182   
240      I1         1.275925926    1.409259259    3.425925926    0.5725925926   0.9718518519   0.2833333333   2.25           0.05555555556  0.08055555556  0.08333333333  0.2611111111   -0.962962963   0.127480278    
241      I1         1.401851852    1.031481481    3.574074074    0.5            0.9718518519   1.016666667    2.064814815    0.05555555556  0.1472222222   0.08333333333  0.2388888889   -0.2962962963  0.111021731    
242      I1         1.212962963    1.031481481    3.722222222    0.5362962963   0.9718518519   2.483333333    1.87962963     2.944444444    0.09166666667  0.009259259259 0.2611111111   0              0.126084056    
243      I1         0.8981481481   2.101851852    3.351851852    0.6451851852   0.6814814815   0.2833333333   2.157407407    0.05555555556  0.1472222222   0.2685185185   0.2944444444   0.2962962963   0.1646229698   
244      I1         1.527777778    2.668518519    3.87037037     0.8266666667   0.9718518519   3.216666667    2.527777778    2.944444444    0.1472222222   0.009259259259 0.2166666667   -0.962962963   0.1224864751   
245      I1         1.653703704    2.668518519    3.87037037     0.7903703704   0.6814814815   0.2833333333   2.527777778    0.05555555556  0.04722222222  0.06481481481  0.2055555556   -0.962962963   0.1117788977   
246      I1         1.905555556    1.031481481    3.12962963     0.5725925926   0.3185185185   1.016666667    2.527777778    0.05555555556  0.06388888889  0.1759259259   0.2055555556   -0.07407407407 0.1275035864   
247      I1         1.212962963    2.164814815    3.87037037     0.7540740741   0.9718518519   6.516666667    1.324074074    2.944444444    0.1027777778   0.1759259259   0.2388888889   0.7407407407   0.1212928621   
248      I1         0.9611111111   2.101851852    3.574074074    0.5362962963   0.9718518519   9.816666667    1.509259259    2.944444444    0.002777777778 0.06481481481  0.2388888889   0.6666666667   0.1250647375   
249      I1         1.024074074    1.031481481    3.87037037     0.3548148148   0.9718518519   9.816666667    1.601851852    2.944444444    0.1472222222   0.1388888889   0.25           0.4444444444   0.1253294606   
250      I1         1.401851852    1.598148148    4.314814815    0.6451851852   0.6451851852   6.516666667    1.416666667    2.944444444    0.08611111111  0.009259259259 0.2388888889   0.5185185185   0.1380164591   
251      I1         1.401851852    1.535185185    3.277777778    0.6451851852   0.9718518519   1.016666667    1.046296296    2.944444444    0.05277777778  0.009259259259 0.2388888889   0.962962963    0.149473609    
252      I1         1.024074074    1.031481481    3.796296296    0.02814814815  0.7903703704   9.816666667    1.787037037    0.05555555556  0.002777777778 0.1574074074   0.2055555556   0.5185185185   0.1536936875   
253      I1         1.212962963    2.101851852    3.87037037     0.02814814815  0.6451851852   5.416666667    1.416666667    2.944444444    0.1361111111   0.4907407407   0.2388888889   0.7407407407   0.1190746601   
254      I1         1.15           1.472222222    3.5            0.5362962963   0.9718518519   6.883333333    1.509259259    1.055555556    0.075          0.1203703704   0.25           0.3703703704   0.138249313    
255      I1         0.3314814815   2.668518519    3.87037037     0.6451851852   0.02814814815  6.883333333    2.064814815    2.944444444    0.01388888889  0.1759259259   0.2611111111   0.962962963    0.1964345289   
256      I1         1.968518519    1.031481481    3.796296296    0.3911111111   0.9718518519   9.083333333    2.342592593    0.05555555556  0.1472222222   0.1944444444   0.2055555556   0              0.1187120021   
257      I1         1.968518519    1.031481481    4.314814815    0.9718518519   0.6088888889   0.2833333333   2.62037037     2.944444444    0.1138888889   0.4907407407   0.2166666667   0.962962963    0.151965802    
258      I1         1.968518519    2.101851852    4.388888889    0.5362962963   0.4637037037   0.2833333333   3.083333333    2.944444444    0.002777777778 0.3611111111   0.2166666667   0.6666666667   0.123606174    
259      I1         1.212962963    1.598148148    4.314814815    0.3548148148   0.3185185185   2.483333333    3.175925926    2.944444444    0.08611111111  0.4907407407   0.2388888889   0.7407407407   0.1181726975   
260      I1         0.9611111111   1.912962963    3.87037037     0.3911111111   0.02814814815  4.316666667    3.083333333    0.05555555556  0.002777777778 0.4166666667   0.25           0.5925925926   0.1236184698   
261      I1         1.338888889    2.668518519    3.648148148    0.9718518519   0.02814814815  0.2833333333   3.453703704    2.944444444    0.1027777778   0.4537037037   0.2055555556   0.962962963    0.1890369678   
262      I1         0.3314814815   2.164814815    3.5            0.02814814815  0.9718518519   3.216666667    2.805555556    2.944444444    0.1027777778   0.4907407407   0.25           0.7407407407   0.1413459052   
263      I1         1.401851852    1.661111111    3.796296296    0.4637037037   0.6451851852   0.2833333333   3.083333333    2.166666667    0.1027777778   0.3425925926   0.2388888889   0.4444444444   0.1075224524   
264      I1         1.024074074    2.101851852    4.462962963    0.9718518519   0.02814814815  0.2833333333   2.990740741    2.944444444    0.1472222222   0.1759259259   0.2833333333   0.962962963    0.2165747074   
265      I1         1.968518519    1.031481481    4.314814815    0.3548148148   0.6451851852   0.65           2.712962963    0.05555555556  0.04722222222  0.4351851852   0.2166666667   0.6666666667   0.1112150435   
266      I1         1.401851852    1.157407407    4.462962963    0.5            0.9718518519   3.583333333    3.175925926    2.944444444    0.1027777778   0.2314814815   0.2388888889   0.3703703704   0.1137446622   
267      I1         0.5833333333   2.668518519    3.944444444    0.3911111111   0.3185185185   6.516666667    2.990740741    2.944444444    0.1472222222   0.4166666667   0.25           0.7407407407   0.1356274635   
268      I1         1.212962963    1.031481481    4.166666667    0.02814814815  0.4274074074   2.116666667    2.712962963    0.05555555556  0.1472222222   0.4907407407   0.2388888889   0.8888888889   0.1435734317   
269      I1         1.968518519    1.031481481    4.092592593    0.3548148148   0.02814814815  3.583333333    2.712962963    2.944444444    0.1472222222   0.4907407407   0.2277777778   0.8148148148   0.1318748862   
270      I1         1.968518519    1.22037037     4.462962963    0.6814814815   0.8992592593   0.65           2.712962963    2.944444444    0.04722222222  0.009259259259 0.2055555556   -0.2962962963  0.249648871    
271      I1         1.653703704    1.031481481    3.351851852    0.5            0.9718518519   1.016666667    2.527777778    0.05555555556  0.1194444444   0.2314814815   0.2388888889   0.07407407407  0.1051448239   
272      I1         1.77962963     1.535185185    4.462962963    0.8992592593   0.4274074074   0.2833333333   2.157407407    2.944444444    0.1472222222   0.287037037    0.2388888889   0.2962962963   0.1078504404   
273      I1         1.905555556    1.031481481    4.462962963    0.4274074074   0.7540740741   2.116666667    2.527777778    2.944444444    0.1472222222   0.2685185185   0.2166666667   0.2962962963   0.1005982417   
274      I1         0.8981481481   1.031481481    2.537037037    0.02814814815  0.8992592593   2.85           1.972222222    0.9444444444   0.1472222222   0.2685185185   0.25           0.2962962963   0.1402669754   
275      I1         1.338888889    1.031481481    4.462962963    0.3911111111   0.2096296296   3.583333333    2.064814815    2.944444444    0.1361111111   0.4907407407   0.25           0.6666666667   0.1209662305   
276      I1         1.77962963     1.031481481    4.462962963    0.4274074074   0.6451851852   2.483333333    2.342592593    0.05555555556  0.1361111111   0.2685185185   0.2166666667   0.2962962963   0.09611488752  
277      I1         1.401851852    2.668518519    3.203703704    0.8266666667   0.6814814815   3.216666667    2.527777778    2.944444444    0.01388888889  0.06481481481  0.2388888889   -0.962962963   0.1209834645   
278      I1         1.275925926    1.031481481    3.12962963     0.6451851852   0.6814814815   1.016666667    2.342592593    2.944444444    0.1472222222   0.009259259259 0.2388888889   -0.962962963   0.1069311992   
279      I1         1.716666667    1.535185185    4.388888889    0.9718518519   0.6814814815   0.2833333333   2.157407407    2.944444444    0.1472222222   0.4907407407   0.25           0.4444444444   0.1293533537   
280      I1         1.087037037    1.031481481    2.537037037    0.3911111111   0.9718518519   4.683333333    2.157407407    2.944444444    0.1472222222   0.08333333333  0.2611111111   -0.1481481481  0.1358245941   
281      I1         1.653703704    1.535185185    3.87037037     0.6814814815   0.9718518519   0.2833333333   3.453703704    2.944444444    0.1027777778   0.25           0.2166666667   0.2962962963   0.1072640601   
282      I1         1.464814815    1.157407407    4.092592593    0.8992592593   0.3548148148   1.016666667    2.342592593    2.944444444    0.1472222222   0.02777777778  0.2388888889   -0.962962963   0.1099737313   
283      I1         1.590740741    1.535185185    4.462962963    0.8992592593   0.9718518519   0.2833333333   2.990740741    2.944444444    0.1472222222   0.2685185185   0.2388888889   0.2962962963   0.1060070101   
284      I1         0.5833333333   1.346296296    3.12962963     0.02814814815  0.3185185185   9.816666667    1.87962963     2.944444444    0.002777777778 0.3796296296   0.2388888889   0.7407407407   0.1518477365   
285      I1         1.401851852    2.668518519    4.314814815    0.8992592593   0.02814814815  0.2833333333   2.25           0.9444444444   0.1472222222   0.4907407407   0.25           0.5925925926   0.1232689846   
286      I1         1.212962963    2.101851852    3.277777778    0.2459259259   0.6451851852   0.2833333333   1.787037037    0.05555555556  0.1361111111   0.4907407407   0.2388888889   0.6666666667   0.1209051604   
287      I1         1.401851852    1.535185185    3.796296296    0.02814814815  0.6451851852   3.583333333    2.157407407    0.9444444444   0.002777777778 0.4907407407   0.2166666667   0.8888888889   0.1378663015   
288      I1         1.401851852    2.668518519    3.277777778    0.6451851852   0.02814814815  0.2833333333   1.509259259    2.944444444    0.1472222222   0.4907407407   0.25           0.5925925926   0.120084328    
289      I1         1.401851852    2.668518519    4.462962963    0.4274074074   0.1007407407   6.516666667    1.601851852    1.944444444    0.1472222222   0.3425925926   0.2166666667   0.7407407407   0.1147885277   
290      I1         1.401851852    2.101851852    3.87037037     0.3185185185   0.02814814815  6.516666667    1.787037037    0.9444444444   0.1472222222   0.4907407407   0.25           0.5185185185   0.1277446921   
291      I1         0.8981481481   1.724074074    3.87037037     0.4274074074   0.02814814815  0.2833333333   1.509259259    1.944444444    0.1472222222   0.4907407407   0.2944444444   0.5925925926   0.1598325484   
292      I1         1.401851852    2.668518519    4.462962963    0.5725925926   0.9718518519   1.016666667    1.416666667    2.944444444    0.1416666667   0.4907407407   0.2055555556   0.962962963    0.1671168267   
293      I1         1.401851852    2.668518519    4.092592593    0.6088888889   0.02814814815  0.2833333333   1.509259259    0.05555555556  0.1472222222   0.3425925926   0.2277777778   0.5925925926   0.1377207131   
294      I1         1.212962963    2.290740741    4.092592593    0.6451851852   0.02814814815  6.15           1.509259259    2.944444444    0.1472222222   0.3425925926   0.25           0.5925925926   0.1148364826   
295      I1         0.8981481481   1.031481481    3.87037037     0.02814814815  0.6451851852   6.15           1.694444444    0.9444444444   0.1472222222   0.4166666667   0.25           0.6666666667   0.1271951563   
296      I1         0.3314814815   2.668518519    2.537037037    0.6451851852   0.02814814815  3.216666667    2.990740741    0.6111111111   0.06388888889  0.4907407407   0.25           0.8888888889   0.142808725    
297      I1         0.7722222222   1.031481481    3.722222222    0.6451851852   0.3548148148   6.15           3.268518519    0.9444444444   0.08611111111  0.4907407407   0.2388888889   0.8888888889   0.1427610535   
298      I1         0.8351851852   2.668518519    2.907407407    0.5            0.02814814815  4.683333333    1.87962963     0.05555555556  0.05833333333  0.4907407407   0.25           0.6666666667   0.1259691901   
299      I1         0.6462962963   2.164814815    2.907407407    0.2096296296   0.9718518519   0.2833333333   1.509259259    2.944444444    0.08055555556  0.1574074074   0.2833333333   0.5925925926   0.2307711919   
300      I1         0.8351851852   1.031481481    2.537037037    0.3185185185   0.02814814815  3.583333333    2.25           0.05555555556  0.1472222222   0.4907407407   0.2833333333   0.5925925926   0.1531705374   
%eval_id interface log__t_efold_shallow log__t_efold_soil log__t_efold_karst f_exfiltration_shallow f_exfiltration_soil PDD_melt_factor log__Hmax_shallow log__fdd_threshold snow_insulation_k f_direct_runoff baseflow_Q     log__routing_K neg_kge        
301      I1         1.77962963     1.031481481    4.462962963    0.4274074074   0.6451851852   2.483333333    2.342592593    0.05555555556  0.1361111111   0.2685185185   0.2166666667   0.2962962963   0.09611488752  
302      I1         1.94962963     1.031481481    4.462962963    0.4274074074   0.6451851852   2.483333333    2.342592593    0.05555555556  0.1361111111   0.2685185185   0.2166666667   0.2962962963   0.109782679    
303      I1         1.77962963     1.201481481    4.462962963    0.4274074074   0.6451851852   2.483333333    2.342592593    0.05555555556  0.1361111111   0.2685185185   0.2166666667   0.2962962963   0.09711980433  
304      I1         1.77962963     1.031481481    4.462962963    0.5254074074   0.6451851852   2.483333333    2.342592593    0.05555555556  0.1361111111   0.2685185185   0.2166666667   0.2962962963   0.09520049553  
305      I1         1.77962963     1.031481481    4.462962963    0.4274074074   0.7431851852   2.483333333    2.342592593    0.05555555556  0.1361111111   0.2685185185   0.2166666667   0.2962962963   0.09428631095  
306      I1         1.77962963     1.031481481    4.462962963    0.4274074074   0.6451851852   3.473333333    2.342592593    0.05555555556  0.1361111111   0.2685185185   0.2166666667   0.2962962963   0.09878866774  
307      I1         1.77962963     1.031481481    4.462962963    0.4274074074   0.6451851852   2.483333333    2.592592593    0.05555555556  0.1361111111   0.2685185185   0.2166666667   0.2962962963   0.09611488752  
308      I1         1.77962963     1.031481481    4.462962963    0.4274074074   0.6451851852   2.483333333    2.342592593    0.3555555556   0.1361111111   0.2685185185   0.2166666667   0.2962962963   0.09608129984  
309      I1         1.77962963     1.031481481    4.462962963    0.4274074074   0.6451851852   2.483333333    2.342592593    0.05555555556  0.1361111111   0.3185185185   0.2166666667   0.2962962963   0.1111061555   
310      I1         1.77962963     1.031481481    4.462962963    0.4274074074   0.6451851852   2.483333333    2.342592593    0.05555555556  0.1361111111   0.2685185185   0.2466666667   0.2962962963   0.1346153331   
311      I1         1.77962963     1.031481481    4.462962963    0.4274074074   0.6451851852   2.483333333    2.342592593    0.05555555556  0.1361111111   0.2685185185   0.2166666667   0.4962962963   0.1115256926   
312      I1         1.60962963     1.031481481    4.462962963    0.4274074074   0.6451851852   2.483333333    2.342592593    0.05555555556  0.1361111111   0.2685185185   0.2166666667   0.2962962963   0.102131756    
313      I1         1.77962963     1.031481481    4.262962963    0.4274074074   0.6451851852   2.483333333    2.342592593    0.05555555556  0.1361111111   0.2685185185   0.2166666667   0.2962962963   0.09609632383  
314      I1         1.77962963     1.031481481    4.462962963    0.3294074074   0.6451851852   2.483333333    2.342592593    0.05555555556  0.1361111111   0.2685185185   0.2166666667   0.2962962963   0.09799485888  
315      I1         1.77962963     1.031481481    4.462962963    0.4274074074   0.5471851852   2.483333333    2.342592593    0.05555555556  0.1361111111   0.2685185185   0.2166666667   0.2962962963   0.09895224771  
316      I1         1.77962963     1.031481481    4.462962963    0.4274074074   0.6451851852   1.493333333    2.342592593    0.05555555556  0.1361111111   0.2685185185   0.2166666667   0.2962962963   0.09383664838  
317      I1         1.77962963     1.031481481    4.462962963    0.4274074074   0.6451851852   2.483333333    2.092592593    0.05555555556  0.1361111111   0.2685185185   0.2166666667   0.2962962963   0.09611488752  
318      I1         1.77962963     1.031481481    4.462962963    0.4274074074   0.6451851852   2.483333333    2.342592593    0.05555555556  0.1211111111   0.2685185185   0.2166666667   0.2962962963   0.09614489153  
319      I1         1.77962963     1.031481481    4.462962963    0.4274074074   0.6451851852   2.483333333    2.342592593    0.05555555556  0.1361111111   0.2185185185   0.2166666667   0.2962962963   0.1134043738   
320      I1         1.77962963     1.031481481    4.462962963    0.4274074074   0.6451851852   2.483333333    2.342592593    0.05555555556  0.1361111111   0.2685185185   0.1866666667   0.2962962963   0.1351239385   
321      I1         1.77962963     1.031481481    4.462962963    0.4274074074   0.6451851852   2.483333333    2.342592593    0.05555555556  0.1361111111   0.2685185185   0.2166666667   0.0962962963   0.1209329748   
322      I1         1.86462963     1.031481481    4.462962963    0.4274074074   0.6451851852   2.483333333    2.342592593    0.05555555556  0.1361111111   0.2685185185   0.2166666667   0.2962962963   0.1011619386   
323      I1         1.77962963     1.116481481    4.462962963    0.4274074074   0.6451851852   2.483333333    2.342592593    0.05555555556  0.1361111111   0.2685185185   0.2166666667   0.2962962963   0.09654059961  
324      I1         1.77962963     1.031481481    4.462962963    0.4764074074   0.6451851852   2.483333333    2.342592593    0.05555555556  0.1361111111   0.2685185185   0.2166666667   0.2962962963   0.09556574336  
325      I1         1.77962963     1.031481481    4.462962963    0.4274074074   0.6941851852   2.483333333    2.342592593    0.05555555556  0.1361111111   0.2685185185   0.2166666667   0.2962962963   0.09510648649  
326      I1         1.77962963     1.031481481    4.462962963    0.4274074074   0.6451851852   2.978333333    2.342592593    0.05555555556  0.1361111111   0.2685185185   0.2166666667   0.2962962963   0.0976133584   
327      I1         1.77962963     1.031481481    4.462962963    0.4274074074   0.6451851852   2.483333333    2.467592593    0.05555555556  0.1361111111   0.2685185185   0.2166666667   0.2962962963   0.09611488752  
328      I1         1.77962963     1.031481481    4.462962963    0.4274074074   0.6451851852   2.483333333    2.342592593    0.2055555556   0.1361111111   0.2685185185   0.2166666667   0.2962962963   0.09609302123  
329      I1         1.77962963     1.031481481    4.462962963    0.4274074074   0.6451851852   2.483333333    2.342592593    0.05555555556  0.1436111111   0.2685185185   0.2166666667   0.2962962963   0.09611903729  
330      I1         1.77962963     1.031481481    4.462962963    0.4274074074   0.6451851852   2.483333333    2.342592593    0.05555555556  0.1361111111   0.2935185185   0.2166666667   0.2962962963   0.1014802905   
331      I1         1.77962963     1.031481481    4.462962963    0.4274074074   0.6451851852   2.483333333    2.342592593    0.05555555556  0.1361111111   0.2685185185   0.2316666667   0.2962962963   0.1108619042   
332      I1         1.77962963     1.031481481    4.462962963    0.4274074074   0.6451851852   2.483333333    2.342592593    0.05555555556  0.1361111111   0.2685185185   0.2166666667   0.3962962963   0.09986508598  
333      I1         1.69462963     1.031481481    4.462962963    0.4274074074   0.6451851852   2.483333333    2.342592593    0.05555555556  0.1361111111   0.2685185185   0.2166666667   0.2962962963   0.09628663593  
334      I1         1.77962963     1.031481481    4.362962963    0.4274074074   0.6451851852   2.483333333    2.342592593    0.05555555556  0.1361111111   0.2685185185   0.2166666667   0.2962962963   0.09610659731  
335      I1         1.77962963     1.031481481    4.462962963    0.3784074074   0.6451851852   2.483333333    2.342592593    0.05555555556  0.1361111111   0.2685185185   0.2166666667   0.2962962963   0.09692798729  
336      I1         1.77962963     1.031481481    4.462962963    0.4274074074   0.5961851852   2.483333333    2.342592593    0.05555555556  0.1361111111   0.2685185185   0.2166666667   0.2962962963   0.09748782365  
337      I1         1.77962963     1.031481481    4.462962963    0.4274074074   0.6451851852   1.988333333    2.342592593    0.05555555556  0.1361111111   0.2685185185   0.2166666667   0.2962962963   0.09469044664  
338      I1         1.77962963     1.031481481    4.462962963    0.4274074074   0.6451851852   2.483333333    2.217592593    0.05555555556  0.1361111111   0.2685185185   0.2166666667   0.2962962963   0.09611488752  
339      I1         1.77962963     1.031481481    4.462962963    0.4274074074   0.6451851852   2.483333333    2.342592593    0.05555555556  0.1286111111   0.2685185185   0.2166666667   0.2962962963   0.09616799328  
340      I1         1.77962963     1.031481481    4.462962963    0.4274074074   0.6451851852   2.483333333    2.342592593    0.05555555556  0.1361111111   0.2435185185   0.2166666667   0.2962962963   0.1003309212   
341      I1         1.77962963     1.031481481    4.462962963    0.4274074074   0.6451851852   2.483333333    2.342592593    0.05555555556  0.1361111111   0.2685185185   0.2016666667   0.2962962963   0.1065285924   
342      I1         1.77962963     1.031481481    4.462962963    0.4274074074   0.6451851852   2.483333333    2.342592593    0.05555555556  0.1361111111   0.2685185185   0.2166666667   0.1962962963   0.1066184082   
343      I1         1.82212963     1.031481481    4.462962963    0.4274074074   0.6451851852   2.483333333    2.342592593    0.05555555556  0.1361111111   0.2685185185   0.2166666667   0.2962962963   0.09790346583  
344      I1         1.77962963     1.073981481    4.462962963    0.4274074074   0.6451851852   2.483333333    2.342592593    0.05555555556  0.1361111111   0.2685185185   0.2166666667   0.2962962963   0.09630675039  
345      I1         1.77962963     1.031481481    4.462962963    0.4519074074   0.6451851852   2.483333333    2.342592593    0.05555555556  0.1361111111   0.2685185185   0.2166666667   0.2962962963   0.0958078168   
346      I1         1.77962963     1.031481481    4.462962963    0.4274074074   0.6696851852   2.483333333    2.342592593    0.05555555556  0.1361111111   0.2685185185   0.2166666667   0.2962962963   0.0955727679   
347      I1         1.77962963     1.031481481    4.462962963    0.4274074074   0.6451851852   2.730833333    2.342592593    0.05555555556  0.1361111111   0.2685185185   0.2166666667   0.2962962963   0.09688927783  
348      I1         1.77962963     1.031481481    4.462962963    0.4274074074   0.6451851852   2.483333333    2.405092593    0.05555555556  0.1361111111   0.2685185185   0.2166666667   0.2962962963   0.09611488752  
349      I1         1.77962963     1.031481481    4.462962963    0.4274074074   0.6451851852   2.483333333    2.342592593    0.1305555556   0.1361111111   0.2685185185   0.2166666667   0.2962962963   0.09610733854  
350      I1         1.77962963     1.031481481    4.462962963    0.4274074074   0.6451851852   2.483333333    2.342592593    0.05555555556  0.1398611111   0.2685185185   0.2166666667   0.2962962963   0.09612950259  
351      I1         1.77962963     1.031481481    4.462962963    0.4274074074   0.6451851852   2.483333333    2.342592593    0.05555555556  0.1361111111   0.2810185185   0.2166666667   0.2962962963   0.09817259445  
352      I1         1.77962963     1.031481481    4.462962963    0.4274074074   0.6451851852   2.483333333    2.342592593    0.05555555556  0.1361111111   0.2685185185   0.2241666667   0.2962962963   0.1017704291   
353      I1         1.77962963     1.031481481    4.462962963    0.4274074074   0.6451851852   2.483333333    2.342592593    0.05555555556  0.1361111111   0.2685185185   0.2166666667   0.3462962963   0.09534798566  
354      I1         1.73712963     1.031481481    4.462962963    0.4274074074   0.6451851852   2.483333333    2.342592593    0.05555555556  0.1361111111   0.2685185185   0.2166666667   0.2962962963   0.09558168809  
355      I1         1.77962963     1.031481481    4.412962963    0.4274074074   0.6451851852   2.483333333    2.342592593    0.05555555556  0.1361111111   0.2685185185   0.2166666667   0.2962962963   0.09611096661  
356      I1         1.77962963     1.031481481    4.462962963    0.4029074074   0.6451851852   2.483333333    2.342592593    0.05555555556  0.1361111111   0.2685185185   0.2166666667   0.2962962963   0.09649261836  
357      I1         1.77962963     1.031481481    4.462962963    0.4274074074   0.6206851852   2.483333333    2.342592593    0.05555555556  0.1361111111   0.2685185185   0.2166666667   0.2962962963   0.09676498641  
358      I1         1.77962963     1.031481481    4.462962963    0.4274074074   0.6451851852   2.235833333    2.342592593    0.05555555556  0.1361111111   0.2685185185   0.2166666667   0.2962962963   0.09535397557  
359      I1         1.77962963     1.031481481    4.462962963    0.4274074074   0.6451851852   2.483333333    2.280092593    0.05555555556  0.1361111111   0.2685185185   0.2166666667   0.2962962963   0.09611488752  
360      I1         1.77962963     1.031481481    4.462962963    0.4274074074   0.6451851852   2.483333333    2.342592593    0.05555555556  0.1323611111   0.2685185185   0.2166666667   0.2962962963   0.0961281289   
361      I1         1.77962963     1.031481481    4.462962963    0.4274074074   0.6451851852   2.483333333    2.342592593    0.05555555556  0.1361111111   0.2560185185   0.2166666667   0.2962962963   0.09540949411  
362      I1         1.77962963     1.031481481    4.462962963    0.4274074074   0.6451851852   2.483333333    2.342592593    0.05555555556  0.1361111111   0.2685185185   0.2091666667   0.2962962963   0.09765699227  
363      I1         1.77962963     1.031481481    4.462962963    0.4274074074   0.6451851852   2.483333333    2.342592593    0.05555555556  0.1361111111   0.2685185185   0.2166666667   0.2462962963   0.1008083665   
364      I1         1.82212963     1.031481481    4.462962963    0.4274074074   0.6451851852   2.483333333    2.342592593    0.05555555556  0.1361111111   0.2685185185   0.2166666667   0.3462962963   0.09745846742  
365      I1         1.77962963     1.073981481    4.462962963    0.4274074074   0.6451851852   2.483333333    2.342592593    0.05555555556  0.1361111111   0.2685185185   0.2166666667   0.3462962963   0.09552810616  
366      I1         1.77962963     1.031481481    4.462962963    0.4519074074   0.6451851852   2.483333333    2.342592593    0.05555555556  0.1361111111   0.2685185185   0.2166666667   0.3462962963   0.09496048193  
367      I1         1.77962963     1.031481481    4.462962963    0.4274074074   0.6696851852   2.483333333    2.342592593    0.05555555556  0.1361111111   0.2685185185   0.2166666667   0.3462962963   0.0952765077   
368      I1         1.77962963     1.031481481    4.462962963    0.4274074074   0.6451851852   2.730833333    2.342592593    0.05555555556  0.1361111111   0.2685185185   0.2166666667   0.3462962963   0.09626129014  
369      I1         1.77962963     1.031481481    4.462962963    0.4274074074   0.6451851852   2.483333333    2.405092593    0.05555555556  0.1361111111   0.2685185185   0.2166666667   0.3462962963   0.09534798566  
370      I1         1.77962963     1.031481481    4.462962963    0.4274074074   0.6451851852   2.483333333    2.342592593    0.1305555556   0.1361111111   0.2685185185   0.2166666667   0.3462962963   0.09537676634  
371      I1         1.77962963     1.031481481    4.462962963    0.4274074074   0.6451851852   2.483333333    2.342592593    0.05555555556  0.1398611111   0.2685185185   0.2166666667   0.3462962963   0.09536882158  
372      I1         1.77962963     1.031481481    4.462962963    0.4274074074   0.6451851852   2.483333333    2.342592593    0.05555555556  0.1361111111   0.2810185185   0.2166666667   0.3462962963   0.09343274767  
373      I1         1.77962963     1.031481481    4.462962963    0.4274074074   0.6451851852   2.483333333    2.342592593    0.05555555556  0.1361111111   0.2685185185   0.2241666667   0.3462962963   0.1039405896   
374      I1         1.73712963     1.031481481    4.462962963    0.4274074074   0.6451851852   2.483333333    2.342592593    0.05555555556  0.1361111111   0.2685185185   0.2166666667   0.3462962963   0.09426135943  
375      I1         1.77962963     1.031481481    4.412962963    0.4274074074   0.6451851852   2.483333333    2.342592593    0.05555555556  0.1361111111   0.2685185185   0.2166666667   0.3462962963   0.09534969648  
376      I1         1.77962963     1.031481481    4.462962963    0.4029074074   0.6451851852   2.483333333    2.342592593    0.05555555556  0.1361111111   0.2685185185   0.2166666667   0.3462962963   0.09576164112  
377      I1         1.77962963     1.031481481    4.462962963    0.4274074074   0.6206851852   2.483333333    2.342592593    0.05555555556  0.1361111111   0.2685185185   0.2166666667   0.3462962963   0.09544318582  
378      I1         1.77962963     1.031481481    4.462962963    0.4274074074   0.6451851852   2.235833333    2.342592593    0.05555555556  0.1361111111   0.2685185185   0.2166666667   0.3462962963   0.09449642948  
379      I1         1.77962963     1.031481481    4.462962963    0.4274074074   0.6451851852   2.483333333    2.280092593    0.05555555556  0.1361111111   0.2685185185   0.2166666667   0.3462962963   0.09534798566  
380      I1         1.77962963     1.031481481    4.462962963    0.4274074074   0.6451851852   2.483333333    2.342592593    0.05555555556  0.1323611111   0.2685185185   0.2166666667   0.3462962963   0.09530104874  
381      I1         1.77962963     1.031481481    4.462962963    0.4274074074   0.6451851852   2.483333333    2.342592593    0.05555555556  0.1361111111   0.2560185185   0.2166666667   0.3462962963   0.09963938103  
382      I1         1.77962963     1.031481481    4.462962963    0.4274074074   0.6451851852   2.483333333    2.342592593    0.05555555556  0.1361111111   0.2685185185   0.2091666667   0.3462962963   0.09285452686  
383      I1         1.82212963     1.031481481    4.462962963    0.4274074074   0.6451851852   2.483333333    2.342592593    0.05555555556  0.1361111111   0.2685185185   0.2091666667   0.3462962963   0.0919880567   
384      I1         1.77962963     1.073981481    4.462962963    0.4274074074   0.6451851852   2.483333333    2.342592593    0.05555555556  0.1361111111   0.2685185185   0.2091666667   0.3462962963   0.09273700409  
385      I1         1.77962963     1.031481481    4.462962963    0.4519074074   0.6451851852   2.483333333    2.342592593    0.05555555556  0.1361111111   0.2685185185   0.2091666667   0.3462962963   0.09313187198  
386      I1         1.77962963     1.031481481    4.462962963    0.4274074074   0.6696851852   2.483333333    2.342592593    0.05555555556  0.1361111111   0.2685185185   0.2091666667   0.3462962963   0.09347362816  
387      I1         1.77962963     1.031481481    4.462962963    0.4274074074   0.6451851852   2.730833333    2.342592593    0.05555555556  0.1361111111   0.2685185185   0.2091666667   0.3462962963   0.09364684792  
388      I1         1.77962963     1.031481481    4.462962963    0.4274074074   0.6451851852   2.483333333    2.405092593    0.05555555556  0.1361111111   0.2685185185   0.2091666667   0.3462962963   0.09285452686  
389      I1         1.77962963     1.031481481    4.462962963    0.4274074074   0.6451851852   2.483333333    2.342592593    0.1305555556   0.1361111111   0.2685185185   0.2091666667   0.3462962963   0.09286586214  
390      I1         1.77962963     1.031481481    4.462962963    0.4274074074   0.6451851852   2.483333333    2.342592593    0.05555555556  0.1398611111   0.2685185185   0.2091666667   0.3462962963   0.09285241189  
391      I1         1.77962963     1.031481481    4.462962963    0.4274074074   0.6451851852   2.483333333    2.342592593    0.05555555556  0.1361111111   0.2810185185   0.2091666667   0.3462962963   0.09552715429  
392      I1         1.77962963     1.031481481    4.462962963    0.4274074074   0.6451851852   2.483333333    2.342592593    0.05555555556  0.1361111111   0.2685185185   0.2091666667   0.3962962963   0.0950802047   
393      I1         1.73712963     1.031481481    4.462962963    0.4274074074   0.6451851852   2.483333333    2.342592593    0.05555555556  0.1361111111   0.2685185185   0.2091666667   0.3462962963   0.09460846197  
394      I1         1.77962963     1.031481481    4.412962963    0.4274074074   0.6451851852   2.483333333    2.342592593    0.05555555556  0.1361111111   0.2685185185   0.2091666667   0.3462962963   0.09285699679  
395      I1         1.77962963     1.031481481    4.462962963    0.4029074074   0.6451851852   2.483333333    2.342592593    0.05555555556  0.1361111111   0.2685185185   0.2091666667   0.3462962963   0.09265431849  
396      I1         1.77962963     1.031481481    4.462962963    0.4274074074   0.6206851852   2.483333333    2.342592593    0.05555555556  0.1361111111   0.2685185185   0.2091666667   0.3462962963   0.09232392215  
397      I1         1.77962963     1.031481481    4.462962963    0.4274074074   0.6451851852   2.235833333    2.342592593    0.05555555556  0.1361111111   0.2685185185   0.2091666667   0.3462962963   0.09211877535  
398      I1         1.77962963     1.031481481    4.462962963    0.4274074074   0.6451851852   2.483333333    2.280092593    0.05555555556  0.1361111111   0.2685185185   0.2091666667   0.3462962963   0.09285452686  
399      I1         1.77962963     1.031481481    4.462962963    0.4274074074   0.6451851852   2.483333333    2.342592593    0.05555555556  0.1323611111   0.2685185185   0.2091666667   0.3462962963   0.09282654343  
400      I1         1.77962963     1.031481481    4.462962963    0.4274074074   0.6451851852   2.483333333    2.342592593    0.05555555556  0.1361111111   0.2560185185   0.2091666667   0.3462962963   0.0940658854   
401      I1         1.77962963     1.031481481    4.462962963    0.4274074074   0.6451851852   2.483333333    2.342592593    0.05555555556  0.1361111111   0.2685185185   0.2016666667   0.3462962963   0.09866926936  
402      I1         1.86462963     1.031481481    4.462962963    0.4274074074   0.6451851852   2.483333333    2.342592593    0.05555555556  0.1361111111   0.2685185185   0.2091666667   0.3462962963   0.09251521925  
403      I1         1.82212963     1.073981481    4.462962963    0.4274074074   0.6451851852   2.483333333    2.342592593    0.05555555556  0.1361111111   0.2685185185   0.2091666667   0.3462962963   0.0920091625   
404      I1         1.82212963     1.031481481    4.462962963    0.4519074074   0.6451851852   2.483333333    2.342592593    0.05555555556  0.1361111111   0.2685185185   0.2091666667   0.3462962963   0.0919941404   
405      I1         1.82212963     1.031481481    4.462962963    0.4274074074   0.6696851852   2.483333333    2.342592593    0.05555555556  0.1361111111   0.2685185185   0.2091666667   0.3462962963   0.09234281161  
406      I1         1.82212963     1.031481481    4.462962963    0.4274074074   0.6451851852   2.730833333    2.342592593    0.05555555556  0.1361111111   0.2685185185   0.2091666667   0.3462962963   0.09279651112  
407      I1         1.82212963     1.031481481    4.462962963    0.4274074074   0.6451851852   2.483333333    2.405092593    0.05555555556  0.1361111111   0.2685185185   0.2091666667   0.3462962963   0.0919880567   
408      I1         1.82212963     1.031481481    4.462962963    0.4274074074   0.6451851852   2.483333333    2.342592593    0.1305555556   0.1361111111   0.2685185185   0.2091666667   0.3462962963   0.09201427109  
409      I1         1.82212963     1.031481481    4.462962963    0.4274074074   0.6451851852   2.483333333    2.342592593    0.05555555556  0.1398611111   0.2685185185   0.2091666667   0.3462962963   0.09199555203  
410      I1         1.82212963     1.031481481    4.462962963    0.4274074074   0.6451851852   2.483333333    2.342592593    0.05555555556  0.1361111111   0.2810185185   0.2091666667   0.3462962963   0.09407500317  
411      I1         1.82212963     1.031481481    4.462962963    0.4274074074   0.6451851852   2.483333333    2.342592593    0.05555555556  0.1361111111   0.2685185185   0.2091666667   0.3962962963   0.09535114716  
412      I1         1.82212963     1.031481481    4.412962963    0.4274074074   0.6451851852   2.483333333    2.342592593    0.05555555556  0.1361111111   0.2685185185   0.2091666667   0.3462962963   0.09199004309  
413      I1         1.82212963     1.031481481    4.462962963    0.4029074074   0.6451851852   2.483333333    2.342592593    0.05555555556  0.1361111111   0.2685185185   0.2091666667   0.3462962963   0.09202119982  
414      I1         1.82212963     1.031481481    4.462962963    0.4274074074   0.6206851852   2.483333333    2.342592593    0.05555555556  0.1361111111   0.2685185185   0.2091666667   0.3462962963   0.09167703204  
415      I1         1.82212963     1.031481481    4.462962963    0.4274074074   0.6451851852   2.235833333    2.342592593    0.05555555556  0.1361111111   0.2685185185   0.2091666667   0.3462962963   0.0911868231   
416      I1         1.82212963     1.031481481    4.462962963    0.4274074074   0.6451851852   2.483333333    2.280092593    0.05555555556  0.1361111111   0.2685185185   0.2091666667   0.3462962963   0.0919880567   
417      I1         1.82212963     1.031481481    4.462962963    0.4274074074   0.6451851852   2.483333333    2.342592593    0.05555555556  0.1323611111   0.2685185185   0.2091666667   0.3462962963   0.09194995434  
418      I1         1.82212963     1.031481481    4.462962963    0.4274074074   0.6451851852   2.483333333    2.342592593    0.05555555556  0.1361111111   0.2560185185   0.2091666667   0.3462962963   0.09483446667  
419      I1         1.82212963     1.031481481    4.462962963    0.4274074074   0.6451851852   2.483333333    2.342592593    0.05555555556  0.1361111111   0.2685185185   0.2016666667   0.3462962963   0.09565766794  
420      I1         1.82212963     1.031481481    4.462962963    0.4274074074   0.6451851852   2.483333333    2.342592593    0.05555555556  0.1361111111   0.2685185185   0.2091666667   0.2962962963   0.0963876654   
421      I1         1.86462963     1.031481481    4.462962963    0.4274074074   0.6451851852   2.235833333    2.342592593    0.05555555556  0.1361111111   0.2685185185   0.2091666667   0.3462962963   0.09163540639  
422      I1         1.82212963     1.073981481    4.462962963    0.4274074074   0.6451851852   2.235833333    2.342592593    0.05555555556  0.1361111111   0.2685185185   0.2091666667   0.3462962963   0.09119665636  
423      I1         1.82212963     1.031481481    4.462962963    0.4519074074   0.6451851852   2.235833333    2.342592593    0.05555555556  0.1361111111   0.2685185185   0.2091666667   0.3462962963   0.09123409761  
424      I1         1.82212963     1.031481481    4.462962963    0.4274074074   0.6696851852   2.235833333    2.342592593    0.05555555556  0.1361111111   0.2685185185   0.2091666667   0.3462962963   0.09159467189  
425      I1         1.82212963     1.031481481    4.462962963    0.4274074074   0.6451851852   2.235833333    2.405092593    0.05555555556  0.1361111111   0.2685185185   0.2091666667   0.3462962963   0.0911868231   
426      I1         1.82212963     1.031481481    4.462962963    0.4274074074   0.6451851852   2.235833333    2.342592593    0.1305555556   0.1361111111   0.2685185185   0.2091666667   0.3462962963   0.09124926029  
427      I1         1.82212963     1.031481481    4.462962963    0.4274074074   0.6451851852   2.235833333    2.342592593    0.05555555556  0.1398611111   0.2685185185   0.2091666667   0.3462962963   0.09126789836  
428      I1         1.82212963     1.031481481    4.462962963    0.4274074074   0.6451851852   2.235833333    2.342592593    0.05555555556  0.1361111111   0.2810185185   0.2091666667   0.3462962963   0.09346829698  
429      I1         1.82212963     1.031481481    4.462962963    0.4274074074   0.6451851852   2.235833333    2.342592593    0.05555555556  0.1361111111   0.2685185185   0.2166666667   0.3462962963   0.09657258559  
430      I1         1.82212963     1.031481481    4.462962963    0.4274074074   0.6451851852   2.235833333    2.342592593    0.05555555556  0.1361111111   0.2685185185   0.2091666667   0.3962962963   0.09452699133  
431      I1         1.82212963     1.031481481    4.412962963    0.4274074074   0.6451851852   2.235833333    2.342592593    0.05555555556  0.1361111111   0.2685185185   0.2091666667   0.3462962963   0.09118939764  
432      I1         1.82212963     1.031481481    4.462962963    0.4029074074   0.6451851852   2.235833333    2.342592593    0.05555555556  0.1361111111   0.2685185185   0.2091666667   0.3462962963   0.09117921831  
433      I1         1.82212963     1.031481481    4.462962963    0.4274074074   0.6206851852   2.235833333    2.342592593    0.05555555556  0.1361111111   0.2685185185   0.2091666667   0.3462962963   0.09083713283  
434      I1         1.82212963     1.031481481    4.462962963    0.4274074074   0.6451851852   1.988333333    2.342592593    0.05555555556  0.1361111111   0.2685185185   0.2091666667   0.3462962963   0.09042272651  
435      I1         1.82212963     1.031481481    4.462962963    0.4274074074   0.6451851852   2.235833333    2.280092593    0.05555555556  0.1361111111   0.2685185185   0.2091666667   0.3462962963   0.0911868231   
436      I1         1.82212963     1.031481481    4.462962963    0.4274074074   0.6451851852   2.235833333    2.342592593    0.05555555556  0.1323611111   0.2685185185   0.2091666667   0.3462962963   0.09117351126  
437      I1         1.82212963     1.031481481    4.462962963    0.4274074074   0.6451851852   2.235833333    2.342592593    0.05555555556  0.1361111111   0.2560185185   0.2091666667   0.3462962963   0.09399510785  
438      I1         1.82212963     1.031481481    4.462962963    0.4274074074   0.6451851852   2.235833333    2.342592593    0.05555555556  0.1361111111   0.2685185185   0.2016666667   0.3462962963   0.09517253144  
439      I1         1.82212963     1.031481481    4.462962963    0.4274074074   0.6451851852   2.235833333    2.342592593    0.05555555556  0.1361111111   0.2685185185   0.2091666667   0.2962962963   0.09573061636  
440      I1         1.90712963     1.031481481    4.462962963    0.4274074074   0.6451851852   1.988333333    2.342592593    0.05555555556  0.1361111111   0.2685185185   0.2091666667   0.3462962963   0.09342727362  
441      I1         1.82212963     1.116481481    4.462962963    0.4274074074   0.6451851852   1.988333333    2.342592593    0.05555555556  0.1361111111   0.2685185185   0.2091666667   0.3462962963   0.0904324021   
442      I1         1.82212963     1.031481481    4.462962963    0.4764074074   0.6451851852   1.988333333    2.342592593    0.05555555556  0.1361111111   0.2685185185   0.2091666667   0.3462962963   0.09065186316  
443      I1         1.82212963     1.031481481    4.462962963    0.4274074074   0.6941851852   1.988333333    2.342592593    0.05555555556  0.1361111111   0.2685185185   0.2091666667   0.3462962963   0.09132755081  
444      I1         1.82212963     1.031481481    4.462962963    0.4274074074   0.6451851852   1.988333333    2.467592593    0.05555555556  0.1361111111   0.2685185185   0.2091666667   0.3462962963   0.09042272651  
445      I1         1.82212963     1.031481481    4.462962963    0.4274074074   0.6451851852   1.988333333    2.342592593    0.2055555556   0.1361111111   0.2685185185   0.2091666667   0.3462962963   0.09040705935  
446      I1         1.82212963     1.031481481    4.462962963    0.4274074074   0.6451851852   1.988333333    2.342592593    0.05555555556  0.1436111111   0.2685185185   0.2091666667   0.3462962963   0.09049778952  
447      I1         1.82212963     1.031481481    4.462962963    0.4274074074   0.6451851852   1.988333333    2.342592593    0.05555555556  0.1361111111   0.2935185185   0.2091666667   0.3462962963   0.09745825136  
448      I1         1.82212963     1.031481481    4.462962963    0.4274074074   0.6451851852   1.988333333    2.342592593    0.05555555556  0.1361111111   0.2685185185   0.2241666667   0.3462962963   0.1058519268   
449      I1         1.82212963     1.031481481    4.462962963    0.4274074074   0.6451851852   1.988333333    2.342592593    0.05555555556  0.1361111111   0.2685185185   0.2091666667   0.4462962963   0.09828373987  
450      I1         1.73712963     1.031481481    4.462962963    0.4274074074   0.6451851852   1.988333333    2.342592593    0.05555555556  0.1361111111   0.2685185185   0.2091666667   0.3462962963   0.09322766493  
451      I1         1.82212963     1.031481481    4.362962963    0.4274074074   0.6451851852   1.988333333    2.342592593    0.05555555556  0.1361111111   0.2685185185   0.2091666667   0.3462962963   0.09043104175  
452      I1         1.82212963     1.031481481    4.462962963    0.3784074074   0.6451851852   1.988333333    2.342592593    0.05555555556  0.1361111111   0.2685185185   0.2091666667   0.3462962963   0.09043393252  
453      I1         1.82212963     1.031481481    4.462962963    0.4274074074   0.5961851852   1.988333333    2.342592593    0.05555555556  0.1361111111   0.2685185185   0.2091666667   0.3462962963   0.09047496832  
454      I1         1.82212963     1.031481481    4.462962963    0.4274074074   0.6451851852   1.493333333    2.342592593    0.05555555556  0.1361111111   0.2685185185   0.2091666667   0.3462962963   0.08903948368  
455      I1         1.82212963     1.031481481    4.462962963    0.4274074074   0.6451851852   1.988333333    2.217592593    0.05555555556  0.1361111111   0.2685185185   0.2091666667   0.3462962963   0.09042272651  
456      I1         1.82212963     1.031481481    4.462962963    0.4274074074   0.6451851852   1.988333333    2.342592593    0.05555555556  0.1286111111   0.2685185185   0.2091666667   0.3462962963   0.09034114669  
457      I1         1.82212963     1.031481481    4.462962963    0.4274074074   0.6451851852   1.988333333    2.342592593    0.05555555556  0.1361111111   0.2435185185   0.2091666667   0.3462962963   0.09792755718  
458      I1         1.82212963     1.031481481    4.462962963    0.4274074074   0.6451851852   1.988333333    2.342592593    0.05555555556  0.1361111111   0.2685185185   0.1941666667   0.3462962963   0.1058189288   
459      I1         1.82212963     1.031481481    4.462962963    0.4274074074   0.6451851852   1.988333333    2.342592593    0.05555555556  0.1361111111   0.2685185185   0.2091666667   0.2462962963   0.1016368966   
460      I1         1.86462963     1.031481481    4.462962963    0.4274074074   0.6451851852   1.988333333    2.342592593    0.05555555556  0.1361111111   0.2685185185   0.2091666667   0.3462962963   0.09094415798  
461      I1         1.82212963     1.073981481    4.462962963    0.4274074074   0.6451851852   1.988333333    2.342592593    0.05555555556  0.1361111111   0.2685185185   0.2091666667   0.3462962963   0.09042328568  
462      I1         1.82212963     1.031481481    4.462962963    0.4519074074   0.6451851852   1.988333333    2.342592593    0.05555555556  0.1361111111   0.2685185185   0.2091666667   0.3462962963   0.09052190727  
463      I1         1.82212963     1.031481481    4.462962963    0.4274074074   0.6696851852   1.988333333    2.342592593    0.05555555556  0.1361111111   0.2685185185   0.2091666667   0.3462962963   0.09088127354  
464      I1         1.82212963     1.031481481    4.462962963    0.4274074074   0.6451851852   1.988333333    2.405092593    0.05555555556  0.1361111111   0.2685185185   0.2091666667   0.3462962963   0.09042272651  
465      I1         1.82212963     1.031481481    4.462962963    0.4274074074   0.6451851852   1.988333333    2.342592593    0.1305555556   0.1361111111   0.2685185185   0.2091666667   0.3462962963   0.09044447239  
466      I1         1.82212963     1.031481481    4.462962963    0.4274074074   0.6451851852   1.988333333    2.342592593    0.05555555556  0.1398611111   0.2685185185   0.2091666667   0.3462962963   0.09043036857  
467      I1         1.82212963     1.031481481    4.462962963    0.4274074074   0.6451851852   1.988333333    2.342592593    0.05555555556  0.1361111111   0.2810185185   0.2091666667   0.3462962963   0.09297757913  
468      I1         1.82212963     1.031481481    4.462962963    0.4274074074   0.6451851852   1.988333333    2.342592593    0.05555555556  0.1361111111   0.2685185185   0.2166666667   0.3462962963   0.0957751854   
469      I1         1.82212963     1.031481481    4.462962963    0.4274074074   0.6451851852   1.988333333    2.342592593    0.05555555556  0.1361111111   0.2685185185   0.2091666667   0.3962962963   0.09374127363  
470      I1         1.77962963     1.031481481    4.462962963    0.4274074074   0.6451851852   1.988333333    2.342592593    0.05555555556  0.1361111111   0.2685185185   0.2091666667   0.3462962963   0.0914771996   
471      I1         1.82212963     1.031481481    4.412962963    0.4274074074   0.6451851852   1.988333333    2.342592593    0.05555555556  0.1361111111   0.2685185185   0.2091666667   0.3462962963   0.09042663635  
472      I1         1.82212963     1.031481481    4.462962963    0.4029074074   0.6451851852   1.988333333    2.342592593    0.05555555556  0.1361111111   0.2685185185   0.2091666667   0.3462962963   0.09036842187  
473      I1         1.82212963     1.031481481    4.462962963    0.4274074074   0.6206851852   1.988333333    2.342592593    0.05555555556  0.1361111111   0.2685185185   0.2091666667   0.3462962963   0.09004754084  
474      I1         1.82212963     1.031481481    4.462962963    0.4274074074   0.6451851852   1.740833333    2.342592593    0.05555555556  0.1361111111   0.2685185185   0.2091666667   0.3462962963   0.08963321987  
475      I1         1.82212963     1.031481481    4.462962963    0.4274074074   0.6451851852   1.988333333    2.280092593    0.05555555556  0.1361111111   0.2685185185   0.2091666667   0.3462962963   0.09042272651  
476      I1         1.82212963     1.031481481    4.462962963    0.4274074074   0.6451851852   1.988333333    2.342592593    0.05555555556  0.1323611111   0.2685185185   0.2091666667   0.3462962963   0.0903522806   
477      I1         1.82212963     1.031481481    4.462962963    0.4274074074   0.6451851852   1.988333333    2.342592593    0.05555555556  0.1361111111   0.2560185185   0.2091666667   0.3462962963   0.09318639538  
478      I1         1.82212963     1.031481481    4.462962963    0.4274074074   0.6451851852   1.988333333    2.342592593    0.05555555556  0.1361111111   0.2685185185   0.2016666667   0.3462962963   0.09465523309  
479      I1         1.82212963     1.031481481    4.462962963    0.4274074074   0.6451851852   1.988333333    2.342592593    0.05555555556  0.1361111111   0.2685185185   0.2091666667   0.2962962963   0.09503885798  
480      I1         1.86462963     1.031481481    4.462962963    0.4274074074   0.6451851852   1.740833333    2.342592593    0.05555555556  0.1361111111   0.2685185185   0.2091666667   0.3462962963   0.09038828657  
481      I1         1.82212963     1.073981481    4.462962963    0.4274074074   0.6451851852   1.740833333    2.342592593    0.05555555556  0.1361111111   0.2685185185   0.2091666667   0.3462962963   0.08963597275  
482      I1         1.82212963     1.031481481    4.462962963    0.4519074074   0.6451851852   1.740833333    2.342592593    0.05555555556  0.1361111111   0.2685185185   0.2091666667   0.3462962963   0.08973327194  
483      I1         1.82212963     1.031481481    4.462962963    0.4274074074   0.6696851852   1.740833333    2.342592593    0.05555555556  0.1361111111   0.2685185185   0.2091666667   0.3462962963   0.09008118099  
484      I1         1.82212963     1.031481481    4.462962963    0.4274074074   0.6451851852   1.740833333    2.405092593    0.05555555556  0.1361111111   0.2685185185   0.2091666667   0.3462962963   0.08963321987  
485      I1         1.82212963     1.031481481    4.462962963    0.4274074074   0.6451851852   1.740833333    2.342592593    0.1305555556   0.1361111111   0.2685185185   0.2091666667   0.3462962963   0.08965539183  
486      I1         1.82212963     1.031481481    4.462962963    0.4274074074   0.6451851852   1.740833333    2.342592593    0.05555555556  0.1398611111   0.2685185185   0.2091666667   0.3462962963   0.08969703383  
487      I1         1.82212963     1.031481481    4.462962963    0.4274074074   0.6451851852   1.740833333    2.342592593    0.05555555556  0.1361111111   0.2810185185   0.2091666667   0.3462962963   0.09251874564  
488      I1         1.82212963     1.031481481    4.462962963    0.4274074074   0.6451851852   1.740833333    2.342592593    0.05555555556  0.1361111111   0.2685185185   0.2166666667   0.3462962963   0.09504808516  
489      I1         1.82212963     1.031481481    4.462962963    0.4274074074   0.6451851852   1.740833333    2.342592593    0.05555555556  0.1361111111   0.2685185185   0.2091666667   0.3962962963   0.09302624495  
490      I1         1.77962963     1.031481481    4.462962963    0.4274074074   0.6451851852   1.740833333    2.342592593    0.05555555556  0.1361111111   0.2685185185   0.2091666667   0.3462962963   0.09075207553  
491      I1         1.82212963     1.031481481    4.412962963    0.4274074074   0.6451851852   1.740833333    2.342592593    0.05555555556  0.1361111111   0.2685185185   0.2091666667   0.3462962963   0.08963678765  
492      I1         1.82212963     1.031481481    4.462962963    0.4029074074   0.6451851852   1.740833333    2.342592593    0.05555555556  0.1361111111   0.2685185185   0.2091666667   0.3462962963   0.08959722942  
493      I1         1.82212963     1.031481481    4.462962963    0.4274074074   0.6206851852   1.740833333    2.342592593    0.05555555556  0.1361111111   0.2685185185   0.2091666667   0.3462962963   0.08946356011  
494      I1         1.82212963     1.031481481    4.462962963    0.4274074074   0.6451851852   1.740833333    2.280092593    0.05555555556  0.1361111111   0.2685185185   0.2091666667   0.3462962963   0.08963321987  
495      I1         1.82212963     1.031481481    4.462962963    0.4274074074   0.6451851852   1.740833333    2.342592593    0.05555555556  0.1323611111   0.2685185185   0.2091666667   0.3462962963   0.08958449829  
496      I1         1.82212963     1.031481481    4.462962963    0.4274074074   0.6451851852   1.740833333    2.342592593    0.05555555556  0.1361111111   0.2560185185   0.2091666667   0.3462962963   0.09249019165  
497      I1         1.82212963     1.031481481    4.462962963    0.4274074074   0.6451851852   1.740833333    2.342592593    0.05555555556  0.1361111111   0.2685185185   0.2016666667   0.3462962963   0.0940688744   
498      I1         1.82212963     1.031481481    4.462962963    0.4274074074   0.6451851852   1.740833333    2.342592593    0.05555555556  0.1361111111   0.2685185185   0.2091666667   0.2962962963   0.09435542081  
499      I1         1.84337963     1.031481481    4.462962963    0.4274074074   0.6451851852   1.740833333    2.342592593    0.05555555556  0.1361111111   0.2685185185   0.2091666667   0.3462962963   0.08969728973  
500      I1         1.82212963     1.052731481    4.462962963    0.4274074074   0.6451851852   1.740833333    2.342592593    0.05555555556  0.1361111111   0.2685185185   0.2091666667   0.3462962963   0.0896328007   
501      I1         1.82212963     1.031481481    4.487962963    0.4274074074   0.6451851852   1.740833333    2.342592593    0.05555555556  0.1361111111   0.2685185185   0.2091666667   0.3462962963   0.08963159239  
502      I1         1.82212963     1.031481481    4.462962963    0.4396574074   0.6451851852   1.740833333    2.342592593    0.05555555556  0.1361111111   0.2685185185   0.2091666667   0.3462962963   0.08968314239  
503      I1         1.82212963     1.031481481    4.462962963    0.4274074074   0.6574351852   1.740833333    2.342592593    0.05555555556  0.1361111111   0.2685185185   0.2091666667   0.3462962963   0.08986937453  
504      I1         1.82212963     1.031481481    4.462962963    0.4274074074   0.6451851852   1.864583333    2.342592593    0.05555555556  0.1361111111   0.2685185185   0.2091666667   0.3462962963   0.08987176882  
505      I1         1.82212963     1.031481481    4.462962963    0.4274074074   0.6451851852   1.740833333    2.373842593    0.05555555556  0.1361111111   0.2685185185   0.2091666667   0.3462962963   0.08963321987  
506      I1         1.82212963     1.031481481    4.462962963    0.4274074074   0.6451851852   1.740833333    2.342592593    0.09305555556  0.1361111111   0.2685185185   0.2091666667   0.3462962963   0.08963731798  
507      I1         1.82212963     1.031481481    4.462962963    0.4274074074   0.6451851852   1.740833333    2.342592593    0.05555555556  0.1379861111   0.2685185185   0.2091666667   0.3462962963   0.08963321987  
508      I1         1.82212963     1.031481481    4.462962963    0.4274074074   0.6451851852   1.740833333    2.342592593    0.05555555556  0.1361111111   0.2747685185   0.2091666667   0.3462962963   0.09071040817  
509      I1         1.82212963     1.031481481    4.462962963    0.4274074074   0.6451851852   1.740833333    2.342592593    0.05555555556  0.1361111111   0.2685185185   0.2129166667   0.3462962963   0.09142871403  
510      I1         1.82212963     1.031481481    4.462962963    0.4274074074   0.6451851852   1.740833333    2.342592593    0.05555555556  0.1361111111   0.2685185185   0.2091666667   0.3712962963   0.09115933368  
511      I1         1.80087963     1.031481481    4.462962963    0.4274074074   0.6451851852   1.740833333    2.342592593    0.05555555556  0.1361111111   0.2685185185   0.2091666667   0.3462962963   0.09003181668  
512      I1         1.82212963     1.010231481    4.462962963    0.4274074074   0.6451851852   1.740833333    2.342592593    0.05555555556  0.1361111111   0.2685185185   0.2091666667   0.3462962963   0.08963455849  
513      I1         1.82212963     1.031481481    4.437962963    0.4274074074   0.6451851852   1.740833333    2.342592593    0.05555555556  0.1361111111   0.2685185185   0.2091666667   0.3462962963   0.08963494947  
514      I1         1.82212963     1.031481481    4.462962963    0.4151574074   0.6451851852   1.740833333    2.342592593    0.05555555556  0.1361111111   0.2685185185   0.2091666667   0.3462962963   0.08961162202  
515      I1         1.82212963     1.031481481    4.462962963    0.4274074074   0.6329351852   1.740833333    2.342592593    0.05555555556  0.1361111111   0.2685185185   0.2091666667   0.3462962963   0.08942664623  
516      I1         1.82212963     1.031481481    4.462962963    0.4274074074   0.6451851852   1.617083333    2.342592593    0.05555555556  0.1361111111   0.2685185185   0.2091666667   0.3462962963   0.08933134667  
517      I1         1.82212963     1.031481481    4.462962963    0.4274074074   0.6451851852   1.740833333    2.311342593    0.05555555556  0.1361111111   0.2685185185   0.2091666667   0.3462962963   0.08963321987  
518      I1         1.82212963     1.031481481    4.462962963    0.4274074074   0.6451851852   1.740833333    2.342592593    0.01805555556  0.1361111111   0.2685185185   0.2091666667   0.3462962963   0.08963114098  
519      I1         1.82212963     1.031481481    4.462962963    0.4274074074   0.6451851852   1.740833333    2.342592593    0.05555555556  0.1342361111   0.2685185185   0.2091666667   0.3462962963   0.08962660794  
520      I1         1.82212963     1.031481481    4.462962963    0.4274074074   0.6451851852   1.740833333    2.342592593    0.05555555556  0.1361111111   0.2622685185   0.2091666667   0.3462962963   0.09077037482  
521      I1         1.82212963     1.031481481    4.462962963    0.4274074074   0.6451851852   1.740833333    2.342592593    0.05555555556  0.1361111111   0.2685185185   0.2054166667   0.3462962963   0.09050773915  
522      I1         1.82212963     1.031481481    4.462962963    0.4274074074   0.6451851852   1.740833333    2.342592593    0.05555555556  0.1361111111   0.2685185185   0.2091666667   0.3212962963   0.09158249418  
523      I1         1.84337963     1.031481481    4.462962963    0.4274074074   0.6451851852   1.617083333    2.342592593    0.05555555556  0.1361111111   0.2685185185   0.2091666667   0.3462962963   0.08942920983  
524      I1         1.82212963     1.052731481    4.462962963    0.4274074074   0.6451851852   1.617083333    2.342592593    0.05555555556  0.1361111111   0.2685185185   0.2091666667   0.3462962963   0.08933329312  
525      I1         1.82212963     1.031481481    4.487962963    0.4274074074   0.6451851852   1.617083333    2.342592593    0.05555555556  0.1361111111   0.2685185185   0.2091666667   0.3462962963   0.0893296531   
526      I1         1.82212963     1.031481481    4.462962963    0.4396574074   0.6451851852   1.617083333    2.342592593    0.05555555556  0.1361111111   0.2685185185   0.2091666667   0.3462962963   0.08940013263  
527      I1         1.82212963     1.031481481    4.462962963    0.4274074074   0.6574351852   1.617083333    2.342592593    0.05555555556  0.1361111111   0.2685185185   0.2091666667   0.3462962963   0.08960749592  
528      I1         1.82212963     1.031481481    4.462962963    0.4274074074   0.6451851852   1.617083333    2.373842593    0.05555555556  0.1361111111   0.2685185185   0.2091666667   0.3462962963   0.08933134667  
529      I1         1.82212963     1.031481481    4.462962963    0.4274074074   0.6451851852   1.617083333    2.342592593    0.09305555556  0.1361111111   0.2685185185   0.2091666667   0.3462962963   0.08933848648  
530      I1         1.82212963     1.031481481    4.462962963    0.4274074074   0.6451851852   1.617083333    2.342592593    0.05555555556  0.1379861111   0.2685185185   0.2091666667   0.3462962963   0.08934066302  
531      I1         1.82212963     1.031481481    4.462962963    0.4274074074   0.6451851852   1.617083333    2.342592593    0.05555555556  0.1361111111   0.2747685185   0.2091666667   0.3462962963   0.09056175546  
532      I1         1.82212963     1.031481481    4.462962963    0.4274074074   0.6451851852   1.617083333    2.342592593    0.05555555556  0.1361111111   0.2685185185   0.2129166667   0.3462962963   0.09113140655  
533      I1         1.82212963     1.031481481    4.462962963    0.4274074074   0.6451851852   1.617083333    2.342592593    0.05555555556  0.1361111111   0.2685185185   0.2091666667   0.3712962963   0.0908727051   
534      I1         1.80087963     1.031481481    4.462962963    0.4274074074   0.6451851852   1.617083333    2.342592593    0.05555555556  0.1361111111   0.2685185185   0.2091666667   0.3462962963   0.08976731255  
535      I1         1.82212963     1.010231481    4.462962963    0.4274074074   0.6451851852   1.617083333    2.342592593    0.05555555556  0.1361111111   0.2685185185   0.2091666667   0.3462962963   0.08933194201  
536      I1         1.82212963     1.031481481    4.437962963    0.4274074074   0.6451851852   1.617083333    2.342592593    0.05555555556  0.1361111111   0.2685185185   0.2091666667   0.3462962963   0.08933314481  
537      I1         1.82212963     1.031481481    4.462962963    0.4151574074   0.6451851852   1.617083333    2.342592593    0.05555555556  0.1361111111   0.2685185185   0.2091666667   0.3462962963   0.08930215697  
538      I1         1.82212963     1.031481481    4.462962963    0.4274074074   0.6329351852   1.617083333    2.342592593    0.05555555556  0.1361111111   0.2685185185   0.2091666667   0.3462962963   0.08912026075  
539      I1         1.82212963     1.031481481    4.462962963    0.4274074074   0.6451851852   1.617083333    2.311342593    0.05555555556  0.1361111111   0.2685185185   0.2091666667   0.3462962963   0.08933134667  
540      I1         1.82212963     1.031481481    4.462962963    0.4274074074   0.6451851852   1.617083333    2.342592593    0.01805555556  0.1361111111   0.2685185185   0.2091666667   0.3462962963   0.08930648682  
541      I1         1.82212963     1.031481481    4.462962963    0.4274074074   0.6451851852   1.617083333    2.342592593    0.05555555556  0.1342361111   0.2685185185   0.2091666667   0.3462962963   0.08936745957  
542      I1         1.82212963     1.031481481    4.462962963    0.4274074074   0.6451851852   1.617083333    2.342592593    0.05555555556  0.1361111111   0.2622685185   0.2091666667   0.3462962963   0.09048717436  
543      I1         1.82212963     1.031481481    4.462962963    0.4274074074   0.6451851852   1.617083333    2.342592593    0.05555555556  0.1361111111   0.2685185185   0.2054166667   0.3462962963   0.09039560029  
544      I1         1.82212963     1.031481481    4.462962963    0.4274074074   0.6451851852   1.617083333    2.342592593    0.05555555556  0.1361111111   0.2685185185   0.2091666667   0.3212962963   0.09145725906  
545      I1         1.84337963     1.031481481    4.462962963    0.4274074074   0.6451851852   1.493333333    2.342592593    0.05555555556  0.1361111111   0.2685185185   0.2091666667   0.3462962963   0.08938096502  
546      I1         1.82212963     1.052731481    4.462962963    0.4274074074   0.6451851852   1.493333333    2.342592593    0.05555555556  0.1361111111   0.2685185185   0.2091666667   0.3462962963   0.08907837842  
547      I1         1.82212963     1.031481481    4.487962963    0.4274074074   0.6451851852   1.493333333    2.342592593    0.05555555556  0.1361111111   0.2685185185   0.2091666667   0.3462962963   0.08903974318  
548      I1         1.82212963     1.031481481    4.462962963    0.4396574074   0.6451851852   1.493333333    2.342592593    0.05555555556  0.1361111111   0.2685185185   0.2091666667   0.3462962963   0.08905959333  
549      I1         1.82212963     1.031481481    4.462962963    0.4274074074   0.6574351852   1.493333333    2.342592593    0.05555555556  0.1361111111   0.2685185185   0.2091666667   0.3462962963   0.08921676566  
550      I1         1.82212963     1.031481481    4.462962963    0.4274074074   0.6451851852   1.493333333    2.373842593    0.05555555556  0.1361111111   0.2685185185   0.2091666667   0.3462962963   0.08903948368  
551      I1         1.82212963     1.031481481    4.462962963    0.4274074074   0.6451851852   1.493333333    2.342592593    0.09305555556  0.1361111111   0.2685185185   0.2091666667   0.3462962963   0.08903313754  
552      I1         1.82212963     1.031481481    4.462962963    0.4274074074   0.6451851852   1.493333333    2.342592593    0.05555555556  0.1379861111   0.2685185185   0.2091666667   0.3462962963   0.08902870726  
553      I1         1.82212963     1.031481481    4.462962963    0.4274074074   0.6451851852   1.493333333    2.342592593    0.05555555556  0.1361111111   0.2747685185   0.2091666667   0.3462962963   0.09063117525  
554      I1         1.82212963     1.031481481    4.462962963    0.4274074074   0.6451851852   1.493333333    2.342592593    0.05555555556  0.1361111111   0.2685185185   0.2129166667   0.3462962963   0.09064349327  
555      I1         1.82212963     1.031481481    4.462962963    0.4274074074   0.6451851852   1.493333333    2.342592593    0.05555555556  0.1361111111   0.2685185185   0.2091666667   0.3712962963   0.09045209396  
556      I1         1.80087963     1.031481481    4.462962963    0.4274074074   0.6451851852   1.493333333    2.342592593    0.05555555556  0.1361111111   0.2685185185   0.2091666667   0.3462962963   0.08938862136  
557      I1         1.82212963     1.010231481    4.462962963    0.4274074074   0.6451851852   1.493333333    2.342592593    0.05555555556  0.1361111111   0.2685185185   0.2091666667   0.3462962963   0.08900769619  
558      I1         1.82212963     1.031481481    4.437962963    0.4274074074   0.6451851852   1.493333333    2.342592593    0.05555555556  0.1361111111   0.2685185185   0.2091666667   0.3462962963   0.08903921639  
559      I1         1.82212963     1.031481481    4.462962963    0.4151574074   0.6451851852   1.493333333    2.342592593    0.05555555556  0.1361111111   0.2685185185   0.2091666667   0.3462962963   0.08904409799  
560      I1         1.82212963     1.031481481    4.462962963    0.4274074074   0.6329351852   1.493333333    2.342592593    0.05555555556  0.1361111111   0.2685185185   0.2091666667   0.3462962963   0.08914065496  
561      I1         1.82212963     1.031481481    4.462962963    0.4274074074   0.6451851852   1.369583333    2.342592593    0.05555555556  0.1361111111   0.2685185185   0.2091666667   0.3462962963   0.08903760341  
562      I1         1.82212963     1.031481481    4.462962963    0.4274074074   0.6451851852   1.493333333    2.311342593    0.05555555556  0.1361111111   0.2685185185   0.2091666667   0.3462962963   0.08903948368  
563      I1         1.82212963     1.031481481    4.462962963    0.4274074074   0.6451851852   1.493333333    2.342592593    0.01805555556  0.1361111111   0.2685185185   0.2091666667   0.3462962963   0.08902094359  
564      I1         1.82212963     1.031481481    4.462962963    0.4274074074   0.6451851852   1.493333333    2.342592593    0.05555555556  0.1342361111   0.2685185185   0.2091666667   0.3462962963   0.08901720387  
565      I1         1.82212963     1.031481481    4.462962963    0.4274074074   0.6451851852   1.493333333    2.342592593    0.05555555556  0.1361111111   0.2622685185   0.2091666667   0.3462962963   0.09005467056  
566      I1         1.82212963     1.031481481    4.462962963    0.4274074074   0.6451851852   1.493333333    2.342592593    0.05555555556  0.1361111111   0.2685185185   0.2054166667   0.3462962963   0.09050320314  
567      I1         1.82212963     1.031481481    4.462962963    0.4274074074   0.6451851852   1.493333333    2.342592593    0.05555555556  0.1361111111   0.2685185185   0.2091666667   0.3212962963   0.09148317962  
568      I1         1.83275463     1.031481481    4.462962963    0.4274074074   0.6451851852   1.493333333    2.342592593    0.05555555556  0.1361111111   0.2685185185   0.2091666667   0.3462962963   0.08911739267  
569      I1         1.82212963     1.042106481    4.462962963    0.4274074074   0.6451851852   1.493333333    2.342592593    0.05555555556  0.1361111111   0.2685185185   0.2091666667   0.3462962963   0.08905775625  
570      I1         1.82212963     1.031481481    4.475462963    0.4274074074   0.6451851852   1.493333333    2.342592593    0.05555555556  0.1361111111   0.2685185185   0.2091666667   0.3462962963   0.08903961433  
571      I1         1.82212963     1.031481481    4.462962963    0.4335324074   0.6451851852   1.493333333    2.342592593    0.05555555556  0.1361111111   0.2685185185   0.2091666667   0.3462962963   0.08904860489  
572      I1         1.82212963     1.031481481    4.462962963    0.4274074074   0.6513101852   1.493333333    2.342592593    0.05555555556  0.1361111111   0.2685185185   0.2091666667   0.3462962963   0.08906666513  
573      I1         1.82212963     1.031481481    4.462962963    0.4274074074   0.6451851852   1.555208333    2.342592593    0.05555555556  0.1361111111   0.2685185185   0.2091666667   0.3462962963   0.08920586145  
574      I1         1.82212963     1.031481481    4.462962963    0.4274074074   0.6451851852   1.493333333    2.358217593    0.05555555556  0.1361111111   0.2685185185   0.2091666667   0.3462962963   0.08903948368  
575      I1         1.82212963     1.031481481    4.462962963    0.4274074074   0.6451851852   1.493333333    2.342592593    0.07430555556  0.1361111111   0.2685185185   0.2091666667   0.3462962963   0.08904281527  
576      I1         1.82212963     1.031481481    4.462962963    0.4274074074   0.6451851852   1.493333333    2.342592593    0.05555555556  0.1370486111   0.2685185185   0.2091666667   0.3462962963   0.08902870726  
577      I1         1.82212963     1.031481481    4.462962963    0.4274074074   0.6451851852   1.493333333    2.342592593    0.05555555556  0.1361111111   0.2716435185   0.2091666667   0.3462962963   0.08977231395  
578      I1         1.82212963     1.031481481    4.462962963    0.4274074074   0.6451851852   1.493333333    2.342592593    0.05555555556  0.1361111111   0.2685185185   0.2110416667   0.3462962963   0.08950021752  
579      I1         1.82212963     1.031481481    4.462962963    0.4274074074   0.6451851852   1.493333333    2.342592593    0.05555555556  0.1361111111   0.2685185185   0.2091666667   0.3587962963   0.089648094    
580      I1         1.81150463     1.031481481    4.462962963    0.4274074074   0.6451851852   1.493333333    2.342592593    0.05555555556  0.1361111111   0.2685185185   0.2091666667   0.3462962963   0.08912978474  
581      I1         1.82212963     1.020856481    4.462962963    0.4274074074   0.6451851852   1.493333333    2.342592593    0.05555555556  0.1361111111   0.2685185185   0.2091666667   0.3462962963   0.089022797    
582      I1         1.82212963     1.031481481    4.450462963    0.4274074074   0.6451851852   1.493333333    2.342592593    0.05555555556  0.1361111111   0.2685185185   0.2091666667   0.3462962963   0.08903935092  
583      I1         1.82212963     1.031481481    4.462962963    0.4212824074   0.6451851852   1.493333333    2.342592593    0.05555555556  0.1361111111   0.2685185185   0.2091666667   0.3462962963   0.08903187858  
584      I1         1.82212963     1.031481481    4.462962963    0.4274074074   0.6390601852   1.493333333    2.342592593    0.05555555556  0.1361111111   0.2685185185   0.2091666667   0.3462962963   0.08907485901  
585      I1         1.82212963     1.031481481    4.462962963    0.4274074074   0.6451851852   1.431458333    2.342592593    0.05555555556  0.1361111111   0.2685185185   0.2091666667   0.3462962963   0.08901312873  
586      I1         1.82212963     1.031481481    4.462962963    0.4274074074   0.6451851852   1.493333333    2.326967593    0.05555555556  0.1361111111   0.2685185185   0.2091666667   0.3462962963   0.08903948368  
587      I1         1.82212963     1.031481481    4.462962963    0.4274074074   0.6451851852   1.493333333    2.342592593    0.03680555556  0.1361111111   0.2685185185   0.2091666667   0.3462962963   0.08904353064  
588      I1         1.82212963     1.031481481    4.462962963    0.4274074074   0.6451851852   1.493333333    2.342592593    0.05555555556  0.1351736111   0.2685185185   0.2091666667   0.3462962963   0.0890131535   
589      I1         1.82212963     1.031481481    4.462962963    0.4274074074   0.6451851852   1.493333333    2.342592593    0.05555555556  0.1361111111   0.2653935185   0.2091666667   0.3462962963   0.08941160625  
590      I1         1.82212963     1.031481481    4.462962963    0.4274074074   0.6451851852   1.493333333    2.342592593    0.05555555556  0.1361111111   0.2685185185   0.2072916667   0.3462962963   0.08946226486  
591      I1         1.82212963     1.031481481    4.462962963    0.4274074074   0.6451851852   1.493333333    2.342592593    0.05555555556  0.1361111111   0.2685185185   0.2091666667   0.3337962963   0.09022377495  
592      I1         1.82744213     1.031481481    4.462962963    0.4274074074   0.6451851852   1.493333333    2.342592593    0.05555555556  0.1361111111   0.2685185185   0.2091666667   0.3462962963   0.08904840002  
593      I1         1.82212963     1.036793981    4.462962963    0.4274074074   0.6451851852   1.493333333    2.342592593    0.05555555556  0.1361111111   0.2685185185   0.2091666667   0.3462962963   0.08904830991  
594      I1         1.82212963     1.031481481    4.469212963    0.4274074074   0.6451851852   1.493333333    2.342592593    0.05555555556  0.1361111111   0.2685185185   0.2091666667   0.3462962963   0.08903954926  
595      I1         1.82212963     1.031481481    4.462962963    0.4304699074   0.6451851852   1.493333333    2.342592593    0.05555555556  0.1361111111   0.2685185185   0.2091666667   0.3462962963   0.08904661811  
596      I1         1.82212963     1.031481481    4.462962963    0.4274074074   0.6482476852   1.493333333    2.342592593    0.05555555556  0.1361111111   0.2685185185   0.2091666667   0.3462962963   0.08902606054  
597      I1         1.82212963     1.031481481    4.462962963    0.4274074074   0.6451851852   1.524270833    2.342592593    0.05555555556  0.1361111111   0.2685185185   0.2091666667   0.3462962963   0.0890570961   
598      I1         1.82212963     1.031481481    4.462962963    0.4274074074   0.6451851852   1.493333333    2.350405093    0.05555555556  0.1361111111   0.2685185185   0.2091666667   0.3462962963   0.08903948368  
599      I1         1.82212963     1.031481481    4.462962963    0.4274074074   0.6451851852   1.493333333    2.342592593    0.06493055556  0.1361111111   0.2685185185   0.2091666667   0.3462962963   0.08903948368  
600      I1         1.82212963     1.031481481    4.462962963    0.4274074074   0.6451851852   1.493333333    2.342592593    0.05555555556  0.1365798611   0.2685185185   0.2091666667   0.3462962963   0.08902870726  
601      I1         1.82212963     1.031481481    4.462962963    0.4274074074   0.6451851852   1.493333333    2.342592593    0.05555555556  0.1361111111   0.2700810185   0.2091666667   0.3462962963   0.08938313875  
602      I1         1.82212963     1.031481481    4.462962963    0.4274074074   0.6451851852   1.493333333    2.342592593    0.05555555556  0.1361111111   0.2685185185   0.2101041667   0.3462962963   0.08913519446  
603      I1         1.82212963     1.031481481    4.462962963    0.4274074074   0.6451851852   1.493333333    2.342592593    0.05555555556  0.1361111111   0.2685185185   0.2091666667   0.3525462963   0.08928044299  
604      I1         1.81681713     1.031481481    4.462962963    0.4274074074   0.6451851852   1.493333333    2.342592593    0.05555555556  0.1361111111   0.2685185185   0.2091666667   0.3462962963   0.08907145136  
605      I1         1.82212963     1.026168981    4.462962963    0.4274074074   0.6451851852   1.493333333    2.342592593    0.05555555556  0.1361111111   0.2685185185   0.2091666667   0.3462962963   0.0890310656   
606      I1         1.82212963     1.031481481    4.456712963    0.4274074074   0.6451851852   1.493333333    2.342592593    0.05555555556  0.1361111111   0.2685185185   0.2091666667   0.3462962963   0.08903941761  
607      I1         1.82212963     1.031481481    4.462962963    0.4243449074   0.6451851852   1.493333333    2.342592593    0.05555555556  0.1361111111   0.2685185185   0.2091666667   0.3462962963   0.08903374169  
608      I1         1.82212963     1.031481481    4.462962963    0.4274074074   0.6421226852   1.493333333    2.342592593    0.05555555556  0.1361111111   0.2685185185   0.2091666667   0.3462962963   0.08905222208  
609      I1         1.82212963     1.031481481    4.462962963    0.4274074074   0.6451851852   1.462395833    2.342592593    0.05555555556  0.1361111111   0.2685185185   0.2091666667   0.3462962963   0.08902417564  
610      I1         1.82212963     1.031481481    4.462962963    0.4274074074   0.6451851852   1.493333333    2.334780093    0.05555555556  0.1361111111   0.2685185185   0.2091666667   0.3462962963   0.08903948368  
611      I1         1.82212963     1.031481481    4.462962963    0.4274074074   0.6451851852   1.493333333    2.342592593    0.04618055556  0.1361111111   0.2685185185   0.2091666667   0.3462962963   0.08904353064  
612      I1         1.82212963     1.031481481    4.462962963    0.4274074074   0.6451851852   1.493333333    2.342592593    0.05555555556  0.1356423611   0.2685185185   0.2091666667   0.3462962963   0.0890131535   
613      I1         1.82212963     1.031481481    4.462962963    0.4274074074   0.6451851852   1.493333333    2.342592593    0.05555555556  0.1361111111   0.2669560185   0.2091666667   0.3462962963   0.0891276931   
614      I1         1.82212963     1.031481481    4.462962963    0.4274074074   0.6451851852   1.493333333    2.342592593    0.05555555556  0.1361111111   0.2685185185   0.2082291667   0.3462962963   0.08917139086  
615      I1         1.82212963     1.031481481    4.462962963    0.4274074074   0.6451851852   1.493333333    2.342592593    0.05555555556  0.1361111111   0.2685185185   0.2091666667   0.3400462963   0.0896221706   
616      I1         1.82744213     1.031481481    4.462962963    0.4274074074   0.6451851852   1.493333333    2.342592593    0.05555555556  0.1356423611   0.2685185185   0.2091666667   0.3462962963   0.08902097916  
617      I1         1.82212963     1.036793981    4.462962963    0.4274074074   0.6451851852   1.493333333    2.342592593    0.05555555556  0.1356423611   0.2685185185   0.2091666667   0.3462962963   0.08902174805  
618      I1         1.82212963     1.031481481    4.469212963    0.4274074074   0.6451851852   1.493333333    2.342592593    0.05555555556  0.1356423611   0.2685185185   0.2091666667   0.3462962963   0.08901321725  
619      I1         1.82212963     1.031481481    4.462962963    0.4304699074   0.6451851852   1.493333333    2.342592593    0.05555555556  0.1356423611   0.2685185185   0.2091666667   0.3462962963   0.08902085927  
620      I1         1.82212963     1.031481481    4.462962963    0.4274074074   0.6482476852   1.493333333    2.342592593    0.05555555556  0.1356423611   0.2685185185   0.2091666667   0.3462962963   0.08904445827  
621      I1         1.82212963     1.031481481    4.462962963    0.4274074074   0.6451851852   1.524270833    2.342592593    0.05555555556  0.1356423611   0.2685185185   0.2091666667   0.3462962963   0.08906779254  
622      I1         1.82212963     1.031481481    4.462962963    0.4274074074   0.6451851852   1.493333333    2.350405093    0.05555555556  0.1356423611   0.2685185185   0.2091666667   0.3462962963   0.0890131535   
623      I1         1.82212963     1.031481481    4.462962963    0.4274074074   0.6451851852   1.493333333    2.342592593    0.06493055556  0.1356423611   0.2685185185   0.2091666667   0.3462962963   0.0890131535   
624      I1         1.82212963     1.031481481    4.462962963    0.4274074074   0.6451851852   1.493333333    2.342592593    0.05555555556  0.1356423611   0.2700810185   0.2091666667   0.3462962963   0.08935939008  
625      I1         1.82212963     1.031481481    4.462962963    0.4274074074   0.6451851852   1.493333333    2.342592593    0.05555555556  0.1356423611   0.2685185185   0.2101041667   0.3462962963   0.08918190999  
626      I1         1.82212963     1.031481481    4.462962963    0.4274074074   0.6451851852   1.493333333    2.342592593    0.05555555556  0.1356423611   0.2685185185   0.2091666667   0.3525462963   0.08932303128  
627      I1         1.81681713     1.031481481    4.462962963    0.4274074074   0.6451851852   1.493333333    2.342592593    0.05555555556  0.1356423611   0.2685185185   0.2091666667   0.3462962963   0.08905881377  
628      I1         1.82212963     1.026168981    4.462962963    0.4274074074   0.6451851852   1.493333333    2.342592593    0.05555555556  0.1356423611   0.2685185185   0.2091666667   0.3462962963   0.08900496593  
629      I1         1.82212963     1.031481481    4.456712963    0.4274074074   0.6451851852   1.493333333    2.342592593    0.05555555556  0.1356423611   0.2685185185   0.2091666667   0.3462962963   0.0890130893   
630      I1         1.82212963     1.031481481    4.462962963    0.4243449074   0.6451851852   1.493333333    2.342592593    0.05555555556  0.1356423611   0.2685185185   0.2091666667   0.3462962963   0.08900683986  
631      I1         1.82212963     1.031481481    4.462962963    0.4274074074   0.6421226852   1.493333333    2.342592593    0.05555555556  0.1356423611   0.2685185185   0.2091666667   0.3462962963   0.08902542752  
632      I1         1.82212963     1.031481481    4.462962963    0.4274074074   0.6451851852   1.462395833    2.342592593    0.05555555556  0.1356423611   0.2685185185   0.2091666667   0.3462962963   0.08902417564  
633      I1         1.82212963     1.031481481    4.462962963    0.4274074074   0.6451851852   1.493333333    2.334780093    0.05555555556  0.1356423611   0.2685185185   0.2091666667   0.3462962963   0.0890131535   
634      I1         1.82212963     1.031481481    4.462962963    0.4274074074   0.6451851852   1.493333333    2.342592593    0.04618055556  0.1356423611   0.2685185185   0.2091666667   0.3462962963   0.08901720387  
635      I1         1.82212963     1.031481481    4.462962963    0.4274074074   0.6451851852   1.493333333    2.342592593    0.05555555556  0.1351736111   0.2685185185   0.2091666667   0.3462962963   0.0890131535   
636      I1         1.82212963     1.031481481    4.462962963    0.4274074074   0.6451851852   1.493333333    2.342592593    0.05555555556  0.1356423611   0.2669560185   0.2091666667   0.3462962963   0.08917514725  
637      I1         1.82212963     1.031481481    4.462962963    0.4274074074   0.6451851852   1.493333333    2.342592593    0.05555555556  0.1356423611   0.2685185185   0.2082291667   0.3462962963   0.08914727529  
638      I1         1.82212963     1.031481481    4.462962963    0.4274074074   0.6451851852   1.493333333    2.342592593    0.05555555556  0.1356423611   0.2685185185   0.2091666667   0.3400462963   0.08959713286  
639      I1         1.82478588     1.031481481    4.462962963    0.4274074074   0.6451851852   1.493333333    2.342592593    0.05555555556  0.1356423611   0.2685185185   0.2091666667   0.3462962963   0.08900919628  
640      I1         1.82212963     1.034137731    4.462962963    0.4274074074   0.6451851852   1.493333333    2.342592593    0.05555555556  0.1356423611   0.2685185185   0.2091666667   0.3462962963   0.08901738254  
641      I1         1.82212963     1.031481481    4.466087963    0.4274074074   0.6451851852   1.493333333    2.342592593    0.05555555556  0.1356423611   0.2685185185   0.2091666667   0.3462962963   0.08901318545  
642      I1         1.82212963     1.031481481    4.462962963    0.4289386574   0.6451851852   1.493333333    2.342592593    0.05555555556  0.1356423611   0.2685185185   0.2091666667   0.3462962963   0.08901760637  
643      I1         1.82212963     1.031481481    4.462962963    0.4274074074   0.6467164352   1.493333333    2.342592593    0.05555555556  0.1356423611   0.2685185185   0.2091666667   0.3462962963   0.08900938088  
644      I1         1.82212963     1.031481481    4.462962963    0.4274074074   0.6451851852   1.508802083    2.342592593    0.05555555556  0.1356423611   0.2685185185   0.2091666667   0.3462962963   0.08905214332  
645      I1         1.82212963     1.031481481    4.462962963    0.4274074074   0.6451851852   1.493333333    2.346498843    0.05555555556  0.1356423611   0.2685185185   0.2091666667   0.3462962963   0.0890131535   
646      I1         1.82212963     1.031481481    4.462962963    0.4274074074   0.6451851852   1.493333333    2.342592593    0.06024305556  0.1356423611   0.2685185185   0.2091666667   0.3462962963   0.0890131535   
647      I1         1.82212963     1.031481481    4.462962963    0.4274074074   0.6451851852   1.493333333    2.342592593    0.05555555556  0.1358767361   0.2685185185   0.2091666667   0.3462962963   0.0890131535   
648      I1         1.82212963     1.031481481    4.462962963    0.4274074074   0.6451851852   1.493333333    2.342592593    0.05555555556  0.1356423611   0.2692997685   0.2091666667   0.3462962963   0.08918365484  
649      I1         1.82212963     1.031481481    4.462962963    0.4274074074   0.6451851852   1.493333333    2.342592593    0.05555555556  0.1356423611   0.2685185185   0.2096354167   0.3462962963   0.08905686391  
650      I1         1.82212963     1.031481481    4.462962963    0.4274074074   0.6451851852   1.493333333    2.342592593    0.05555555556  0.1356423611   0.2685185185   0.2091666667   0.3494212963   0.08914462238  
651      I1         1.81947338     1.031481481    4.462962963    0.4274074074   0.6451851852   1.493333333    2.342592593    0.05555555556  0.1356423611   0.2685185185   0.2091666667   0.3462962963   0.0890270595   
652      I1         1.82212963     1.028825231    4.462962963    0.4274074074   0.6451851852   1.493333333    2.342592593    0.05555555556  0.1356423611   0.2685185185   0.2091666667   0.3462962963   0.0890090497   
653      I1         1.82212963     1.031481481    4.459837963    0.4274074074   0.6451851852   1.493333333    2.342592593    0.05555555556  0.1356423611   0.2685185185   0.2091666667   0.3462962963   0.08901312145  
654      I1         1.82212963     1.031481481    4.462962963    0.4258761574   0.6451851852   1.493333333    2.342592593    0.05555555556  0.1356423611   0.2685185185   0.2091666667   0.3462962963   0.08900955836  
655      I1         1.82212963     1.031481481    4.462962963    0.4274074074   0.6436539352   1.493333333    2.342592593    0.05555555556  0.1356423611   0.2685185185   0.2091666667   0.3462962963   0.08901845927  
656      I1         1.82212963     1.031481481    4.462962963    0.4274074074   0.6451851852   1.477864583    2.342592593    0.05555555556  0.1356423611   0.2685185185   0.2091666667   0.3462962963   0.08902549251  
657      I1         1.82212963     1.031481481    4.462962963    0.4274074074   0.6451851852   1.493333333    2.338686343    0.05555555556  0.1356423611   0.2685185185   0.2091666667   0.3462962963   0.0890131535   
658      I1         1.82212963     1.031481481    4.462962963    0.4274074074   0.6451851852   1.493333333    2.342592593    0.05086805556  0.1356423611   0.2685185185   0.2091666667   0.3462962963   0.08901720387  
659      I1         1.82212963     1.031481481    4.462962963    0.4274074074   0.6451851852   1.493333333    2.342592593    0.05555555556  0.1354079861   0.2685185185   0.2091666667   0.3462962963   0.0890131535   
660      I1         1.82212963     1.031481481    4.462962963    0.4274074074   0.6451851852   1.493333333    2.342592593    0.05555555556  0.1356423611   0.2677372685   0.2091666667   0.3462962963   0.0890656774   
661      I1         1.82212963     1.031481481    4.462962963    0.4274074074   0.6451851852   1.493333333    2.342592593    0.05555555556  0.1356423611   0.2685185185   0.2086979167   0.3462962963   0.08906031598  
662      I1         1.82212963     1.031481481    4.462962963    0.4274074074   0.6451851852   1.493333333    2.342592593    0.05555555556  0.1356423611   0.2685185185   0.2091666667   0.3431712963   0.08930160246  
663      I1         1.82478588     1.028825231    4.462962963    0.4274074074   0.6451851852   1.493333333    2.342592593    0.05555555556  0.1356423611   0.2685185185   0.2091666667   0.3462962963   0.08900401832  
664      I1         1.82212963     1.028825231    4.466087963    0.4274074074   0.6451851852   1.493333333    2.342592593    0.05555555556  0.1356423611   0.2685185185   0.2091666667   0.3462962963   0.08900908024  
665      I1         1.82212963     1.028825231    4.462962963    0.4289386574   0.6451851852   1.493333333    2.342592593    0.05555555556  0.1356423611   0.2685185185   0.2091666667   0.3462962963   0.08901348038  
666      I1         1.82212963     1.028825231    4.462962963    0.4274074074   0.6467164352   1.493333333    2.342592593    0.05555555556  0.1356423611   0.2685185185   0.2091666667   0.3462962963   0.08901049352  
667      I1         1.82212963     1.028825231    4.462962963    0.4274074074   0.6451851852   1.508802083    2.342592593    0.05555555556  0.1356423611   0.2685185185   0.2091666667   0.3462962963   0.0890479832   
668      I1         1.82212963     1.028825231    4.462962963    0.4274074074   0.6451851852   1.493333333    2.346498843    0.05555555556  0.1356423611   0.2685185185   0.2091666667   0.3462962963   0.0890090497   
669      I1         1.82212963     1.028825231    4.462962963    0.4274074074   0.6451851852   1.493333333    2.342592593    0.06024305556  0.1356423611   0.2685185185   0.2091666667   0.3462962963   0.0890090497   
670      I1         1.82212963     1.028825231    4.462962963    0.4274074074   0.6451851852   1.493333333    2.342592593    0.05555555556  0.1358767361   0.2685185185   0.2091666667   0.3462962963   0.0890090497   
671      I1         1.82212963     1.028825231    4.462962963    0.4274074074   0.6451851852   1.493333333    2.342592593    0.05555555556  0.1356423611   0.2692997685   0.2091666667   0.3462962963   0.08917955928  
672      I1         1.82212963     1.028825231    4.462962963    0.4274074074   0.6451851852   1.493333333    2.342592593    0.05555555556  0.1356423611   0.2685185185   0.2096354167   0.3462962963   0.08905618085  
673      I1         1.82212963     1.028825231    4.462962963    0.4274074074   0.6451851852   1.493333333    2.342592593    0.05555555556  0.1356423611   0.2685185185   0.2091666667   0.3494212963   0.08914479896  
674      I1         1.81947338     1.028825231    4.462962963    0.4274074074   0.6451851852   1.493333333    2.342592593    0.05555555556  0.1356423611   0.2685185185   0.2091666667   0.3462962963   0.08902313387  
675      I1         1.82212963     1.028825231    4.459837963    0.4274074074   0.6451851852   1.493333333    2.342592593    0.05555555556  0.1356423611   0.2685185185   0.2091666667   0.3462962963   0.08900901905  
676      I1         1.82212963     1.028825231    4.462962963    0.4258761574   0.6451851852   1.493333333    2.342592593    0.05555555556  0.1356423611   0.2685185185   0.2091666667   0.3462962963   0.08900518384  
677      I1         1.82212963     1.028825231    4.462962963    0.4274074074   0.6436539352   1.493333333    2.342592593    0.05555555556  0.1356423611   0.2685185185   0.2091666667   0.3462962963   0.08901406073  
678      I1         1.82212963     1.028825231    4.462962963    0.4274074074   0.6451851852   1.477864583    2.342592593    0.05555555556  0.1356423611   0.2685185185   0.2091666667   0.3462962963   0.08902136531  
679      I1         1.82212963     1.028825231    4.462962963    0.4274074074   0.6451851852   1.493333333    2.338686343    0.05555555556  0.1356423611   0.2685185185   0.2091666667   0.3462962963   0.0890090497   
680      I1         1.82212963     1.028825231    4.462962963    0.4274074074   0.6451851852   1.493333333    2.342592593    0.05086805556  0.1356423611   0.2685185185   0.2091666667   0.3462962963   0.0890131164   
681      I1         1.82212963     1.028825231    4.462962963    0.4274074074   0.6451851852   1.493333333    2.342592593    0.05555555556  0.1354079861   0.2685185185   0.2091666667   0.3462962963   0.0890090497   
682      I1         1.82212963     1.028825231    4.462962963    0.4274074074   0.6451851852   1.493333333    2.342592593    0.05555555556  0.1356423611   0.2677372685   0.2091666667   0.3462962963   0.08906518709  
683      I1         1.82212963     1.028825231    4.462962963    0.4274074074   0.6451851852   1.493333333    2.342592593    0.05555555556  0.1356423611   0.2685185185   0.2086979167   0.3462962963   0.0890576226   
684      I1         1.82212963     1.028825231    4.462962963    0.4274074074   0.6451851852   1.493333333    2.342592593    0.05555555556  0.1356423611   0.2685185185   0.2091666667   0.3431712963   0.0892978153   
685      I1         1.82744213     1.028825231    4.462962963    0.4274074074   0.6451851852   1.493333333    2.342592593    0.05555555556  0.1356423611   0.2685185185   0.2091666667   0.3462962963   0.08901464293  
686      I1         1.82478588     1.028825231    4.466087963    0.4274074074   0.6451851852   1.493333333    2.342592593    0.05555555556  0.1356423611   0.2685185185   0.2091666667   0.3462962963   0.08900407088  
687      I1         1.82478588     1.028825231    4.462962963    0.4289386574   0.6451851852   1.493333333    2.342592593    0.05555555556  0.1356423611   0.2685185185   0.2091666667   0.3462962963   0.0890055271   
688      I1         1.82478588     1.028825231    4.462962963    0.4274074074   0.6467164352   1.493333333    2.342592593    0.05555555556  0.1356423611   0.2685185185   0.2091666667   0.3462962963   0.08899655684  
689      I1         1.82478588     1.028825231    4.462962963    0.4274074074   0.6451851852   1.508802083    2.342592593    0.05555555556  0.1356423611   0.2685185185   0.2091666667   0.3462962963   0.08904182379  
690      I1         1.82478588     1.028825231    4.462962963    0.4274074074   0.6451851852   1.493333333    2.346498843    0.05555555556  0.1356423611   0.2685185185   0.2091666667   0.3462962963   0.08900401832  
691      I1         1.82478588     1.028825231    4.462962963    0.4274074074   0.6451851852   1.493333333    2.342592593    0.06024305556  0.1356423611   0.2685185185   0.2091666667   0.3462962963   0.08900401832  
692      I1         1.82478588     1.028825231    4.462962963    0.4274074074   0.6451851852   1.493333333    2.342592593    0.05555555556  0.1358767361   0.2685185185   0.2091666667   0.3462962963   0.08900401832  
693      I1         1.82478588     1.028825231    4.462962963    0.4274074074   0.6451851852   1.493333333    2.342592593    0.05555555556  0.1356423611   0.2692997685   0.2091666667   0.3462962963   0.08916893674  
694      I1         1.82478588     1.028825231    4.462962963    0.4274074074   0.6451851852   1.493333333    2.342592593    0.05555555556  0.1356423611   0.2685185185   0.2096354167   0.3462962963   0.08904143163  
695      I1         1.82478588     1.028825231    4.462962963    0.4274074074   0.6451851852   1.493333333    2.342592593    0.05555555556  0.1356423611   0.2685185185   0.2091666667   0.3494212963   0.08911968152  
696      I1         1.82478588     1.026168981    4.462962963    0.4274074074   0.6451851852   1.493333333    2.342592593    0.05555555556  0.1356423611   0.2685185185   0.2091666667   0.3462962963   0.08899898989  
697      I1         1.82478588     1.028825231    4.459837963    0.4274074074   0.6451851852   1.493333333    2.342592593    0.05555555556  0.1356423611   0.2685185185   0.2091666667   0.3462962963   0.0890039655   
698      I1         1.82478588     1.028825231    4.462962963    0.4258761574   0.6451851852   1.493333333    2.342592593    0.05555555556  0.1356423611   0.2685185185   0.2091666667   0.3462962963   0.08900337628  
699      I1         1.82478588     1.028825231    4.462962963    0.4274074074   0.6436539352   1.493333333    2.342592593    0.05555555556  0.1356423611   0.2685185185   0.2091666667   0.3462962963   0.0890134549   
700      I1         1.82478588     1.028825231    4.462962963    0.4274074074   0.6451851852   1.477864583    2.342592593    0.05555555556  0.1356423611   0.2685185185   0.2091666667   0.3462962963   0.08901653657  
701      I1         1.82478588     1.028825231    4.462962963    0.4274074074   0.6451851852   1.493333333    2.338686343    0.05555555556  0.1356423611   0.2685185185   0.2091666667   0.3462962963   0.08900401832  
702      I1         1.82478588     1.028825231    4.462962963    0.4274074074   0.6451851852   1.493333333    2.342592593    0.05086805556  0.1356423611   0.2685185185   0.2091666667   0.3462962963   0.08900804864  
703      I1         1.82478588     1.028825231    4.462962963    0.4274074074   0.6451851852   1.493333333    2.342592593    0.05555555556  0.1354079861   0.2685185185   0.2091666667   0.3462962963   0.08900401832  
704      I1         1.82478588     1.028825231    4.462962963    0.4274074074   0.6451851852   1.493333333    2.342592593    0.05555555556  0.1356423611   0.2677372685   0.2091666667   0.3462962963   0.08904705145  
705      I1         1.82478588     1.028825231    4.462962963    0.4274074074   0.6451851852   1.493333333    2.342592593    0.05555555556  0.1356423611   0.2685185185   0.2086979167   0.3462962963   0.08903622034  
706      I1         1.82478588     1.028825231    4.462962963    0.4274074074   0.6451851852   1.493333333    2.342592593    0.05555555556  0.1356423611   0.2685185185   0.2091666667   0.3431712963   0.08928837575  
707      I1         1.82744213     1.028825231    4.462962963    0.4274074074   0.6467164352   1.493333333    2.342592593    0.05555555556  0.1356423611   0.2685185185   0.2091666667   0.3462962963   0.08900116534  
708      I1         1.82478588     1.031481481    4.462962963    0.4274074074   0.6467164352   1.493333333    2.342592593    0.05555555556  0.1356423611   0.2685185185   0.2091666667   0.3462962963   0.08900143348  
709      I1         1.82478588     1.028825231    4.466087963    0.4274074074   0.6467164352   1.493333333    2.342592593    0.05555555556  0.1356423611   0.2685185185   0.2091666667   0.3462962963   0.0889965986   
710      I1         1.82478588     1.028825231    4.462962963    0.4289386574   0.6467164352   1.493333333    2.342592593    0.05555555556  0.1356423611   0.2685185185   0.2091666667   0.3462962963   0.08899923997  
711      I1         1.82478588     1.028825231    4.462962963    0.4274074074   0.6482476852   1.493333333    2.342592593    0.05555555556  0.1356423611   0.2685185185   0.2091666667   0.3462962963   0.08901204935  
712      I1         1.82478588     1.028825231    4.462962963    0.4274074074   0.6467164352   1.508802083    2.342592593    0.05555555556  0.1356423611   0.2685185185   0.2091666667   0.3462962963   0.08903451057  
713      I1         1.82478588     1.028825231    4.462962963    0.4274074074   0.6467164352   1.493333333    2.346498843    0.05555555556  0.1356423611   0.2685185185   0.2091666667   0.3462962963   0.08899655684  
714      I1         1.82478588     1.028825231    4.462962963    0.4274074074   0.6467164352   1.493333333    2.342592593    0.06024305556  0.1356423611   0.2685185185   0.2091666667   0.3462962963   0.08899655684  
715      I1         1.82478588     1.028825231    4.462962963    0.4274074074   0.6467164352   1.493333333    2.342592593    0.05555555556  0.1358767361   0.2685185185   0.2091666667   0.3462962963   0.08899655684  
716      I1         1.82478588     1.028825231    4.462962963    0.4274074074   0.6467164352   1.493333333    2.342592593    0.05555555556  0.1356423611   0.2692997685   0.2091666667   0.3462962963   0.08916202827  
717      I1         1.82478588     1.028825231    4.462962963    0.4274074074   0.6467164352   1.493333333    2.342592593    0.05555555556  0.1356423611   0.2685185185   0.2096354167   0.3462962963   0.08907228699  
718      I1         1.82478588     1.028825231    4.462962963    0.4274074074   0.6467164352   1.493333333    2.342592593    0.05555555556  0.1356423611   0.2685185185   0.2091666667   0.3494212963   0.08915353114  
719      I1         1.82478588     1.026168981    4.462962963    0.4274074074   0.6467164352   1.493333333    2.342592593    0.05555555556  0.1356423611   0.2685185185   0.2091666667   0.3462962963   0.08899177867  
720      I1         1.82478588     1.028825231    4.459837963    0.4274074074   0.6467164352   1.493333333    2.342592593    0.05555555556  0.1356423611   0.2685185185   0.2091666667   0.3462962963   0.08899651492  
721      I1         1.82478588     1.028825231    4.462962963    0.4258761574   0.6467164352   1.493333333    2.342592593    0.05555555556  0.1356423611   0.2685185185   0.2091666667   0.3462962963   0.0889947255   
722      I1         1.82478588     1.028825231    4.462962963    0.4274074074   0.6467164352   1.477864583    2.342592593    0.05555555556  0.1356423611   0.2685185185   0.2091666667   0.3462962963   0.08900897733  
723      I1         1.82478588     1.028825231    4.462962963    0.4274074074   0.6467164352   1.493333333    2.338686343    0.05555555556  0.1356423611   0.2685185185   0.2091666667   0.3462962963   0.08899655684  
724      I1         1.82478588     1.028825231    4.462962963    0.4274074074   0.6467164352   1.493333333    2.342592593    0.05086805556  0.1356423611   0.2685185185   0.2091666667   0.3462962963   0.08900063273  
725      I1         1.82478588     1.028825231    4.462962963    0.4274074074   0.6467164352   1.493333333    2.342592593    0.05555555556  0.1354079861   0.2685185185   0.2091666667   0.3462962963   0.08899655684  
726      I1         1.82478588     1.028825231    4.462962963    0.4274074074   0.6467164352   1.493333333    2.342592593    0.05555555556  0.1356423611   0.2677372685   0.2091666667   0.3462962963   0.08907857608  
727      I1         1.82478588     1.028825231    4.462962963    0.4274074074   0.6467164352   1.493333333    2.342592593    0.05555555556  0.1356423611   0.2685185185   0.2086979167   0.3462962963   0.08903301709  
728      I1         1.82478588     1.028825231    4.462962963    0.4274074074   0.6467164352   1.493333333    2.342592593    0.05555555556  0.1356423611   0.2685185185   0.2091666667   0.3431712963   0.08928185895  
729      I1         1.82744213     1.026168981    4.462962963    0.4274074074   0.6467164352   1.493333333    2.342592593    0.05555555556  0.1356423611   0.2685185185   0.2091666667   0.3462962963   0.08899535117  
730      I1         1.82478588     1.026168981    4.466087963    0.4274074074   0.6467164352   1.493333333    2.342592593    0.05555555556  0.1356423611   0.2685185185   0.2091666667   0.3462962963   0.08899181936  
731      I1         1.82478588     1.026168981    4.462962963    0.4289386574   0.6467164352   1.493333333    2.342592593    0.05555555556  0.1356423611   0.2685185185   0.2091666667   0.3462962963   0.08899470485  
732      I1         1.82478588     1.026168981    4.462962963    0.4274074074   0.6482476852   1.493333333    2.342592593    0.05555555556  0.1356423611   0.2685185185   0.2091666667   0.3462962963   0.08901234849  
733      I1         1.82478588     1.026168981    4.462962963    0.4274074074   0.6467164352   1.508802083    2.342592593    0.05555555556  0.1356423611   0.2685185185   0.2091666667   0.3462962963   0.08902969607  
734      I1         1.82478588     1.026168981    4.462962963    0.4274074074   0.6467164352   1.493333333    2.346498843    0.05555555556  0.1356423611   0.2685185185   0.2091666667   0.3462962963   0.08899177867  
735      I1         1.82478588     1.026168981    4.462962963    0.4274074074   0.6467164352   1.493333333    2.342592593    0.06024305556  0.1356423611   0.2685185185   0.2091666667   0.3462962963   0.08899177867  
736      I1         1.82478588     1.026168981    4.462962963    0.4274074074   0.6467164352   1.493333333    2.342592593    0.05555555556  0.1358767361   0.2685185185   0.2091666667   0.3462962963   0.08899177867  
737      I1         1.82478588     1.026168981    4.462962963    0.4274074074   0.6467164352   1.493333333    2.342592593    0.05555555556  0.1356423611   0.2692997685   0.2091666667   0.3462962963   0.08915740225  
738      I1         1.82478588     1.026168981    4.462962963    0.4274074074   0.6467164352   1.493333333    2.342592593    0.05555555556  0.1356423611   0.2685185185   0.2096354167   0.3462962963   0.08907088784  
739      I1         1.82478588     1.026168981    4.462962963    0.4274074074   0.6467164352   1.493333333    2.342592593    0.05555555556  0.1356423611   0.2685185185   0.2091666667   0.3494212963   0.08915298839  
740      I1         1.82212963     1.026168981    4.462962963    0.4274074074   0.6467164352   1.493333333    2.342592593    0.05555555556  0.1356423611   0.2685185185   0.2091666667   0.3462962963   0.08901134667  
741      I1         1.82478588     1.023512731    4.462962963    0.4274074074   0.6467164352   1.493333333    2.342592593    0.05555555556  0.1356423611   0.2685185185   0.2091666667   0.3462962963   0.08898710367  
742      I1         1.82478588     1.026168981    4.459837963    0.4274074074   0.6467164352   1.493333333    2.342592593    0.05555555556  0.1356423611   0.2685185185   0.2091666667   0.3462962963   0.08899173771  
743      I1         1.82478588     1.026168981    4.462962963    0.4258761574   0.6467164352   1.493333333    2.342592593    0.05555555556  0.1356423611   0.2685185185   0.2091666667   0.3462962963   0.08898973092  
744      I1         1.82478588     1.026168981    4.462962963    0.4274074074   0.6467164352   1.477864583    2.342592593    0.05555555556  0.1356423611   0.2685185185   0.2091666667   0.3462962963   0.08900422565  
745      I1         1.82478588     1.026168981    4.462962963    0.4274074074   0.6467164352   1.493333333    2.338686343    0.05555555556  0.1356423611   0.2685185185   0.2091666667   0.3462962963   0.08899177867  
746      I1         1.82478588     1.026168981    4.462962963    0.4274074074   0.6467164352   1.493333333    2.342592593    0.05086805556  0.1356423611   0.2685185185   0.2091666667   0.3462962963   0.08899587088  
747      I1         1.82478588     1.026168981    4.462962963    0.4274074074   0.6467164352   1.493333333    2.342592593    0.05555555556  0.1354079861   0.2685185185   0.2091666667   0.3462962963   0.08899177867  
748      I1         1.82478588     1.026168981    4.462962963    0.4274074074   0.6467164352   1.493333333    2.342592593    0.05555555556  0.1356423611   0.2677372685   0.2091666667   0.3462962963   0.0890775206   
749      I1         1.82478588     1.026168981    4.462962963    0.4274074074   0.6467164352   1.493333333    2.342592593    0.05555555556  0.1356423611   0.2685185185   0.2086979167   0.3462962963   0.08902961286  
750      I1         1.82478588     1.026168981    4.462962963    0.4274074074   0.6467164352   1.493333333    2.342592593    0.05555555556  0.1356423611   0.2685185185   0.2091666667   0.3431712963   0.0892773855   
751      I1         1.83009838     1.023512731    4.462962963    0.4274074074   0.6467164352   1.493333333    2.342592593    0.05555555556  0.1356423611   0.2685185185   0.2091666667   0.3462962963   0.08900973648  
752      I1         1.82478588     1.023512731    4.469212963    0.4274074074   0.6467164352   1.493333333    2.342592593    0.05555555556  0.1356423611   0.2685185185   0.2091666667   0.3462962963   0.08898718285  
753      I1         1.82478588     1.023512731    4.462962963    0.4304699074   0.6467164352   1.493333333    2.342592593    0.05555555556  0.1356423611   0.2685185185   0.2091666667   0.3462962963   0.08899675087  
754      I1         1.82478588     1.023512731    4.462962963    0.4274074074   0.6497789352   1.493333333    2.342592593    0.05555555556  0.1356423611   0.2685185185   0.2091666667   0.3462962963   0.08904564188  
755      I1         1.82478588     1.023512731    4.462962963    0.4274074074   0.6467164352   1.524270833    2.342592593    0.05555555556  0.1356423611   0.2685185185   0.2091666667   0.3462962963   0.08903922649  
756      I1         1.82478588     1.023512731    4.462962963    0.4274074074   0.6467164352   1.493333333    2.350405093    0.05555555556  0.1356423611   0.2685185185   0.2091666667   0.3462962963   0.08898710367  
757      I1         1.82478588     1.023512731    4.462962963    0.4274074074   0.6467164352   1.493333333    2.342592593    0.06493055556  0.1356423611   0.2685185185   0.2091666667   0.3462962963   0.08898710367  
758      I1         1.82478588     1.023512731    4.462962963    0.4274074074   0.6467164352   1.493333333    2.342592593    0.05555555556  0.1361111111   0.2685185185   0.2091666667   0.3462962963   0.08901358333  
759      I1         1.82478588     1.023512731    4.462962963    0.4274074074   0.6467164352   1.493333333    2.342592593    0.05555555556  0.1356423611   0.2700810185   0.2091666667   0.3462962963   0.08932301353  
760      I1         1.82478588     1.023512731    4.462962963    0.4274074074   0.6467164352   1.493333333    2.342592593    0.05555555556  0.1356423611   0.2685185185   0.2101041667   0.3462962963   0.08920259735  
761      I1         1.82478588     1.023512731    4.462962963    0.4274074074   0.6467164352   1.493333333    2.342592593    0.05555555556  0.1356423611   0.2685185185   0.2091666667   0.3525462963   0.08933337058  
762      I1         1.81947338     1.023512731    4.462962963    0.4274074074   0.6467164352   1.493333333    2.342592593    0.05555555556  0.1356423611   0.2685185185   0.2091666667   0.3462962963   0.0890537498   
763      I1         1.82478588     1.018200231    4.462962963    0.4274074074   0.6467164352   1.493333333    2.342592593    0.05555555556  0.1356423611   0.2685185185   0.2091666667   0.3462962963   0.08897814147  
764      I1         1.82478588     1.023512731    4.456712963    0.4274074074   0.6467164352   1.493333333    2.342592593    0.05555555556  0.1356423611   0.2685185185   0.2091666667   0.3462962963   0.08898702368  
765      I1         1.82478588     1.023512731    4.462962963    0.4243449074   0.6467164352   1.493333333    2.342592593    0.05555555556  0.1356423611   0.2685185185   0.2091666667   0.3462962963   0.08898340577  
766      I1         1.82478588     1.023512731    4.462962963    0.4274074074   0.6436539352   1.493333333    2.342592593    0.05555555556  0.1356423611   0.2685185185   0.2091666667   0.3462962963   0.089002671    
767      I1         1.82478588     1.023512731    4.462962963    0.4274074074   0.6467164352   1.462395833    2.342592593    0.05555555556  0.1356423611   0.2685185185   0.2091666667   0.3462962963   0.0889991264   
768      I1         1.82478588     1.023512731    4.462962963    0.4274074074   0.6467164352   1.493333333    2.334780093    0.05555555556  0.1356423611   0.2685185185   0.2091666667   0.3462962963   0.08898710367  
769      I1         1.82478588     1.023512731    4.462962963    0.4274074074   0.6467164352   1.493333333    2.342592593    0.04618055556  0.1356423611   0.2685185185   0.2091666667   0.3462962963   0.088991212    
770      I1         1.82478588     1.023512731    4.462962963    0.4274074074   0.6467164352   1.493333333    2.342592593    0.05555555556  0.1351736111   0.2685185185   0.2091666667   0.3462962963   0.08898710367  
771      I1         1.82478588     1.023512731    4.462962963    0.4274074074   0.6467164352   1.493333333    2.342592593    0.05555555556  0.1356423611   0.2669560185   0.2091666667   0.3462962963   0.08919014842  
772      I1         1.82478588     1.023512731    4.462962963    0.4274074074   0.6467164352   1.493333333    2.342592593    0.05555555556  0.1356423611   0.2685185185   0.2082291667   0.3462962963   0.08910536261  
773      I1         1.82478588     1.023512731    4.462962963    0.4274074074   0.6467164352   1.493333333    2.342592593    0.05555555556  0.1356423611   0.2685185185   0.2091666667   0.3400462963   0.08956609539  
774      I1         1.82744213     1.023512731    4.462962963    0.4274074074   0.6467164352   1.493333333    2.342592593    0.05555555556  0.1356423611   0.2685185185   0.2091666667   0.3462962963   0.08898966696  
775      I1         1.82478588     1.023512731    4.466087963    0.4274074074   0.6467164352   1.493333333    2.342592593    0.05555555556  0.1356423611   0.2685185185   0.2091666667   0.3462962963   0.08898714336  
776      I1         1.82478588     1.023512731    4.462962963    0.4289386574   0.6467164352   1.493333333    2.342592593    0.05555555556  0.1356423611   0.2685185185   0.2091666667   0.3462962963   0.08899029878  
777      I1         1.82478588     1.023512731    4.462962963    0.4274074074   0.6482476852   1.493333333    2.342592593    0.05555555556  0.1356423611   0.2685185185   0.2091666667   0.3462962963   0.08901268534  
778      I1         1.82478588     1.023512731    4.462962963    0.4274074074   0.6467164352   1.508802083    2.342592593    0.05555555556  0.1356423611   0.2685185185   0.2091666667   0.3462962963   0.08902500261  
779      I1         1.82478588     1.023512731    4.462962963    0.4274074074   0.6467164352   1.493333333    2.346498843    0.05555555556  0.1356423611   0.2685185185   0.2091666667   0.3462962963   0.08898710367  
780      I1         1.82478588     1.023512731    4.462962963    0.4274074074   0.6467164352   1.493333333    2.342592593    0.06024305556  0.1356423611   0.2685185185   0.2091666667   0.3462962963   0.08898710367  
781      I1         1.82478588     1.023512731    4.462962963    0.4274074074   0.6467164352   1.493333333    2.342592593    0.05555555556  0.1358767361   0.2685185185   0.2091666667   0.3462962963   0.08898710367  
782      I1         1.82478588     1.023512731    4.462962963    0.4274074074   0.6467164352   1.493333333    2.342592593    0.05555555556  0.1356423611   0.2692997685   0.2091666667   0.3462962963   0.08915290145  
783      I1         1.82478588     1.023512731    4.462962963    0.4274074074   0.6467164352   1.493333333    2.342592593    0.05555555556  0.1356423611   0.2685185185   0.2096354167   0.3462962963   0.08906961193  
784      I1         1.82478588     1.023512731    4.462962963    0.4274074074   0.6467164352   1.493333333    2.342592593    0.05555555556  0.1356423611   0.2685185185   0.2091666667   0.3494212963   0.08915255931  
785      I1         1.82212963     1.023512731    4.462962963    0.4274074074   0.6467164352   1.493333333    2.342592593    0.05555555556  0.1356423611   0.2685185185   0.2091666667   0.3462962963   0.0890119382   
786      I1         1.82478588     1.020856481    4.462962963    0.4274074074   0.6467164352   1.493333333    2.342592593    0.05555555556  0.1356423611   0.2685185185   0.2091666667   0.3462962963   0.08898255381  
787      I1         1.82478588     1.023512731    4.459837963    0.4274074074   0.6467164352   1.493333333    2.342592593    0.05555555556  0.1356423611   0.2685185185   0.2091666667   0.3462962963   0.08898706375  
788      I1         1.82478588     1.023512731    4.462962963    0.4258761574   0.6467164352   1.493333333    2.342592593    0.05555555556  0.1356423611   0.2685185185   0.2091666667   0.3462962963   0.08898481581  
789      I1         1.82478588     1.023512731    4.462962963    0.4274074074   0.6451851852   1.493333333    2.342592593    0.05555555556  0.1356423611   0.2685185185   0.2091666667   0.3462962963   0.08899405256  
790      I1         1.82478588     1.023512731    4.462962963    0.4274074074   0.6467164352   1.477864583    2.342592593    0.05555555556  0.1356423611   0.2685185185   0.2091666667   0.3462962963   0.08899955568  
791      I1         1.82478588     1.023512731    4.462962963    0.4274074074   0.6467164352   1.493333333    2.338686343    0.05555555556  0.1356423611   0.2685185185   0.2091666667   0.3462962963   0.08898710367  
792      I1         1.82478588     1.023512731    4.462962963    0.4274074074   0.6467164352   1.493333333    2.342592593    0.05086805556  0.1356423611   0.2685185185   0.2091666667   0.3462962963   0.088991212    
793      I1         1.82478588     1.023512731    4.462962963    0.4274074074   0.6467164352   1.493333333    2.342592593    0.05555555556  0.1354079861   0.2685185185   0.2091666667   0.3462962963   0.08898710367  
794      I1         1.82478588     1.023512731    4.462962963    0.4274074074   0.6467164352   1.493333333    2.342592593    0.05555555556  0.1356423611   0.2677372685   0.2091666667   0.3462962963   0.08907648974  
795      I1         1.82478588     1.023512731    4.462962963    0.4274074074   0.6467164352   1.493333333    2.342592593    0.05555555556  0.1356423611   0.2685185185   0.2086979167   0.3462962963   0.08902630351  
796      I1         1.82478588     1.023512731    4.462962963    0.4274074074   0.6467164352   1.493333333    2.342592593    0.05555555556  0.1356423611   0.2685185185   0.2091666667   0.3431712963   0.08927301306  
797      I1         1.82744213     1.020856481    4.462962963    0.4274074074   0.6467164352   1.493333333    2.342592593    0.05555555556  0.1356423611   0.2685185185   0.2091666667   0.3462962963   0.08898411046  
798      I1         1.82478588     1.020856481    4.466087963    0.4274074074   0.6467164352   1.493333333    2.342592593    0.05555555556  0.1356423611   0.2685185185   0.2091666667   0.3462962963   0.08898259245  
799      I1         1.82478588     1.020856481    4.462962963    0.4289386574   0.6467164352   1.493333333    2.342592593    0.05555555556  0.1356423611   0.2685185185   0.2091666667   0.3462962963   0.08898675664  
800      I1         1.82478588     1.020856481    4.462962963    0.4274074074   0.6482476852   1.493333333    2.342592593    0.05555555556  0.1356423611   0.2685185185   0.2091666667   0.3462962963   0.08901293421  
801      I1         1.82478588     1.020856481    4.462962963    0.4274074074   0.6467164352   1.508802083    2.342592593    0.05555555556  0.1356423611   0.2685185185   0.2091666667   0.3462962963   0.08902043289  
802      I1         1.82478588     1.020856481    4.462962963    0.4274074074   0.6467164352   1.493333333    2.346498843    0.05555555556  0.1356423611   0.2685185185   0.2091666667   0.3462962963   0.08898255381  
803      I1         1.82478588     1.020856481    4.462962963    0.4274074074   0.6467164352   1.493333333    2.342592593    0.06024305556  0.1356423611   0.2685185185   0.2091666667   0.3462962963   0.08898255381  
804      I1         1.82478588     1.020856481    4.462962963    0.4274074074   0.6467164352   1.493333333    2.342592593    0.05555555556  0.1358767361   0.2685185185   0.2091666667   0.3462962963   0.08898255381  
805      I1         1.82478588     1.020856481    4.462962963    0.4274074074   0.6467164352   1.493333333    2.342592593    0.05555555556  0.1356423611   0.2692997685   0.2091666667   0.3462962963   0.08914853303  
806      I1         1.82478588     1.020856481    4.462962963    0.4274074074   0.6467164352   1.493333333    2.342592593    0.05555555556  0.1356423611   0.2685185185   0.2096354167   0.3462962963   0.08906835723  
807      I1         1.82478588     1.020856481    4.462962963    0.4274074074   0.6467164352   1.493333333    2.342592593    0.05555555556  0.1356423611   0.2685185185   0.2091666667   0.3494212963   0.08915214028  
808      I1         1.82212963     1.020856481    4.462962963    0.4274074074   0.6467164352   1.493333333    2.342592593    0.05555555556  0.1356423611   0.2685185185   0.2091666667   0.3462962963   0.08901254323  
809      I1         1.82478588     1.020856481    4.459837963    0.4274074074   0.6467164352   1.493333333    2.342592593    0.05555555556  0.1356423611   0.2685185185   0.2091666667   0.3462962963   0.08898251499  
810      I1         1.82478588     1.020856481    4.462962963    0.4258761574   0.6467164352   1.493333333    2.342592593    0.05555555556  0.1356423611   0.2685185185   0.2091666667   0.3462962963   0.08898002776  
811      I1         1.82478588     1.020856481    4.462962963    0.4274074074   0.6451851852   1.493333333    2.342592593    0.05555555556  0.1356423611   0.2685185185   0.2091666667   0.3462962963   0.08898923975  
812      I1         1.82478588     1.020856481    4.462962963    0.4274074074   0.6467164352   1.477864583    2.342592593    0.05555555556  0.1356423611   0.2685185185   0.2091666667   0.3462962963   0.08899501144  
813      I1         1.82478588     1.020856481    4.462962963    0.4274074074   0.6467164352   1.493333333    2.338686343    0.05555555556  0.1356423611   0.2685185185   0.2091666667   0.3462962963   0.08898255381  
814      I1         1.82478588     1.020856481    4.462962963    0.4274074074   0.6467164352   1.493333333    2.342592593    0.05086805556  0.1356423611   0.2685185185   0.2091666667   0.3462962963   0.08898667828  
815      I1         1.82478588     1.020856481    4.462962963    0.4274074074   0.6467164352   1.493333333    2.342592593    0.05555555556  0.1354079861   0.2685185185   0.2091666667   0.3462962963   0.08898255381  
816      I1         1.82478588     1.020856481    4.462962963    0.4274074074   0.6467164352   1.493333333    2.342592593    0.05555555556  0.1356423611   0.2677372685   0.2091666667   0.3462962963   0.08907548209  
817      I1         1.82478588     1.020856481    4.462962963    0.4274074074   0.6467164352   1.493333333    2.342592593    0.05555555556  0.1356423611   0.2685185185   0.2086979167   0.3462962963   0.08902311473  
818      I1         1.82478588     1.020856481    4.462962963    0.4274074074   0.6467164352   1.493333333    2.342592593    0.05555555556  0.1356423611   0.2685185185   0.2091666667   0.3431712963   0.08926876349  
