%eval_id interface log__t_efold_shallow log__t_efold_soil log__t_efold_karst f_exfiltration_shallow f_exfiltration_soil PDD_melt_factor log__Hmax_shallow log__fdd_threshold log__routing_K neg_kge        
1        I1         0.7532060067   1.803974027    4.034865254    0.5464695878   0.1635546553   1.859937277    3.321802134    2.411559323    0.7131848629   0.2768274877   
2        I1         1.794343393    1.019503261    3.113013275    0.8872960347   0.2320823149   7.873275089    3.39054999     2.424865903    -0.2255531883  0.8956936761   
3        I1         1.067199112    1.61212834     4.490403984    0.8478317      0.1603355566   4.124568675    2.007756479    1.994957194    0.1390536817   0.5141216649   
4        I1         1.836534251    1.147302869    3.727471997    0.6029956616   0.6551352417   0.1807719634   2.042436549    1.29427592     -0.5472635126  0.9915516166   
5        I1         0.4860849217   1.051732896    3.690887563    0.2561986722   0.0484617857   4.260571914    2.584258149    2.153447904    -0.6475707042  0.5503110731   
6        I1         0.4101983734   2.170776757    3.180371454    0.5086660562   0.2394207409   6.860116878    3.306130647    1.157323063    -0.6826532873  0.5289788277   
7        I1         1.47259        2.412265176    3.937910057    0.9393210314   0.0894577734   1.944446759    2.264154556    2.194678574    -0.6133731743  0.6384774562   
8        I1         0.953608261    1.655148762    3.956057599    0.09303893924  0.5615971726   8.336986464    2.135856668    1.345448356    0.6110925662   0.616190086    
9        I1         0.4628172735   1.717098167    2.932351306    0.113720066    0.3475508259   2.62875419     3.319267184    2.984236199    -0.01998934437 0.9524843064   
10       I1         1.688565927    1.234350195    2.523780995    0.5779265914   0.4564087718   3.542413203    2.747468275    1.984243154    0.6551433886   0.7587378094   
11       I1         1.973633855    2.580928054    3.680743783    0.4415317787   0.4057471772   1.53493775     3.155441224    1.270339628    0.6773881374   1.28951497     
12       I1         0.4144263736   1.083198933    3.381960818    0.558378643    0.8862407109   9.715090123    2.209634438    2.177180642    -0.9437352644  0.6167787265   
13       I1         1.043622035    1.74734508     2.583711319    0.3448198588   0.8368809941   9.498619974    2.343762697    2.125918752    0.4091078814   0.4630658764   
14       I1         1.134513451    2.441534055    2.952759793    0.03813466218  0.4079067984   9.507725647    2.910793326    2.782386763    0.6850006266   1.122805232    
15       I1         1.594082283    1.374613359    2.967713737    0.9003524212   0.7828581071   6.606688437    2.95116148     1.098060945    -0.5616498593  0.4918161672   
16       I1         1.934856469    1.069215033    3.066677678    0.2707709073   0.08092113079  6.155527653    2.221664217    1.265935323    -0.9677895738  1.181547889    
17       I1         1.102904672    1.573901481    2.902711628    0.3397412588   0.4506584715   1.606485542    2.442080321    1.226732022    -0.9350628189  0.4916343869   
18       I1         0.8935711441   1.772377062    4.004195038    0.02371272381  0.4360966493   1.811339385    3.068454169    1.603564173    0.1914898392   0.4830081514   
19       I1         1.717127327    1.985281329    3.967034914    0.7006101316   0.8974859361   5.329205753    2.483484794    1.840746517    -0.8556308219  1.024067254    
20       I1         0.6937674698   1.836495014    3.030591996    0.8367118221   0.5786699087   1.782084131    3.167480595    2.693772041    0.7574520278   0.3536249741   
21       I1         1.085978899    1.883261704    4.323662808    0.4219138684   0.09676746852  2.517408922    2.063971233    1.110609601    0.8473944594   0.4055137126   
22       I1         1.372596453    2.24825311     2.915510221    0.3343624794   0.5722213742   3.05496928     3.096235069    1.328761416    -0.5978229838  0.7893592299   
23       I1         1.922741166    2.542529793    3.053189839    0.8252154038   0.3955700382   3.445593885    3.370687887    2.891673307    -0.5152986868  0.9872945512   
24       I1         1.771281175    2.152574619    3.655579597    0.217349812    0.5912584852   5.002589404    2.821853432    2.598009624    -0.1312413158  1.263125623    
25       I1         0.5405389815   1.163132893    3.39532452     0.5146591661   0.2183877448   4.359482509    3.47797958     1.56211718     0.8738520004   0.765635034    
26       I1         1.749238512    2.085767437    3.044128049    0.7974454449   0.0202472069   0.2658313869   2.373285311    2.342843026    0.4183691122   0.8427400114   
27       I1         1.910222725    2.343000912    4.385810799    0.5209092171   0.9181502093   3.295380328    3.293956159    2.60285171     -0.2682026754  1.100336192    
28       I1         1.630208966    1.327161093    3.239729348    0.8073782172   0.3825561817   6.581371864    3.33801936     1.838588672    0.9415600852   0.96526708     
29       I1         1.323262714    1.967639135    2.654786181    0.5888760907   0.01450288372  2.796858207    2.193500008    1.715141004    -0.05362138171 0.5177975178   
30       I1         1.387476395    1.942919303    3.556788171    0.7386928392   0.4709062678   7.073311939    2.676307835    1.8858537      0.06175191386  0.8921357641   
31       I1         1.497551585    2.014978683    3.026651672    0.949850622    0.8481798991   4.691825391    2.115526196    2.944211034    0.3082678198   0.4595012504   
32       I1         1.898912245    2.451447862    2.610208957    0.5327328235   0.3368864109   7.427433249    3.254767181    2.792534057    0.8290657198   1.033687621    
33       I1         1.464272455    1.682658681    3.409354918    0.1959069276   0.5544735924   5.842297847    2.514398516    2.290889153    0.8631666059   1.128816572    
34       I1         0.750449124    1.749507082    4.478365765    0.8580020919   0.05804388927  3.242695856    3.343999534    2.557998548    -0.2493684223  1.130404786    
35       I1         0.7117369792   2.209231162    2.766611993    0.8315033959   0.5753240014   1.724995369    3.330561384    1.731757449    0.3300959522   0.8551215952   
36       I1         1.280693964    2.614324739    4.453154615    0.2612767029   0.8056751453   1.39817282     2.401773925    1.359461855    0.11031589     0.6896189009   
37       I1         0.6319291476   2.506003395    3.631972749    0.2840264418   0.5019211353   7.393651079    2.532064917    1.978657689    -0.8208565188  0.8106714116   
38       I1         1.293213112    1.224759496    4.126820906    0.4808505761   0.8883612712   9.566788489    2.61802184     2.862690276    0.7884600047   0.6279076457   
39       I1         0.3355633099   1.919688301    4.075871714    0.2769810949   0.5510643014   8.796494637    3.210170938    2.497113373    0.1546866607   0.4577538636   
40       I1         1.330620213    1.793080032    3.42561734     0.09902767284  0.3613541698   9.776148407    2.879759294    1.646602439    0.6216193772   1.091728149    
41       I1         0.6141995046   2.389903838    2.517908039    0.6169280782   0.3414622524   6.366329451    2.970288605    2.829696184    -0.665372179   0.4580890042   
42       I1         1.149262703    2.357674334    2.568326192    0.5822604601   0.06154652329  5.606839782    2.334673793    1.415632858    -0.3982805622  0.4095484374   
43       I1         1.668035661    1.604534193    3.750492283    0.6439829026   0.9455688395   7.928094173    2.978169283    2.385947396    0.2529168315   1.080662413    
44       I1         0.3428379557   1.847479596    3.122012242    0.9884591002   0.8757510767   6.790676587    3.452297985    2.583398992    -0.3161020339  3.999189203    
45       I1         1.853645615    1.373503888    2.822218806    0.3521041237   0.6711742736   7.860261202    3.432039059    1.819449405    -0.731468413   0.9250721867   
46       I1         0.5149777703   2.626616406    2.63633544     0.2955854276   0.1531534745   4.936652069    2.631661241    1.874995535    -0.9098927775  0.5389978241   
47       I1         0.9294416391   1.107859401    4.054003948    0.2227157457   0.1267405837   3.84481336     2.849942039    2.883009095    -0.6793532971  0.5765159181   
48       I1         0.6216393137   2.499987905    3.278778149    0.3718642419   0.9554539488   5.705490445    3.03710548     2.022641816    0.04549729501  0.8285953873   
49       I1         0.326611012    1.584203397    3.619972848    0.2339020498   0.1419592755   2.46863673     2.045974458    1.100411607    0.5300758283   0.6598817565   
50       I1         1.924432175    2.318925935    4.417192063    0.8681825689   0.9145586888   4.728388251    2.695428903    2.660846876    -0.4484045901  0.9655488787   
51       I1         1.478389462    1.413229567    3.294143353    0.5854851737   0.9560722305   4.540652858    2.309239274    2.090098437    0.7632529959   0.8619613624   
52       I1         0.9723733239   1.723872528    3.837321156    0.2147362467   0.6257103703   2.919820596    3.279263708    2.811291014    0.3540714493   0.7466258809   
53       I1         0.8821798522   1.702193035    3.161199709    0.4189936291   0.8399781579   8.89327451     2.774904776    2.640045729    0.896290918    0.7625553874   
54       I1         0.4245520053   1.361384978    4.011008415    0.08766672647  0.2548298908   2.320547786    2.388176902    2.437627133    -0.9207260133  0.517015318    
55       I1         1.87357065     2.007925509    3.448172915    0.8862005328   0.6658387523   9.11421837     2.167264936    1.782937442    0.1475979792   1.164432787    
56       I1         1.615738806    1.959262515    4.145300529    0.3293674977   0.3072631867   8.445035646    2.036823176    2.392019139    -0.8362398428  0.6473944325   
57       I1         1.112238945    2.668124379    3.222304965    0.07700316282  0.7930541209   4.188251874    3.243833664    1.94291818     -0.8951686568  1.08343811     
58       I1         0.3196891923   1.185621855    4.187532481    0.9177468062   0.1369696217   7.556041401    2.568522944    2.222507245    -0.3682675131  1.501101159    
59       I1         0.7405778344   1.664404193    3.877114796    0.2681338213   0.3268439017   7.517247668    2.059120652    2.447807951    -0.4216008069  0.4781382044   
60       I1         1.02088661     1.886373824    4.260009646    0.1046475444   0.2249136607   2.745035188    2.316813353    2.927798441    -0.1464763786  0.9530846769   
61       I1         1.73112323     1.445530588    3.624950022    0.617714539    0.7141551185   7.31854531     2.711934216    2.966569797    -0.2919008558  1.102159889    
62       I1         0.5688303017   1.977115245    4.336244821    0.3100129122   0.676343048    6.638751157    2.458894576    2.851150526    -0.3082750511  0.4607784819   
63       I1         1.657882582    2.429422706    4.357984449    0.5638364349   0.2931487373   7.366692812    3.057915109    2.03056785     -0.3829862052  0.5857337931   
64       I1         1.511211025    2.640566316    2.553667634    0.551155623    0.2130497318   5.154428555    2.27304423     1.702645265    -0.3782508807  0.7051014498   
65       I1         1.428796657    2.093133211    4.172514511    0.7495471175   0.70896935     6.251763132    2.765493954    2.265081519    0.6419535811   0.6801042862   
66       I1         1.419750923    1.028271672    2.571287427    0.6891905616   0.4883536824   2.998884002    2.411107504    2.748808827    0.4838406779   0.3998309968   
67       I1         1.943173811    1.625971422    2.83204905     0.595768273    0.8448070479   0.7093392765   2.542792124    2.737728065    0.4528827645   0.9766447791   
68       I1         1.960481221    2.305676635    4.464930667    0.9442640393   0.4980782255   4.87901256     2.826583105    1.903446706    0.3794369204   0.9464603611   
69       I1         0.8338031471   2.462591002    3.074430617    0.4037020077   0.2851291717   3.110961491    2.07052401     1.496446182    0.01927118562  0.6115046923   
70       I1         0.6855942515   1.128098203    4.081349423    0.8663153199   0.5252304942   8.552060966    2.233700254    2.307123039    0.4742314741   0.4446696824   
71       I1         1.122030833    2.407561628    4.390373804    0.1431957361   0.3286958889   3.8669091      2.522381654    1.42292224     -0.8749536589  0.6057972098   
72       I1         0.553361954    1.831029792    2.970168461    0.7065451786   0.320789198    3.14755921     2.761009794    1.651009958    -0.3561805945  0.7859728687   
73       I1         1.049861075    2.299507961    2.625546715    0.7643641493   0.799860378    1.450095686    2.919517041    2.519162537    -0.1805586802  0.3393135253   
74       I1         1.311619337    2.129130358    3.432439771    0.2856764246   0.9658664552   2.162021918    3.196750251    1.400930832    -0.1743758834  1.100743407    
75       I1         0.7175991738   2.553750709    3.536263838    0.07026284222  0.4379601099   3.583289689    2.65091209     2.182400161    0.7076809434   0.9518129309   
76       I1         0.3665247071   1.598521984    2.538179608    0.8782930763   0.9486573197   9.991714094    2.350990538    1.255813986    -0.1988495462  3.329843881    
77       I1         1.226553525    1.001664257    2.724693147    0.05053750021  0.6205541782   3.510819458    3.373943018    2.679877264    -0.4027113958  0.529484025    
78       I1         1.130394371    2.488288281    4.068925653    0.2064273717   0.9710181614   0.610352996    3.405812589    2.954940469    0.3186856942   1.134075891    
79       I1         0.4016286348   2.695719894    3.487997143    0.6860621967   0.9391876196   8.042952388    2.278222941    1.824209946    -0.798999223   0.5707810109   
80       I1         1.871245481    1.732326328    4.223294394    0.7759797059   0.4663169356   9.21027408     3.265436697    1.233358189    -0.8450636577  0.9195258535   
81       I1         0.6553529962   1.513949634    4.251197975    0.3084367129   0.3741970611   1.285742782    3.284476916    2.360097833    0.3874012286   0.3299672134   
82       I1         1.060029389    1.157943759    3.501041045    0.6915519842   0.2024594346   9.372141183    2.146744189    2.31794259     0.5199986261   0.7464599931   
83       I1         0.9614019113   1.457003444    4.049628781    0.06617458841  0.9851536558   5.978678452    2.174322518    2.729058726    0.7499216936   0.7478021559   
84       I1         0.7944527712   2.675928452    2.591971168    0.01798505188  0.2796770395   4.333426039    2.941528802    1.690126468    0.9786169096   0.8534549097   
85       I1         1.681532474    1.527252954    3.200341316    0.382103955    0.1210128828   0.5099906425   2.472226822    2.011622958    0.5844859061   1.088518783    
86       I1         1.266772467    1.271565045    3.64413611     0.4610007422   0.7229535531   3.635699302    2.559486817    1.1715592      -0.7798352057  0.7337124167   
87       I1         0.7647534265   1.347875166    4.244123627    0.784987453    0.5659573334   8.731779812    2.846596697    1.132383706    0.03871476879  0.6052055509   
88       I1         1.562283398    2.239934853    3.787971582    0.3745767377   0.3176662589   2.198446692    3.189504891    2.83581464     -0.3431669847  0.8646846192   
89       I1         1.272207432    2.103798969    3.908262726    0.4982750828   0.1170697451   8.936209867    2.357981761    1.636825673    -0.7431881437  0.5322187338   
90       I1         1.247219238    1.43732954     3.574314535    0.5177268601   0.1802341327   8.1829479      3.472867969    2.160041312    0.7798784874   0.8739272664   
91       I1         0.9170691111   1.097353254    3.888234681    0.1590168536   0.1980706214   3.172767327    2.456412107    2.932546247    -0.70755506    0.517267693    
92       I1         0.8594859709   1.56709405     3.763815005    0.6088469602   0.5163311147   5.557819973    2.32269444     2.702510673    0.2797102277   0.5604115815   
93       I1         0.8516816416   2.223409274    3.994306987    0.651920224    0.6491970592   5.677937282    2.109851066    2.078264597    -0.9518850166  0.4480417823   
94       I1         0.9691902626   1.111207504    4.136342117    0.4330385135   0.8574453403   4.573599613    3.178710596    1.066662506    -0.2075161303  0.4058327673   
95       I1         1.028443506    1.217210995    3.154730813    0.3600863832   0.8789850653   5.489382569    3.004007984    2.275915598    0.4688421696   0.4672059288   
96       I1         0.4951711073   2.47746857     3.583271132    0.9161871134   0.8292179932   4.009172571    2.023334716    1.08415103     0.66482792     0.5754017671   
97       I1         1.168425809    1.872888018    2.895323663    0.6011013242   0.9086691245   1.188839618    2.589200481    1.374013858    -0.6354022696  0.3320214524   
98       I1         1.096953965    1.866032498    2.770685731    0.6256104145   0.4135150461   6.060494108    3.091129635    1.502247231    -0.7803528873  0.3167045776   
99       I1         1.55234451     2.179753498    2.819203554    0.3952466911   0.2963966409   6.727539677    2.892164619    1.79321055     -0.2512348219  0.8633150102   
100      I1         0.4423657064   1.524782968    2.711888592    0.1365093359   0.6078054416   9.841775118    2.181451292    2.40841015     0.8157359027   0.5858566194   
101      I1         1.567202837    1.433003144    3.549174485    0.1260542698   0.4213703107   1.203283781    2.900892877    1.026813927    -0.1053272063  1.008782177    
102      I1         1.190534918    1.58737199     3.975040031    0.2485902988   0.8168480328   0.5881341888   3.11705177     1.891703806    -0.9194684933  0.5729302536   
103      I1         1.81565993     2.183767031    4.445073272    0.923528304    0.07153671873  5.122869491    2.932485685    2.627796108    0.929566737    0.8434119537   
104      I1         0.3160663151   1.472429143    3.864345957    0.4886333168   0.7478827292   1.29660512     3.465577129    1.669505124    -0.7177629824  0.5327646061   
105      I1         0.560579495    2.616901197    2.757161432    0.4492392441   0.7642913539   1.578773868    2.289991693    2.684413573    0.1850542123   0.3957002783   
106      I1         1.705715745    2.563298341    4.168659817    0.4016370178   0.1826518913   4.795533659    3.137885064    2.233698437    0.4362494302   0.6634072917   
107      I1         0.9430770165   1.780322116    4.436933425    0.9796379121   0.4543647245   2.017122039    2.624467616    1.748350872    0.2917252145   0.6386988994   
108      I1         0.7827219914   1.636726289    4.230808878    0.2285896653   0.6010431956   8.467556951    3.031821769    2.149753597    -0.3389840675  0.3775006444   
109      I1         0.39006213     1.46124774     3.01046998     0.7310735944   0.02994830241  1.047536079    2.741847042    1.547697423    0.3400876603   0.5126749179   
110      I1         1.52698874     1.543263755    2.881948345    0.1643987006   0.4426261578   6.138323028    3.132165863    2.102520866    -0.4658437404  0.9062892833   
111      I1         0.3079017367   2.536586003    4.481868748    0.3277216254   0.635782298    8.275041911    2.509134124    2.136717203    -0.07875822608 0.4864097272   
112      I1         0.7312023572   2.341796621    3.288925612    0.4088656905   0.6984740392   1.350039983    3.35050878     2.528967261    0.3634119407   0.8314451185   
113      I1         1.212039554    1.211651357    3.142220271    0.176803382    0.6946949651   8.404803086    2.132812231    1.14706787     0.797646994    0.7336247475   
114      I1         1.650778296    1.689175818    2.683784505    0.4766684494   0.7866513945   5.25479592     3.045809439    1.460711664    -0.04598332212 0.6934085789   
115      I1         1.889074199    2.232408175    2.50846943     0.06347138941  0.6400701768   9.262748823    2.448234045    2.081696223    0.08590025529  1.256208825    
116      I1         1.80153224     1.784465805    3.494053802    0.5010571741   0.6275969085   9.337788661    2.788280268    2.452680857    0.09931307681  1.244959097    
117      I1         0.4763555759   1.016417413    3.921895255    0.4723098789   0.2633067763   2.829426214    3.416664209    2.809252909    0.6988768292   0.3419177477   
118      I1         0.8045915082   2.402460187    4.274627782    0.9538877546   0.5218425283   2.339326773    2.811112494    2.991548843    0.02028824671  0.6976482629   
119      I1         0.3527387624   1.91308261     3.804717974    0.6347489478   0.3016913849   9.178860468    2.984476724    1.078406485    0.7337586344   0.621801247    
120      I1         0.8994731689   2.159405959    4.374945498    0.5279647682   0.4310794512   5.215779391    2.079643743    2.910728087    -0.9964827414  0.3619279086   
121      I1         1.256161827    1.857502393    3.46348914     0.6653043869   0.06669942403  9.1037054      2.425331668    2.21313609     0.2683133431   0.8399542678   
122      I1         1.29869262     2.030388091    2.738898102    0.2931131897   0.8236293767   4.472067808    2.491163347    1.301529781    -0.5814641335  0.6418839041   
123      I1         1.410844564    1.487714046    3.091685818    0.2525859039   0.07422057778  2.04783647     2.247390317    2.249181581    -0.8691781141  0.9709812705   
124      I1         0.7053730573   2.379669596    2.863816821    0.4681276703   0.1317473279   7.726871273    2.432846564    1.571707726    -0.12239111    0.4005003772   
125      I1         0.4353517743   1.061800788    3.1970064      0.6682522869   0.2299757445   7.715318932    2.753280665    2.84578239     -0.9737537166  0.5350712383   
126      I1         1.725021871    2.264217556    3.791282322    0.8494940825   0.1718932345   6.331887949    3.272496373    1.249947792    -0.5753005299  1.002682144    
127      I1         1.956024234    1.652709719    2.994224371    0.05664595001  0.151121497    9.005140482    3.234116317    2.767165204    -0.2116127157  1.400066455    
128      I1         1.389069653    2.133984655    3.317980748    0.7261567476   0.6440832183   6.197710501    2.376481905    2.207265161    -0.1589156199  0.8547548032   
129      I1         1.310744326    1.355304279    2.877630711    0.04281589581  0.77690164     2.245178107    2.699971824    1.051679375    -0.4187121487  0.4613627929   
130      I1         1.539037421    2.024084218    3.983472701    0.7997784599   0.1919118726   5.936447582    2.539085606    1.525514997    -0.327742305   0.6958223324   
131      I1         0.4585553439   1.196024326    4.285975636    0.9046503801   0.9345541318   7.787279063    3.222420058    1.954409868    0.9969983269   0.5459203336   
132      I1         1.438799716    1.293362253    2.708406625    0.8183059822   0.8610236011   7.267569472    2.476653034    1.768128524    0.1228202277   0.359348597    
133      I1         1.031815732    1.176044486    3.086598135    0.3825326016   0.5114201736   4.014965611    2.574602092    2.756426172    0.880275581    0.6681788254   
134      I1         0.7737662192   2.316377652    3.372267971    0.7672713686   0.5414871675   1.914269064    2.807571455    1.867388069    0.003047198458 0.4748870643   
135      I1         0.9112346406   1.756530424    3.103053777    0.4397966583   0.8643014036   6.513782869    2.665729907    1.851661149    -0.4747877953  0.4943139493   
136      I1         0.5219047772   2.604477542    2.66725301     0.9572451715   0.0188045118   2.551934855    2.782727792    1.967697304    -0.657610792   3.66371896     
137      I1         1.591137745    2.110709864    3.352611263    0.6610366424   0.8718494731   3.708607551    2.089913659    2.32639768     0.5664003658   1.073190379    
138      I1         0.6454610403   1.809580411    3.664249371    0.7913672041   0.2463200352   1.109917954    2.874736728    2.714241011    -0.7241374337  0.4467446797   
139      I1         0.8414370897   2.360140599    2.784622419    0.9076708301   0.1090620174   6.934065212    2.637682181    1.922580032    0.4418670729   0.9151872899   
140      I1         0.3810226623   1.039329499    4.152292324    0.7525369395   0.6585332783   0.3232059656   3.250058509    1.012569475    0.3910036011   0.6474904255   
141      I1         1.489386704    1.126281319    2.847328631    0.9335967232   0.7426657893   0.208209793    2.255777953    2.285025321    0.05913216204  0.4188614677   
142      I1         1.339681715    1.305017817    3.215936495    0.1715781143   0.8192303817   8.686609669    2.964948416    1.530288264    -0.2803450529  0.73341235     
143      I1         1.674092136    1.557022881    3.416947156    0.365279752    0.6859801251   0.1113407298   2.292991098    2.053165459    0.7219286014   1.140914923    
144      I1         1.443875061    2.663067641    3.327214513    0.8420744192   0.7583853412   4.967030822    2.122490574    2.878748266    0.9675773468   0.9196532484   
145      I1         1.992340235    1.506790343    4.313984944    0.5620416207   0.0289882697   7.20546421     3.147355481    1.398387064    0.5061690618   0.8677515518   
146      I1         1.696146187    1.318163841    3.713125202    0.8233939192   0.3786067364   4.106631229    2.592968645    2.773922028    -0.02687514233 0.9834252614   
147      I1         0.9287867655   1.339953079    3.940201022    0.2415289168   0.3635230936   4.621020402    2.225339973    1.806497099    0.2048374467   0.3609202633   
148      I1         1.823406715    2.197591557    3.735986787    0.541778606    0.9251221617   3.731313954    2.655863238    1.182156125    -0.4933385898  1.266158959    
149      I1         0.8252572498   2.000293527    3.852631937    0.09484864392  0.5879647622   0.8439711334   2.723569512    2.572660665    -0.8122212197  0.751356875    
150      I1         1.154517324    2.057175774    3.841892127    0.1211426688   0.5389951992   3.915869445    2.796420867    1.442730482    -0.276462482   0.7912296575   
151      I1         1.861285023    2.423392337    4.364753591    0.1321148206   0.7203558098   9.856190522    3.22353542     2.562848517    -0.6012457583  1.152909805    
152      I1         0.8771454601   2.652883391    2.600405533    0.08296031287  0.6777095541   3.394123053    2.364084773    2.002885718    -0.5283719544  0.7952903234   
153      I1         0.44767833     2.634228482    4.297784858    0.4131563162   0.08719938606  6.909899875    3.175552776    1.456392491    0.1769029316   0.7911968722   
154      I1         1.397354438    2.594635822    4.306825615    0.1381101293   0.1678155591   5.070087836    2.995370622    1.198765904    0.6362287025   0.8045557042   
155      I1         1.754165204    1.385725577    3.001275434    0.8731720152   0.49233943     6.776723139    3.085330001    1.034785166    0.9149408384   0.859301058    
156      I1         0.6630983557   1.418938544    3.177042209    0.8947151221   0.9654515445   2.417095971    2.861133096    2.547204467    -0.7677758341  1.125021575    
157      I1         1.805055113    2.037184526    2.854658815    0.7031796      0.09937325054  5.80948257     3.445543256    1.629563675    0.07668828648  0.8690242987   
158      I1         1.782005308    1.046126403    3.674731127    0.4276016541   0.7023414344   0.4232596352   2.21457862     2.112548551    -0.4317583209  1.056371106    
159      I1         1.98336308     1.476827842    3.527121202    0.03104441363  0.3976787274   1.655307686    2.600888884    2.97050153     0.2886603385   1.338340763    
160      I1         1.518373807    1.395823821    3.747975762    0.1476893845   0.5959419406   9.643499685    3.117524092    2.508984455    -0.8836972137  0.9319046242   
161      I1         1.891687544    1.141502574    3.918206436    0.9694566188   0.7716847948   9.915759666    3.006614667    1.333932804    -0.4574273089  1.099536719    
162      I1         0.3728256627   2.523376056    3.363630834    0.3003703613   0.6129824364   8.826475595    3.109160139    2.464125349    0.8081814212   0.9852987111   
163      I1         1.223180696    1.945292096    3.602551072    0.1097605279   0.544416591    5.526973876    2.894833942    1.049866595    0.2144989361   0.9901210797   
164      I1         1.23627656     2.45621537     2.544324651    0.7815431259   0.687578367    0.4799825509   2.003504532    2.906253323    -0.1620880015  0.2356104478   
165      I1         1.35883135     1.402946111    3.25662178     0.9304729949   0.2769640907   7.598144076    2.30147759     1.611051786    -0.5016754139  0.5899496979   
166      I1         0.789572542    2.278022308    2.644512462    0.6501463064   0.5334932255   2.584305403    3.016397112    1.486800229    0.1687194501   0.3003312448   
167      I1         1.008724434    2.145625973    3.592951777    0.5375843765   0.7372736794   3.326900484    3.074500405    1.776554718    -0.6270055646  0.8261150153   
168      I1         1.34845065     2.250487389    3.773679828    0.2022170083   0.8943826397   0.9808256413   2.154283284    2.259768528    0.9544200604   1.156783367    
169      I1         0.4957277127   1.641290698    2.982554117    0.7165018842   0.1898148325   8.658035885    2.094684614    2.479740193    0.4229395804   0.3677057602   
170      I1         0.6779745915   1.311800029    4.429994142    0.3882659227   0.2729843773   8.246207784    2.547527426    2.06842356     0.5709451081   0.5266261274   
171      I1         1.57691792     2.121766347    3.477901424    0.3576384864   0.041427187    5.440009602    3.362757273    1.387357021    0.5921997391   1.068188698    
172      I1         0.9905189919   2.286075393    2.745626434    0.6403466023   0.4776620772   9.694709661    3.455202101    2.335777621    -0.08814844138 0.3118578277   
173      I1         1.195757245    2.204986631    4.027680889    0.8533427611   0.754291487    0.7883891887   3.499652865    1.436515761    0.2204775822   0.4451956976   
174      I1         1.839793129    1.250427937    3.514350809    0.1755136478   0.05025664172  4.81531904     2.608831846    1.75126556     -0.2304116761  1.214452788    
175      I1         1.001251893    2.069102264    4.200932026    0.4927495471   0.9266990333   6.002778232    2.733473191    1.72272138     -0.003365763137 0.5881659731   
176      I1         1.158709209    2.07451978     4.199785706    0.1522689735   0.3508865161   8.590859009    2.498637464    1.31425145     -0.75217624    0.506448453    
177      I1         0.5788834067   1.901547742    3.706033907    0.7424456046   0.3536942089   7.140130212    2.395880913    1.473098479    -0.09102284916 0.4786336944   
178      I1         0.5964134953   1.497129676    3.568035854    0.4603745082   0.7983745614   2.099368541    2.199235293    1.128942869    0.8563867838   0.7692769874   
179      I1         1.638273917    2.56527134     3.266249106    0.9612380033   0.03605611256  9.036374273    2.716771406    1.673501397    0.9804134291   0.967481187    
180      I1         1.547070958    1.238174427    3.30779728     0.6784136961   0.9066224618   7.112600664    3.054512908    2.611612008    0.6069845997   0.8817044559   
181      I1         0.6734119334   1.89441514     3.451950994    0.04624513343  0.2451389809   6.983583116    3.421192404    2.370622828    -0.4896433121  0.9639619593   
182      I1         1.369271837    2.274721958    4.401371371    0.6304719765   0.7319429299   1.001748151    2.100899126    1.934124662    0.4952194916   0.5110382814   
183      I1         0.8612097478   1.263157119    3.242283537    0.9833121046   0.2101655837   5.760776018    2.672021295    2.483798056    -0.5348694626  0.6783606674   
184      I1         0.5328893243   1.549901358    4.343964989    0.7568711672   0.9796752624   6.452092482    2.835961198    1.200817661    0.2320113662   0.6457177897   
185      I1         1.763925888    1.189145543    4.107978047    0.18731588     0.3711483416   0.3541249756   2.415782122    1.213190567    0.2475080492   0.701663873    
186      I1         0.9869559751   1.712974657    2.792456384    0.713796795    0.8113767914   0.6736454139   2.958233829    1.551537265    -0.1164999219  0.6730264023   
187      I1         0.8102282188   1.672796838    2.672124427    0.6727332147   0.7654600043   2.95335473     3.485078948    1.288401825    0.3249958023   0.6064850754   
188      I1         0.5882173616   2.334124015    4.112339234    0.1991829632   0.265478951    0.9213748418   3.437383409    1.596500653    -0.03127474847 0.4199938827   
189      I1         1.453500029    2.581201481    3.343104422    0.9721338354   0.5057330862   2.691800039    3.402423041    2.532614329    -0.9801642794  0.6990433789   
190      I1         1.736972913    1.277543916    4.214466027    0.01145083127  0.1464932831   3.769961236    2.682769515    1.582927885    0.8310837253   1.069155291    
191      I1         1.20888945     2.05260005     2.941521391    0.7728527275   0.2590210574   8.097781065    2.923760093    1.164788993    0.1000512061   0.3358774055   
192      I1         0.5040713005   1.927909829    2.692654783    0.7223955554   0.7255757899   0.80618625     2.252829424    1.369836423    0.9056303865   0.3703384322   
193      I1         1.623598457    1.283430578    2.806236369    0.8135260645   0.3921249435   6.396943043    3.020126247    1.915158293    -0.6937307743  0.5361508235   
194      I1         1.607192346    1.986444153    3.827213992    0.2363858541   0.4843905536   7.653929643    3.150054206    2.658092867    0.5432330061   0.998244654    
195      I1         1.980969714    2.5130866      4.094441589    0.3225876825   0.9849853431   8.123806979    3.20066715     1.000652321    -0.8006003763  1.356375872    
196      I1         1.078928625    1.089384525    2.922492251    0.02480656156  0.4246184373   5.383896754    2.159388969    2.63125369     0.5259697562   0.7715038808   
197      I1         0.6022293771   2.369053499    3.134494032    0.3151516292   0.103980856    4.452162135    3.299645685    1.519325676    0.931356019    0.8058335419   
198      I1         1.182617716    1.819858956    3.331379779    0.1845211468   0.4610069183   8.004857896    2.865959897    2.356551835    -0.5502170901  1.03028288     
199      I1         1.501985263    2.68783041     3.810259928    0.5692604473   0.3121974203   9.446711023    2.021996147    1.680968676    0.5572359647   0.8835842124   
200      I1         0.6291513254   2.484996524    3.896774347    0.4510187388   0.6035568613   4.226906781    3.382570191    2.042769189    -0.06565029081 0.5528374396   
201      I1         1.233950617    1.010493827    2.709876543    0.4758024691   0.9839506173   9.938888889    3.416666667    1.061728395    -0.987654321   0.8614268509   
202      I1         0.9401234568   2.689506173    2.512345679    0.7056790123   0.4032098765   4.561111111    3.009259259    2.148148148    0.987654321    0.4029919455   
203      I1         1.233950617    2.689506173    2.734567901    0.8508641975   0.5483950617   4.561111111    3.342592593    2.12345679     -0.02469135802 0.2991347412   
204      I1         0.5413580247   2.689506173    2.537037037    0.584691358    0.330617284    0.1611111111   3.175925926    1.012345679    0.987654321    0.3735597291   
205      I1         1.066049383    2.689506173    2.759259259    0.669382716    0.6572839506   0.1611111111   2.583333333    2.987654321    -0.987654321   0.3034028007   
206      I1         1.212962963    2.689506173    2.734567901    0.7782716049   0.5120987654   9.938888889    2.490740741    2.345679012    -0.0987654321  0.2888473309   
207      I1         1.066049383    1.954938272    2.932098765    0.8750617284   0.330617284    0.1611111111   2.509259259    2.987654321    0.3209876543   0.4805462918   
208      I1         0.8351851852   2.689506173    2.561728395    0.5            0.6572839506   0.1611111111   2.490740741    1.432098765    -0.5185185185  0.2549220209   
209      I1         0.562345679    1.55617284     2.512345679    0.5483950617   0.2338271605   3.338888889    2.731481481    2.987654321    0.0987654321   0.3368825663   
210      I1         1.233950617    2.689506173    2.660493827    0.6572839506   0.7782716049   3.094444444    2.490740741    1.012345679    -0.5432098765  0.3375361419   
211      I1         1.233950617    1.870987654    2.685185185    0.5483950617   0.9839506173   0.1611111111   2.324074074    2.987654321    -0.5432098765  0.3594806342   
212      I1         0.9401234568   1.010493827    2.808641975    0.2580246914   0.9839506173   3.216666667    2.509259259    1.012345679    0              1.506080277    
213      I1         1.087037037    2.122839506    2.734567901    0.5241975309   0.6935802469   9.938888889    2.009259259    1.432098765    -0.987654321   0.4184297942   
214      I1         1.129012346    2.017901235    2.858024691    0.5967901235   0.4879012346   0.1611111111   2.953703704    2.567901235    -0.987654321   0.312530299    
215      I1         1.024074074    2.605555556    2.611111111    0.4516049383   0.669382716    3.338888889    3.490740741    2.197530864    0.3209876543   0.5202984271   
216      I1         1.15           2.122839506    2.759259259    0.5483950617   0.669382716    0.1611111111   3.490740741    1.135802469    -0.987654321   0.2954853024   
217      I1         1.212962963    1.891975309    2.734567901    0.5362962963   0.7661728395   9.938888889    2.990740741    1.012345679    0.0987654321   0.4083173963   
218      I1         1.359876543    2.227777778    2.586419753    0.8266666667   0.330617284    6.761111111    3.009259259    2.074074074    -0.3456790123  0.3059857066   
219      I1         0.7092592593   2.395679012    2.512345679    0.5120987654   0.4516049383   0.1611111111   2.990740741    2.469135802    -0.3456790123  0.2753138682   
220      I1         0.562345679    2.689506173    2.858024691    0.5            0.5483950617   0.1611111111   2.009259259    2.148148148    -0.987654321   0.3502521665   
221      I1         1.170987654    1.891975309    2.932098765    0.5483950617   0.3427160494   0.1611111111   2.009259259    1.012345679    -0.987654321   0.3717819374   
222      I1         1.422839506    1.178395062    4.487654321    0.8266666667   0.4637037037   0.1611111111   2.009259259    1.135802469    -0.5679012346  0.3728346277   
223      I1         0.5203703704   1.954938272    2.783950617    0.6209876543   0.3427160494   4.561111111    2.898148148    2.543209877    0.7407407407   0.320172906    
224      I1         1.191975309    2.332716049    2.561728395    0.7056790123   0.5362962963   0.1611111111   3.490740741    2.222222222    -0.5679012346  0.2385621739   
225      I1         1.066049383    1.010493827    4.487654321    0.669382716    0.3427160494   0.1611111111   2.009259259    1.135802469    -0.7901234568  0.8027658772   
226      I1         0.6672839506   1.766049383    2.932098765    0.5483950617   0.4032098765   3.461111111    2.157407407    2.987654321    -0.987654321   0.4122616806   
227      I1         1.212962963    1.199382716    2.907407407    0.415308642    0.9839506173   9.938888889    2.712962963    2.987654321    0.2222222222   0.4067775133   
228      I1         1.170987654    2.14382716     2.808641975    0.7903703704   0.6572839506   1.627777778    2.990740741    2.790123457    -0.987654321   0.2820240645   
229      I1         1.15           1.577160494    2.858024691    0.4637037037   0.8750617284   1.261111111    3.490740741    2.320987654    -0.5679012346  0.3281950265   
230      I1         0.6672839506   2.647530864    2.512345679    0.5120987654   0.669382716    6.272222222    2.009259259    1.580246914    -0.3456790123  0.3729050794   
231      I1         0.8141975309   2.689506173    2.635802469    0.5967901235   0.1128395062   0.1611111111   3.453703704    1.679012346    -0.3456790123  0.2892594597   
232      I1         1.108024691    1.933950617    2.734567901    0.5            0.6572839506   0.1611111111   2.75           1.654320988    -0.5925925926  0.290498334    
233      I1         0.7512345679   1.178395062    4.117283951    0.1491358025   0.8871604938   0.1611111111   2.953703704    1.012345679    -0.3209876543  0.4518628091   
234      I1         0.8771604938   2.206790123    3.845679012    0.8871604938   0.330617284    0.1611111111   2.490740741    1.432098765    0.987654321    0.6139702298   
235      I1         1.29691358     2.500617284    4.487654321    0.669382716    0.01604938272  0.1611111111   2.675925926    1.209876543    -0.987654321   0.542177681    
236      I1         1.212962963    1.808024691    4.166666667    0.8871604938   0.4758024691   6.761111111    2.009259259    1.012345679    -0.7654320988  0.3889532481   
237      I1         1.15           2.206790123    2.561728395    0.7419753086   0.5120987654   6.761111111    2.009259259    1.654320988    -0.5925925926  0.2941403356   
238      I1         1.338888889    2.122839506    4.462962963    0.4637037037   0.01604938272  3.338888889    3.009259259    1.901234568    -0.2962962963  0.5758827596   
239      I1         0.8771604938   1.577160494    3.62345679     0.8871604938   0.5483950617   0.1611111111   2.509259259    1.012345679    -0.7901234568  0.4464046613   
240      I1         1.191975309    1.766049383    2.932098765    0.5            0.5967901235   5.905555556    2.490740741    2.790123457    -0.1728395062  0.5664992905   
241      I1         1.066049383    1.745061728    4.067901235    0.9597530864   0.9839506173   0.1611111111   2.490740741    2.617283951    -0.5432098765  0.4649919664   
242      I1         1.29691358     2.269753086    4.487654321    0.862962963    0.5362962963   9.938888889    2.490740741    2.790123457    -0.7901234568  0.3269666589   
243      I1         1.066049383    1.55617284     4.067901235    0.8266666667   0.5483950617   9.938888889    3.342592593    2.987654321    -0.987654321   0.3960365565   
244      I1         1.170987654    2.206790123    2.660493827    0.7177777778   0.5120987654   9.938888889    2.898148148    2.320987654    -0.7901234568  0.3134147103   
245      I1         1.233950617    2.521604938    2.734567901    0.8145679012   0.4395061728   0.1611111111   2.009259259    1.901234568    -0.5679012346  0.3682970393   
246      I1         1.170987654    2.206790123    2.734567901    0.8387654321   0.584691358    9.938888889    3.490740741    2.987654321    -0.3456790123  0.3423815586   
247      I1         0.5203703704   1.178395062    4.018518519    0.05234567901  0.2217283951   3.461111111    3.490740741    2.148148148    0.987654321    0.4599406341   
248      I1         0.7932098765   1.010493827    4.141975309    0.4879012346   0.669382716    0.1611111111   3.490740741    2.567901235    0.987654321    0.4648388493   
249      I1         1.359876543    2.521604938    4.487654321    0.8387654321   0.4516049383   0.1611111111   2.009259259    2.345679012    -0.7901234568  0.302243586    
250      I1         0.5203703704   1.55617284     4.240740741    0.08864197531  0.330617284    5.661111111    3.490740741    1.654320988    0.07407407407  0.5852442816   
251      I1         1.15           2.689506173    4.487654321    0.7903703704   0.6572839506   0.1611111111   2.009259259    2.987654321    -0.3456790123  0.2923683098   
252      I1         1.15           2.416666667    4.487654321    0.8145679012   0.9234567901   9.938888889    2.009259259    1.75308642     -0.3456790123  0.3457079343   
253      I1         1.170987654    2.269753086    4.265432099    0.8508641975   0.6572839506   0.1611111111   2.157407407    2.790123457    -0.987654321   0.3278411503   
254      I1         0.9401234568   2.689506173    4.487654321    0.669382716    0.330617284    9.938888889    2.509259259    2.320987654    -0.3456790123  0.4825028355   
255      I1         0.8981481481   2.14382716     3.549382716    0.862962963    0.6572839506   9.938888889    3.009259259    2.987654321    -0.7901234568  0.5678474041   
256      I1         0.5833333333   1.367283951    4.043209877    0.5725925926   0.2217283951   1.75           3.009259259    2.987654321    -0.1975308642  0.4349239661   
257      I1         0.5203703704   1.55617284     3.524691358    0.7782716049   0.330617284    0.1611111111   2.009259259    2.345679012    0.9382716049   0.6484756558   
258      I1         1.233950617    1.367283951    4.265432099    0.8750617284   0.7782716049   3.827777778    2.009259259    2.790123457    -0.1975308642  0.3633732684   
259      I1         1.15           2.689506173    4.240740741    0.7177777778   0.4395061728   5.294444444    3.490740741    2.987654321    -0.5185185185  0.3119522142   
260      I1         1.108024691    1.010493827    4.240740741    0.4516049383   0.2217283951   9.938888889    2.009259259    2.345679012    -0.987654321   0.3671024446   
261      I1         0.6882716049   1.010493827    4.018518519    0.2822222222   0.330617284    3.338888889    2.490740741    1.012345679    0.987654321    0.3825970056   
262      I1         1.338888889    2.521604938    4.487654321    0.8266666667   0.4879012346   4.561111111    2.157407407    2.345679012    -0.1234567901  0.2855548935   
263      I1         0.8981481481   1.199382716    4.067901235    0.4637037037   0.01604938272  3.338888889    2.009259259    2.345679012    0.3209876543   0.2775726049   
264      I1         1.254938272    1.178395062    4.067901235    0.6088888889   0.02814814815  3.338888889    3.490740741    2.987654321    -0.987654321   0.3015480795   
265      I1         1.066049383    1.55617284     4.117283951    0.5967901235   0.01604938272  3.338888889    3.490740741    2.320987654    0.3209876543   0.2156664873   
266      I1         0.9611111111   1.55617284     4.067901235    0.5362962963   0.01604938272  3.338888889    3.490740741    2.444444444    -0.987654321   0.3161391277   
267      I1         1.129012346    1.55617284     4.141975309    0.584691358    0.01604938272  3.338888889    2.009259259    2.987654321    -0.07407407407 0.3338985199   
268      I1         1.29691358     1.933950617    4.388888889    0.862962963    0.669382716    2.483333333    3.490740741    2.12345679     -0.5679012346  0.3315299416   
269      I1         0.9611111111   2.689506173    4.240740741    0.7298765432   0.6209876543   3.461111111    2.009259259    2.444444444    0.3209876543   0.3001801608   
270      I1         1.170987654    2.689506173    4.339506173    0.8750617284   0.5483950617   4.927777778    2.009259259    2.345679012    -0.1975308642  0.3221112777   
271      I1         0.9191358025   1.55617284     4.216049383    0.669382716    0.4516049383   4.805555556    3.490740741    2.345679012    0.987654321    0.4218580441   
272      I1         0.7302469136   1.010493827    3.820987654    0.3911111111   0.330617284    6.027777778    3.490740741    2.345679012    0.2222222222   0.397349794    
273      I1         1.129012346    1.010493827    4.067901235    0.669382716    0.1249382716   0.1611111111   3.157407407    2              0.1234567901   0.2351933895   
274      I1         1.066049383    1.954938272    4.092592593    0.6814814815   0.01604938272  0.1611111111   2.990740741    2.222222222    0.0987654321   0.2652436418   
275      I1         1.233950617    1.010493827    4.141975309    0.669382716    0.1249382716   9.938888889    3.490740741    2.271604938    -0.0987654321  0.267043918    
276      I1         1.066049383    1.010493827    3.87037037     0.7782716049   0.04024691358  2.238888889    3.490740741    2.320987654    -0.3209876543  0.3894601084   
277      I1         1.422839506    1.010493827    4.487654321    0.8871604938   0.5604938272   0.1611111111   2.509259259    1.209876543    0.3209876543   0.4109036347   
278      I1         1.108024691    1.891975309    4.141975309    0.7540740741   0.5483950617   3.338888889    2.490740741    2.320987654    -0.3209876543  0.3454700382   
279      I1         1.29691358     1.010493827    4.117283951    0.4637037037   0.01604938272  0.1611111111   3.342592593    1.037037037    0.2222222222   0.2651048368   
280      I1         0.8351851852   2.689506173    2.759259259    0.5120987654   0.6572839506   6.761111111    3.490740741    2.345679012    -0.9382716049  0.3964152632   
281      I1         0.8771604938   1.55617284     4.092592593    0.3911111111   0.01604938272  0.1611111111   3.490740741    1.012345679    0.0987654321   0.3705880148   
282      I1         1.317901235    1.010493827    4.067901235    0.6088888889   0.01604938272  1.872222222    3.490740741    1.432098765    -0.3456790123  0.2947474254   
283      I1         0.9401234568   2.689506173    4.092592593    0.6088888889   0.1249382716   0.1611111111   3.490740741    2.567901235    -0.3456790123  0.3090210998   
284      I1         1.401851852    1.010493827    4.216049383    0.4758024691   0.415308642    0.1611111111   3.490740741    2.345679012    -0.987654321   0.2505693912   
285      I1         1.170987654    1.010493827    4.166666667    0.5            0.4637037037   0.1611111111   3.490740741    2.345679012    -0.987654321   0.2843529758   
286      I1         1.191975309    2.689506173    4.240740741    0.5362962963   0.330617284    0.1611111111   3.490740741    2.543209877    -0.987654321   0.2194769711   
287      I1         1.066049383    2.689506173    4.265432099    0.3790123457   0.330617284    3.338888889    3.490740741    1.012345679    -0.987654321   0.3052564635   
288      I1         1.422839506    1.010493827    4.265432099    0.5            0.01604938272  0.1611111111   2.009259259    1.654320988    0.987654321    0.5487102963   
289      I1         1.275925926    1.010493827    4.092592593    0.4637037037   0.2338271605   9.938888889    3.490740741    1.901234568    -0.1728395062  0.3175845018   
290      I1         1.275925926    1.577160494    4.240740741    0.3911111111   0.330617284    0.1611111111   3.490740741    1.012345679    -0.987654321   0.2640870358   
291      I1         1.087037037    2.689506173    4.240740741    0.4879012346   0.2217283951   0.1611111111   2.009259259    1.654320988    -0.987654321   0.2842687381   
292      I1         1.275925926    2.14382716     4.191358025    0.5            0.04024691358  0.1611111111   3.490740741    2.790123457    -0.987654321   0.4275922903   
293      I1         1.170987654    1.010493827    4.314814815    0.2943209877   0.7903703704   8.961111111    3.009259259    1.012345679    -0.987654321   0.3576028362   
294      I1         0.4783950617   2.14382716     2.709876543    0.5483950617   0.1249382716   0.1611111111   2.009259259    1.654320988    0.3209876543   0.2562145883   
295      I1         0.8351851852   2.122839506    2.512345679    0.5483950617   0.2217283951   0.1611111111   3.009259259    1.87654321     -0.987654321   0.2527510369   
296      I1         0.3734567901   1.745061728    2.685185185    0.4758024691   0.06444444444  0.1611111111   3.009259259    2.320987654    -0.3456790123  0.456987242    
297      I1         0.7722222222   1.010493827    3.327160494    0.6572839506   0.330617284    0.1611111111   2.490740741    2.320987654    -0.987654321   0.3933374039   
298      I1         1.569753086    1.010493827    4.290123457    0.415308642    0.330617284    0.1611111111   3.12037037     1.012345679    -0.987654321   0.3560161544   
299      I1         1.338888889    1.010493827    4.191358025    0.5120987654   0.330617284    6.761111111    3.490740741    1.432098765    -0.987654321   0.2913462082   
300      I1         1.15           2.689506173    4.240740741    0.5604938272   0.330617284    6.761111111    3.490740741    1.654320988    -0.987654321   0.2815041959   
%eval_id interface log__t_efold_shallow log__t_efold_soil log__t_efold_karst f_exfiltration_shallow f_exfiltration_soil PDD_melt_factor log__Hmax_shallow log__fdd_threshold log__routing_K neg_kge        
301      I1         1.066049383    1.55617284     4.117283951    0.5967901235   0.01604938272  3.338888889    3.490740741    2.320987654    0.3209876543   0.2156664873   
302      I1         1.236049383    1.55617284     4.117283951    0.5967901235   0.01604938272  3.338888889    3.490740741    2.320987654    0.3209876543   0.239490956    
303      I1         1.066049383    1.72617284     4.117283951    0.5967901235   0.01604938272  3.338888889    3.490740741    2.320987654    0.3209876543   0.2156159257   
304      I1         1.066049383    1.55617284     4.317283951    0.5967901235   0.01604938272  3.338888889    3.490740741    2.320987654    0.3209876543   0.4110788827   
305      I1         1.066049383    1.55617284     4.117283951    0.6947901235   0.01604938272  3.338888889    3.490740741    2.320987654    0.3209876543   0.2225645495   
306      I1         1.066049383    1.55617284     4.117283951    0.5967901235   0.1140493827   3.338888889    3.490740741    2.320987654    0.3209876543   0.2116931744   
307      I1         1.066049383    1.55617284     4.117283951    0.5967901235   0.01604938272  4.328888889    3.490740741    2.320987654    0.3209876543   0.2185766592   
308      I1         1.066049383    1.55617284     4.117283951    0.5967901235   0.01604938272  3.338888889    3.490740741    2.520987654    0.3209876543   0.2262132346   
309      I1         1.066049383    1.55617284     4.117283951    0.5967901235   0.01604938272  3.338888889    3.490740741    2.320987654    0.5209876543   0.2269612569   
310      I1         0.8960493827   1.55617284     4.117283951    0.5967901235   0.01604938272  3.338888889    3.490740741    2.320987654    0.3209876543   0.2659795923   
311      I1         1.066049383    1.38617284     4.117283951    0.5967901235   0.01604938272  3.338888889    3.490740741    2.320987654    0.3209876543   0.2157727561   
312      I1         1.066049383    1.55617284     3.917283951    0.5967901235   0.01604938272  3.338888889    3.490740741    2.320987654    0.3209876543   0.3407366833   
313      I1         1.066049383    1.55617284     4.117283951    0.4987901235   0.01604938272  3.338888889    3.490740741    2.320987654    0.3209876543   0.2662901182   
314      I1         1.066049383    1.55617284     4.117283951    0.5967901235   0.01604938272  2.348888889    3.490740741    2.320987654    0.3209876543   0.2128877791   
315      I1         1.066049383    1.55617284     4.117283951    0.5967901235   0.01604938272  3.338888889    3.340740741    2.320987654    0.3209876543   0.2156664873   
316      I1         1.066049383    1.55617284     4.117283951    0.5967901235   0.01604938272  3.338888889    3.490740741    2.120987654    0.3209876543   0.2087483301   
317      I1         1.066049383    1.55617284     4.117283951    0.5967901235   0.01604938272  3.338888889    3.490740741    2.320987654    0.1209876543   0.2250897748   
318      I1         1.151049383    1.55617284     4.117283951    0.5967901235   0.01604938272  3.338888889    3.490740741    2.320987654    0.3209876543   0.2169957196   
319      I1         1.066049383    1.64117284     4.117283951    0.5967901235   0.01604938272  3.338888889    3.490740741    2.320987654    0.3209876543   0.2156305842   
320      I1         1.066049383    1.55617284     4.217283951    0.5967901235   0.01604938272  3.338888889    3.490740741    2.320987654    0.3209876543   0.2914112073   
321      I1         1.066049383    1.55617284     4.117283951    0.6457901235   0.01604938272  3.338888889    3.490740741    2.320987654    0.3209876543   0.212360293    
322      I1         1.066049383    1.55617284     4.117283951    0.5967901235   0.06504938272  3.338888889    3.490740741    2.320987654    0.3209876543   0.2113703202   
323      I1         1.066049383    1.55617284     4.117283951    0.5967901235   0.01604938272  3.833888889    3.490740741    2.320987654    0.3209876543   0.2169625039   
324      I1         1.066049383    1.55617284     4.117283951    0.5967901235   0.01604938272  3.338888889    3.490740741    2.420987654    0.3209876543   0.2194891484   
325      I1         1.066049383    1.55617284     4.117283951    0.5967901235   0.01604938272  3.338888889    3.490740741    2.320987654    0.4209876543   0.2181228787   
326      I1         0.9810493827   1.55617284     4.117283951    0.5967901235   0.01604938272  3.338888889    3.490740741    2.320987654    0.3209876543   0.2343402082   
327      I1         1.066049383    1.47117284     4.117283951    0.5967901235   0.01604938272  3.338888889    3.490740741    2.320987654    0.3209876543   0.2157171236   
328      I1         1.066049383    1.55617284     4.017283951    0.5967901235   0.01604938272  3.338888889    3.490740741    2.320987654    0.3209876543   0.2397466307   
329      I1         1.066049383    1.55617284     4.117283951    0.5477901235   0.01604938272  3.338888889    3.490740741    2.320987654    0.3209876543   0.2339374006   
330      I1         1.066049383    1.55617284     4.117283951    0.5967901235   0.01604938272  2.843888889    3.490740741    2.320987654    0.3209876543   0.2142708968   
331      I1         1.066049383    1.55617284     4.117283951    0.5967901235   0.01604938272  3.338888889    3.415740741    2.320987654    0.3209876543   0.2156664873   
332      I1         1.066049383    1.55617284     4.117283951    0.5967901235   0.01604938272  3.338888889    3.490740741    2.220987654    0.3209876543   0.212075562    
333      I1         1.066049383    1.55617284     4.117283951    0.5967901235   0.01604938272  3.338888889    3.490740741    2.320987654    0.2209876543   0.2184676217   
334      I1         1.151049383    1.55617284     4.117283951    0.5967901235   0.06504938272  3.338888889    3.490740741    2.320987654    0.3209876543   0.2184646714   
335      I1         1.066049383    1.64117284     4.117283951    0.5967901235   0.06504938272  3.338888889    3.490740741    2.320987654    0.3209876543   0.2112958377   
336      I1         1.066049383    1.55617284     4.217283951    0.5967901235   0.06504938272  3.338888889    3.490740741    2.320987654    0.3209876543   0.26887782     
337      I1         1.066049383    1.55617284     4.117283951    0.6457901235   0.06504938272  3.338888889    3.490740741    2.320987654    0.3209876543   0.2134228845   
338      I1         1.066049383    1.55617284     4.117283951    0.5967901235   0.06504938272  3.833888889    3.490740741    2.320987654    0.3209876543   0.2133170254   
339      I1         1.066049383    1.55617284     4.117283951    0.5967901235   0.06504938272  3.338888889    3.490740741    2.420987654    0.3209876543   0.2142150878   
340      I1         1.066049383    1.55617284     4.117283951    0.5967901235   0.06504938272  3.338888889    3.490740741    2.320987654    0.4209876543   0.2163349164   
341      I1         0.9810493827   1.55617284     4.117283951    0.5967901235   0.06504938272  3.338888889    3.490740741    2.320987654    0.3209876543   0.2241922639   
342      I1         1.066049383    1.47117284     4.117283951    0.5967901235   0.06504938272  3.338888889    3.490740741    2.320987654    0.3209876543   0.2114854766   
343      I1         1.066049383    1.55617284     4.017283951    0.5967901235   0.06504938272  3.338888889    3.490740741    2.320987654    0.3209876543   0.2514633991   
344      I1         1.066049383    1.55617284     4.117283951    0.5477901235   0.06504938272  3.338888889    3.490740741    2.320987654    0.3209876543   0.2225870435   
345      I1         1.066049383    1.55617284     4.117283951    0.5967901235   0.01604938272  3.338888889    3.490740741    2.320987654    0.3209876543   0.2156664873   
346      I1         1.066049383    1.55617284     4.117283951    0.5967901235   0.06504938272  2.843888889    3.490740741    2.320987654    0.3209876543   0.2093051019   
347      I1         1.066049383    1.55617284     4.117283951    0.5967901235   0.06504938272  3.338888889    3.415740741    2.320987654    0.3209876543   0.2113703202   
348      I1         1.066049383    1.55617284     4.117283951    0.5967901235   0.06504938272  3.338888889    3.490740741    2.220987654    0.3209876543   0.2087006148   
349      I1         1.066049383    1.55617284     4.117283951    0.5967901235   0.06504938272  3.338888889    3.490740741    2.320987654    0.2209876543   0.2120122657   
350      I1         1.151049383    1.55617284     4.117283951    0.5967901235   0.06504938272  3.338888889    3.490740741    2.220987654    0.3209876543   0.2167311866   
351      I1         1.066049383    1.64117284     4.117283951    0.5967901235   0.06504938272  3.338888889    3.490740741    2.220987654    0.3209876543   0.2086708073   
352      I1         1.066049383    1.55617284     4.217283951    0.5967901235   0.06504938272  3.338888889    3.490740741    2.220987654    0.3209876543   0.2630660843   
353      I1         1.066049383    1.55617284     4.117283951    0.6457901235   0.06504938272  3.338888889    3.490740741    2.220987654    0.3209876543   0.2122038696   
354      I1         1.066049383    1.55617284     4.117283951    0.5967901235   0.1140493827   3.338888889    3.490740741    2.220987654    0.3209876543   0.2098613192   
355      I1         1.066049383    1.55617284     4.117283951    0.5967901235   0.06504938272  3.833888889    3.490740741    2.220987654    0.3209876543   0.2110040496   
356      I1         1.066049383    1.55617284     4.117283951    0.5967901235   0.06504938272  3.338888889    3.490740741    2.220987654    0.4209876543   0.2139677076   
357      I1         0.9810493827   1.55617284     4.117283951    0.5967901235   0.06504938272  3.338888889    3.490740741    2.220987654    0.3209876543   0.2211920781   
358      I1         1.066049383    1.47117284     4.117283951    0.5967901235   0.06504938272  3.338888889    3.490740741    2.220987654    0.3209876543   0.2087619671   
359      I1         1.066049383    1.55617284     4.017283951    0.5967901235   0.06504938272  3.338888889    3.490740741    2.220987654    0.3209876543   0.2516261582   
360      I1         1.066049383    1.55617284     4.117283951    0.5477901235   0.06504938272  3.338888889    3.490740741    2.220987654    0.3209876543   0.2182233142   
361      I1         1.066049383    1.55617284     4.117283951    0.5967901235   0.01604938272  3.338888889    3.490740741    2.220987654    0.3209876543   0.212075562    
362      I1         1.066049383    1.55617284     4.117283951    0.5967901235   0.06504938272  2.843888889    3.490740741    2.220987654    0.3209876543   0.2065002954   
363      I1         1.066049383    1.55617284     4.117283951    0.5967901235   0.06504938272  3.338888889    3.415740741    2.220987654    0.3209876543   0.2087006148   
364      I1         1.066049383    1.55617284     4.117283951    0.5967901235   0.06504938272  3.338888889    3.490740741    2.120987654    0.3209876543   0.2072261732   
365      I1         1.066049383    1.55617284     4.117283951    0.5967901235   0.06504938272  3.338888889    3.490740741    2.220987654    0.2209876543   0.2091766426   
366      I1         1.108549383    1.55617284     4.117283951    0.5967901235   0.06504938272  3.338888889    3.490740741    2.220987654    0.3209876543   0.2100514901   
367      I1         1.066049383    1.59867284     4.117283951    0.5967901235   0.06504938272  3.338888889    3.490740741    2.220987654    0.3209876543   0.2086844981   
368      I1         1.066049383    1.55617284     4.167283951    0.5967901235   0.06504938272  3.338888889    3.490740741    2.220987654    0.3209876543   0.2254366469   
369      I1         1.066049383    1.55617284     4.117283951    0.6212901235   0.06504938272  3.338888889    3.490740741    2.220987654    0.3209876543   0.2089229358   
370      I1         1.066049383    1.55617284     4.117283951    0.5967901235   0.08954938272  3.338888889    3.490740741    2.220987654    0.3209876543   0.2087387296   
371      I1         1.066049383    1.55617284     4.117283951    0.5967901235   0.06504938272  3.586388889    3.490740741    2.220987654    0.3209876543   0.2097143121   
372      I1         1.066049383    1.55617284     4.117283951    0.5967901235   0.06504938272  3.338888889    3.490740741    2.270987654    0.3209876543   0.2099308142   
373      I1         1.066049383    1.55617284     4.117283951    0.5967901235   0.06504938272  3.338888889    3.490740741    2.220987654    0.3709876543   0.2105473755   
374      I1         1.023549383    1.55617284     4.117283951    0.5967901235   0.06504938272  3.338888889    3.490740741    2.220987654    0.3209876543   0.212613438    
375      I1         1.066049383    1.51367284     4.117283951    0.5967901235   0.06504938272  3.338888889    3.490740741    2.220987654    0.3209876543   0.208726153    
376      I1         1.066049383    1.55617284     4.067283951    0.5967901235   0.06504938272  3.338888889    3.490740741    2.220987654    0.3209876543   0.2184573994   
377      I1         1.066049383    1.55617284     4.117283951    0.5722901235   0.06504938272  3.338888889    3.490740741    2.220987654    0.3209876543   0.2117664643   
378      I1         1.066049383    1.55617284     4.117283951    0.5967901235   0.04054938272  3.338888889    3.490740741    2.220987654    0.3209876543   0.2098001536   
379      I1         1.066049383    1.55617284     4.117283951    0.5967901235   0.06504938272  3.091388889    3.490740741    2.220987654    0.3209876543   0.2077291661   
380      I1         1.066049383    1.55617284     4.117283951    0.5967901235   0.06504938272  3.338888889    3.453240741    2.220987654    0.3209876543   0.2087006148   
381      I1         1.066049383    1.55617284     4.117283951    0.5967901235   0.06504938272  3.338888889    3.490740741    2.170987654    0.3209876543   0.2067302782   
382      I1         1.066049383    1.55617284     4.117283951    0.5967901235   0.06504938272  3.338888889    3.490740741    2.220987654    0.2709876543   0.2082968232   
383      I1         1.108549383    1.55617284     4.117283951    0.5967901235   0.06504938272  3.338888889    3.490740741    2.170987654    0.3209876543   0.2091287951   
384      I1         1.066049383    1.59867284     4.117283951    0.5967901235   0.06504938272  3.338888889    3.490740741    2.170987654    0.3209876543   0.206794398    
385      I1         1.066049383    1.55617284     4.167283951    0.5967901235   0.06504938272  3.338888889    3.490740741    2.170987654    0.3209876543   0.2209014689   
386      I1         1.066049383    1.55617284     4.117283951    0.6212901235   0.06504938272  3.338888889    3.490740741    2.170987654    0.3209876543   0.2072026413   
387      I1         1.066049383    1.55617284     4.117283951    0.5967901235   0.08954938272  3.338888889    3.490740741    2.170987654    0.3209876543   0.2072093182   
388      I1         1.066049383    1.55617284     4.117283951    0.5967901235   0.06504938272  3.586388889    3.490740741    2.170987654    0.3209876543   0.2078537248   
389      I1         1.066049383    1.55617284     4.117283951    0.5967901235   0.06504938272  3.338888889    3.490740741    2.170987654    0.3709876543   0.2087323143   
390      I1         1.023549383    1.55617284     4.117283951    0.5967901235   0.06504938272  3.338888889    3.490740741    2.170987654    0.3209876543   0.2097053461   
391      I1         1.066049383    1.51367284     4.117283951    0.5967901235   0.06504938272  3.338888889    3.490740741    2.170987654    0.3209876543   0.2066776474   
392      I1         1.066049383    1.55617284     4.067283951    0.5967901235   0.06504938272  3.338888889    3.490740741    2.170987654    0.3209876543   0.219071502    
393      I1         1.066049383    1.55617284     4.117283951    0.5722901235   0.06504938272  3.338888889    3.490740741    2.170987654    0.3209876543   0.209544339    
394      I1         1.066049383    1.55617284     4.117283951    0.5967901235   0.04054938272  3.338888889    3.490740741    2.170987654    0.3209876543   0.2073612824   
395      I1         1.066049383    1.55617284     4.117283951    0.5967901235   0.06504938272  3.091388889    3.490740741    2.170987654    0.3209876543   0.2056445744   
396      I1         1.066049383    1.55617284     4.117283951    0.5967901235   0.06504938272  3.338888889    3.453240741    2.170987654    0.3209876543   0.2067302782   
397      I1         1.066049383    1.55617284     4.117283951    0.5967901235   0.06504938272  3.338888889    3.490740741    2.120987654    0.3209876543   0.2072261732   
398      I1         1.066049383    1.55617284     4.117283951    0.5967901235   0.06504938272  3.338888889    3.490740741    2.170987654    0.2709876543   0.206207522    
399      I1         1.108549383    1.55617284     4.117283951    0.5967901235   0.06504938272  3.091388889    3.490740741    2.170987654    0.3209876543   0.2077016626   
400      I1         1.066049383    1.59867284     4.117283951    0.5967901235   0.06504938272  3.091388889    3.490740741    2.170987654    0.3209876543   0.2056815607   
401      I1         1.066049383    1.55617284     4.167283951    0.5967901235   0.06504938272  3.091388889    3.490740741    2.170987654    0.3209876543   0.220837005    
402      I1         1.066049383    1.55617284     4.117283951    0.6212901235   0.06504938272  3.091388889    3.490740741    2.170987654    0.3209876543   0.2060705806   
403      I1         1.066049383    1.55617284     4.117283951    0.5967901235   0.08954938272  3.091388889    3.490740741    2.170987654    0.3209876543   0.205966835    
404      I1         1.066049383    1.55617284     4.117283951    0.5967901235   0.06504938272  3.091388889    3.490740741    2.170987654    0.3709876543   0.2075520625   
405      I1         1.023549383    1.55617284     4.117283951    0.5967901235   0.06504938272  3.091388889    3.490740741    2.170987654    0.3209876543   0.2089790068   
406      I1         1.066049383    1.51367284     4.117283951    0.5967901235   0.06504938272  3.091388889    3.490740741    2.170987654    0.3209876543   0.2056185543   
407      I1         1.066049383    1.55617284     4.067283951    0.5967901235   0.06504938272  3.091388889    3.490740741    2.170987654    0.3209876543   0.2171671882   
408      I1         1.066049383    1.55617284     4.117283951    0.5722901235   0.06504938272  3.091388889    3.490740741    2.170987654    0.3209876543   0.2085273048   
409      I1         1.066049383    1.55617284     4.117283951    0.5967901235   0.04054938272  3.091388889    3.490740741    2.170987654    0.3209876543   0.2064417026   
410      I1         1.066049383    1.55617284     4.117283951    0.5967901235   0.06504938272  2.843888889    3.490740741    2.170987654    0.3209876543   0.2043234615   
411      I1         1.066049383    1.55617284     4.117283951    0.5967901235   0.06504938272  3.091388889    3.453240741    2.170987654    0.3209876543   0.2056445744   
412      I1         1.066049383    1.55617284     4.117283951    0.5967901235   0.06504938272  3.091388889    3.490740741    2.120987654    0.3209876543   0.2060541523   
413      I1         1.066049383    1.55617284     4.117283951    0.5967901235   0.06504938272  3.091388889    3.490740741    2.170987654    0.2709876543   0.2052135496   
414      I1         1.108549383    1.55617284     4.117283951    0.5967901235   0.06504938272  2.843888889    3.490740741    2.170987654    0.3209876543   0.2061306029   
415      I1         1.066049383    1.59867284     4.117283951    0.5967901235   0.06504938272  2.843888889    3.490740741    2.170987654    0.3209876543   0.2043390502   
416      I1         1.066049383    1.55617284     4.167283951    0.5967901235   0.06504938272  2.843888889    3.490740741    2.170987654    0.3209876543   0.2203858128   
417      I1         1.066049383    1.55617284     4.117283951    0.6212901235   0.06504938272  2.843888889    3.490740741    2.170987654    0.3209876543   0.2046840656   
418      I1         1.066049383    1.55617284     4.117283951    0.5967901235   0.08954938272  2.843888889    3.490740741    2.170987654    0.3209876543   0.2045096944   
419      I1         1.066049383    1.55617284     4.117283951    0.5967901235   0.06504938272  2.843888889    3.490740741    2.170987654    0.3709876543   0.2061352798   
420      I1         1.023549383    1.55617284     4.117283951    0.5967901235   0.06504938272  2.843888889    3.490740741    2.170987654    0.3209876543   0.2079198105   
421      I1         1.066049383    1.51367284     4.117283951    0.5967901235   0.06504938272  2.843888889    3.490740741    2.170987654    0.3209876543   0.204318518    
422      I1         1.066049383    1.55617284     4.067283951    0.5967901235   0.06504938272  2.843888889    3.490740741    2.170987654    0.3209876543   0.2151870272   
423      I1         1.066049383    1.55617284     4.117283951    0.5722901235   0.06504938272  2.843888889    3.490740741    2.170987654    0.3209876543   0.2072937641   
424      I1         1.066049383    1.55617284     4.117283951    0.5967901235   0.04054938272  2.843888889    3.490740741    2.170987654    0.3209876543   0.2052655131   
425      I1         1.066049383    1.55617284     4.117283951    0.5967901235   0.06504938272  2.596388889    3.490740741    2.170987654    0.3209876543   0.2030601384   
426      I1         1.066049383    1.55617284     4.117283951    0.5967901235   0.06504938272  2.843888889    3.453240741    2.170987654    0.3209876543   0.2043234615   
427      I1         1.066049383    1.55617284     4.117283951    0.5967901235   0.06504938272  2.843888889    3.490740741    2.120987654    0.3209876543   0.2046685044   
428      I1         1.066049383    1.55617284     4.117283951    0.5967901235   0.06504938272  2.843888889    3.490740741    2.170987654    0.2709876543   0.2039834361   
429      I1         1.108549383    1.55617284     4.117283951    0.5967901235   0.06504938272  2.596388889    3.490740741    2.170987654    0.3209876543   0.2046185035   
430      I1         1.066049383    1.59867284     4.117283951    0.5967901235   0.06504938272  2.596388889    3.490740741    2.170987654    0.3209876543   0.2030534048   
431      I1         1.066049383    1.55617284     4.167283951    0.5967901235   0.06504938272  2.596388889    3.490740741    2.170987654    0.3209876543   0.2200196974   
432      I1         1.066049383    1.55617284     4.117283951    0.6212901235   0.06504938272  2.596388889    3.490740741    2.170987654    0.3209876543   0.2033509542   
433      I1         1.066049383    1.55617284     4.117283951    0.5967901235   0.08954938272  2.596388889    3.490740741    2.170987654    0.3209876543   0.2031050191   
434      I1         1.066049383    1.55617284     4.117283951    0.5967901235   0.06504938272  2.596388889    3.490740741    2.220987654    0.3209876543   0.2053202512   
435      I1         1.066049383    1.55617284     4.117283951    0.5967901235   0.06504938272  2.596388889    3.490740741    2.170987654    0.3709876543   0.2047742093   
436      I1         1.023549383    1.55617284     4.117283951    0.5967901235   0.06504938272  2.596388889    3.490740741    2.170987654    0.3209876543   0.2069147393   
437      I1         1.066049383    1.51367284     4.117283951    0.5967901235   0.06504938272  2.596388889    3.490740741    2.170987654    0.3209876543   0.2030771662   
438      I1         1.066049383    1.55617284     4.067283951    0.5967901235   0.06504938272  2.596388889    3.490740741    2.170987654    0.3209876543   0.2132297411   
439      I1         1.066049383    1.55617284     4.117283951    0.5722901235   0.06504938272  2.596388889    3.490740741    2.170987654    0.3209876543   0.2061207985   
440      I1         1.066049383    1.55617284     4.117283951    0.5967901235   0.04054938272  2.596388889    3.490740741    2.170987654    0.3209876543   0.2041518195   
441      I1         1.066049383    1.55617284     4.117283951    0.5967901235   0.06504938272  2.348888889    3.490740741    2.170987654    0.3209876543   0.2013457946   
442      I1         1.066049383    1.55617284     4.117283951    0.5967901235   0.06504938272  2.596388889    3.453240741    2.170987654    0.3209876543   0.2030601384   
443      I1         1.066049383    1.55617284     4.117283951    0.5967901235   0.06504938272  2.596388889    3.490740741    2.120987654    0.3209876543   0.2033228794   
444      I1         1.066049383    1.55617284     4.117283951    0.5967901235   0.06504938272  2.596388889    3.490740741    2.170987654    0.2709876543   0.2028134546   
445      I1         1.151049383    1.55617284     4.117283951    0.5967901235   0.06504938272  2.348888889    3.490740741    2.170987654    0.3209876543   0.2093586873   
446      I1         1.066049383    1.64117284     4.117283951    0.5967901235   0.06504938272  2.348888889    3.490740741    2.170987654    0.3209876543   0.2012808764   
447      I1         1.066049383    1.55617284     4.217283951    0.5967901235   0.06504938272  2.348888889    3.490740741    2.170987654    0.3209876543   0.2582639397   
448      I1         1.066049383    1.55617284     4.117283951    0.6457901235   0.06504938272  2.348888889    3.490740741    2.170987654    0.3209876543   0.2052075325   
449      I1         1.066049383    1.55617284     4.117283951    0.5967901235   0.1140493827   2.348888889    3.490740741    2.170987654    0.3209876543   0.2023175114   
450      I1         1.066049383    1.55617284     4.117283951    0.5967901235   0.06504938272  2.348888889    3.490740741    2.270987654    0.3209876543   0.2052134565   
451      I1         1.066049383    1.55617284     4.117283951    0.5967901235   0.06504938272  2.348888889    3.490740741    2.170987654    0.4209876543   0.2060908999   
452      I1         0.9810493827   1.55617284     4.117283951    0.5967901235   0.06504938272  2.348888889    3.490740741    2.170987654    0.3209876543   0.214550265    
453      I1         1.066049383    1.47117284     4.117283951    0.5967901235   0.06504938272  2.348888889    3.490740741    2.170987654    0.3209876543   0.2014474209   
454      I1         1.066049383    1.55617284     4.017283951    0.5967901235   0.06504938272  2.348888889    3.490740741    2.170987654    0.3209876543   0.244520516    
455      I1         1.066049383    1.55617284     4.117283951    0.5477901235   0.06504938272  2.348888889    3.490740741    2.170987654    0.3209876543   0.2107989784   
456      I1         1.066049383    1.55617284     4.117283951    0.5967901235   0.01604938272  2.348888889    3.490740741    2.170987654    0.3209876543   0.2049362324   
457      I1         1.066049383    1.55617284     4.117283951    0.5967901235   0.06504938272  1.853888889    3.490740741    2.170987654    0.3209876543   0.194476202    
458      I1         1.066049383    1.55617284     4.117283951    0.5967901235   0.06504938272  2.348888889    3.415740741    2.170987654    0.3209876543   0.2013457946   
459      I1         1.066049383    1.55617284     4.117283951    0.5967901235   0.06504938272  2.348888889    3.490740741    2.070987654    0.3209876543   0.2017189088   
460      I1         1.066049383    1.55617284     4.117283951    0.5967901235   0.06504938272  2.348888889    3.490740741    2.170987654    0.2209876543   0.2024498059   
461      I1         1.151049383    1.55617284     4.117283951    0.5967901235   0.06504938272  1.853888889    3.490740741    2.170987654    0.3209876543   0.2024520099   
462      I1         1.066049383    1.64117284     4.117283951    0.5967901235   0.06504938272  1.853888889    3.490740741    2.170987654    0.3209876543   0.1943336296   
463      I1         1.066049383    1.55617284     4.217283951    0.5967901235   0.06504938272  1.853888889    3.490740741    2.170987654    0.3209876543   0.255161933    
464      I1         1.066049383    1.55617284     4.117283951    0.6457901235   0.06504938272  1.853888889    3.490740741    2.170987654    0.3209876543   0.1980008671   
465      I1         1.066049383    1.55617284     4.117283951    0.5967901235   0.1140493827   1.853888889    3.490740741    2.170987654    0.3209876543   0.1948738139   
466      I1         1.066049383    1.55617284     4.117283951    0.5967901235   0.06504938272  1.853888889    3.490740741    2.270987654    0.3209876543   0.1985315872   
467      I1         1.066049383    1.55617284     4.117283951    0.5967901235   0.06504938272  1.853888889    3.490740741    2.170987654    0.4209876543   0.1992084517   
468      I1         0.9810493827   1.55617284     4.117283951    0.5967901235   0.06504938272  1.853888889    3.490740741    2.170987654    0.3209876543   0.207699102    
469      I1         1.066049383    1.47117284     4.117283951    0.5967901235   0.06504938272  1.853888889    3.490740741    2.170987654    0.3209876543   0.194655166    
470      I1         1.066049383    1.55617284     4.017283951    0.5967901235   0.06504938272  1.853888889    3.490740741    2.170987654    0.3209876543   0.236885926    
471      I1         1.066049383    1.55617284     4.117283951    0.5477901235   0.06504938272  1.853888889    3.490740741    2.170987654    0.3209876543   0.2046979721   
472      I1         1.066049383    1.55617284     4.117283951    0.5967901235   0.01604938272  1.853888889    3.490740741    2.170987654    0.3209876543   0.1988006458   
473      I1         1.066049383    1.55617284     4.117283951    0.5967901235   0.06504938272  1.358888889    3.490740741    2.170987654    0.3209876543   0.1853564965   
474      I1         1.066049383    1.55617284     4.117283951    0.5967901235   0.06504938272  1.853888889    3.415740741    2.170987654    0.3209876543   0.194476202    
475      I1         1.066049383    1.55617284     4.117283951    0.5967901235   0.06504938272  1.853888889    3.490740741    2.070987654    0.3209876543   0.1945220058   
476      I1         1.066049383    1.55617284     4.117283951    0.5967901235   0.06504938272  1.853888889    3.490740741    2.170987654    0.2209876543   0.1956763952   
477      I1         1.151049383    1.55617284     4.117283951    0.5967901235   0.06504938272  1.358888889    3.490740741    2.170987654    0.3209876543   0.1907792998   
478      I1         1.066049383    1.64117284     4.117283951    0.5967901235   0.06504938272  1.358888889    3.490740741    2.170987654    0.3209876543   0.1849220676   
479      I1         1.066049383    1.55617284     4.217283951    0.5967901235   0.06504938272  1.358888889    3.490740741    2.170987654    0.3209876543   0.2557210915   
480      I1         1.066049383    1.55617284     4.117283951    0.6457901235   0.06504938272  1.358888889    3.490740741    2.170987654    0.3209876543   0.1886978671   
481      I1         1.066049383    1.55617284     4.117283951    0.5967901235   0.1140493827   1.358888889    3.490740741    2.170987654    0.3209876543   0.1842068624   
482      I1         1.066049383    1.55617284     4.117283951    0.5967901235   0.06504938272  1.358888889    3.490740741    2.270987654    0.3209876543   0.1902171987   
483      I1         1.066049383    1.55617284     4.117283951    0.5967901235   0.06504938272  1.358888889    3.490740741    2.170987654    0.4209876543   0.1892901609   
484      I1         0.9810493827   1.55617284     4.117283951    0.5967901235   0.06504938272  1.358888889    3.490740741    2.170987654    0.3209876543   0.2012454036   
485      I1         1.066049383    1.47117284     4.117283951    0.5967901235   0.06504938272  1.358888889    3.490740741    2.170987654    0.3209876543   0.1858191058   
486      I1         1.066049383    1.55617284     4.017283951    0.5967901235   0.06504938272  1.358888889    3.490740741    2.170987654    0.3209876543   0.2226349574   
487      I1         1.066049383    1.55617284     4.117283951    0.5477901235   0.06504938272  1.358888889    3.490740741    2.170987654    0.3209876543   0.196454481    
488      I1         1.066049383    1.55617284     4.117283951    0.5967901235   0.01604938272  1.358888889    3.490740741    2.170987654    0.3209876543   0.1914706057   
489      I1         1.066049383    1.55617284     4.117283951    0.5967901235   0.06504938272  0.8638888889   3.490740741    2.170987654    0.3209876543   0.1797771211   
490      I1         1.066049383    1.55617284     4.117283951    0.5967901235   0.06504938272  1.358888889    3.415740741    2.170987654    0.3209876543   0.1853564965   
491      I1         1.066049383    1.55617284     4.117283951    0.5967901235   0.06504938272  1.358888889    3.490740741    2.070987654    0.3209876543   0.1840674059   
492      I1         1.066049383    1.55617284     4.117283951    0.5967901235   0.06504938272  1.358888889    3.490740741    2.170987654    0.2209876543   0.1873429304   
493      I1         1.151049383    1.55617284     4.117283951    0.5967901235   0.06504938272  0.8638888889   3.490740741    2.170987654    0.3209876543   0.1765175144   
494      I1         1.066049383    1.64117284     4.117283951    0.5967901235   0.06504938272  0.8638888889   3.490740741    2.170987654    0.3209876543   0.1785240826   
495      I1         1.066049383    1.55617284     4.217283951    0.5967901235   0.06504938272  0.8638888889   3.490740741    2.170987654    0.3209876543   0.2706894293   
496      I1         1.066049383    1.55617284     4.117283951    0.6457901235   0.06504938272  0.8638888889   3.490740741    2.170987654    0.3209876543   0.1834367654   
497      I1         1.066049383    1.55617284     4.117283951    0.5967901235   0.1140493827   0.8638888889   3.490740741    2.170987654    0.3209876543   0.1748044744   
498      I1         1.066049383    1.55617284     4.117283951    0.5967901235   0.06504938272  0.8638888889   3.490740741    2.270987654    0.3209876543   0.1858498951   
499      I1         1.066049383    1.55617284     4.117283951    0.5967901235   0.06504938272  0.8638888889   3.490740741    2.170987654    0.4209876543   0.1825073489   
500      I1         0.9810493827   1.55617284     4.117283951    0.5967901235   0.06504938272  0.8638888889   3.490740741    2.170987654    0.3209876543   0.2025221463   
501      I1         1.066049383    1.47117284     4.117283951    0.5967901235   0.06504938272  0.8638888889   3.490740741    2.170987654    0.3209876543   0.1810477113   
502      I1         1.066049383    1.55617284     4.017283951    0.5967901235   0.06504938272  0.8638888889   3.490740741    2.170987654    0.3209876543   0.1984136679   
503      I1         1.066049383    1.55617284     4.117283951    0.5477901235   0.06504938272  0.8638888889   3.490740741    2.170987654    0.3209876543   0.1911922812   
504      I1         1.066049383    1.55617284     4.117283951    0.5967901235   0.01604938272  0.8638888889   3.490740741    2.170987654    0.3209876543   0.1898239573   
505      I1         1.066049383    1.55617284     4.117283951    0.5967901235   0.06504938272  0.3688888889   3.490740741    2.170987654    0.3209876543   0.2090497275   
506      I1         1.066049383    1.55617284     4.117283951    0.5967901235   0.06504938272  0.8638888889   3.415740741    2.170987654    0.3209876543   0.1797771211   
507      I1         1.066049383    1.55617284     4.117283951    0.5967901235   0.06504938272  0.8638888889   3.490740741    2.070987654    0.3209876543   0.176992604    
508      I1         1.066049383    1.55617284     4.117283951    0.5967901235   0.06504938272  0.8638888889   3.490740741    2.170987654    0.2209876543   0.1827251633   
509      I1         1.151049383    1.55617284     4.117283951    0.5967901235   0.1140493827   0.8638888889   3.490740741    2.170987654    0.3209876543   0.1782913224   
510      I1         1.066049383    1.64117284     4.117283951    0.5967901235   0.1140493827   0.8638888889   3.490740741    2.170987654    0.3209876543   0.1733983653   
511      I1         1.066049383    1.55617284     4.217283951    0.5967901235   0.1140493827   0.8638888889   3.490740741    2.170987654    0.3209876543   0.248007784    
512      I1         1.066049383    1.55617284     4.117283951    0.6457901235   0.1140493827   0.8638888889   3.490740741    2.170987654    0.3209876543   0.1835364493   
513      I1         1.066049383    1.55617284     4.117283951    0.5967901235   0.1630493827   0.8638888889   3.490740741    2.170987654    0.3209876543   0.1748374977   
514      I1         1.066049383    1.55617284     4.117283951    0.5967901235   0.1140493827   0.8638888889   3.490740741    2.270987654    0.3209876543   0.179420908    
515      I1         1.066049383    1.55617284     4.117283951    0.5967901235   0.1140493827   0.8638888889   3.490740741    2.170987654    0.4209876543   0.1803989638   
516      I1         0.9810493827   1.55617284     4.117283951    0.5967901235   0.1140493827   0.8638888889   3.490740741    2.170987654    0.3209876543   0.1915701779   
517      I1         1.066049383    1.47117284     4.117283951    0.5967901235   0.1140493827   0.8638888889   3.490740741    2.170987654    0.3209876543   0.1763949724   
518      I1         1.066049383    1.55617284     4.017283951    0.5967901235   0.1140493827   0.8638888889   3.490740741    2.170987654    0.3209876543   0.2112315409   
519      I1         1.066049383    1.55617284     4.117283951    0.5477901235   0.1140493827   0.8638888889   3.490740741    2.170987654    0.3209876543   0.179332123    
520      I1         1.066049383    1.55617284     4.117283951    0.5967901235   0.1140493827   0.3688888889   3.490740741    2.170987654    0.3209876543   0.2000117797   
521      I1         1.066049383    1.55617284     4.117283951    0.5967901235   0.1140493827   0.8638888889   3.415740741    2.170987654    0.3209876543   0.1748044744   
522      I1         1.066049383    1.55617284     4.117283951    0.5967901235   0.1140493827   0.8638888889   3.490740741    2.070987654    0.3209876543   0.1734154809   
523      I1         1.066049383    1.55617284     4.117283951    0.5967901235   0.1140493827   0.8638888889   3.490740741    2.170987654    0.2209876543   0.175375348    
524      I1         1.108549383    1.55617284     4.117283951    0.5967901235   0.1140493827   0.8638888889   3.490740741    2.170987654    0.3209876543   0.1735630813   
525      I1         1.066049383    1.59867284     4.117283951    0.5967901235   0.1140493827   0.8638888889   3.490740741    2.170987654    0.3209876543   0.1740768737   
526      I1         1.066049383    1.55617284     4.167283951    0.5967901235   0.1140493827   0.8638888889   3.490740741    2.170987654    0.3209876543   0.2012877556   
527      I1         1.066049383    1.55617284     4.117283951    0.6212901235   0.1140493827   0.8638888889   3.490740741    2.170987654    0.3209876543   0.1776615052   
528      I1         1.066049383    1.55617284     4.117283951    0.5967901235   0.1385493827   0.8638888889   3.490740741    2.170987654    0.3209876543   0.1742141278   
529      I1         1.066049383    1.55617284     4.117283951    0.5967901235   0.1140493827   1.111388889    3.490740741    2.170987654    0.3209876543   0.1770698572   
530      I1         1.066049383    1.55617284     4.117283951    0.5967901235   0.1140493827   0.8638888889   3.490740741    2.220987654    0.3209876543   0.1787476015   
531      I1         1.066049383    1.55617284     4.117283951    0.5967901235   0.1140493827   0.8638888889   3.490740741    2.170987654    0.3709876543   0.1767334732   
532      I1         1.023549383    1.55617284     4.117283951    0.5967901235   0.1140493827   0.8638888889   3.490740741    2.170987654    0.3209876543   0.1810414307   
533      I1         1.066049383    1.51367284     4.117283951    0.5967901235   0.1140493827   0.8638888889   3.490740741    2.170987654    0.3209876543   0.1755813593   
534      I1         1.066049383    1.55617284     4.067283951    0.5967901235   0.1140493827   0.8638888889   3.490740741    2.170987654    0.3209876543   0.1786943189   
535      I1         1.066049383    1.55617284     4.117283951    0.5722901235   0.1140493827   0.8638888889   3.490740741    2.170987654    0.3209876543   0.1753066566   
536      I1         1.066049383    1.55617284     4.117283951    0.5967901235   0.08954938272  0.8638888889   3.490740741    2.170987654    0.3209876543   0.1766521596   
537      I1         1.066049383    1.55617284     4.117283951    0.5967901235   0.1140493827   0.6163888889   3.490740741    2.170987654    0.3209876543   0.1805415763   
538      I1         1.066049383    1.55617284     4.117283951    0.5967901235   0.1140493827   0.8638888889   3.453240741    2.170987654    0.3209876543   0.1748044744   
539      I1         1.066049383    1.55617284     4.117283951    0.5967901235   0.1140493827   0.8638888889   3.490740741    2.120987654    0.3209876543   0.1743127128   
540      I1         1.066049383    1.55617284     4.117283951    0.5967901235   0.1140493827   0.8638888889   3.490740741    2.170987654    0.2709876543   0.1744225316   
541      I1         1.108549383    1.59867284     4.117283951    0.5967901235   0.1140493827   0.8638888889   3.490740741    2.170987654    0.3209876543   0.1734664814   
542      I1         1.108549383    1.55617284     4.167283951    0.5967901235   0.1140493827   0.8638888889   3.490740741    2.170987654    0.3209876543   0.1899810814   
543      I1         1.108549383    1.55617284     4.117283951    0.6212901235   0.1140493827   0.8638888889   3.490740741    2.170987654    0.3209876543   0.1758509545   
544      I1         1.108549383    1.55617284     4.117283951    0.5967901235   0.1385493827   0.8638888889   3.490740741    2.170987654    0.3209876543   0.1746367671   
545      I1         1.108549383    1.55617284     4.117283951    0.5967901235   0.1140493827   1.111388889    3.490740741    2.170987654    0.3209876543   0.1781577483   
546      I1         1.108549383    1.55617284     4.117283951    0.5967901235   0.1140493827   0.8638888889   3.490740741    2.220987654    0.3209876543   0.1766636525   
547      I1         1.108549383    1.55617284     4.117283951    0.5967901235   0.1140493827   0.8638888889   3.490740741    2.170987654    0.3709876543   0.1776567586   
548      I1         1.108549383    1.51367284     4.117283951    0.5967901235   0.1140493827   0.8638888889   3.490740741    2.170987654    0.3209876543   0.1737238713   
549      I1         1.108549383    1.55617284     4.067283951    0.5967901235   0.1140493827   0.8638888889   3.490740741    2.170987654    0.3209876543   0.1875182628   
550      I1         1.108549383    1.55617284     4.117283951    0.5722901235   0.1140493827   0.8638888889   3.490740741    2.170987654    0.3209876543   0.1746161408   
551      I1         1.108549383    1.55617284     4.117283951    0.5967901235   0.08954938272  0.8638888889   3.490740741    2.170987654    0.3209876543   0.1736940414   
552      I1         1.108549383    1.55617284     4.117283951    0.5967901235   0.1140493827   0.6163888889   3.490740741    2.170987654    0.3209876543   0.1766543047   
553      I1         1.108549383    1.55617284     4.117283951    0.5967901235   0.1140493827   0.8638888889   3.453240741    2.170987654    0.3209876543   0.1735630813   
554      I1         1.108549383    1.55617284     4.117283951    0.5967901235   0.1140493827   0.8638888889   3.490740741    2.120987654    0.3209876543   0.1735428128   
555      I1         1.108549383    1.55617284     4.117283951    0.5967901235   0.1140493827   0.8638888889   3.490740741    2.170987654    0.2709876543   0.170991972    
556      I1         1.151049383    1.55617284     4.117283951    0.5967901235   0.1140493827   0.8638888889   3.490740741    2.170987654    0.2709876543   0.1740155257   
557      I1         1.108549383    1.59867284     4.117283951    0.5967901235   0.1140493827   0.8638888889   3.490740741    2.170987654    0.2709876543   0.1707391827   
558      I1         1.108549383    1.55617284     4.167283951    0.5967901235   0.1140493827   0.8638888889   3.490740741    2.170987654    0.2709876543   0.1907932518   
559      I1         1.108549383    1.55617284     4.117283951    0.6212901235   0.1140493827   0.8638888889   3.490740741    2.170987654    0.2709876543   0.1732170982   
560      I1         1.108549383    1.55617284     4.117283951    0.5967901235   0.1385493827   0.8638888889   3.490740741    2.170987654    0.2709876543   0.1715476266   
561      I1         1.108549383    1.55617284     4.117283951    0.5967901235   0.1140493827   1.111388889    3.490740741    2.170987654    0.2709876543   0.1755299148   
562      I1         1.108549383    1.55617284     4.117283951    0.5967901235   0.1140493827   0.8638888889   3.490740741    2.220987654    0.2709876543   0.1741303861   
563      I1         1.108549383    1.51367284     4.117283951    0.5967901235   0.1140493827   0.8638888889   3.490740741    2.170987654    0.2709876543   0.1713075003   
564      I1         1.108549383    1.55617284     4.067283951    0.5967901235   0.1140493827   0.8638888889   3.490740741    2.170987654    0.2709876543   0.1822770164   
565      I1         1.108549383    1.55617284     4.117283951    0.5722901235   0.1140493827   0.8638888889   3.490740741    2.170987654    0.2709876543   0.1721743012   
566      I1         1.108549383    1.55617284     4.117283951    0.5967901235   0.08954938272  0.8638888889   3.490740741    2.170987654    0.2709876543   0.1716765122   
567      I1         1.108549383    1.55617284     4.117283951    0.5967901235   0.1140493827   0.6163888889   3.490740741    2.170987654    0.2709876543   0.1743237113   
568      I1         1.108549383    1.55617284     4.117283951    0.5967901235   0.1140493827   0.8638888889   3.453240741    2.170987654    0.2709876543   0.170991972    
569      I1         1.108549383    1.55617284     4.117283951    0.5967901235   0.1140493827   0.8638888889   3.490740741    2.120987654    0.2709876543   0.1708746283   
570      I1         1.108549383    1.55617284     4.117283951    0.5967901235   0.1140493827   0.8638888889   3.490740741    2.170987654    0.2209876543   0.1698008586   
571      I1         1.151049383    1.55617284     4.117283951    0.5967901235   0.1140493827   0.8638888889   3.490740741    2.170987654    0.2209876543   0.1710824408   
572      I1         1.108549383    1.59867284     4.117283951    0.5967901235   0.1140493827   0.8638888889   3.490740741    2.170987654    0.2209876543   0.1694003667   
573      I1         1.108549383    1.55617284     4.167283951    0.5967901235   0.1140493827   0.8638888889   3.490740741    2.170987654    0.2209876543   0.1926827111   
574      I1         1.108549383    1.55617284     4.117283951    0.6212901235   0.1140493827   0.8638888889   3.490740741    2.170987654    0.2209876543   0.171998793    
575      I1         1.108549383    1.55617284     4.117283951    0.5967901235   0.1385493827   0.8638888889   3.490740741    2.170987654    0.2209876543   0.1698636607   
576      I1         1.108549383    1.55617284     4.117283951    0.5967901235   0.1140493827   1.111388889    3.490740741    2.170987654    0.2209876543   0.1742879418   
577      I1         1.108549383    1.55617284     4.117283951    0.5967901235   0.1140493827   0.8638888889   3.490740741    2.220987654    0.2209876543   0.1729475455   
578      I1         1.066049383    1.55617284     4.117283951    0.5967901235   0.1140493827   0.8638888889   3.490740741    2.170987654    0.2209876543   0.175375348    
579      I1         1.108549383    1.51367284     4.117283951    0.5967901235   0.1140493827   0.8638888889   3.490740741    2.170987654    0.2209876543   0.1702618083   
580      I1         1.108549383    1.55617284     4.067283951    0.5967901235   0.1140493827   0.8638888889   3.490740741    2.170987654    0.2209876543   0.1783895344   
581      I1         1.108549383    1.55617284     4.117283951    0.5722901235   0.1140493827   0.8638888889   3.490740741    2.170987654    0.2209876543   0.1710506385   
582      I1         1.108549383    1.55617284     4.117283951    0.5967901235   0.08954938272  0.8638888889   3.490740741    2.170987654    0.2209876543   0.1710008206   
583      I1         1.108549383    1.55617284     4.117283951    0.5967901235   0.1140493827   0.6163888889   3.490740741    2.170987654    0.2209876543   0.1733405056   
584      I1         1.108549383    1.55617284     4.117283951    0.5967901235   0.1140493827   0.8638888889   3.453240741    2.170987654    0.2209876543   0.1698008586   
585      I1         1.108549383    1.55617284     4.117283951    0.5967901235   0.1140493827   0.8638888889   3.490740741    2.120987654    0.2209876543   0.1695856595   
586      I1         1.108549383    1.55617284     4.117283951    0.5967901235   0.1140493827   0.8638888889   3.490740741    2.170987654    0.1709876543   0.1698228921   
587      I1         1.129799383    1.55617284     4.117283951    0.5967901235   0.1140493827   0.8638888889   3.490740741    2.170987654    0.2209876543   0.169549513    
588      I1         1.108549383    1.57742284     4.117283951    0.5967901235   0.1140493827   0.8638888889   3.490740741    2.170987654    0.2209876543   0.1695925823   
589      I1         1.108549383    1.55617284     4.142283951    0.5967901235   0.1140493827   0.8638888889   3.490740741    2.170987654    0.2209876543   0.1777100388   
590      I1         1.108549383    1.55617284     4.117283951    0.6090401235   0.1140493827   0.8638888889   3.490740741    2.170987654    0.2209876543   0.1704855355   
591      I1         1.108549383    1.55617284     4.117283951    0.5967901235   0.1262993827   0.8638888889   3.490740741    2.170987654    0.2209876543   0.1696773266   
592      I1         1.108549383    1.55617284     4.117283951    0.5967901235   0.1140493827   0.9876388889   3.490740741    2.170987654    0.2209876543   0.171556545    
593      I1         1.108549383    1.55617284     4.117283951    0.5967901235   0.1140493827   0.8638888889   3.490740741    2.195987654    0.2209876543   0.1725822705   
594      I1         1.108549383    1.55617284     4.117283951    0.5967901235   0.1140493827   0.8638888889   3.490740741    2.170987654    0.2459876543   0.1702338318   
595      I1         1.087299383    1.55617284     4.117283951    0.5967901235   0.1140493827   0.8638888889   3.490740741    2.170987654    0.2209876543   0.1717577668   
596      I1         1.108549383    1.53492284     4.117283951    0.5967901235   0.1140493827   0.8638888889   3.490740741    2.170987654    0.2209876543   0.170024356    
597      I1         1.108549383    1.55617284     4.092283951    0.5967901235   0.1140493827   0.8638888889   3.490740741    2.170987654    0.2209876543   0.1700297514   
598      I1         1.108549383    1.55617284     4.117283951    0.5845401235   0.1140493827   0.8638888889   3.490740741    2.170987654    0.2209876543   0.1699810715   
599      I1         1.108549383    1.55617284     4.117283951    0.5967901235   0.1017993827   0.8638888889   3.490740741    2.170987654    0.2209876543   0.170240473    
600      I1         1.108549383    1.55617284     4.117283951    0.5967901235   0.1140493827   0.7401388889   3.490740741    2.170987654    0.2209876543   0.1701798582   
601      I1         1.108549383    1.55617284     4.117283951    0.5967901235   0.1140493827   0.8638888889   3.471990741    2.170987654    0.2209876543   0.1698008586   
602      I1         1.108549383    1.55617284     4.117283951    0.5967901235   0.1140493827   0.8638888889   3.490740741    2.145987654    0.2209876543   0.1700482782   
603      I1         1.108549383    1.55617284     4.117283951    0.5967901235   0.1140493827   0.8638888889   3.490740741    2.170987654    0.1959876543   0.1696714649   
604      I1         1.129799383    1.57742284     4.117283951    0.5967901235   0.1140493827   0.8638888889   3.490740741    2.170987654    0.2209876543   0.1695149712   
605      I1         1.129799383    1.55617284     4.142283951    0.5967901235   0.1140493827   0.8638888889   3.490740741    2.170987654    0.2209876543   0.1745059488   
606      I1         1.129799383    1.55617284     4.117283951    0.6090401235   0.1140493827   0.8638888889   3.490740741    2.170987654    0.2209876543   0.1700792398   
607      I1         1.129799383    1.55617284     4.117283951    0.5967901235   0.1262993827   0.8638888889   3.490740741    2.170987654    0.2209876543   0.1698735281   
608      I1         1.129799383    1.55617284     4.117283951    0.5967901235   0.1140493827   0.9876388889   3.490740741    2.170987654    0.2209876543   0.1718022367   
609      I1         1.129799383    1.55617284     4.117283951    0.5967901235   0.1140493827   0.8638888889   3.490740741    2.195987654    0.2209876543   0.1719509938   
610      I1         1.129799383    1.55617284     4.117283951    0.5967901235   0.1140493827   0.8638888889   3.490740741    2.170987654    0.2459876543   0.1704443365   
611      I1         1.129799383    1.53492284     4.117283951    0.5967901235   0.1140493827   0.8638888889   3.490740741    2.170987654    0.2209876543   0.1695999966   
612      I1         1.129799383    1.55617284     4.092283951    0.5967901235   0.1140493827   0.8638888889   3.490740741    2.170987654    0.2209876543   0.1726964377   
613      I1         1.129799383    1.55617284     4.117283951    0.5845401235   0.1140493827   0.8638888889   3.490740741    2.170987654    0.2209876543   0.1698799525   
614      I1         1.129799383    1.55617284     4.117283951    0.5967901235   0.1017993827   0.8638888889   3.490740741    2.170987654    0.2209876543   0.1695339294   
615      I1         1.129799383    1.55617284     4.117283951    0.5967901235   0.1140493827   0.7401388889   3.490740741    2.170987654    0.2209876543   0.1692703232   
616      I1         1.129799383    1.55617284     4.117283951    0.5967901235   0.1140493827   0.8638888889   3.471990741    2.170987654    0.2209876543   0.169549513    
617      I1         1.129799383    1.55617284     4.117283951    0.5967901235   0.1140493827   0.8638888889   3.490740741    2.145987654    0.2209876543   0.1700696411   
618      I1         1.129799383    1.55617284     4.117283951    0.5967901235   0.1140493827   0.8638888889   3.490740741    2.170987654    0.1959876543   0.1689624483   
619      I1         1.151049383    1.55617284     4.117283951    0.5967901235   0.1140493827   0.8638888889   3.490740741    2.170987654    0.1959876543   0.1700837168   
620      I1         1.129799383    1.57742284     4.117283951    0.5967901235   0.1140493827   0.8638888889   3.490740741    2.170987654    0.1959876543   0.1688962779   
621      I1         1.129799383    1.55617284     4.142283951    0.5967901235   0.1140493827   0.8638888889   3.490740741    2.170987654    0.1959876543   0.1746212674   
622      I1         1.129799383    1.55617284     4.117283951    0.6090401235   0.1140493827   0.8638888889   3.490740741    2.170987654    0.1959876543   0.1694818316   
623      I1         1.129799383    1.55617284     4.117283951    0.5967901235   0.1262993827   0.8638888889   3.490740741    2.170987654    0.1959876543   0.1691785302   
624      I1         1.129799383    1.55617284     4.117283951    0.5967901235   0.1140493827   0.9876388889   3.490740741    2.170987654    0.1959876543   0.1712262943   
625      I1         1.129799383    1.55617284     4.117283951    0.5967901235   0.1140493827   0.8638888889   3.490740741    2.195987654    0.1959876543   0.1713769547   
626      I1         1.129799383    1.53492284     4.117283951    0.5967901235   0.1140493827   0.8638888889   3.490740741    2.170987654    0.1959876543   0.1690443479   
627      I1         1.129799383    1.55617284     4.092283951    0.5967901235   0.1140493827   0.8638888889   3.490740741    2.170987654    0.1959876543   0.1714679034   
628      I1         1.129799383    1.55617284     4.117283951    0.5845401235   0.1140493827   0.8638888889   3.490740741    2.170987654    0.1959876543   0.1693080033   
629      I1         1.129799383    1.55617284     4.117283951    0.5967901235   0.1017993827   0.8638888889   3.490740741    2.170987654    0.1959876543   0.1690577047   
630      I1         1.129799383    1.55617284     4.117283951    0.5967901235   0.1140493827   0.7401388889   3.490740741    2.170987654    0.1959876543   0.1687145909   
631      I1         1.129799383    1.55617284     4.117283951    0.5967901235   0.1140493827   0.8638888889   3.471990741    2.170987654    0.1959876543   0.1689624483   
632      I1         1.129799383    1.55617284     4.117283951    0.5967901235   0.1140493827   0.8638888889   3.490740741    2.145987654    0.1959876543   0.1694328193   
633      I1         1.129799383    1.55617284     4.117283951    0.5967901235   0.1140493827   0.8638888889   3.490740741    2.170987654    0.1709876543   0.1686633931   
634      I1         1.151049383    1.55617284     4.117283951    0.5967901235   0.1140493827   0.8638888889   3.490740741    2.170987654    0.1709876543   0.1693747713   
635      I1         1.129799383    1.57742284     4.117283951    0.5967901235   0.1140493827   0.8638888889   3.490740741    2.170987654    0.1709876543   0.1685667275   
636      I1         1.129799383    1.55617284     4.142283951    0.5967901235   0.1140493827   0.8638888889   3.490740741    2.170987654    0.1709876543   0.1749940663   
637      I1         1.129799383    1.55617284     4.117283951    0.6090401235   0.1140493827   0.8638888889   3.490740741    2.170987654    0.1709876543   0.1691768883   
638      I1         1.129799383    1.55617284     4.117283951    0.5967901235   0.1262993827   0.8638888889   3.490740741    2.170987654    0.1709876543   0.1687754398   
639      I1         1.129799383    1.55617284     4.117283951    0.5967901235   0.1140493827   0.9876388889   3.490740741    2.170987654    0.1709876543   0.1709389352   
640      I1         1.129799383    1.55617284     4.117283951    0.5967901235   0.1140493827   0.8638888889   3.490740741    2.195987654    0.1709876543   0.1710864788   
641      I1         1.129799383    1.53492284     4.117283951    0.5967901235   0.1140493827   0.8638888889   3.490740741    2.170987654    0.1709876543   0.1687755377   
642      I1         1.129799383    1.55617284     4.092283951    0.5967901235   0.1140493827   0.8638888889   3.490740741    2.170987654    0.1709876543   0.1705384268   
643      I1         1.129799383    1.55617284     4.117283951    0.5845401235   0.1140493827   0.8638888889   3.490740741    2.170987654    0.1709876543   0.1690181415   
644      I1         1.129799383    1.55617284     4.117283951    0.5967901235   0.1017993827   0.8638888889   3.490740741    2.170987654    0.1709876543   0.1688649007   
645      I1         1.129799383    1.55617284     4.117283951    0.5967901235   0.1140493827   0.7401388889   3.490740741    2.170987654    0.1709876543   0.1684441585   
646      I1         1.129799383    1.55617284     4.117283951    0.5967901235   0.1140493827   0.8638888889   3.471990741    2.170987654    0.1709876543   0.1686633931   
647      I1         1.129799383    1.55617284     4.117283951    0.5967901235   0.1140493827   0.8638888889   3.490740741    2.145987654    0.1709876543   0.1690834173   
648      I1         1.129799383    1.55617284     4.117283951    0.5967901235   0.1140493827   0.8638888889   3.490740741    2.170987654    0.1459876543   0.1686313555   
649      I1         1.151049383    1.55617284     4.117283951    0.5967901235   0.1140493827   0.7401388889   3.490740741    2.170987654    0.1709876543   0.1684595347   
650      I1         1.129799383    1.57742284     4.117283951    0.5967901235   0.1140493827   0.7401388889   3.490740741    2.170987654    0.1709876543   0.1682355531   
651      I1         1.129799383    1.55617284     4.142283951    0.5967901235   0.1140493827   0.7401388889   3.490740741    2.170987654    0.1709876543   0.1766812702   
652      I1         1.129799383    1.55617284     4.117283951    0.6090401235   0.1140493827   0.7401388889   3.490740741    2.170987654    0.1709876543   0.1690009164   
653      I1         1.129799383    1.55617284     4.117283951    0.5967901235   0.1262993827   0.7401388889   3.490740741    2.170987654    0.1709876543   0.1682836412   
654      I1         1.129799383    1.55617284     4.117283951    0.5967901235   0.1140493827   0.7401388889   3.490740741    2.195987654    0.1709876543   0.1708937565   
655      I1         1.108549383    1.55617284     4.117283951    0.5967901235   0.1140493827   0.7401388889   3.490740741    2.170987654    0.1709876543   0.1702642371   
656      I1         1.129799383    1.53492284     4.117283951    0.5967901235   0.1140493827   0.7401388889   3.490740741    2.170987654    0.1709876543   0.1686673206   
657      I1         1.129799383    1.55617284     4.092283951    0.5967901235   0.1140493827   0.7401388889   3.490740741    2.170987654    0.1709876543   0.1684540281   
658      I1         1.129799383    1.55617284     4.117283951    0.5845401235   0.1140493827   0.7401388889   3.490740741    2.170987654    0.1709876543   0.1687634165   
659      I1         1.129799383    1.55617284     4.117283951    0.5967901235   0.1017993827   0.7401388889   3.490740741    2.170987654    0.1709876543   0.1689216518   
660      I1         1.129799383    1.55617284     4.117283951    0.5967901235   0.1140493827   0.6163888889   3.490740741    2.170987654    0.1709876543   0.1709013547   
661      I1         1.129799383    1.55617284     4.117283951    0.5967901235   0.1140493827   0.7401388889   3.471990741    2.170987654    0.1709876543   0.1684441585   
662      I1         1.129799383    1.55617284     4.117283951    0.5967901235   0.1140493827   0.7401388889   3.490740741    2.145987654    0.1709876543   0.1681674863   
663      I1         1.129799383    1.55617284     4.117283951    0.5967901235   0.1140493827   0.7401388889   3.490740741    2.170987654    0.1459876543   0.1684374926   
664      I1         1.172299383    1.55617284     4.117283951    0.5967901235   0.1140493827   0.7401388889   3.490740741    2.145987654    0.1709876543   0.1706490796   
665      I1         1.129799383    1.59867284     4.117283951    0.5967901235   0.1140493827   0.7401388889   3.490740741    2.145987654    0.1709876543   0.1678254667   
666      I1         1.129799383    1.55617284     4.167283951    0.5967901235   0.1140493827   0.7401388889   3.490740741    2.145987654    0.1709876543   0.1903211597   
667      I1         1.129799383    1.55617284     4.117283951    0.6212901235   0.1140493827   0.7401388889   3.490740741    2.145987654    0.1709876543   0.1703722831   
668      I1         1.129799383    1.55617284     4.117283951    0.5967901235   0.1385493827   0.7401388889   3.490740741    2.145987654    0.1709876543   0.168484289    
669      I1         1.129799383    1.55617284     4.117283951    0.5967901235   0.1140493827   0.9876388889   3.490740741    2.145987654    0.1709876543   0.1713891082   
670      I1         1.129799383    1.55617284     4.117283951    0.5967901235   0.1140493827   0.7401388889   3.490740741    2.145987654    0.2209876543   0.1690552299   
671      I1         1.087299383    1.55617284     4.117283951    0.5967901235   0.1140493827   0.7401388889   3.490740741    2.145987654    0.1709876543   0.1731049658   
672      I1         1.129799383    1.51367284     4.117283951    0.5967901235   0.1140493827   0.7401388889   3.490740741    2.145987654    0.1709876543   0.1685683752   
673      I1         1.129799383    1.55617284     4.067283951    0.5967901235   0.1140493827   0.7401388889   3.490740741    2.145987654    0.1709876543   0.1778567743   
674      I1         1.129799383    1.55617284     4.117283951    0.5722901235   0.1140493827   0.7401388889   3.490740741    2.145987654    0.1709876543   0.1694081651   
675      I1         1.129799383    1.55617284     4.117283951    0.5967901235   0.08954938272  0.7401388889   3.490740741    2.145987654    0.1709876543   0.1690860934   
676      I1         1.129799383    1.55617284     4.117283951    0.5967901235   0.1140493827   0.4926388889   3.490740741    2.145987654    0.1709876543   0.1755650294   
677      I1         1.129799383    1.55617284     4.117283951    0.5967901235   0.1140493827   0.7401388889   3.453240741    2.145987654    0.1709876543   0.1681674863   
678      I1         1.129799383    1.55617284     4.117283951    0.5967901235   0.1140493827   0.7401388889   3.490740741    2.095987654    0.1709876543   0.1676379231   
679      I1         1.129799383    1.55617284     4.117283951    0.5967901235   0.1140493827   0.7401388889   3.490740741    2.145987654    0.1209876543   0.1683385946   
680      I1         1.151049383    1.55617284     4.117283951    0.5967901235   0.1140493827   0.7401388889   3.490740741    2.145987654    0.1709876543   0.1684285365   
681      I1         1.129799383    1.57742284     4.117283951    0.5967901235   0.1140493827   0.7401388889   3.490740741    2.145987654    0.1709876543   0.1679888492   
682      I1         1.129799383    1.55617284     4.142283951    0.5967901235   0.1140493827   0.7401388889   3.490740741    2.145987654    0.1709876543   0.1756449333   
683      I1         1.129799383    1.55617284     4.117283951    0.6090401235   0.1140493827   0.7401388889   3.490740741    2.145987654    0.1709876543   0.1688557085   
684      I1         1.129799383    1.55617284     4.117283951    0.5967901235   0.1262993827   0.7401388889   3.490740741    2.145987654    0.1709876543   0.1681746109   
685      I1         1.129799383    1.55617284     4.117283951    0.5967901235   0.1140493827   0.7401388889   3.490740741    2.145987654    0.1959876543   0.1684683238   
686      I1         1.108549383    1.55617284     4.117283951    0.5967901235   0.1140493827   0.7401388889   3.490740741    2.145987654    0.1709876543   0.1697705487   
687      I1         1.129799383    1.53492284     4.117283951    0.5967901235   0.1140493827   0.7401388889   3.490740741    2.145987654    0.1709876543   0.1683610372   
688      I1         1.129799383    1.55617284     4.092283951    0.5967901235   0.1140493827   0.7401388889   3.490740741    2.145987654    0.1709876543   0.1689325996   
689      I1         1.129799383    1.55617284     4.117283951    0.5845401235   0.1140493827   0.7401388889   3.490740741    2.145987654    0.1709876543   0.1683435456   
690      I1         1.129799383    1.55617284     4.117283951    0.5967901235   0.1017993827   0.7401388889   3.490740741    2.145987654    0.1709876543   0.16846959     
691      I1         1.129799383    1.55617284     4.117283951    0.5967901235   0.1140493827   0.6163888889   3.490740741    2.145987654    0.1709876543   0.170364896    
692      I1         1.129799383    1.55617284     4.117283951    0.5967901235   0.1140493827   0.7401388889   3.471990741    2.145987654    0.1709876543   0.1681674863   
693      I1         1.129799383    1.55617284     4.117283951    0.5967901235   0.1140493827   0.7401388889   3.490740741    2.120987654    0.1709876543   0.1681298942   
694      I1         1.129799383    1.55617284     4.117283951    0.5967901235   0.1140493827   0.7401388889   3.490740741    2.145987654    0.1459876543   0.1681315973   
695      I1         1.151049383    1.57742284     4.117283951    0.5967901235   0.1140493827   0.7401388889   3.490740741    2.145987654    0.1709876543   0.1684312072   
696      I1         1.129799383    1.57742284     4.142283951    0.5967901235   0.1140493827   0.7401388889   3.490740741    2.145987654    0.1709876543   0.1750818221   
697      I1         1.129799383    1.57742284     4.117283951    0.6090401235   0.1140493827   0.7401388889   3.490740741    2.145987654    0.1709876543   0.1686560618   
698      I1         1.129799383    1.57742284     4.117283951    0.5967901235   0.1262993827   0.7401388889   3.490740741    2.145987654    0.1709876543   0.168033395    
699      I1         1.129799383    1.57742284     4.117283951    0.5967901235   0.1140493827   0.8638888889   3.490740741    2.145987654    0.1709876543   0.1690256793   
700      I1         1.129799383    1.57742284     4.117283951    0.5967901235   0.1140493827   0.7401388889   3.490740741    2.145987654    0.1959876543   0.1683194223   
701      I1         1.108549383    1.57742284     4.117283951    0.5967901235   0.1140493827   0.7401388889   3.490740741    2.145987654    0.1709876543   0.169409916    
702      I1         1.129799383    1.57742284     4.092283951    0.5967901235   0.1140493827   0.7401388889   3.490740741    2.145987654    0.1709876543   0.1691338841   
703      I1         1.129799383    1.57742284     4.117283951    0.5845401235   0.1140493827   0.7401388889   3.490740741    2.145987654    0.1709876543   0.168187483    
704      I1         1.129799383    1.57742284     4.117283951    0.5967901235   0.1017993827   0.7401388889   3.490740741    2.145987654    0.1709876543   0.1682650803   
705      I1         1.129799383    1.57742284     4.117283951    0.5967901235   0.1140493827   0.6163888889   3.490740741    2.145987654    0.1709876543   0.17004877     
706      I1         1.129799383    1.57742284     4.117283951    0.5967901235   0.1140493827   0.7401388889   3.471990741    2.145987654    0.1709876543   0.1679888492   
707      I1         1.129799383    1.57742284     4.117283951    0.5967901235   0.1140493827   0.7401388889   3.490740741    2.120987654    0.1709876543   0.1679581318   
708      I1         1.129799383    1.57742284     4.117283951    0.5967901235   0.1140493827   0.7401388889   3.490740741    2.145987654    0.1459876543   0.16792459     
709      I1         1.151049383    1.59867284     4.117283951    0.5967901235   0.1140493827   0.7401388889   3.490740741    2.145987654    0.1709876543   0.1684496771   
710      I1         1.129799383    1.61992284     4.117283951    0.5967901235   0.1140493827   0.7401388889   3.490740741    2.145987654    0.1709876543   0.1676778628   
711      I1         1.129799383    1.59867284     4.142283951    0.5967901235   0.1140493827   0.7401388889   3.490740741    2.145987654    0.1709876543   0.1745299229   
712      I1         1.129799383    1.59867284     4.117283951    0.6090401235   0.1140493827   0.7401388889   3.490740741    2.145987654    0.1709876543   0.1684699878   
713      I1         1.129799383    1.59867284     4.117283951    0.5967901235   0.1262993827   0.7401388889   3.490740741    2.145987654    0.1709876543   0.1679120222   
714      I1         1.129799383    1.59867284     4.117283951    0.5967901235   0.1140493827   0.8638888889   3.490740741    2.145987654    0.1709876543   0.1689837538   
715      I1         1.129799383    1.59867284     4.117283951    0.5967901235   0.1140493827   0.7401388889   3.490740741    2.170987654    0.1709876543   0.168041886    
716      I1         1.129799383    1.59867284     4.117283951    0.5967901235   0.1140493827   0.7401388889   3.490740741    2.145987654    0.1959876543   0.1681859898   
717      I1         1.108549383    1.59867284     4.117283951    0.5967901235   0.1140493827   0.7401388889   3.490740741    2.145987654    0.1709876543   0.1690639549   
718      I1         1.129799383    1.59867284     4.092283951    0.5967901235   0.1140493827   0.7401388889   3.490740741    2.145987654    0.1709876543   0.1693517756   
719      I1         1.129799383    1.59867284     4.117283951    0.5845401235   0.1140493827   0.7401388889   3.490740741    2.145987654    0.1709876543   0.16804835     
720      I1         1.129799383    1.59867284     4.117283951    0.5967901235   0.1017993827   0.7401388889   3.490740741    2.145987654    0.1709876543   0.1680718159   
721      I1         1.129799383    1.59867284     4.117283951    0.5967901235   0.1140493827   0.6163888889   3.490740741    2.145987654    0.1709876543   0.169746318    
722      I1         1.129799383    1.59867284     4.117283951    0.5967901235   0.1140493827   0.7401388889   3.471990741    2.145987654    0.1709876543   0.1678254667   
723      I1         1.129799383    1.59867284     4.117283951    0.5967901235   0.1140493827   0.7401388889   3.490740741    2.120987654    0.1709876543   0.1678016323   
724      I1         1.129799383    1.59867284     4.117283951    0.5967901235   0.1140493827   0.7401388889   3.490740741    2.145987654    0.1459876543   0.1677325871   
725      I1         1.140424383    1.59867284     4.117283951    0.5967901235   0.1140493827   0.7401388889   3.490740741    2.145987654    0.1709876543   0.1678897064   
726      I1         1.129799383    1.60929784     4.117283951    0.5967901235   0.1140493827   0.7401388889   3.490740741    2.145987654    0.1709876543   0.1677496282   
727      I1         1.129799383    1.59867284     4.129783951    0.5967901235   0.1140493827   0.7401388889   3.490740741    2.145987654    0.1709876543   0.1701856671   
728      I1         1.129799383    1.59867284     4.117283951    0.6029151235   0.1140493827   0.7401388889   3.490740741    2.145987654    0.1709876543   0.1680412519   
729      I1         1.129799383    1.59867284     4.117283951    0.5967901235   0.1201743827   0.7401388889   3.490740741    2.145987654    0.1709876543   0.1678275794   
730      I1         1.129799383    1.59867284     4.117283951    0.5967901235   0.1140493827   0.8020138889   3.490740741    2.145987654    0.1709876543   0.1679261663   
731      I1         1.129799383    1.59867284     4.117283951    0.5967901235   0.1140493827   0.7401388889   3.490740741    2.158487654    0.1709876543   0.168080066    
732      I1         1.129799383    1.59867284     4.117283951    0.5967901235   0.1140493827   0.7401388889   3.490740741    2.145987654    0.1834876543   0.1679709455   
733      I1         1.119174383    1.59867284     4.117283951    0.5967901235   0.1140493827   0.7401388889   3.490740741    2.145987654    0.1709876543   0.1682362616   
734      I1         1.129799383    1.58804784     4.117283951    0.5967901235   0.1140493827   0.7401388889   3.490740741    2.145987654    0.1709876543   0.1679053402   
735      I1         1.129799383    1.59867284     4.104783951    0.5967901235   0.1140493827   0.7401388889   3.490740741    2.145987654    0.1709876543   0.1675422877   
736      I1         1.129799383    1.59867284     4.117283951    0.5906651235   0.1140493827   0.7401388889   3.490740741    2.145987654    0.1709876543   0.1678267177   
737      I1         1.129799383    1.59867284     4.117283951    0.5967901235   0.1079243827   0.7401388889   3.490740741    2.145987654    0.1709876543   0.1679066075   
738      I1         1.129799383    1.59867284     4.117283951    0.5967901235   0.1140493827   0.6782638889   3.490740741    2.145987654    0.1709876543   0.1684117449   
739      I1         1.129799383    1.59867284     4.117283951    0.5967901235   0.1140493827   0.7401388889   3.481365741    2.145987654    0.1709876543   0.1678254667   
740      I1         1.129799383    1.59867284     4.117283951    0.5967901235   0.1140493827   0.7401388889   3.490740741    2.133487654    0.1709876543   0.1677940563   
741      I1         1.129799383    1.59867284     4.117283951    0.5967901235   0.1140493827   0.7401388889   3.490740741    2.145987654    0.1584876543   0.1677469145   
742      I1         1.140424383    1.59867284     4.104783951    0.5967901235   0.1140493827   0.7401388889   3.490740741    2.145987654    0.1709876543   0.1683785349   
743      I1         1.129799383    1.60929784     4.104783951    0.5967901235   0.1140493827   0.7401388889   3.490740741    2.145987654    0.1709876543   0.1675640719   
744      I1         1.129799383    1.59867284     4.104783951    0.6029151235   0.1140493827   0.7401388889   3.490740741    2.145987654    0.1709876543   0.1679495927   
745      I1         1.129799383    1.59867284     4.104783951    0.5967901235   0.1201743827   0.7401388889   3.490740741    2.145987654    0.1709876543   0.1679092527   
746      I1         1.129799383    1.59867284     4.104783951    0.5967901235   0.1140493827   0.8020138889   3.490740741    2.145987654    0.1709876543   0.1681449533   
747      I1         1.129799383    1.59867284     4.104783951    0.5967901235   0.1140493827   0.7401388889   3.490740741    2.158487654    0.1709876543   0.1675173166   
748      I1         1.129799383    1.59867284     4.104783951    0.5967901235   0.1140493827   0.7401388889   3.490740741    2.145987654    0.1834876543   0.167845279    
749      I1         1.119174383    1.59867284     4.104783951    0.5967901235   0.1140493827   0.7401388889   3.490740741    2.145987654    0.1709876543   0.1671731414   
750      I1         1.129799383    1.58804784     4.104783951    0.5967901235   0.1140493827   0.7401388889   3.490740741    2.145987654    0.1709876543   0.1675245405   
751      I1         1.129799383    1.59867284     4.104783951    0.5906651235   0.1140493827   0.7401388889   3.490740741    2.145987654    0.1709876543   0.1673424907   
752      I1         1.129799383    1.59867284     4.104783951    0.5967901235   0.1079243827   0.7401388889   3.490740741    2.145987654    0.1709876543   0.1672531727   
753      I1         1.129799383    1.59867284     4.104783951    0.5967901235   0.1140493827   0.6782638889   3.490740741    2.145987654    0.1709876543   0.1675617663   
754      I1         1.129799383    1.59867284     4.104783951    0.5967901235   0.1140493827   0.7401388889   3.481365741    2.145987654    0.1709876543   0.1675422877   
755      I1         1.129799383    1.59867284     4.104783951    0.5967901235   0.1140493827   0.7401388889   3.490740741    2.133487654    0.1709876543   0.1675442336   
756      I1         1.129799383    1.59867284     4.104783951    0.5967901235   0.1140493827   0.7401388889   3.490740741    2.145987654    0.1584876543   0.1673086101   
757      I1         1.119174383    1.60929784     4.104783951    0.5967901235   0.1140493827   0.7401388889   3.490740741    2.145987654    0.1709876543   0.1671513025   
758      I1         1.119174383    1.59867284     4.104783951    0.6029151235   0.1140493827   0.7401388889   3.490740741    2.145987654    0.1709876543   0.1676247241   
759      I1         1.119174383    1.59867284     4.104783951    0.5967901235   0.1201743827   0.7401388889   3.490740741    2.145987654    0.1709876543   0.1674216245   
760      I1         1.119174383    1.59867284     4.104783951    0.5967901235   0.1140493827   0.8020138889   3.490740741    2.145987654    0.1709876543   0.1676004109   
761      I1         1.119174383    1.59867284     4.104783951    0.5967901235   0.1140493827   0.7401388889   3.490740741    2.158487654    0.1709876543   0.1672254873   
762      I1         1.119174383    1.59867284     4.104783951    0.5967901235   0.1140493827   0.7401388889   3.490740741    2.145987654    0.1834876543   0.1673762758   
763      I1         1.108549383    1.59867284     4.104783951    0.5967901235   0.1140493827   0.7401388889   3.490740741    2.145987654    0.1709876543   0.1672184376   
764      I1         1.119174383    1.58804784     4.104783951    0.5967901235   0.1140493827   0.7401388889   3.490740741    2.145987654    0.1709876543   0.1671991275   
765      I1         1.119174383    1.59867284     4.092283951    0.5967901235   0.1140493827   0.7401388889   3.490740741    2.145987654    0.1709876543   0.1682274622   
766      I1         1.119174383    1.59867284     4.104783951    0.5906651235   0.1140493827   0.7401388889   3.490740741    2.145987654    0.1709876543   0.1669303101   
767      I1         1.119174383    1.59867284     4.104783951    0.5967901235   0.1079243827   0.7401388889   3.490740741    2.145987654    0.1709876543   0.1670042174   
768      I1         1.119174383    1.59867284     4.104783951    0.5967901235   0.1140493827   0.6782638889   3.490740741    2.145987654    0.1709876543   0.1673951342   
769      I1         1.119174383    1.59867284     4.104783951    0.5967901235   0.1140493827   0.7401388889   3.481365741    2.145987654    0.1709876543   0.1671731414   
770      I1         1.119174383    1.59867284     4.104783951    0.5967901235   0.1140493827   0.7401388889   3.490740741    2.133487654    0.1709876543   0.1671611809   
771      I1         1.119174383    1.59867284     4.104783951    0.5967901235   0.1140493827   0.7401388889   3.490740741    2.145987654    0.1584876543   0.1670388926   
772      I1         1.119174383    1.60929784     4.104783951    0.5906651235   0.1140493827   0.7401388889   3.490740741    2.145987654    0.1709876543   0.1669157724   
773      I1         1.119174383    1.59867284     4.117283951    0.5906651235   0.1140493827   0.7401388889   3.490740741    2.145987654    0.1709876543   0.1681920423   
774      I1         1.119174383    1.59867284     4.104783951    0.5906651235   0.1201743827   0.7401388889   3.490740741    2.145987654    0.1709876543   0.1671031914   
775      I1         1.119174383    1.59867284     4.104783951    0.5906651235   0.1140493827   0.8020138889   3.490740741    2.145987654    0.1709876543   0.167370883    
776      I1         1.119174383    1.59867284     4.104783951    0.5906651235   0.1140493827   0.7401388889   3.490740741    2.158487654    0.1709876543   0.1670399203   
777      I1         1.119174383    1.59867284     4.104783951    0.5906651235   0.1140493827   0.7401388889   3.490740741    2.145987654    0.1834876543   0.1671326482   
778      I1         1.108549383    1.59867284     4.104783951    0.5906651235   0.1140493827   0.7401388889   3.490740741    2.145987654    0.1709876543   0.1669300117   
779      I1         1.119174383    1.58804784     4.104783951    0.5906651235   0.1140493827   0.7401388889   3.490740741    2.145987654    0.1709876543   0.1669492085   
780      I1         1.119174383    1.59867284     4.092283951    0.5906651235   0.1140493827   0.7401388889   3.490740741    2.145987654    0.1709876543   0.1678067485   
781      I1         1.119174383    1.59867284     4.104783951    0.5845401235   0.1140493827   0.7401388889   3.490740741    2.145987654    0.1709876543   0.1669003042   
782      I1         1.119174383    1.59867284     4.104783951    0.5906651235   0.1079243827   0.7401388889   3.490740741    2.145987654    0.1709876543   0.1668404035   
783      I1         1.119174383    1.59867284     4.104783951    0.5906651235   0.1140493827   0.6782638889   3.490740741    2.145987654    0.1709876543   0.167136361    
784      I1         1.119174383    1.59867284     4.104783951    0.5906651235   0.1140493827   0.7401388889   3.481365741    2.145987654    0.1709876543   0.1669303101   
785      I1         1.119174383    1.59867284     4.104783951    0.5906651235   0.1140493827   0.7401388889   3.490740741    2.133487654    0.1709876543   0.1669172862   
786      I1         1.119174383    1.59867284     4.104783951    0.5906651235   0.1140493827   0.7401388889   3.490740741    2.145987654    0.1584876543   0.1667963573   
787      I1         1.129799383    1.59867284     4.104783951    0.5906651235   0.1140493827   0.7401388889   3.490740741    2.145987654    0.1584876543   0.1671100839   
788      I1         1.119174383    1.60929784     4.104783951    0.5906651235   0.1140493827   0.7401388889   3.490740741    2.145987654    0.1584876543   0.166774487    
789      I1         1.119174383    1.59867284     4.117283951    0.5906651235   0.1140493827   0.7401388889   3.490740741    2.145987654    0.1584876543   0.1682198599   
790      I1         1.119174383    1.59867284     4.104783951    0.5906651235   0.1201743827   0.7401388889   3.490740741    2.145987654    0.1584876543   0.1669431591   
791      I1         1.119174383    1.59867284     4.104783951    0.5906651235   0.1140493827   0.8020138889   3.490740741    2.145987654    0.1584876543   0.1672293718   
792      I1         1.119174383    1.59867284     4.104783951    0.5906651235   0.1140493827   0.7401388889   3.490740741    2.158487654    0.1584876543   0.1669130454   
793      I1         1.108549383    1.59867284     4.104783951    0.5906651235   0.1140493827   0.7401388889   3.490740741    2.145987654    0.1584876543   0.1668999263   
794      I1         1.119174383    1.58804784     4.104783951    0.5906651235   0.1140493827   0.7401388889   3.490740741    2.145987654    0.1584876543   0.166822587    
795      I1         1.119174383    1.59867284     4.092283951    0.5906651235   0.1140493827   0.7401388889   3.490740741    2.145987654    0.1584876543   0.1675174383   
796      I1         1.119174383    1.59867284     4.104783951    0.5845401235   0.1140493827   0.7401388889   3.490740741    2.145987654    0.1584876543   0.1667670526   
797      I1         1.119174383    1.59867284     4.104783951    0.5906651235   0.1079243827   0.7401388889   3.490740741    2.145987654    0.1584876543   0.1667328475   
798      I1         1.119174383    1.59867284     4.104783951    0.5906651235   0.1140493827   0.6782638889   3.490740741    2.145987654    0.1584876543   0.1670135306   
799      I1         1.119174383    1.59867284     4.104783951    0.5906651235   0.1140493827   0.7401388889   3.481365741    2.145987654    0.1584876543   0.1667963573   
800      I1         1.119174383    1.59867284     4.104783951    0.5906651235   0.1140493827   0.7401388889   3.490740741    2.133487654    0.1584876543   0.1667803979   
801      I1         1.119174383    1.59867284     4.104783951    0.5906651235   0.1140493827   0.7401388889   3.490740741    2.145987654    0.1459876543   0.1667281638   
