%eval_id interface log__t_efold_shallow log__t_efold_soil log__t_efold_karst f_exfiltration_shallow f_exfiltration_soil PDD_melt_factor log__Hmax_shallow log__fdd_threshold f_direct_runoff log__routing_K neg_kge        
1        I1         0.4423657064   1.793080032    4.199785706    0.1211426688   0.3368864109   2.745035188    1.488318497    2.479740193    0.2432812144   -0.9980545135  0.8017769631   
2        I1         0.6022293771   2.152574619    4.172514511    0.784987453    0.8862407109   9.507725647    1.244573648    2.081696223    0.3468503071   0.2783298605   0.7994933554   
3        I1         1.763925888    2.68783041     4.200932026    0.2955854276   0.4564087718   8.097781065    1.91254571     1.603564173    0.1179070114   0.5455694798   0.7719953626   
4        I1         0.9287867655   1.402946111    3.222304965    0.1590168536   0.2590210574   3.326900484    1.51539879     2.562848517    0.2942257329   -0.6726587056  0.5842461252   
5        I1         1.782005308    1.977115245    4.478365765    0.651920224    0.1678155591   3.14755921     1.117540016    2.883009095    0.4577709313   0.8897844816   0.537279484    
6        I1         0.7944527712   1.283430578    2.517908039    0.5086660562   0.2024594346   9.991714094    1.692970203    1.288401825    0.392736277    -0.06298993815 0.8316173823   
7        I1         1.922741166    2.604477542    2.915510221    0.5638364349   0.7583853412   8.590859009    1.627469842    2.84578239     0.08810732396  -0.02203825858 0.6879620111   
8        I1         1.272207432    1.543263755    3.278778149    0.9612380033   0.5218425283   6.860116878    1.80580799     2.63125369     0.4017461499   0.4489506757   0.5653781568   
9        I1         1.20888945     1.942919303    4.152292324    0.5888760907   0.6010431956   3.510819458    2.222455318    2.97050153     0.2921798625   -0.2807772382  0.4900338223   
10       I1         1.311619337    1.028271672    3.727471997    0.2856764246   0.687578367    5.936447582    2.255467775    1.198765904    0.2978724598   0.1512880353   0.368892802    
11       I1         1.501985263    1.945292096    3.177042209    0.4088656905   0.07153671873  8.042952388    2.763191849    2.737728065    0.3765422654   0.4755614028   0.4747010236   
12       I1         1.182617716    2.412265176    3.735986787    0.05053750021  0.1826518913   1.29660512     1.646961503    1.715141004    0.4494117485   0.08707755232  0.7155622943   
13       I1         1.688565927    1.682658681    3.690887563    0.2022170083   0.2633067763   0.6736454139   2.501488129    1.819449405    0.1554372798   -0.1571790295  0.8469650124   
14       I1         1.464272455    2.183767031    4.004195038    0.7974454449   0.7642913539   3.583289689    1.012927465    2.356551835    0.1420604198   0.4205037677   0.572929029    
15       I1         0.8516816416   1.506790343    4.214466027    0.5692604473   0.5722213742   2.245178107    1.572937828    1.79321055     0.2365946546   0.7687462438   0.3983990814   
16       I1         1.339681715    2.626616406    4.445073272    0.5146591661   0.9849853431   5.557819973    1.957670154    2.233698437    0.2647830405   0.8112419738   0.520488845    
17       I1         1.134513451    1.128098203    3.242283537    0.6029956616   0.1802341327   1.606485542    1.412317196    2.598009624    0.3012093617   0.0173950174   0.4342713139   
18       I1         0.7737662192   1.689175818    3.574314535    0.6347489478   0.1210128828   1.047536079    1.18308511     2.222507245    0.04094003929  0.6252732461   0.23118        
19       I1         0.3196891923   1.189145543    4.336244821    0.09902767284  0.06669942403  2.04783647     1.818605578    1.31425145     0.2279628897   -0.1447030144  0.9212105065   
20       I1         0.8821798522   2.581201481    3.30779728     0.8782930763   0.5879647622   9.915759666    1.30241882     1.100411607    0.2491585592   0.780800284    0.5196543823   
21       I1         0.4144263736   1.373503888    3.074430617    0.6860621967   0.4610069183   6.909899875    3.284479811    1.978657689    0.3685578685   0.6685311376   0.6714326684   
22       I1         0.8102282188   1.919688301    3.487997143    0.1381101293   0.8168480328   1.188839618    2.137949191    2.627796108    0.4700688953   0.09794129226  0.4451817407   
23       I1         0.5149777703   2.5130866      2.994224371    0.4681276703   0.8481798991   2.919820596    2.743015731    2.508984455    0.1046339666   0.04236431721  0.3479842381   
24       I1         0.9170691111   1.58737199     3.372267971    0.2612767029   0.1603355566   4.573599613    3.420496642    2.756426172    0.4393630069   0.393814444    0.3810238217   
25       I1         1.910222725    1.083198933    2.970168461    0.9003524212   0.9486573197   8.89327451     2.719702949    2.954940469    0.2807050569   -0.5747835484  0.6464712754   
26       I1         1.749238512    1.772377062    2.952759793    0.382103955    0.3955700382   7.393651079    2.982508151    2.06842356     0.1729312372   -0.5572477695  0.7811343513   
27       I1         1.681532474    1.655148762    4.244123627    0.6891905616   0.9145586888   6.002778232    2.304546321    1.374013858    0.2868994948   0.2916516117   0.4336094765   
28       I1         1.453500029    1.74734508     3.239729348    0.04624513343  0.9554539488   6.251763132    2.345952424    1.270339628    0.06896564158  -0.4473377488  0.6995257427   
29       I1         0.9430770165   2.488288281    2.610208957    0.1431957361   0.09676746852  7.873275089    1.584984229    2.528967261    0.4137858471   -0.4306645188  0.744861714    
30       I1         0.3527387624   1.46124774     2.806236369    0.1991829632   0.799860378    3.635699302    2.693995187    1.824209946    0.4992495817   -0.3447059842  1.738993156    
31       I1         0.8414370897   1.836495014    3.030591996    0.8073782172   0.6491970592   2.320547786    3.091278636    2.714241011    0.3738048729   0.03849020072  1.101713988    
32       I1         1.960481221    2.057175774    3.583271132    0.7913672041   0.8236293767   6.197710501    3.14079486     2.83581464     0.1936117029   0.9777560008   0.7987797966   
33       I1         1.55234451     1.107859401    3.864345957    0.3576384864   0.2548298908   6.790676587    3.337371736    1.496446182    0.4886050151   0.07695197333  0.621085057    
34       I1         1.497551585    1.141502574    2.822218806    0.6011013242   0.9654515445   8.686609669    1.794421724    1.226732022    0.3270669549   -0.09652702728 0.6347685269   
35       I1         1.607192346    1.361384978    3.044128049    0.4397966583   0.2729843773   4.691825391    1.988281074    2.611612008    0.3632206911   -0.7542186101  0.6797224517   
36       I1         0.44767833     1.883261704    2.571287427    0.7261567476   0.1419592755   4.009172571    3.001111917    1.08415103     0.192397081    0.8311775617   0.4051846797   
37       I1         0.5219047772   2.093133211    3.46348914     0.113720066    0.9181502093   6.396943043    2.861752951    2.464125349    0.3799996565   -0.6233192396  0.8444554878   
38       I1         1.943173811    1.016417413    3.921895255    0.3600863832   0.4079067984   5.329205753    2.673346641    2.910728087    0.2654379785   -0.878236079   0.8277791296   
39       I1         1.591137745    1.749507082    2.644512462    0.5177268601   0.8757510767   7.715318932    1.440257593    2.557998548    0.3477509003   0.2071744931   0.4325186791   
40       I1         1.102904672    2.594635822    4.306825615    0.7997784599   0.07422057778  4.472067808    3.425336835    1.14706787     0.07055925439  -0.791859964   0.3476791791   
41       I1         1.195757245    1.487714046    3.592951777    0.5209092171   0.06154652329  2.551934855    2.052768736    1.934124662    0.07933667817  0.6510909115   0.572930509    
42       I1         0.3810226623   2.563298341    4.481868748    0.9538877546   0.7372736794   3.445593885    2.700210411    1.646602439    0.2886716652   -0.9044161408  2.952452642    
43       I1         1.891687544    1.355304279    4.034865254    0.5375843765   0.0894577734   9.1037054      1.455073717    1.442730482    0.2272442877   -0.7811938372  1.17189635     
44       I1         0.3728256627   2.110709864    2.66725301     0.541778606    0.6257103703   2.46863673     3.442628548    2.022641816    0.149322151    -0.05456170283 0.6933277246   
45       I1         1.638273917    2.239934853    4.490403984    0.8478317      0.5659573334   8.404803086    2.912259135    2.285025321    0.4764075966   -0.08900651058 0.6379019759   
46       I1         1.410844564    2.318925935    3.956057599    0.6088469602   0.4057471772   7.267569472    1.038891193    1.157323063    0.4787352096   -0.4113787211  1.244947177    
47       I1         0.7827219914   1.732326328    4.357984449    0.176803382    0.3121974203   2.691800039    2.127179725    2.829696184    0.4374804234   0.8749023706   0.8296213386   
48       I1         0.3428379557   2.145625973    4.323662808    0.1046475444   0.5252304942   4.87901256     2.275823257    2.31794259     0.2748282692   0.983086052    0.7954307792   
49       I1         1.293213112    1.56709405     4.313984944    0.8681825689   0.2851291717   7.860261202    2.848600231    2.182400161    0.3350219151   0.1168228686   0.4194740191   
50       I1         0.4585553439   2.675928452    2.819203554    0.4766684494   0.5389951992   2.584305403    2.56921467     2.160041312    0.006561570854 -0.2501633093  0.4137355784   
51       I1         1.836534251    1.780322116    2.591971168    0.6610366424   0.2320823149   5.760776018    2.517988877    1.867388069    0.02013287669  -0.04712206415 0.820115678    
52       I1         0.5964134953   1.927909829    2.738898102    0.08296031287  0.6129824364   8.1829479      1.426296588    1.903446706    0.08559730201  0.4018172235   0.4778185351   
53       I1         1.973633855    2.223409274    4.112339234    0.3151516292   0.8643014036   3.542413203    1.557789656    1.049866595    0.2236681984   0.3850097436   0.2931638945   
54       I1         1.853645615    2.523376056    3.122012242    0.6915519842   0.8448070479   0.5881341888   1.322500014    1.782937442    0.2094779996   -0.07476144347 1.158182003    
55       I1         1.112238945    2.343000912    4.168659817    0.949850622    0.4506584715   8.552060966    2.120035492    2.090098437    0.1808843795   0.9255985642   0.4835489088   
56       I1         0.6319291476   2.580928054    3.556788171    0.7006101316   0.1531534745   3.708607551    3.016951563    2.693772041    0.4104883953   0.9181777908   0.4143931583   
57       I1         1.330620213    2.536586003    3.39532452     0.3003703613   0.6440832183   6.638751157    2.393268664    1.233358189    0.1642082538   -0.2103591266  0.6281153669   
58       I1         0.39006213     2.56527134     2.654786181    0.8420744192   0.7654600043   0.4232596352   1.226427779    2.966569797    0.4212501566   -0.7681657974  2.690312459    
59       I1         0.3355633099   1.046126403    4.436933425    0.7815431259   0.9455688395   9.498619974    2.369755719    2.149753597    0.03873408558  0.6329500294   0.7462337285   
60       I1         0.4101983734   1.147302869    3.750492283    0.2415289168   0.7716847948   9.005140482    3.166076141    1.94291818     0.3385178623   -7.235899568e-05 0.7030204179   
61       I1         1.226553525    2.179753498    3.154730813    0.3882659227   0.9710181614   6.727539677    1.483319489    1.164788993    0.3858082515   -0.7152486752  0.8580219825   
62       I1         0.8994731689   1.339953079    3.841892127    0.1321148206   0.2130497318   9.643499685    2.416570064    1.182156125    0.3312489506   -0.3158081701  0.7658304792   
63       I1         1.060029389    1.857502393    4.417192063    0.558378643    0.1267405837   5.440009602    2.945800992    2.519162537    0.004958930138 -0.5155752647  0.5045131658   
64       I1         0.8252572498   2.299507961    3.42561734     0.5779265914   0.1170697451   9.694709661    2.166619707    2.125918752    0.1542534487   0.7589184742   0.4632583195   
65       I1         1.889074199    1.305017817    2.692654783    0.8183059822   0.4883536824   1.724995369    2.757521514    1.748350872    0.2613743238   -0.531564993   0.6134393059   
66       I1         1.547070958    2.379669596    3.266249106    0.9572451715   0.1369696217   9.11421837     3.304283651    2.392019139    0.4853900213   -0.9553510224  1.310030875    
67       I1         0.7175991738   2.45621537     3.747975762    0.7386928392   0.6275969085   4.795533659    2.377638508    1.387357021    0.3221650846   0.3064342475   0.5050635738   
68       I1         1.871245481    1.803974027    4.274627782    0.4510187388   0.3825561817   7.427433249    1.857330859    2.809252909    0.4539339757   -0.7011728606  0.85558301     
69       I1         1.956024234    1.831029792    3.001275434    0.9046503801   0.3635230936   1.001748151    1.708886113    1.29427592     0.09968856042  -0.1940968489  0.8011766667   
70       I1         1.980969714    2.209231162    4.230808878    0.2561986722   0.4980782255   4.967030822    3.230032266    2.042769189    0.07656730642  -0.6332853558  1.140654362    
71       I1         0.5882173616   1.756530424    3.215936495    0.5464695878   0.8610236011   0.3541249756   1.659801522    1.967697304    0.4823916842   0.3746822862   0.8795935699   
72       I1         1.049861075    1.224759496    4.385810799    0.9796379121   0.4213703107   0.9808256413   1.290537531    1.400930832    0.3296714236   -0.2618834835  1.471363897    
73       I1         0.9691902626   1.598521984    4.364753591    0.551155623    0.7930541209   4.728388251    2.486941031    2.03056785     0.4193470343   -0.5288417244  0.8986109724   
74       I1         0.4245520053   1.097353254    3.416947156    0.2339020498   0.4543647245   1.450095686    1.389500424    1.098060945    0.1211753283   -0.3580367082  0.4974100709   
75       I1         1.539037421    1.472429143    2.50846943     0.4330385135   0.4426261578   8.658035885    2.818549392    2.011622958    0.08365695525  0.5838857674   0.6850991535   
76       I1         0.6779745915   2.07451978     3.026651672    0.7165018842   0.5510643014   2.62875419     2.084853484    1.551537265    0.4657916515   0.5777933976   0.6280181007   
77       I1         1.323262714    2.484996524    2.724693147    0.7568711672   0.1898148325   4.333426039    3.239999224    2.002885718    0.3132292079   -0.968217014   0.6724731129   
78       I1         1.247219238    2.553750709    3.1970064      0.18731588     0.6035568613   5.215779391    2.245780458    2.792534057    0.04694469508  -0.5811000444  0.8183894095   
79       I1         0.3160663151   1.959262515    3.967034914    0.6439829026   0.5334932255   4.260571914    2.994583751    2.447807951    0.2335874273   0.7356340076   0.3518201003   
80       I1         1.717127327    1.985281329    3.680743783    0.4016370178   0.1718932345   0.8439711334   3.156593598    2.102520866    0.3557348951   0.9475177981   0.7717436251   
81       I1         1.438799716    2.069102264    3.619972848    0.9393210314   0.6658387523   6.331887949    1.15780769     1.651009958    0.100544254    0.6490267084   0.397964386    
82       I1         1.168425809    2.334124015    3.448172915    0.3745767377   0.8292179932   3.731313954    3.120827288    1.72272138     0.03126158527  -0.1099314254  0.5517170705   
83       I1         1.419750923    2.429422706    4.297784858    0.4189936291   0.4135150461   5.526973876    1.502462651    1.582927885    0.4740727295   -0.3854052914  0.7934080536   
84       I1         0.3079017367   1.089384525    2.784622419    0.2147362467   0.8789850653   7.598144076    1.870636091    2.265081519    0.1131841218   -0.3993295059  1.137750447    
85       I1         1.489386704    1.652709719    3.142220271    0.4415317787   0.2463200352   4.188251874    2.532528402    1.891703806    0.3080028415   -0.6973804885  0.5922346757   
86       I1         1.696146187    1.723872528    3.877114796    0.4808505761   0.6859801251   4.106631229    2.896475106    1.110609601    0.3051193955   0.2695118445   0.5318493109   
87       I1         0.8338031471   1.413229567    2.792456384    0.3100129122   0.2963966409   2.162021918    2.959254627    1.636825673    0.2133809053   0.535236729    0.3318157734   
88       I1         1.478389462    2.264217556    3.409354918    0.617714539    0.3475508259   2.517408922    1.132739572    1.1715592      0.3170783358   0.7412024202   0.261535483    
89       I1         0.553361954    2.506003395    4.081349423    0.7424456046   0.2249136607   5.383896754    2.093105397    1.838588672    0.4090571756   -0.9187194154  1.173309795    
90       I1         1.615738806    1.497129676    3.327214513    0.03104441363  0.1980706214   1.859937277    1.685179173    1.840746517    0.2775789725   0.28403948     0.4828452702   
91       I1         0.8045915082   1.641290698    3.494053802    0.4927495471   0.1090620174   8.826475595    1.098534421    2.078264597    0.1829493312   0.05901592311  0.5505943534   
92       I1         1.256161827    1.211651357    3.918206436    0.4610007422   0.3414622524   8.731779812    3.203003556    2.437627133    0.1124457275   0.6110877849   0.5950548172   
93       I1         1.87357065     2.05260005     3.103053777    0.3225876825   0.4310794512   1.811339385    3.499421442    2.370622828    0.4471150012   0.9978569893   0.6407597736   
94       I1         1.23627656     2.305676635    3.331379779    0.06617458841  0.3711483416   9.856190522    2.491389903    2.40841015     0.09665670642  -0.7239237134  0.8505480559   
95       I1         0.4016286348   2.159405959    3.975040031    0.3448198588   0.8192303817   5.606839782    2.640794539    2.411559323    0.1095875352   -0.8075849816  0.5724781289   
96       I1         0.6855942515   2.462591002    2.863816821    0.1643987006   0.3286958889   8.336986464    1.848556874    2.811291014    0.4684630001   0.9533441939   0.520711464    
97       I1         0.4957277127   2.014978683    3.713125202    0.8731720152   0.103980856    7.31854531     3.056860529    1.456392491    0.440813249    0.7730474147   0.5659430434   
98       I1         1.130394371    2.316377652    4.464930667    0.2227157457   0.8574453403   5.705490445    3.217602306    1.571707726    0.09324860885  0.2349830838   0.6349184977   
99       I1         1.80153224     2.441534055    2.770685731    0.7223955554   0.6777095541   6.366329451    3.395639015    1.012569475    0.3545922781   -0.6079400208  0.6878523838   
100      I1         0.7312023572   2.640566316    2.538179608    0.9304729949   0.3536942089   9.446711023    1.070727581    2.207265161    0.2303104435   -0.7327913343  2.385244137    
101      I1         1.567202837    1.702193035    3.477901424    0.9721338354   0.5912584852   0.610352996    1.463704901    1.026813927    0.4946542274   0.1270111801   0.7954161646   
102      I1         0.9869559751   1.234350195    3.01046998     0.3521041237   0.6400701768   1.655307686    1.16816521     1.629563675    0.2064060292   0.2409425337   0.5743133739   
103      I1         0.750449124    1.43732954     2.708406625    0.8862005328   0.676343048    7.20546421     2.159048172    2.497113373    0.3604667682   -0.8910758467  2.0242717      
104      I1         0.7647534265   1.524782968    2.922492251    0.1845211468   0.9345541318   6.452092482    1.982000801    2.572660665    0.2847634204   0.4916040971   0.3708701929   
105      I1         0.6937674698   2.170776757    3.888234681    0.9442640393   0.2394207409   6.138323028    2.327368111    2.424865903    0.3893089912   -0.6565079305  2.237912196    
106      I1         0.4951711073   2.121766347    2.902711628    0.595768273    0.8056751453   3.110961491    2.291507961    2.053165459    0.02907569658  0.6930523617   0.3066666076   
107      I1         1.594082283    1.513949634    4.145300529    0.8233939192   0.320789198    4.81531904     2.030036401    2.984236199    0.1378988525   0.5990093136   0.532440027    
108      I1         1.372596453    1.573901481    2.711888592    0.4886333168   0.5114201736   3.84481336     1.332058821    2.891673307    0.20486033     0.8218181873   0.3194767159   
109      I1         1.389069653    2.129130358    3.432439771    0.7672713686   0.3786067364   7.517247668    1.736800534    1.8858537      0.08016167572  -0.8556511931  0.4295838156   
110      I1         1.031815732    2.423392337    3.113013275    0.02480656156  0.7023414344   9.841775118    3.0392257      1.333932804    0.2450026639   0.358344629    0.589286659    
111      I1         0.6630983557   1.311800029    3.983472701    0.6784136961   0.7229535531   4.226906781    3.19877864     1.519325676    0.04478587029  -0.1749893431  0.6944656996   
112      I1         0.326611012    2.357674334    3.527121202    0.9335967232   0.9066224618   7.653929643    3.271262121    2.335777621    0.1876578944   -0.3358898936  2.611763483    
113      I1         1.823406715    2.085767437    3.64413611     0.217349812    0.9851536558   8.246207784    3.4632993      1.301529781    0.3118770123   0.897851405    0.784633875    
114      I1         1.934856469    1.318163841    3.664249371    0.1260542698   0.4360966493   0.208209793    2.728509133    1.530288264    0.073111235    -0.2006824421  1.011883614    
115      I1         1.008724434    1.625971422    4.126820906    0.4037020077   0.3741970611   3.05496928     3.250847966    1.851661149    0.4951033573   -0.4933075011  0.7776485198   
116      I1         1.668035661    2.024084218    3.791282322    0.03813466218  0.2101655837   2.417095971    1.596636268    1.984243154    0.4918943367   -0.4294300845  0.9992468723   
117      I1         0.4763555759   1.664404193    4.343964989    0.2769810949   0.5544735924   4.621020402    1.760686845    1.255813986    0.1970968211   -0.5910295451  0.6045407661   
118      I1         1.861285023    2.616901197    4.011008415    0.06347138941  0.9086691245   7.366692812    1.622142185    2.862690276    0.3961214765   0.5107292462   0.3451773037   
119      I1         0.7053730573   2.652883391    3.896774347    0.8135260645   0.08092113079  1.109917954    1.747056741    1.954409868    0.008052606538 0.4187665043   0.3214320747   
120      I1         1.266772467    1.277543916    2.625546715    0.9833121046   0.7203558098   8.123806979    3.176884412    1.200817661    0.1445997983   -0.3086182263  0.7530397504   
121      I1         0.5788834067   2.369053499    4.136342117    0.09484864392  0.1317473279   0.1113407298   2.554142808    2.944211034    0.05025019426  -0.37708185    0.9028131362   
122      I1         1.57691792     1.584203397    3.810259928    0.1365093359   0.0484617857   7.556041401    2.04077936     2.177180642    0.06713289676  -0.8828290536  1.00820633     
123      I1         0.6454610403   1.819858956    4.401371371    0.5279647682   0.5414871675   7.726871273    1.72141094     1.776554718    0.03609229452  0.55345136     0.4460724317   
124      I1         1.02088661     1.872888018    3.091685818    0.01145083127  0.4843905536   1.39817282     1.221353719    1.75126556     0.1579331217   -0.8385064662  0.9233388566   
125      I1         1.028443506    2.250487389    3.200341316    0.1959069276   0.4246184373   7.928094173    1.904653541    1.486800229    0.05491177819  -0.9747974373  0.6556397435   
126      I1         0.953608261    2.389903838    2.63633544     0.4219138684   0.4379601099   6.983583116    1.787044704    2.782386763    0.41620698     -0.9828944431  0.8628142821   
127      I1         1.043622035    2.103798969    3.655579597    0.7495471175   0.05025664172  9.776148407    1.036660246    1.690126468    0.3916000915   -0.4514733095  1.3159392      
128      I1         1.212039554    1.163132893    3.827213992    0.8663153199   0.2451389809   1.944446759    3.28990503     2.991548843    0.1609548514   -0.2487443876  0.4602914768   
129      I1         1.428796657    1.061800788    4.187532481    0.3277216254   0.5786699087   9.566788489    1.34939073     2.194678574    0.06195594001  0.1669103962   0.4724593982   
130      I1         0.9905189919   1.847479596    3.674731127    0.08766672647  0.6946949651   7.140130212    2.808883335    2.532614329    0.210271095    0.3296049156   0.5853536746   
131      I1         1.839793129    1.263157119    3.908262726    0.8580020919   0.9266990333   6.060494108    2.313800446    2.60285171     0.2550720617   -0.3234803816  0.584708894    
132      I1         1.736972913    2.204986631    2.941521391    0.2285896653   0.6078054416   8.936209867    2.062803635    1.922580032    0.01406618389  0.8683338323   0.9424478543   
133      I1         1.81565993     1.385725577    4.453154615    0.3293674977   0.5959419406   6.581371864    2.780756949    2.851150526    0.4828390047   -0.1682505118  0.7055005233   
134      I1         1.29869262     1.986444153    3.624950022    0.2363858541   0.041427187    4.014965611    1.278774894    1.066662506    0.464096696    0.3191128178   0.5417527317   
135      I1         0.5405389815   1.527252954    4.260009646    0.4603745082   0.8368809941   1.578773868    2.443266495    1.525514997    0.2507617996   0.1362516691   0.5108692915   
136      I1         1.001251893    2.007925509    4.068925653    0.8533427611   0.6551352417   1.350039983    1.265648282    1.128942869    0.06420296407  -0.470073533   1.148180327    
137      I1         0.5688303017   1.476827842    3.568035854    0.3084367129   0.1464932831   5.677937282    1.369440362    1.669505124    0.3814924391   0.1056065886   0.4673034041   
138      I1         1.34845065     2.197591557    4.049628781    0.6256104145   0.3072631867   6.776723139    1.204150956    2.136717203    0.1335390649   -0.6886126368  1.091369198    
139      I1         0.789572542    2.542529793    3.706033907    0.07026284222  0.02994830241  8.445035646    3.109061162    2.583398992    0.2385041695   0.6883682326   0.8463745011   
140      I1         1.650778296    2.634228482    2.895323663    0.5854851737   0.8974859361   0.7883891887   1.06137196     1.42292224     0.4269202358   0.7021587851   0.4286522756   
141      I1         0.6291513254   2.499987905    2.583711319    0.1522689735   0.3268439017   5.842297847    2.925735374    1.369836423    0.4449696218   -0.8263593524  0.9995410255   
142      I1         0.7532060067   1.549901358    3.514350809    0.3825326016   0.7255757899   3.242695856    2.539600155    1.415632858    0.0911494326   -0.9219368995  0.4539886963   
143      I1         1.096953965    1.91308261     3.937910057    0.6169280782   0.7983745614   1.914269064    3.386731765    1.398387064    0.303624734    -0.8667647265  0.6570322932   
144      I1         1.085978899    1.604534193    3.053189839    0.1715781143   0.2183877448   9.372141183    3.40923876     2.702510673    0.1680644237   0.4805376359   0.6455134515   
145      I1         0.8771454601   2.274721958    3.25662178     0.7759797059   0.8718494731   2.998884002    1.076624096    2.342843026    0.02252680563  0.001682806734 1.189852809    
146      I1         0.8594859709   1.217210995    3.086598135    0.2707709073   0.754291487    6.513782869    2.91675701     1.265935323    0.2421813129   0.7177708768   0.4060974257   
147      I1         0.7117369792   2.407561628    3.180371454    0.6653043869   0.4709062678   5.80948257     2.466265489    1.034785166    0.1266653526   0.02958508316  0.4559682323   
148      I1         0.6141995046   1.126281319    3.501041045    0.3952466911   0.2299757445   5.25479592     2.457894546    1.213190567    0.03270547147  0.9000424935   0.5659293025   
149      I1         0.560579495    1.051732896    3.787971582    0.6682522869   0.3508865161   7.073311939    1.606807955    2.290889153    0.3825189571   0.06832655325  0.7366382627   
150      I1         1.397354438    1.61212834     3.940201022    0.3718642419   0.5163311147   0.7093392765   2.617147676    1.000652321    0.2194022225   0.186216058    0.5061178882   
151      I1         1.705715745    2.695719894    3.363630834    0.07700316282  0.7828581071   0.5099906425   2.410994495    1.768128524    0.1799137368   0.3322936707   0.784611999    
152      I1         1.369271837    1.374613359    2.568326192    0.8947151221   0.08719938606  3.769961236    1.89847601     2.112548551    0.3590623576   0.5278011112   0.3826108882   
153      I1         1.387476395    2.037184526    3.066677678    0.1097605279   0.9658664552   0.4799825509   2.585269133    1.436515761    0.2596786922   -0.2904173244  0.5413857558   
154      I1         0.4353517743   1.636726289    3.994306987    0.4131563162   0.265478951    2.017122039    3.073056107    2.153447904    0.00087931466  -0.8406845044  0.4907489256   
155      I1         1.674092136    1.196024326    3.134494032    0.5620416207   0.151121497    1.285742782    2.630282138    2.679877264    0.1770247861   -0.4649674457  0.6133850485   
156      I1         0.8935711441   1.001664257    2.766611993    0.9177468062   0.9391876196   8.796494637    2.351854157    1.680968676    0.1709744915   -0.6424419064  1.569132368    
157      I1         0.9294416391   1.418938544    4.054003948    0.3343624794   0.2796770395   0.3232059656   1.257138806    2.32639768     0.4304821503   0.8521097122   0.6295301378   
158      I1         1.511211025    1.293362253    2.932351306    0.5327328235   0.9560722305   7.112600664    3.343020981    2.927798441    0.127589172    -0.2707591796  0.4803242813   
159      I1         0.6734119334   1.176044486    3.381960818    0.2681338213   0.2931487373   4.124568675    3.368654007    2.483798056    0.3229313036   0.4626603695   0.340540863    
160      I1         1.443875061    1.069215033    2.683784505    0.8252154038   0.49233943     2.796858207    2.109549846    2.307123039    0.3408529852   0.1421200426   0.4702796525   
161      I1         0.4628172735   2.451447862    4.027680889    0.9884591002   0.09937325054  5.070087836    2.658951036    1.473098479    0.1061748675   0.3613063374   1.520324825    
162      I1         1.794343393    1.327161093    3.317980748    0.7525369395   0.1635546553   5.489382569    1.528022256    1.673501397    0.01202874585  -0.1894601465  0.8705005316   
163      I1         1.562283398    1.886373824    4.075871714    0.6501463064   0.05804388927  9.337788661    1.537824066    1.596500653    0.1162826344   0.844111533    0.5857627557   
164      I1         1.067199112    1.967639135    2.757161432    0.02371272381  0.0202472069   9.262748823    2.608247359    2.21313609     0.2962635531   0.5613505349   0.5937336176   
165      I1         1.623598457    2.24825311     4.223294394    0.5822604601   0.635782298    2.198446692    2.96451766     2.906253323    0.1245811465   0.4339775939   0.6587834443   
166      I1         1.35883135     1.712974657    3.343104422    0.4982750828   0.4663169356   0.2658313869   1.421382374    2.773922028    0.2714750638   -0.1204428759  0.5527440937   
167      I1         1.754165204    1.457003444    4.429994142    0.5010571741   0.9251221617   9.715090123    1.886774861    1.994957194    0.1504298594   0.6726338467   0.5412448198   
168      I1         1.52698874     2.47746857     2.553667634    0.04281589581  0.6205541782   2.829426214    1.831062441    2.658092867    0.4054048443   -0.9447178837  0.8114552626   
169      I1         1.149262703    1.809580411    3.852631937    0.8872960347   0.6711742736   4.540652858    1.375566622    2.748808827    0.05805604147  0.504993468    0.3624483916   
170      I1         0.3665247071   1.866032498    2.967713737    0.713796795    0.70896935     2.95335473     1.669623209    2.767165204    0.1453219628   -0.2361866766  1.279866431    
171      I1         0.6553529962   2.030388091    3.763815005    0.6727332147   0.3613541698   8.467556951    1.973763582    1.731757449    0.3672105424   -0.5678006295  1.009532234    
172      I1         0.8612097478   2.360140599    2.881948345    0.7310735944   0.5019211353   4.452162135    2.597056382    2.932546247    0.4027731416   0.2215269727   0.6725932505   
173      I1         1.47259        1.039329499    3.161199709    0.8315033959   0.0188045118   2.339326773    2.677691111    1.611051786    0.05504119858  0.1793324215   0.3953315024   
174      I1         1.992340235    1.238174427    3.602551072    0.4723098789   0.8113767914   1.53493775     2.014719743    1.502247231    0.01981849668  -0.7780745034  0.8244314931   
175      I1         1.98336308     2.286075393    4.285975636    0.01798505188  0.3921249435   9.036374273    2.862540153    1.874995535    0.1981209674   -0.2284970162  1.163055781    
176      I1         1.154517324    1.672796838    2.600405533    0.1476893845   0.9796752624   3.295380328    2.790834008    1.460711664    0.3522769703   0.6025767316   0.3708937566   
177      I1         0.4860849217   2.232408175    4.390373804    0.3397412588   0.7426657893   5.002589404    2.194619009    2.729058726    0.04984990593  -0.3650833687  0.5415755731   
178      I1         1.924432175    1.347875166    2.83204905     0.2485902988   0.8943826397   8.275041911    1.764824294    1.915158293    0.1871912945   0.8038941396   0.4473931846   
179      I1         1.310744326    1.019503261    3.804717974    0.4492392441   0.7319429299   8.004857896    1.005840887    2.878748266    0.2548177964   -0.1155121248  1.093395257    
180      I1         0.9723733239   1.717098167    3.451950994    0.7728527275   0.544416591    6.155527653    1.94753824     1.56211718     0.4572664299   -0.03989210821 1.089346249    
181      I1         0.5040713005   1.250427937    3.536263838    0.2525859039   0.8399781579   9.21027408     1.149856099    2.385947396    0.332523988    -0.5447635154  1.278002796    
182      I1         1.771281175    2.278022308    3.352611263    0.9076708301   0.5753240014   7.787279063    2.205949187    1.249947792    0.4618486148   -0.8131123543  0.9904796528   
183      I1         1.158709209    1.395823821    3.837321156    0.2840264418   0.2769640907   4.936652069    2.435221826    1.806497099    0.4247192073   0.1951076042   0.5482780238   
184      I1         1.190534918    2.668124379    2.745626434    0.7031796      0.0289882697   9.178860468    3.361107015    2.249181581    0.3199275569   -0.01703443872 0.4824345644   
185      I1         1.078928625    1.271565045    2.672124427    0.2064273717   0.1919118726   6.934065212    2.001481473    1.328761416    0.2002876135   0.4576014747   0.5057783569   
186      I1         1.122030833    1.89441514     3.549174485    0.05664595001  0.7478827292   3.172767327    1.192543659    1.345448356    0.3709601695   0.3483731743   0.2812462745   
187      I1         1.725021871    2.402460187    4.374945498    0.2931131897   0.01450288372  5.978678452    3.037366763    1.078406485    0.3448592301   -0.5081619491  1.069100224    
188      I1         0.7405778344   2.614324739    2.847328631    0.8494940825   0.7866513945   1.782084131    2.827058448    2.452680857    0.2208750195   0.7977858274   0.5071800924   
189      I1         0.5328893243   1.157943759    3.294143353    0.1755136478   0.3976787274   0.1807719634   3.132106181    2.275915598    0.1356431728   -0.138376339   0.3157558182   
190      I1         1.280693964    1.445530588    3.773679828    0.4276016541   0.77690164     0.9213748418   3.454779949    1.132383706    0.1652539831   -0.6650278309  0.4130506444   
191      I1         1.805055113    2.663067641    3.631972749    0.8367118221   0.6585332783   5.122869491    1.932478028    2.360097833    0.0262078358   -0.7452620384  0.7090355709   
192      I1         1.73112323     2.341796621    3.288925612    0.9694566188   0.6984740392   2.099368541    3.47513158     1.702645265    0.3980499348   -0.4000719468  0.7772653032   
193      I1         0.9614019113   2.000293527    2.982554117    0.9161871134   0.5615971726   6.606688437    2.886943105    2.547204467    0.2750128015   0.2565493833   0.7866617867   
194      I1         1.898912245    1.784465805    2.523780995    0.923528304    0.03605611256  0.80618625     2.236411736    2.640045729    0.1313030512   0.9367367763   0.7579374589   
195      I1         0.6216393137   1.185621855    4.107978047    0.6403466023   0.3176662589   3.915869445    2.268349657    1.359461855    0.4334396586   -0.6194494164  0.9966643918   
196      I1         1.630208966    1.433003144    2.877630711    0.09303893924  0.5057330862   5.154428555    1.357631033    2.259768528    0.01623429528  0.2114804164   0.5073414347   
197      I1         1.223180696    1.557022881    2.544324651    0.7065451786   0.3016913849   3.394123053    2.186557027    1.051679375    0.217189671    0.9639004481   0.4691951384   
198      I1         1.518373807    2.133984655    2.854658815    0.6304719765   0.7141551185   1.203283781    1.106618721    2.660846876    0.4520453553   -0.4858760842  1.81515443     
199      I1         0.9112346406   1.901547742    4.251197975    0.365279752    0.8883612712   4.359482509    3.317583316    1.547697423    0.4282962157   0.7213354982   0.3765220214   
200      I1         1.657882582    1.111207504    4.094441589    0.7643641493   0.4776620772   3.8669091      3.083430849    2.684413573    0.2691720716   -0.9321049033  0.5681426761   
201      I1         0.5833333333   1.55617284     3.401234568    0.5            0.1733333333   0.1611111111   2.682098765    2.987654321    0.08950617284  0.2222222222   0.3580410818   
202      I1         0.8771604938   1.912962963    3.154320988    0.4516049383   0.9718518519   0.2833333333   3.484567901    2.987654321    0.1944444444   0.5679012346   0.3506887254   
203      I1         1.401851852    1.22037037     2.907407407    0.4879012346   0.6572839506   3.216666667    2.682098765    2.987654321    0.3302469136   0.2469135802   0.3540431731   
204      I1         1.15           2.122839506    4.092592593    0.6451851852   0.669382716    9.938888889    3.484567901    1.012345679    0.1944444444   0.3209876543   0.3655536283   
205      I1         1.737654321    1.283333333    3.203703704    0.2580246914   0.9839506173   6.761111111    1.509259259    1.012345679    0.3425925926   0.3456790123   0.3530950787   
206      I1         1.653703704    1.388271605    2.907407407    0.4516049383   0.01604938272  6.761111111    1.416666667    2.987654321    0.3364197531   0.3703703704   0.3023848717   
207      I1         1.338888889    1.85           3.845679012    0.8024691358   0.2096296296   5.416666667    2.558641975    1.012345679    0.02160493827  -0.8641975309  0.3808554867   
208      I1         0.8771604938   1.535185185    3.5            0.4516049383   0.1128395062   1.383333333    3.484567901    1.012345679    0.1759259259   0.1234567901   0.3393278254   
209      I1         1.800617284    1.346296296    3.277777778    0.3790123457   0.9718518519   6.761111111    1.848765432    2.987654321    0.1944444444   0.1975308642   0.4308213103   
210      I1         1.716666667    1.954938272    2.833333333    0.4758024691   0.5967901235   9.938888889    1.416666667    1.679012346    0.3611111111   0.5679012346   0.2580923774   
211      I1         1.527777778    1.55617284     2.907407407    0.5120987654   0.3911111111   6.761111111    1.848765432    1.62962963     0.3364197531   0.2469135802   0.3836326744   
212      I1         0.8771604938   2.14382716     3.574074074    0.3427160494   0.6572839506   0.1611111111   3.484567901    2.962962963    0.212962963    0              0.4411140757   
213      I1         0.9401234568   1.975925926    3.820987654    0.7419753086   0.1007407407   0.1611111111   1.601851852    2.320987654    0.1635802469   0.5185185185   0.3091188101   
214      I1         1.15           1.55617284     4.092592593    0.6330864198   0.669382716    4.316666667    2.00308642     1.012345679    0.009259259259 -0.987654321   0.3512023297   
215      I1         0.8771604938   1.724074074    3.722222222    0.669382716    0.8266666667   4.683333333    2.651234568    1.012345679    0.1635802469   0.7654320988   0.3856557023   
216      I1         0.4154320988   2.689506173    3.5            0.5483950617   0.2459259259   0.1611111111   1.694444444    1.012345679    0.1018518519   0.3209876543   0.2713837541   
217      I1         0.7302469136   2.164814815    3.598765432    0.5            0.01604938272  0.2833333333   2.157407407    1.012345679    0.1635802469   -0.987654321   0.4268661727   
218      I1         1.527777778    2.14382716     3.154320988    0.01604938272  0.9355555556   3.216666667    1.324074074    2.987654321    0.3919753086   0.987654321    0.4550441204   
219      I1         1.401851852    2.689506173    2.512345679    0.4758024691   0.9839506173   3.338888889    2.157407407    2.987654321    0.3796296296   0.5185185185   0.4011580931   
220      I1         1.15           1.010493827    2.907407407    0.4274074074   0.01604938272  0.1611111111   1.848765432    2.987654321    0.2685185185   0.0987654321   0.4158684403   
221      I1         1.359876543    1.55617284     3.12962963     0.8266666667   0.01604938272  6.516666667    3.083333333    1.012345679    0.3549382716   0.5679012346   0.3450690754   
222      I1         0.4574074074   1.472222222    3.154320988    0.2822222222   0.6572839506   3.461111111    3.330246914    1.012345679    0.003086419753 0              0.3724854739   
223      I1         1.401851852    1.031481481    4.290123457    0.6451851852   0.8871604938   3.338888889    3.083333333    1.012345679    0.07098765432  -0.3209876543  0.4135886701   
224      I1         1.15           1.010493827    4.487654321    0.4274074074   0.9839506173   4.316666667    3.484567901    1.703703704    0.2808641975   0.3209876543   0.5887310758   
225      I1         0.6672839506   2.542592593    2.512345679    0.5362962963   0.4516049383   0.2833333333   3.484567901    1.703703704    0.003086419753 0.987654321    0.4935083072   
226      I1         1.233950617    2.542592593    3.820987654    0.6572839506   0.3427160494   3.216666667    3.453703704    2.148148148    0.1697530864   -0.0987654321  0.3869929857   
227      I1         0.8771604938   2.689506173    3.154320988    0.5362962963   0.02814814815  5.783333333    2.682098765    2.987654321    0.225308642    0.1481481481   0.3896635828   
228      I1         1.15           1.010493827    2.956790123    0.5967901235   0.01604938272  5.783333333    3.021604938    1.012345679    0.2685185185   0.2962962963   0.3000388237   
229      I1         0.6043209877   1.577160494    3.5            0.3427160494   0.01604938272  1.261111111    2.064814815    1.012345679    0.1018518519   -0.07407407407 0.4308064598   
230      I1         1.212962963    1.178395062    3.154320988    0.6451851852   0.3427160494   7.861111111    3.484567901    1.012345679    0.06481481481  -0.8148148148  0.3671378495   
231      I1         0.5833333333   2.689506173    3.154320988    0.5362962963   0.5725925926   6.761111111    2.959876543    1.012345679    0.212962963    0.6172839506   0.3188052315   
232      I1         1.15           1.787037037    2.512345679    0.3427160494   0.5483950617   6.883333333    3.484567901    1.012345679    0.4722222222   0.987654321    0.4708113659   
233      I1         1.338888889    1.55617284     3.277777778    0.6572839506   0.5362962963   9.938888889    3.021604938    1.654320988    0.225308642    0.2222222222   0.358321133    
234      I1         1.422839506    1.661111111    3.87037037     0.7782716049   0.9718518519   5.416666667    1.293209877    1.012345679    0.1635802469   0.987654321    0.4146763651   
235      I1         0.8771604938   2.164814815    3.154320988    0.7177777778   0.669382716    3.461111111    1.972222222    2.987654321    0.08333333333  0.5432098765   0.3236723586   
236      I1         1.087037037    1.787037037    3.154320988    0.04024691358  0.9718518519   6.761111111    1.787037037    2.345679012    0.4290123457   0.3456790123   0.380307214    
237      I1         1.422839506    2.353703704    3.179012346    0.9597530864   0.2096296296   4.683333333    1.87962963     1.012345679    0.1080246914   0.3209876543   0.3670926409   
238      I1         1.00308642     1.409259259    3.820987654    0.3427160494   0.9839506173   2.116666667    1.848765432    1.012345679    0.1574074074   0              0.7419133901   
239      I1         0.562345679    2.227777778    4.487654321    0.6572839506   0.7903703704   7.616666667    2.682098765    2.962962963    0.3302469136   0.987654321    0.4784947416   
240      I1         0.3944444444   2.227777778    3.154320988    0.6209876543   0.4879012346   2.483333333    2.219135802    2.962962963    0.1697530864   0.7160493827   0.3303753287   
241      I1         0.4574074074   2.311728395    3.25308642     0.4274074074   0.5725925926   0.1611111111   2.651234568    2.345679012    0.1018518519   0.2469135802   0.2621560817   
242      I1         0.3944444444   2.101851852    3.62345679     0.4516049383   0.3427160494   2.85           2.064814815    2.987654321    0.1080246914   -0.0987654321  0.4946447332   
243      I1         1.29691358     1.55617284     3.154320988    0.6572839506   0.669382716    3.216666667    2.435185185    1.037037037    0.0462962963   -0.987654321   0.3826823117   
244      I1         0.9611111111   1.031481481    3.154320988    0.7903703704   0.01604938272  3.338888889    3.484567901    1.012345679    0.1388888889   0.987654321    0.44769764     
245      I1         1.087037037    1.010493827    2.512345679    0.3790123457   0.01604938272  0.2833333333   3.484567901    2.345679012    0.3611111111   0.5185185185   0.2767496623   
246      I1         1.716666667    1.031481481    2.512345679    0.01604938272  0.01604938272  3.216666667    2.712962963    1.012345679    0.4475308642   0.987654321    0.6884125776   
247      I1         1.422839506    2.542592593    3.154320988    0.8750617284   0.8992592593   9.938888889    2.682098765    2.37037037     0.1018518519   0.3456790123   0.3849996688   
248      I1         0.6672839506   2.164814815    3.845679012    0.7177777778   0.3427160494   0.2833333333   1.570987654    1.012345679    0.003086419753 0.6666666667   0.3079499854   
249      I1         0.8981481481   1.010493827    2.512345679    0.2943209877   0.01604938272  0.2833333333   3.299382716    1.012345679    0.287037037    0.2222222222   0.2695336979   
250      I1         0.8771604938   2.164814815    3.87037037     0.669382716    0.06444444444  0.1611111111   1.848765432    1.703703704    0.003086419753 0.0987654321   0.2689383643   
251      I1         1.506790123    1.55617284     4.240740741    0.8750617284   0.669382716    6.516666667    3.484567901    1.037037037    0.08333333333  0.0987654321   0.4062923918   
252      I1         1.15           1.031481481    3.203703704    0.669382716    0.01604938272  3.95           1.015432099    2.345679012    0.003086419753 0.987654321    0.3805424735   
253      I1         1.359876543    1.535185185    3.845679012    0.8024691358   0.4637037037   3.338888889    2.25           2.074074074    0.003086419753 -0.3209876543  0.3524363818   
254      I1         1.066049383    2.668518519    4.487654321    0.7782716049   0.1249382716   4.683333333    3.083333333    1.012345679    0.3117283951   0.5925925926   0.3764248321   
255      I1         0.5203703704   2.668518519    3.845679012    0.5            0.8750617284   1.383333333    2.959876543    2.987654321    0.1080246914   0.5432098765   0.4326961086   
256      I1         0.562345679    1.535185185    3.154320988    0.3427160494   0.5362962963   3.583333333    3.114197531    2.37037037     0.09567901235  -0.0987654321  0.3631430882   
257      I1         1.066049383    1.661111111    2.907407407    0.8266666667   0.01604938272  9.938888889    2.712962963    1.975308642    0.274691358    0.7654320988   0.418891797    
258      I1         0.9401234568   2.164814815    2.512345679    0.3427160494   0.7540740741   0.1611111111   3.114197531    1.703703704    0.3425925926   0.4938271605   0.2770146724   
259      I1         1.191975309    1.55617284     4.290123457    0.6572839506   0.02814814815  3.583333333    2.033950617    1.037037037    0.1141975309   -0.8888888889  0.4865844825   
260      I1         0.7932098765   1.766049383    2.833333333    0.02814814815  0.5725925926   1.138888889    1.385802469    1.111111111    0.299382716    0.6913580247   0.3795546708   
261      I1         0.5203703704   1.975925926    3.154320988    0.5120987654   0.01604938272  0.1611111111   2.929012346    1.012345679    0.25           0.5185185185   0.2969505719   
262      I1         0.5203703704   2.332716049    2.734567901    0.5604938272   0.5241975309   0.1611111111   2.527777778    1.456790123    0.08333333333  0.4444444444   0.2789861781   
263      I1         1.863580247    1.975925926    3.796296296    0.2217283951   0.669382716    6.883333333    1.015432099    2.345679012    0.3364197531   0.5925925926   0.3126784312   
264      I1         1.632716049    1.975925926    3.203703704    0.5483950617   0.669382716    8.716666667    1.015432099    2.592592593    0.3364197531   0.7654320988   0.3627475443   
265      I1         0.9611111111   2.164814815    2.981481481    0.4032098765   0.01604938272  0.1611111111   3.330246914    1.012345679    0.3364197531   0.4444444444   0.2755546444   
266      I1         1.15           1.031481481    3.154320988    0.6572839506   0.3427160494   0.1611111111   2.404320988    2.987654321    0.1203703704   0.07407407407  0.3358153928   
267      I1         0.9401234568   1.55617284     4.314814815    0.1491358025   0.9597530864   9.938888889    3.422839506    1.111111111    0.1944444444   -0.8148148148  0.6616195046   
268      I1         0.8771604938   1.010493827    2.685185185    0.4879012346   0.7782716049   0.1611111111   2.898148148    1.012345679    0.08333333333  0.2962962963   0.6775795906   
269      I1         1.695679012    2.038888889    3.055555556    0.1249382716   0.6814814815   6.883333333    1.663580247    2.345679012    0.4660493827   0.6419753086   0.4236581787   
270      I1         1.716666667    2.227777778    3.277777778    0.4758024691   0.9718518519   9.938888889    2.12654321     2.345679012    0.3734567901   0.2469135802   0.4722949955   
271      I1         0.6462962963   2.689506173    2.611111111    0.2580246914   0.7782716049   1.383333333    2.929012346    2.37037037     0.2191358025   0.5679012346   0.3996187259   
272      I1         1.129012346    2.416666667    2.537037037    0.5            0.9839506173   6.761111111    3.484567901    2.962962963    0.3364197531   0.987654321    0.5487848705   
273      I1         0.8771604938   2.689506173    2.537037037    0.5            0.7903703704   6.761111111    3.052469136    2.987654321    0.1759259259   0.3209876543   0.4317154279   
274      I1         0.7722222222   2.332716049    2.907407407    0.1612345679   0.4516049383   3.338888889    1.015432099    2.345679012    0.3055555556   0.4444444444   0.2614783995   
275      I1         1.066049383    1.787037037    4.462962963    0.7782716049   0.5604938272   7.616666667    3.484567901    1.012345679    0.3425925926   0.987654321    0.4932474325   
276      I1         0.6043209877   2.14382716     2.611111111    0.3548148148   0.01604938272  2.116666667    1.015432099    2.345679012    0.1635802469   0.6666666667   0.2471372277   
277      I1         0.9820987654   1.55617284     3.179012346    0.2701234568   0.7540740741   0.65           3.361111111    1.555555556    0.4043209877   0.4691358025   0.3494511254   
278      I1         0.5833333333   2.122839506    4.314814815    0.6451851852   0.01604938272  3.95           2.682098765    1.654320988    0.1697530864   0.3950617284   0.4035003436   
279      I1         0.562345679    1.975925926    3.62345679     0.6088888889   0.2822222222   5.783333333    1.262345679    1.654320988    0.1697530864   0.6419753086   0.3140168469   
280      I1         1.44382716     1.157407407    3.845679012    0.6814814815   0.01604938272  3.338888889    3.422839506    2.962962963    0.3364197531   0.1481481481   0.4316199587   
281      I1         1.632716049    1.535185185    3.845679012    0.7903703704   0.01604938272  2.483333333    1.848765432    2.345679012    0.4351851852   0.3209876543   0.3586668374   
282      I1         1.338888889    1.577160494    3.796296296    0.08864197531  0.8750617284   4.561111111    1.231481481    1.012345679    0.2191358025   0.5925925926   0.2481335508   
283      I1         1.569753086    1.55617284     3.845679012    0.3427160494   0.6088888889   0.2833333333   1.416666667    2.37037037     0.3364197531   0.4197530864   0.3066763974   
284      I1         0.6462962963   2.290740741    2.907407407    0.6209876543   0.01604938272  0.2833333333   1.570987654    2.345679012    0.003086419753 0.4691358025   0.2482181762   
285      I1         0.7722222222   2.353703704    3.203703704    0.4516049383   0.01604938272  1.016666667    1.015432099    2.345679012    0.003086419753 0.987654321    0.362232775    
286      I1         0.8561728395   2.290740741    3.277777778    0.3427160494   0.9839506173   0.2833333333   2.651234568    2.37037037     0.3302469136   0.5679012346   0.2751162898   
287      I1         0.6043209877   2.14382716     2.512345679    0.2459259259   0.3427160494   0.1611111111   1.324074074    2.345679012    0.25           0.4444444444   0.2554857368   
288      I1         0.562345679    2.332716049    3.796296296    0.584691358    0.3548148148   0.1611111111   1.787037037    2.345679012    0.1697530864   0.3703703704   0.2720459245   
289      I1         1.632716049    2.14382716     2.512345679    0.669382716    0.01604938272  4.683333333    1.046296296    2.345679012    0.4166666667   0.6666666667   0.4112445057   
290      I1         1.170987654    2.227777778    4.092592593    0.6572839506   0.669382716    9.816666667    2.682098765    2.345679012    0.0462962963   -0.987654321   0.410360143    
291      I1         1.212962963    1.346296296    3.154320988    0.6572839506   0.01604938272  4.316666667    2.682098765    2.987654321    0.2438271605   0              0.3798990747   
292      I1         0.8351851852   2.14382716     2.512345679    0.4516049383   0.01604938272  3.216666667    3.206790123    2.345679012    0.3240740741   0.5185185185   0.283976363    
293      I1         0.8561728395   2.164814815    2.512345679    0.137037037    0.01604938272  3.338888889    1.015432099    2.37037037     0.1944444444   0.987654321    0.386179555    
294      I1         0.8351851852   2.353703704    2.512345679    0.2459259259   0.6814814815   3.338888889    1.015432099    2.345679012    0.2438271605   0.987654321    0.3757448131   
295      I1         0.3314814815   2.14382716     3.154320988    0.6088888889   0.6814814815   0.2833333333   2.651234568    2.345679012    0.1697530864   0.987654321    0.4311656278   
296      I1         1.29691358     1.010493827    3.351851852    0.7298765432   0.1007407407   4.683333333    1.385802469    1.62962963     0.1635802469   0.4691358025   0.2237252544   
297      I1         1.233950617    2.689506173    3.12962963     0.06444444444  0.669382716    5.172222222    1.077160494    2.345679012    0.2685185185   0.5925925926   0.2192036803   
298      I1         1.989506173    2.14382716     3.154320988    0.3911111111   0.6088888889   6.516666667    1.447530864    2.790123457    0.3549382716   0.6666666667   0.2606565494   
299      I1         0.5833333333   2.164814815    3.154320988    0.2580246914   0.01604938272  3.461111111    1.169753086    1.037037037    0.1697530864   0.3703703704   0.277183156    
300      I1         1.527777778    1.010493827    3.351851852    0.6935802469   0.4637037037   6.761111111    1.447530864    1.432098765    0.3981481481   0.6172839506   0.2801475972   
%eval_id interface log__t_efold_shallow log__t_efold_soil log__t_efold_karst f_exfiltration_shallow f_exfiltration_soil PDD_melt_factor log__Hmax_shallow log__fdd_threshold f_direct_runoff log__routing_K neg_kge        
301      I1         1.233950617    2.689506173    3.12962963     0.06444444444  0.669382716    5.172222222    1.077160494    2.345679012    0.2685185185   0.5925925926   0.2192036803   
302      I1         1.403950617    2.689506173    3.12962963     0.06444444444  0.669382716    5.172222222    1.077160494    2.345679012    0.2685185185   0.5925925926   0.2413967663   
303      I1         1.233950617    2.689506173    3.32962963     0.06444444444  0.669382716    5.172222222    1.077160494    2.345679012    0.2685185185   0.5925925926   0.2325814084   
304      I1         1.233950617    2.689506173    3.12962963     0.1624444444   0.669382716    5.172222222    1.077160494    2.345679012    0.2685185185   0.5925925926   0.2244090518   
305      I1         1.233950617    2.689506173    3.12962963     0.06444444444  0.767382716    5.172222222    1.077160494    2.345679012    0.2685185185   0.5925925926   0.2197177165   
306      I1         1.233950617    2.689506173    3.12962963     0.06444444444  0.669382716    6.162222222    1.077160494    2.345679012    0.2685185185   0.5925925926   0.2232394104   
307      I1         1.233950617    2.689506173    3.12962963     0.06444444444  0.669382716    5.172222222    1.327160494    2.345679012    0.2685185185   0.5925925926   0.3544557008   
308      I1         1.233950617    2.689506173    3.12962963     0.06444444444  0.669382716    5.172222222    1.077160494    2.545679012    0.2685185185   0.5925925926   0.2238591954   
309      I1         1.233950617    2.689506173    3.12962963     0.06444444444  0.669382716    5.172222222    1.077160494    2.345679012    0.3185185185   0.5925925926   0.2231657114   
310      I1         1.233950617    2.689506173    3.12962963     0.06444444444  0.669382716    5.172222222    1.077160494    2.345679012    0.2685185185   0.7925925926   0.2786071034   
311      I1         1.063950617    2.689506173    3.12962963     0.06444444444  0.669382716    5.172222222    1.077160494    2.345679012    0.2685185185   0.5925925926   0.2316823222   
312      I1         1.233950617    2.519506173    3.12962963     0.06444444444  0.669382716    5.172222222    1.077160494    2.345679012    0.2685185185   0.5925925926   0.2177621121   
313      I1         1.233950617    2.689506173    2.92962963     0.06444444444  0.669382716    5.172222222    1.077160494    2.345679012    0.2685185185   0.5925925926   0.2249537005   
314      I1         1.233950617    2.689506173    3.12962963     0.06444444444  0.571382716    5.172222222    1.077160494    2.345679012    0.2685185185   0.5925925926   0.2201411918   
315      I1         1.233950617    2.689506173    3.12962963     0.06444444444  0.669382716    4.182222222    1.077160494    2.345679012    0.2685185185   0.5925925926   0.214721978    
316      I1         1.233950617    2.689506173    3.12962963     0.06444444444  0.669382716    5.172222222    1.077160494    2.145679012    0.2685185185   0.5925925926   0.2134737332   
317      I1         1.233950617    2.689506173    3.12962963     0.06444444444  0.669382716    5.172222222    1.077160494    2.345679012    0.2185185185   0.5925925926   0.2158097256   
318      I1         1.233950617    2.689506173    3.12962963     0.06444444444  0.669382716    5.172222222    1.077160494    2.345679012    0.2685185185   0.3925925926   0.3126810788   
319      I1         1.318950617    2.689506173    3.12962963     0.06444444444  0.669382716    5.172222222    1.077160494    2.345679012    0.2685185185   0.5925925926   0.2259008256   
320      I1         1.233950617    2.689506173    3.22962963     0.06444444444  0.669382716    5.172222222    1.077160494    2.345679012    0.2685185185   0.5925925926   0.2216883356   
321      I1         1.233950617    2.689506173    3.12962963     0.1134444444   0.669382716    5.172222222    1.077160494    2.345679012    0.2685185185   0.5925925926   0.2210004947   
322      I1         1.233950617    2.689506173    3.12962963     0.06444444444  0.718382716    5.172222222    1.077160494    2.345679012    0.2685185185   0.5925925926   0.2192748462   
323      I1         1.233950617    2.689506173    3.12962963     0.06444444444  0.669382716    5.667222222    1.077160494    2.345679012    0.2685185185   0.5925925926   0.2214836426   
324      I1         1.233950617    2.689506173    3.12962963     0.06444444444  0.669382716    5.172222222    1.202160494    2.345679012    0.2685185185   0.5925925926   0.2523795061   
325      I1         1.233950617    2.689506173    3.12962963     0.06444444444  0.669382716    5.172222222    1.077160494    2.445679012    0.2685185185   0.5925925926   0.2194365538   
326      I1         1.233950617    2.689506173    3.12962963     0.06444444444  0.669382716    5.172222222    1.077160494    2.345679012    0.2935185185   0.5925925926   0.221100944    
327      I1         1.233950617    2.689506173    3.12962963     0.06444444444  0.669382716    5.172222222    1.077160494    2.345679012    0.2685185185   0.6925925926   0.2374283152   
328      I1         1.148950617    2.689506173    3.12962963     0.06444444444  0.669382716    5.172222222    1.077160494    2.345679012    0.2685185185   0.5925925926   0.2212623938   
329      I1         1.233950617    2.604506173    3.12962963     0.06444444444  0.669382716    5.172222222    1.077160494    2.345679012    0.2685185185   0.5925925926   0.2185249141   
330      I1         1.233950617    2.689506173    3.02962963     0.06444444444  0.669382716    5.172222222    1.077160494    2.345679012    0.2685185185   0.5925925926   0.2215295578   
331      I1         1.233950617    2.689506173    3.12962963     0.01544444444  0.669382716    5.172222222    1.077160494    2.345679012    0.2685185185   0.5925925926   0.2188637973   
332      I1         1.233950617    2.689506173    3.12962963     0.06444444444  0.620382716    5.172222222    1.077160494    2.345679012    0.2685185185   0.5925925926   0.2194959938   
333      I1         1.233950617    2.689506173    3.12962963     0.06444444444  0.669382716    4.677222222    1.077160494    2.345679012    0.2685185185   0.5925925926   0.2169106457   
334      I1         1.233950617    2.689506173    3.12962963     0.06444444444  0.669382716    5.172222222    1.077160494    2.245679012    0.2685185185   0.5925925926   0.2189535245   
335      I1         1.233950617    2.689506173    3.12962963     0.06444444444  0.669382716    5.172222222    1.077160494    2.345679012    0.2435185185   0.5925925926   0.2173661444   
336      I1         1.233950617    2.689506173    3.12962963     0.06444444444  0.669382716    5.172222222    1.077160494    2.345679012    0.2685185185   0.4925925926   0.2426654563   
337      I1         1.276450617    2.689506173    3.12962963     0.06444444444  0.669382716    5.172222222    1.077160494    2.345679012    0.2685185185   0.5925925926   0.2213547238   
338      I1         1.233950617    2.689506173    3.17962963     0.06444444444  0.669382716    5.172222222    1.077160494    2.345679012    0.2685185185   0.5925925926   0.2195802297   
339      I1         1.233950617    2.689506173    3.12962963     0.08894444444  0.669382716    5.172222222    1.077160494    2.345679012    0.2685185185   0.5925925926   0.2199096766   
340      I1         1.233950617    2.689506173    3.12962963     0.06444444444  0.693882716    5.172222222    1.077160494    2.345679012    0.2685185185   0.5925925926   0.2191932562   
341      I1         1.233950617    2.689506173    3.12962963     0.06444444444  0.669382716    5.419722222    1.077160494    2.345679012    0.2685185185   0.5925925926   0.2206282714   
342      I1         1.233950617    2.689506173    3.12962963     0.06444444444  0.669382716    5.172222222    1.139660494    2.345679012    0.2685185185   0.5925925926   0.2235149857   
343      I1         1.233950617    2.689506173    3.12962963     0.06444444444  0.669382716    5.172222222    1.077160494    2.395679012    0.2685185185   0.5925925926   0.2192812076   
344      I1         1.233950617    2.689506173    3.12962963     0.06444444444  0.669382716    5.172222222    1.077160494    2.345679012    0.2810185185   0.5925925926   0.2201376952   
345      I1         1.233950617    2.689506173    3.12962963     0.06444444444  0.669382716    5.172222222    1.077160494    2.345679012    0.2685185185   0.6425925926   0.2242932545   
346      I1         1.191450617    2.689506173    3.12962963     0.06444444444  0.669382716    5.172222222    1.077160494    2.345679012    0.2685185185   0.5925925926   0.2190697261   
347      I1         1.233950617    2.647006173    3.12962963     0.06444444444  0.669382716    5.172222222    1.077160494    2.345679012    0.2685185185   0.5925925926   0.218873075    
348      I1         1.233950617    2.689506173    3.07962963     0.06444444444  0.669382716    5.172222222    1.077160494    2.345679012    0.2685185185   0.5925925926   0.220028272    
349      I1         1.233950617    2.689506173    3.12962963     0.03994444444  0.669382716    5.172222222    1.077160494    2.345679012    0.2685185185   0.5925925926   0.2188622527   
350      I1         1.233950617    2.689506173    3.12962963     0.06444444444  0.644882716    5.172222222    1.077160494    2.345679012    0.2685185185   0.5925925926   0.2193050114   
351      I1         1.233950617    2.689506173    3.12962963     0.06444444444  0.669382716    4.924722222    1.077160494    2.345679012    0.2685185185   0.5925925926   0.218037635    
352      I1         1.233950617    2.689506173    3.12962963     0.06444444444  0.669382716    5.172222222    1.014660494    2.345679012    0.2685185185   0.5925925926   0.239469745    
353      I1         1.233950617    2.689506173    3.12962963     0.06444444444  0.669382716    5.172222222    1.077160494    2.295679012    0.2685185185   0.5925925926   0.2189502818   
354      I1         1.233950617    2.689506173    3.12962963     0.06444444444  0.669382716    5.172222222    1.077160494    2.345679012    0.2560185185   0.5925925926   0.2182513529   
355      I1         1.233950617    2.689506173    3.12962963     0.06444444444  0.669382716    5.172222222    1.077160494    2.345679012    0.2685185185   0.5425925926   0.2247789642   
356      I1         1.276450617    2.689506173    3.12962963     0.06444444444  0.669382716    4.924722222    1.077160494    2.345679012    0.2685185185   0.5925925926   0.2203806354   
357      I1         1.233950617    2.689506173    3.17962963     0.06444444444  0.669382716    4.924722222    1.077160494    2.345679012    0.2685185185   0.5925925926   0.2182997184   
358      I1         1.233950617    2.689506173    3.12962963     0.08894444444  0.669382716    4.924722222    1.077160494    2.345679012    0.2685185185   0.5925925926   0.2188073777   
359      I1         1.233950617    2.689506173    3.12962963     0.06444444444  0.693882716    4.924722222    1.077160494    2.345679012    0.2685185185   0.5925925926   0.2180559424   
360      I1         1.233950617    2.689506173    3.12962963     0.06444444444  0.669382716    4.924722222    1.139660494    2.345679012    0.2685185185   0.5925925926   0.2217929088   
361      I1         1.233950617    2.689506173    3.12962963     0.06444444444  0.669382716    4.924722222    1.077160494    2.395679012    0.2685185185   0.5925925926   0.2181327726   
362      I1         1.233950617    2.689506173    3.12962963     0.06444444444  0.669382716    4.924722222    1.077160494    2.345679012    0.2810185185   0.5925925926   0.2189578481   
363      I1         1.233950617    2.689506173    3.12962963     0.06444444444  0.669382716    4.924722222    1.077160494    2.345679012    0.2685185185   0.6425925926   0.2229662594   
364      I1         1.191450617    2.689506173    3.12962963     0.06444444444  0.669382716    4.924722222    1.077160494    2.345679012    0.2685185185   0.5925925926   0.2177222168   
365      I1         1.233950617    2.647006173    3.12962963     0.06444444444  0.669382716    4.924722222    1.077160494    2.345679012    0.2685185185   0.5925925926   0.2177207297   
366      I1         1.233950617    2.689506173    3.07962963     0.06444444444  0.669382716    4.924722222    1.077160494    2.345679012    0.2685185185   0.5925925926   0.2189675042   
367      I1         1.233950617    2.689506173    3.12962963     0.03994444444  0.669382716    4.924722222    1.077160494    2.345679012    0.2685185185   0.5925925926   0.2176358586   
368      I1         1.233950617    2.689506173    3.12962963     0.06444444444  0.644882716    4.924722222    1.077160494    2.345679012    0.2685185185   0.5925925926   0.2181108783   
369      I1         1.233950617    2.689506173    3.12962963     0.06444444444  0.669382716    4.677222222    1.077160494    2.345679012    0.2685185185   0.5925925926   0.2169106457   
370      I1         1.233950617    2.689506173    3.12962963     0.06444444444  0.669382716    4.924722222    1.014660494    2.345679012    0.2685185185   0.5925925926   0.2389358392   
371      I1         1.233950617    2.689506173    3.12962963     0.06444444444  0.669382716    4.924722222    1.077160494    2.295679012    0.2685185185   0.5925925926   0.2177744251   
372      I1         1.233950617    2.689506173    3.12962963     0.06444444444  0.669382716    4.924722222    1.077160494    2.345679012    0.2560185185   0.5925925926   0.2171005224   
373      I1         1.233950617    2.689506173    3.12962963     0.06444444444  0.669382716    4.924722222    1.077160494    2.345679012    0.2685185185   0.5425925926   0.223840704    
374      I1         1.276450617    2.689506173    3.12962963     0.06444444444  0.669382716    4.677222222    1.077160494    2.345679012    0.2685185185   0.5925925926   0.2194518725   
375      I1         1.233950617    2.689506173    3.17962963     0.06444444444  0.669382716    4.677222222    1.077160494    2.345679012    0.2685185185   0.5925925926   0.2170514808   
376      I1         1.233950617    2.689506173    3.12962963     0.08894444444  0.669382716    4.677222222    1.077160494    2.345679012    0.2685185185   0.5925925926   0.217749329    
377      I1         1.233950617    2.689506173    3.12962963     0.06444444444  0.693882716    4.677222222    1.077160494    2.345679012    0.2685185185   0.5925925926   0.2169594289   
378      I1         1.233950617    2.689506173    3.12962963     0.06444444444  0.669382716    4.677222222    1.139660494    2.345679012    0.2685185185   0.5925925926   0.2200798457   
379      I1         1.233950617    2.689506173    3.12962963     0.06444444444  0.669382716    4.677222222    1.077160494    2.395679012    0.2685185185   0.5925925926   0.2170235043   
380      I1         1.233950617    2.689506173    3.12962963     0.06444444444  0.669382716    4.677222222    1.077160494    2.345679012    0.2810185185   0.5925925926   0.2178177054   
381      I1         1.233950617    2.689506173    3.12962963     0.06444444444  0.669382716    4.677222222    1.077160494    2.345679012    0.2685185185   0.6425925926   0.2216656624   
382      I1         1.191450617    2.689506173    3.12962963     0.06444444444  0.669382716    4.677222222    1.077160494    2.345679012    0.2685185185   0.5925925926   0.2164065358   
383      I1         1.233950617    2.647006173    3.12962963     0.06444444444  0.669382716    4.677222222    1.077160494    2.345679012    0.2685185185   0.5925925926   0.2166084988   
384      I1         1.233950617    2.689506173    3.07962963     0.06444444444  0.669382716    4.677222222    1.077160494    2.345679012    0.2685185185   0.5925925926   0.2179515285   
385      I1         1.233950617    2.689506173    3.12962963     0.03994444444  0.669382716    4.677222222    1.077160494    2.345679012    0.2685185185   0.5925925926   0.2164435792   
386      I1         1.233950617    2.689506173    3.12962963     0.06444444444  0.644882716    4.677222222    1.077160494    2.345679012    0.2685185185   0.5925925926   0.2169540639   
387      I1         1.233950617    2.689506173    3.12962963     0.06444444444  0.669382716    4.429722222    1.077160494    2.345679012    0.2685185185   0.5925925926   0.2158232179   
388      I1         1.233950617    2.689506173    3.12962963     0.06444444444  0.669382716    4.677222222    1.014660494    2.345679012    0.2685185185   0.5925925926   0.2384616331   
389      I1         1.233950617    2.689506173    3.12962963     0.06444444444  0.669382716    4.677222222    1.077160494    2.295679012    0.2685185185   0.5925925926   0.2166375266   
390      I1         1.233950617    2.689506173    3.12962963     0.06444444444  0.669382716    4.677222222    1.077160494    2.345679012    0.2560185185   0.5925925926   0.2159881791   
391      I1         1.233950617    2.689506173    3.12962963     0.06444444444  0.669382716    4.677222222    1.077160494    2.345679012    0.2685185185   0.5425925926   0.222954471    
392      I1         1.276450617    2.689506173    3.12962963     0.06444444444  0.669382716    4.429722222    1.077160494    2.345679012    0.2685185185   0.5925925926   0.2185684246   
393      I1         1.233950617    2.689506173    3.17962963     0.06444444444  0.669382716    4.429722222    1.077160494    2.345679012    0.2685185185   0.5925925926   0.2158377453   
394      I1         1.233950617    2.689506173    3.12962963     0.08894444444  0.669382716    4.429722222    1.077160494    2.345679012    0.2685185185   0.5925925926   0.2167338143   
395      I1         1.233950617    2.689506173    3.12962963     0.06444444444  0.693882716    4.429722222    1.077160494    2.345679012    0.2685185185   0.5925925926   0.215903694    
396      I1         1.233950617    2.689506173    3.12962963     0.06444444444  0.669382716    4.429722222    1.139660494    2.345679012    0.2685185185   0.5925925926   0.2183802008   
397      I1         1.233950617    2.689506173    3.12962963     0.06444444444  0.669382716    4.429722222    1.077160494    2.395679012    0.2685185185   0.5925925926   0.2159543667   
398      I1         1.233950617    2.689506173    3.12962963     0.06444444444  0.669382716    4.429722222    1.077160494    2.345679012    0.2810185185   0.5925925926   0.2167174224   
399      I1         1.233950617    2.689506173    3.12962963     0.06444444444  0.669382716    4.429722222    1.077160494    2.345679012    0.2685185185   0.6425925926   0.2203944933   
400      I1         1.191450617    2.689506173    3.12962963     0.06444444444  0.669382716    4.429722222    1.077160494    2.345679012    0.2685185185   0.5925925926   0.2151237507   
401      I1         1.233950617    2.647006173    3.12962963     0.06444444444  0.669382716    4.429722222    1.077160494    2.345679012    0.2685185185   0.5925925926   0.2155365278   
402      I1         1.233950617    2.689506173    3.07962963     0.06444444444  0.669382716    4.429722222    1.077160494    2.345679012    0.2685185185   0.5925925926   0.2169791582   
403      I1         1.233950617    2.689506173    3.12962963     0.03994444444  0.669382716    4.429722222    1.077160494    2.345679012    0.2685185185   0.5925925926   0.2152878999   
404      I1         1.233950617    2.689506173    3.12962963     0.06444444444  0.644882716    4.429722222    1.077160494    2.345679012    0.2685185185   0.5925925926   0.2158355775   
405      I1         1.233950617    2.689506173    3.12962963     0.06444444444  0.669382716    4.182222222    1.077160494    2.345679012    0.2685185185   0.5925925926   0.214721978    
406      I1         1.233950617    2.689506173    3.12962963     0.06444444444  0.669382716    4.429722222    1.014660494    2.345679012    0.2685185185   0.5925925926   0.2380435858   
407      I1         1.233950617    2.689506173    3.12962963     0.06444444444  0.669382716    4.429722222    1.077160494    2.295679012    0.2685185185   0.5925925926   0.2155405931   
408      I1         1.233950617    2.689506173    3.12962963     0.06444444444  0.669382716    4.429722222    1.077160494    2.345679012    0.2560185185   0.5925925926   0.2149151564   
409      I1         1.233950617    2.689506173    3.12962963     0.06444444444  0.669382716    4.429722222    1.077160494    2.345679012    0.2685185185   0.5425925926   0.2221194644   
410      I1         1.276450617    2.689506173    3.12962963     0.06444444444  0.669382716    4.182222222    1.077160494    2.345679012    0.2685185185   0.5925925926   0.2176870877   
411      I1         1.233950617    2.689506173    3.17962963     0.06444444444  0.669382716    4.182222222    1.077160494    2.345679012    0.2685185185   0.5925925926   0.2145979492   
412      I1         1.233950617    2.689506173    3.12962963     0.08894444444  0.669382716    4.182222222    1.077160494    2.345679012    0.2685185185   0.5925925926   0.2157136422   
413      I1         1.233950617    2.689506173    3.12962963     0.06444444444  0.693882716    4.182222222    1.077160494    2.345679012    0.2685185185   0.5925925926   0.2148366868   
414      I1         1.233950617    2.689506173    3.12962963     0.06444444444  0.669382716    4.182222222    1.139660494    2.345679012    0.2685185185   0.5925925926   0.216594554    
415      I1         1.233950617    2.689506173    3.12962963     0.06444444444  0.669382716    4.182222222    1.077160494    2.395679012    0.2685185185   0.5925925926   0.214926184    
416      I1         1.233950617    2.689506173    3.12962963     0.06444444444  0.669382716    4.182222222    1.077160494    2.345679012    0.2810185185   0.5925925926   0.2156054457   
417      I1         1.233950617    2.689506173    3.12962963     0.06444444444  0.669382716    4.182222222    1.077160494    2.345679012    0.2685185185   0.6425925926   0.2190864269   
418      I1         1.191450617    2.689506173    3.12962963     0.06444444444  0.669382716    4.182222222    1.077160494    2.345679012    0.2685185185   0.5925925926   0.2138140377   
419      I1         1.233950617    2.647006173    3.12962963     0.06444444444  0.669382716    4.182222222    1.077160494    2.345679012    0.2685185185   0.5925925926   0.2144508644   
420      I1         1.233950617    2.689506173    3.07962963     0.06444444444  0.669382716    4.182222222    1.077160494    2.345679012    0.2685185185   0.5925925926   0.2160042082   
421      I1         1.233950617    2.689506173    3.12962963     0.03994444444  0.669382716    4.182222222    1.077160494    2.345679012    0.2685185185   0.5925925926   0.2141093394   
422      I1         1.233950617    2.689506173    3.12962963     0.06444444444  0.644882716    4.182222222    1.077160494    2.345679012    0.2685185185   0.5925925926   0.2147008091   
423      I1         1.233950617    2.689506173    3.12962963     0.06444444444  0.669382716    3.934722222    1.077160494    2.345679012    0.2685185185   0.5925925926   0.2137245591   
424      I1         1.233950617    2.689506173    3.12962963     0.06444444444  0.669382716    4.182222222    1.014660494    2.345679012    0.2685185185   0.5925925926   0.2376721269   
425      I1         1.233950617    2.689506173    3.12962963     0.06444444444  0.669382716    4.182222222    1.077160494    2.295679012    0.2685185185   0.5925925926   0.2144861909   
426      I1         1.233950617    2.689506173    3.12962963     0.06444444444  0.669382716    4.182222222    1.077160494    2.345679012    0.2560185185   0.5925925926   0.2138262856   
427      I1         1.233950617    2.689506173    3.12962963     0.06444444444  0.669382716    4.182222222    1.077160494    2.345679012    0.2685185185   0.5425925926   0.2212974057   
428      I1         1.318950617    2.689506173    3.12962963     0.06444444444  0.669382716    3.934722222    1.077160494    2.345679012    0.2685185185   0.5925925926   0.2224870243   
429      I1         1.233950617    2.689506173    3.22962963     0.06444444444  0.669382716    3.934722222    1.077160494    2.345679012    0.2685185185   0.5925925926   0.2149170957   
430      I1         1.233950617    2.689506173    3.12962963     0.1134444444   0.669382716    3.934722222    1.077160494    2.345679012    0.2685185185   0.5925925926   0.2162672466   
431      I1         1.233950617    2.689506173    3.12962963     0.06444444444  0.718382716    3.934722222    1.077160494    2.345679012    0.2685185185   0.5925925926   0.2141183658   
432      I1         1.233950617    2.689506173    3.12962963     0.06444444444  0.669382716    3.934722222    1.202160494    2.345679012    0.2685185185   0.5925925926   0.2429705999   
433      I1         1.233950617    2.689506173    3.12962963     0.06444444444  0.669382716    3.934722222    1.077160494    2.445679012    0.2685185185   0.5925925926   0.2142331416   
434      I1         1.233950617    2.689506173    3.12962963     0.06444444444  0.669382716    3.934722222    1.077160494    2.345679012    0.2935185185   0.5925925926   0.2155020201   
435      I1         1.233950617    2.689506173    3.12962963     0.06444444444  0.669382716    3.934722222    1.077160494    2.345679012    0.2685185185   0.6925925926   0.2303979567   
436      I1         1.148950617    2.689506173    3.12962963     0.06444444444  0.669382716    3.934722222    1.077160494    2.345679012    0.2685185185   0.5925925926   0.2138975566   
437      I1         1.233950617    2.604506173    3.12962963     0.06444444444  0.669382716    3.934722222    1.077160494    2.345679012    0.2685185185   0.5925925926   0.2131706008   
438      I1         1.233950617    2.689506173    3.02962963     0.06444444444  0.669382716    3.934722222    1.077160494    2.345679012    0.2685185185   0.5925925926   0.2171319276   
439      I1         1.233950617    2.689506173    3.12962963     0.01544444444  0.669382716    3.934722222    1.077160494    2.345679012    0.2685185185   0.5925925926   0.2127107929   
440      I1         1.233950617    2.689506173    3.12962963     0.06444444444  0.620382716    3.934722222    1.077160494    2.345679012    0.2685185185   0.5925925926   0.213706816    
441      I1         1.233950617    2.689506173    3.12962963     0.06444444444  0.669382716    3.439722222    1.077160494    2.345679012    0.2685185185   0.5925925926   0.211285008    
442      I1         1.233950617    2.689506173    3.12962963     0.06444444444  0.669382716    3.934722222    1.077160494    2.245679012    0.2685185185   0.5925925926   0.2134188116   
443      I1         1.233950617    2.689506173    3.12962963     0.06444444444  0.669382716    3.934722222    1.077160494    2.345679012    0.2435185185   0.5925925926   0.2120324845   
444      I1         1.233950617    2.689506173    3.12962963     0.06444444444  0.669382716    3.934722222    1.077160494    2.345679012    0.2685185185   0.4925925926   0.2399661508   
445      I1         1.276450617    2.689506173    3.12962963     0.06444444444  0.669382716    3.934722222    1.077160494    2.345679012    0.2685185185   0.5925925926   0.2169081401   
446      I1         1.233950617    2.689506173    3.17962963     0.06444444444  0.669382716    3.934722222    1.077160494    2.345679012    0.2685185185   0.5925925926   0.2134608088   
447      I1         1.233950617    2.689506173    3.12962963     0.08894444444  0.669382716    3.934722222    1.077160494    2.345679012    0.2685185185   0.5925925926   0.214795522    
448      I1         1.233950617    2.689506173    3.12962963     0.06444444444  0.693882716    3.934722222    1.077160494    2.345679012    0.2685185185   0.5925925926   0.2138740338   
449      I1         1.233950617    2.689506173    3.12962963     0.06444444444  0.669382716    3.934722222    1.139660494    2.345679012    0.2685185185   0.5925925926   0.2150519659   
450      I1         1.233950617    2.689506173    3.12962963     0.06444444444  0.669382716    3.934722222    1.077160494    2.395679012    0.2685185185   0.5925925926   0.2139426187   
451      I1         1.233950617    2.689506173    3.12962963     0.06444444444  0.669382716    3.934722222    1.077160494    2.345679012    0.2810185185   0.5925925926   0.2145958333   
452      I1         1.233950617    2.689506173    3.12962963     0.06444444444  0.669382716    3.934722222    1.077160494    2.345679012    0.2685185185   0.6425925926   0.2178808064   
453      I1         1.191450617    2.689506173    3.12962963     0.06444444444  0.669382716    3.934722222    1.077160494    2.345679012    0.2685185185   0.5925925926   0.2126044985   
454      I1         1.233950617    2.647006173    3.12962963     0.06444444444  0.669382716    3.934722222    1.077160494    2.345679012    0.2685185185   0.5925925926   0.2134706597   
455      I1         1.233950617    2.689506173    3.07962963     0.06444444444  0.669382716    3.934722222    1.077160494    2.345679012    0.2685185185   0.5925925926   0.2151321038   
456      I1         1.233950617    2.689506173    3.12962963     0.03994444444  0.669382716    3.934722222    1.077160494    2.345679012    0.2685185185   0.5925925926   0.2130362602   
457      I1         1.233950617    2.689506173    3.12962963     0.06444444444  0.644882716    3.934722222    1.077160494    2.345679012    0.2685185185   0.5925925926   0.2136691418   
458      I1         1.233950617    2.689506173    3.12962963     0.06444444444  0.669382716    3.687222222    1.077160494    2.345679012    0.2685185185   0.5925925926   0.2125654058   
459      I1         1.233950617    2.689506173    3.12962963     0.06444444444  0.669382716    3.934722222    1.014660494    2.345679012    0.2685185185   0.5925925926   0.2373836827   
460      I1         1.233950617    2.689506173    3.12962963     0.06444444444  0.669382716    3.934722222    1.077160494    2.295679012    0.2685185185   0.5925925926   0.2134773374   
461      I1         1.233950617    2.689506173    3.12962963     0.06444444444  0.669382716    3.934722222    1.077160494    2.345679012    0.2560185185   0.5925925926   0.2128427598   
462      I1         1.233950617    2.689506173    3.12962963     0.06444444444  0.669382716    3.934722222    1.077160494    2.345679012    0.2685185185   0.5425925926   0.2205796663   
463      I1         1.276450617    2.689506173    3.12962963     0.06444444444  0.669382716    3.687222222    1.077160494    2.345679012    0.2685185185   0.5925925926   0.2159781069   
464      I1         1.233950617    2.689506173    3.17962963     0.06444444444  0.669382716    3.687222222    1.077160494    2.345679012    0.2685185185   0.5925925926   0.2121557784   
465      I1         1.233950617    2.689506173    3.12962963     0.08894444444  0.669382716    3.687222222    1.077160494    2.345679012    0.2685185185   0.5925925926   0.2137205602   
466      I1         1.233950617    2.689506173    3.12962963     0.06444444444  0.693882716    3.687222222    1.077160494    2.345679012    0.2685185185   0.5925925926   0.2127513038   
467      I1         1.233950617    2.689506173    3.12962963     0.06444444444  0.669382716    3.687222222    1.139660494    2.345679012    0.2685185185   0.5925925926   0.2133773236   
468      I1         1.233950617    2.689506173    3.12962963     0.06444444444  0.669382716    3.687222222    1.077160494    2.395679012    0.2685185185   0.5925925926   0.2127983808   
469      I1         1.233950617    2.689506173    3.12962963     0.06444444444  0.669382716    3.687222222    1.077160494    2.345679012    0.2810185185   0.5925925926   0.2134260077   
470      I1         1.233950617    2.689506173    3.12962963     0.06444444444  0.669382716    3.687222222    1.077160494    2.345679012    0.2685185185   0.6425925926   0.2165669742   
471      I1         1.191450617    2.689506173    3.12962963     0.06444444444  0.669382716    3.687222222    1.077160494    2.345679012    0.2685185185   0.5925925926   0.2112222514   
472      I1         1.233950617    2.647006173    3.12962963     0.06444444444  0.669382716    3.687222222    1.077160494    2.345679012    0.2685185185   0.5925925926   0.2123296111   
473      I1         1.233950617    2.689506173    3.07962963     0.06444444444  0.669382716    3.687222222    1.077160494    2.345679012    0.2685185185   0.5925925926   0.2141039865   
474      I1         1.233950617    2.689506173    3.12962963     0.03994444444  0.669382716    3.687222222    1.077160494    2.345679012    0.2685185185   0.5925925926   0.2117966974   
475      I1         1.233950617    2.689506173    3.12962963     0.06444444444  0.644882716    3.687222222    1.077160494    2.345679012    0.2685185185   0.5925925926   0.2124741657   
476      I1         1.233950617    2.689506173    3.12962963     0.06444444444  0.669382716    3.687222222    1.014660494    2.345679012    0.2685185185   0.5925925926   0.23695665     
477      I1         1.233950617    2.689506173    3.12962963     0.06444444444  0.669382716    3.687222222    1.077160494    2.295679012    0.2685185185   0.5925925926   0.2123084615   
478      I1         1.233950617    2.689506173    3.12962963     0.06444444444  0.669382716    3.687222222    1.077160494    2.345679012    0.2560185185   0.5925925926   0.2116960652   
479      I1         1.233950617    2.689506173    3.12962963     0.06444444444  0.669382716    3.687222222    1.077160494    2.345679012    0.2685185185   0.5425925926   0.2196453551   
480      I1         1.191450617    2.689506173    3.17962963     0.06444444444  0.669382716    3.687222222    1.077160494    2.345679012    0.2685185185   0.5925925926   0.2122360918   
481      I1         1.191450617    2.689506173    3.12962963     0.08894444444  0.669382716    3.687222222    1.077160494    2.345679012    0.2685185185   0.5925925926   0.2116232156   
482      I1         1.191450617    2.689506173    3.12962963     0.06444444444  0.693882716    3.687222222    1.077160494    2.345679012    0.2685185185   0.5925925926   0.2110471572   
483      I1         1.191450617    2.689506173    3.12962963     0.06444444444  0.669382716    3.687222222    1.139660494    2.345679012    0.2685185185   0.5925925926   0.2198430121   
484      I1         1.191450617    2.689506173    3.12962963     0.06444444444  0.669382716    3.687222222    1.077160494    2.395679012    0.2685185185   0.5925925926   0.211374573    
485      I1         1.191450617    2.689506173    3.12962963     0.06444444444  0.669382716    3.687222222    1.077160494    2.345679012    0.2810185185   0.5925925926   0.2121694993   
486      I1         1.191450617    2.689506173    3.12962963     0.06444444444  0.669382716    3.687222222    1.077160494    2.345679012    0.2685185185   0.6425925926   0.2181858465   
487      I1         1.148950617    2.689506173    3.12962963     0.06444444444  0.669382716    3.687222222    1.077160494    2.345679012    0.2685185185   0.5925925926   0.2123074296   
488      I1         1.191450617    2.647006173    3.12962963     0.06444444444  0.669382716    3.687222222    1.077160494    2.345679012    0.2685185185   0.5925925926   0.2107862872   
489      I1         1.191450617    2.689506173    3.07962963     0.06444444444  0.669382716    3.687222222    1.077160494    2.345679012    0.2685185185   0.5925925926   0.2114839059   
490      I1         1.191450617    2.689506173    3.12962963     0.03994444444  0.669382716    3.687222222    1.077160494    2.345679012    0.2685185185   0.5925925926   0.2112420532   
491      I1         1.191450617    2.689506173    3.12962963     0.06444444444  0.644882716    3.687222222    1.077160494    2.345679012    0.2685185185   0.5925925926   0.2114861562   
492      I1         1.191450617    2.689506173    3.12962963     0.06444444444  0.669382716    3.439722222    1.077160494    2.345679012    0.2685185185   0.5925925926   0.209721217    
493      I1         1.191450617    2.689506173    3.12962963     0.06444444444  0.669382716    3.687222222    1.014660494    2.345679012    0.2685185185   0.5925925926   0.2293181642   
494      I1         1.191450617    2.689506173    3.12962963     0.06444444444  0.669382716    3.687222222    1.077160494    2.295679012    0.2685185185   0.5925925926   0.2109836661   
495      I1         1.191450617    2.689506173    3.12962963     0.06444444444  0.669382716    3.687222222    1.077160494    2.345679012    0.2560185185   0.5925925926   0.2103257285   
496      I1         1.191450617    2.689506173    3.12962963     0.06444444444  0.669382716    3.687222222    1.077160494    2.345679012    0.2685185185   0.5425925926   0.2147841814   
497      I1         1.191450617    2.689506173    3.17962963     0.06444444444  0.669382716    3.439722222    1.077160494    2.345679012    0.2685185185   0.5925925926   0.2105884144   
498      I1         1.191450617    2.689506173    3.12962963     0.08894444444  0.669382716    3.439722222    1.077160494    2.345679012    0.2685185185   0.5925925926   0.2102185374   
499      I1         1.191450617    2.689506173    3.12962963     0.06444444444  0.693882716    3.439722222    1.077160494    2.345679012    0.2685185185   0.5925925926   0.209582729    
500      I1         1.191450617    2.689506173    3.12962963     0.06444444444  0.669382716    3.439722222    1.139660494    2.345679012    0.2685185185   0.5925925926   0.2176759999   
501      I1         1.191450617    2.689506173    3.12962963     0.06444444444  0.669382716    3.439722222    1.077160494    2.395679012    0.2685185185   0.5925925926   0.209948724    
502      I1         1.191450617    2.689506173    3.12962963     0.06444444444  0.669382716    3.439722222    1.077160494    2.345679012    0.2810185185   0.5925925926   0.2106994783   
503      I1         1.191450617    2.689506173    3.12962963     0.06444444444  0.669382716    3.439722222    1.077160494    2.345679012    0.2685185185   0.6425925926   0.2165440956   
504      I1         1.148950617    2.689506173    3.12962963     0.06444444444  0.669382716    3.439722222    1.077160494    2.345679012    0.2685185185   0.5925925926   0.2106060721   
505      I1         1.191450617    2.647006173    3.12962963     0.06444444444  0.669382716    3.439722222    1.077160494    2.345679012    0.2685185185   0.5925925926   0.2093016735   
506      I1         1.191450617    2.689506173    3.07962963     0.06444444444  0.669382716    3.439722222    1.077160494    2.345679012    0.2685185185   0.5925925926   0.2101191987   
507      I1         1.191450617    2.689506173    3.12962963     0.03994444444  0.669382716    3.439722222    1.077160494    2.345679012    0.2685185185   0.5925925926   0.2096505148   
508      I1         1.191450617    2.689506173    3.12962963     0.06444444444  0.644882716    3.439722222    1.077160494    2.345679012    0.2685185185   0.5925925926   0.2099494423   
509      I1         1.191450617    2.689506173    3.12962963     0.06444444444  0.669382716    3.192222222    1.077160494    2.345679012    0.2685185185   0.5925925926   0.2084308404   
510      I1         1.191450617    2.689506173    3.12962963     0.06444444444  0.669382716    3.439722222    1.014660494    2.345679012    0.2685185185   0.5925925926   0.2285679375   
511      I1         1.191450617    2.689506173    3.12962963     0.06444444444  0.669382716    3.439722222    1.077160494    2.295679012    0.2685185185   0.5925925926   0.2095345928   
512      I1         1.191450617    2.689506173    3.12962963     0.06444444444  0.669382716    3.439722222    1.077160494    2.345679012    0.2560185185   0.5925925926   0.2087957593   
513      I1         1.191450617    2.689506173    3.12962963     0.06444444444  0.669382716    3.439722222    1.077160494    2.345679012    0.2685185185   0.5425925926   0.2135100125   
514      I1         1.233950617    2.689506173    3.12962963     0.06444444444  0.669382716    3.192222222    1.077160494    2.345679012    0.2685185185   0.5925925926   0.210234822    
515      I1         1.191450617    2.689506173    3.17962963     0.06444444444  0.669382716    3.192222222    1.077160494    2.345679012    0.2685185185   0.5925925926   0.2091544195   
516      I1         1.191450617    2.689506173    3.12962963     0.08894444444  0.669382716    3.192222222    1.077160494    2.345679012    0.2685185185   0.5925925926   0.2090205667   
517      I1         1.191450617    2.689506173    3.12962963     0.06444444444  0.693882716    3.192222222    1.077160494    2.345679012    0.2685185185   0.5925925926   0.2083286976   
518      I1         1.191450617    2.689506173    3.12962963     0.06444444444  0.669382716    3.192222222    1.139660494    2.345679012    0.2685185185   0.5925925926   0.2156886461   
519      I1         1.191450617    2.689506173    3.12962963     0.06444444444  0.669382716    3.192222222    1.077160494    2.395679012    0.2685185185   0.5925925926   0.2086697553   
520      I1         1.191450617    2.689506173    3.12962963     0.06444444444  0.669382716    3.192222222    1.077160494    2.345679012    0.2810185185   0.5925925926   0.2093959951   
521      I1         1.191450617    2.689506173    3.12962963     0.06444444444  0.669382716    3.192222222    1.077160494    2.345679012    0.2685185185   0.6425925926   0.2150841852   
522      I1         1.148950617    2.689506173    3.12962963     0.06444444444  0.669382716    3.192222222    1.077160494    2.345679012    0.2685185185   0.5925925926   0.2090882854   
523      I1         1.191450617    2.647006173    3.12962963     0.06444444444  0.669382716    3.192222222    1.077160494    2.345679012    0.2685185185   0.5925925926   0.2080289861   
524      I1         1.191450617    2.689506173    3.07962963     0.06444444444  0.669382716    3.192222222    1.077160494    2.345679012    0.2685185185   0.5925925926   0.2089612764   
525      I1         1.191450617    2.689506173    3.12962963     0.03994444444  0.669382716    3.192222222    1.077160494    2.345679012    0.2685185185   0.5925925926   0.2082733265   
526      I1         1.191450617    2.689506173    3.12962963     0.06444444444  0.644882716    3.192222222    1.077160494    2.345679012    0.2685185185   0.5925925926   0.2086235969   
527      I1         1.191450617    2.689506173    3.12962963     0.06444444444  0.669382716    2.944722222    1.077160494    2.345679012    0.2685185185   0.5925925926   0.2069289939   
528      I1         1.191450617    2.689506173    3.12962963     0.06444444444  0.669382716    3.192222222    1.014660494    2.345679012    0.2685185185   0.5925925926   0.2279513949   
529      I1         1.191450617    2.689506173    3.12962963     0.06444444444  0.669382716    3.192222222    1.077160494    2.295679012    0.2685185185   0.5925925926   0.2082337243   
530      I1         1.191450617    2.689506173    3.12962963     0.06444444444  0.669382716    3.192222222    1.077160494    2.345679012    0.2560185185   0.5925925926   0.2075201802   
531      I1         1.191450617    2.689506173    3.12962963     0.06444444444  0.669382716    3.192222222    1.077160494    2.345679012    0.2685185185   0.5425925926   0.2124776319   
532      I1         1.276450617    2.689506173    3.12962963     0.06444444444  0.669382716    2.944722222    1.077160494    2.345679012    0.2685185185   0.5925925926   0.2131583204   
533      I1         1.191450617    2.689506173    3.22962963     0.06444444444  0.669382716    2.944722222    1.077160494    2.345679012    0.2685185185   0.5925925926   0.2098169719   
534      I1         1.191450617    2.689506173    3.12962963     0.1134444444   0.669382716    2.944722222    1.077160494    2.345679012    0.2685185185   0.5925925926   0.2087662738   
535      I1         1.191450617    2.689506173    3.12962963     0.06444444444  0.718382716    2.944722222    1.077160494    2.345679012    0.2685185185   0.5925925926   0.2068999241   
536      I1         1.191450617    2.689506173    3.12962963     0.06444444444  0.669382716    2.944722222    1.202160494    2.345679012    0.2685185185   0.5925925926   0.2462330742   
537      I1         1.191450617    2.689506173    3.12962963     0.06444444444  0.669382716    2.944722222    1.077160494    2.445679012    0.2685185185   0.5925925926   0.2074382511   
538      I1         1.191450617    2.689506173    3.12962963     0.06444444444  0.669382716    2.944722222    1.077160494    2.345679012    0.2935185185   0.5925925926   0.2088742801   
539      I1         1.191450617    2.689506173    3.12962963     0.06444444444  0.669382716    2.944722222    1.077160494    2.345679012    0.2685185185   0.6925925926   0.227728994    
540      I1         1.106450617    2.689506173    3.12962963     0.06444444444  0.669382716    2.944722222    1.077160494    2.345679012    0.2685185185   0.5925925926   0.2099880277   
541      I1         1.191450617    2.604506173    3.12962963     0.06444444444  0.669382716    2.944722222    1.077160494    2.345679012    0.2685185185   0.5925925926   0.2061516332   
542      I1         1.191450617    2.689506173    3.02962963     0.06444444444  0.669382716    2.944722222    1.077160494    2.345679012    0.2685185185   0.5925925926   0.2090046511   
543      I1         1.191450617    2.689506173    3.12962963     0.01544444444  0.669382716    2.944722222    1.077160494    2.345679012    0.2685185185   0.5925925926   0.2068396295   
544      I1         1.191450617    2.689506173    3.12962963     0.06444444444  0.620382716    2.944722222    1.077160494    2.345679012    0.2685185185   0.5925925926   0.2073242794   
545      I1         1.191450617    2.689506173    3.12962963     0.06444444444  0.669382716    2.449722222    1.077160494    2.345679012    0.2685185185   0.5925925926   0.2040342406   
546      I1         1.191450617    2.689506173    3.12962963     0.06444444444  0.669382716    2.944722222    1.077160494    2.245679012    0.2685185185   0.5925925926   0.2065022346   
547      I1         1.191450617    2.689506173    3.12962963     0.06444444444  0.669382716    2.944722222    1.077160494    2.345679012    0.2435185185   0.5925925926   0.2052070874   
548      I1         1.191450617    2.689506173    3.12962963     0.06444444444  0.669382716    2.944722222    1.077160494    2.345679012    0.2685185185   0.4925925926   0.234348453    
549      I1         1.276450617    2.689506173    3.12962963     0.06444444444  0.669382716    2.449722222    1.077160494    2.345679012    0.2685185185   0.5925925926   0.2173087939   
550      I1         1.191450617    2.689506173    3.22962963     0.06444444444  0.669382716    2.449722222    1.077160494    2.345679012    0.2685185185   0.5925925926   0.2040701163   
551      I1         1.191450617    2.689506173    3.12962963     0.1134444444   0.669382716    2.449722222    1.077160494    2.345679012    0.2685185185   0.5925925926   0.2098988259   
552      I1         1.191450617    2.689506173    3.12962963     0.06444444444  0.718382716    2.449722222    1.077160494    2.345679012    0.2685185185   0.5925925926   0.2066358892   
553      I1         1.191450617    2.689506173    3.12962963     0.06444444444  0.669382716    2.449722222    1.202160494    2.345679012    0.2685185185   0.5925925926   0.231839666    
554      I1         1.191450617    2.689506173    3.12962963     0.06444444444  0.669382716    2.449722222    1.077160494    2.445679012    0.2685185185   0.5925925926   0.2069232915   
555      I1         1.191450617    2.689506173    3.12962963     0.06444444444  0.669382716    2.449722222    1.077160494    2.345679012    0.2935185185   0.5925925926   0.208258139    
556      I1         1.191450617    2.689506173    3.12962963     0.06444444444  0.669382716    2.449722222    1.077160494    2.345679012    0.2685185185   0.6925925926   0.2217752177   
557      I1         1.106450617    2.689506173    3.12962963     0.06444444444  0.669382716    2.449722222    1.077160494    2.345679012    0.2685185185   0.5925925926   0.2041951121   
558      I1         1.191450617    2.604506173    3.12962963     0.06444444444  0.669382716    2.449722222    1.077160494    2.345679012    0.2685185185   0.5925925926   0.2055215413   
559      I1         1.191450617    2.689506173    3.02962963     0.06444444444  0.669382716    2.449722222    1.077160494    2.345679012    0.2685185185   0.5925925926   0.209406643    
560      I1         1.191450617    2.689506173    3.12962963     0.01544444444  0.669382716    2.449722222    1.077160494    2.345679012    0.2685185185   0.5925925926   0.203989788    
561      I1         1.191450617    2.689506173    3.12962963     0.06444444444  0.620382716    2.449722222    1.077160494    2.345679012    0.2685185185   0.5925925926   0.2057184483   
562      I1         1.191450617    2.689506173    3.12962963     0.06444444444  0.669382716    1.954722222    1.077160494    2.345679012    0.2685185185   0.5925925926   0.2026124602   
563      I1         1.191450617    2.689506173    3.12962963     0.06444444444  0.669382716    2.449722222    1.077160494    2.245679012    0.2685185185   0.5925925926   0.2057698868   
564      I1         1.191450617    2.689506173    3.12962963     0.06444444444  0.669382716    2.449722222    1.077160494    2.345679012    0.2435185185   0.5925925926   0.2042547921   
565      I1         1.191450617    2.689506173    3.12962963     0.06444444444  0.669382716    2.449722222    1.077160494    2.345679012    0.2685185185   0.4925925926   0.2332094428   
566      I1         1.233950617    2.689506173    3.12962963     0.06444444444  0.669382716    2.449722222    1.077160494    2.345679012    0.2685185185   0.5925925926   0.2107170221   
567      I1         1.191450617    2.689506173    3.17962963     0.06444444444  0.669382716    2.449722222    1.077160494    2.345679012    0.2685185185   0.5925925926   0.2047926756   
568      I1         1.191450617    2.689506173    3.12962963     0.08894444444  0.669382716    2.449722222    1.077160494    2.345679012    0.2685185185   0.5925925926   0.2077803349   
569      I1         1.191450617    2.689506173    3.12962963     0.06444444444  0.693882716    2.449722222    1.077160494    2.345679012    0.2685185185   0.5925925926   0.2063484535   
570      I1         1.191450617    2.689506173    3.12962963     0.06444444444  0.669382716    2.697222222    1.077160494    2.345679012    0.2685185185   0.5925925926   0.2071240193   
571      I1         1.191450617    2.689506173    3.12962963     0.06444444444  0.669382716    2.449722222    1.139660494    2.345679012    0.2685185185   0.5925925926   0.2038048375   
572      I1         1.191450617    2.689506173    3.12962963     0.06444444444  0.669382716    2.449722222    1.077160494    2.395679012    0.2685185185   0.5925925926   0.2064852207   
573      I1         1.191450617    2.689506173    3.12962963     0.06444444444  0.669382716    2.449722222    1.077160494    2.345679012    0.2810185185   0.5925925926   0.2071380502   
574      I1         1.191450617    2.689506173    3.12962963     0.06444444444  0.669382716    2.449722222    1.077160494    2.345679012    0.2685185185   0.6425925926   0.209814313    
575      I1         1.148950617    2.689506173    3.12962963     0.06444444444  0.669382716    2.449722222    1.077160494    2.345679012    0.2685185185   0.5925925926   0.2039589969   
576      I1         1.191450617    2.647006173    3.12962963     0.06444444444  0.669382716    2.449722222    1.077160494    2.345679012    0.2685185185   0.5925925926   0.2058534687   
577      I1         1.191450617    2.689506173    3.07962963     0.06444444444  0.669382716    2.449722222    1.077160494    2.345679012    0.2685185185   0.5925925926   0.2077169096   
578      I1         1.191450617    2.689506173    3.12962963     0.03994444444  0.669382716    2.449722222    1.077160494    2.345679012    0.2685185185   0.5925925926   0.2048421954   
579      I1         1.191450617    2.689506173    3.12962963     0.06444444444  0.644882716    2.449722222    1.077160494    2.345679012    0.2685185185   0.5925925926   0.2058899451   
580      I1         1.191450617    2.689506173    3.12962963     0.06444444444  0.669382716    2.202222222    1.077160494    2.345679012    0.2685185185   0.5925925926   0.2047325447   
581      I1         1.191450617    2.689506173    3.12962963     0.06444444444  0.669382716    2.449722222    1.014660494    2.345679012    0.2685185185   0.5925925926   0.2347999092   
582      I1         1.191450617    2.689506173    3.12962963     0.06444444444  0.669382716    2.449722222    1.077160494    2.295679012    0.2685185185   0.5925925926   0.2059557667   
583      I1         1.191450617    2.689506173    3.12962963     0.06444444444  0.669382716    2.449722222    1.077160494    2.345679012    0.2560185185   0.5925925926   0.2051420332   
584      I1         1.191450617    2.689506173    3.12962963     0.06444444444  0.669382716    2.449722222    1.077160494    2.345679012    0.2685185185   0.5425925926   0.2133395695   
585      I1         1.212700617    2.689506173    3.12962963     0.06444444444  0.669382716    2.449722222    1.077160494    2.345679012    0.2685185185   0.5925925926   0.2081267987   
586      I1         1.191450617    2.689506173    3.15462963     0.06444444444  0.669382716    2.449722222    1.077160494    2.345679012    0.2685185185   0.5925925926   0.2053908906   
587      I1         1.191450617    2.689506173    3.12962963     0.07669444444  0.669382716    2.449722222    1.077160494    2.345679012    0.2685185185   0.5925925926   0.2068862479   
588      I1         1.191450617    2.689506173    3.12962963     0.06444444444  0.681632716    2.449722222    1.077160494    2.345679012    0.2685185185   0.5925925926   0.2062193178   
589      I1         1.191450617    2.689506173    3.12962963     0.06444444444  0.669382716    2.573472222    1.077160494    2.345679012    0.2685185185   0.5925925926   0.2065901327   
590      I1         1.191450617    2.689506173    3.12962963     0.06444444444  0.669382716    2.449722222    1.108410494    2.345679012    0.2685185185   0.5925925926   0.2009864841   
591      I1         1.191450617    2.689506173    3.12962963     0.06444444444  0.669382716    2.449722222    1.077160494    2.370679012    0.2685185185   0.5925925926   0.2063359856   
592      I1         1.191450617    2.689506173    3.12962963     0.06444444444  0.669382716    2.449722222    1.077160494    2.345679012    0.2747685185   0.5925925926   0.2066070278   
593      I1         1.191450617    2.689506173    3.12962963     0.06444444444  0.669382716    2.449722222    1.077160494    2.345679012    0.2685185185   0.6175925926   0.206754081    
594      I1         1.170200617    2.689506173    3.12962963     0.06444444444  0.669382716    2.449722222    1.077160494    2.345679012    0.2685185185   0.5925925926   0.2047264262   
595      I1         1.191450617    2.668256173    3.12962963     0.06444444444  0.669382716    2.449722222    1.077160494    2.345679012    0.2685185185   0.5925925926   0.2059884537   
596      I1         1.191450617    2.689506173    3.10462963     0.06444444444  0.669382716    2.449722222    1.077160494    2.345679012    0.2685185185   0.5925925926   0.2068856958   
597      I1         1.191450617    2.689506173    3.12962963     0.05219444444  0.669382716    2.449722222    1.077160494    2.345679012    0.2685185185   0.5925925926   0.2054192284   
598      I1         1.191450617    2.689506173    3.12962963     0.06444444444  0.657132716    2.449722222    1.077160494    2.345679012    0.2685185185   0.5925925926   0.2059900901   
599      I1         1.191450617    2.689506173    3.12962963     0.06444444444  0.669382716    2.325972222    1.077160494    2.345679012    0.2685185185   0.5925925926   0.2056634993   
600      I1         1.191450617    2.689506173    3.12962963     0.06444444444  0.669382716    2.449722222    1.045910494    2.345679012    0.2685185185   0.5925925926   0.2179776815   
601      I1         1.191450617    2.689506173    3.12962963     0.06444444444  0.669382716    2.449722222    1.077160494    2.320679012    0.2685185185   0.5925925926   0.2060262265   
602      I1         1.191450617    2.689506173    3.12962963     0.06444444444  0.669382716    2.449722222    1.077160494    2.345679012    0.2622685185   0.5925925926   0.205613637    
603      I1         1.191450617    2.689506173    3.12962963     0.06444444444  0.669382716    2.449722222    1.077160494    2.345679012    0.2685185185   0.5675925926   0.20819952     
604      I1         1.212700617    2.689506173    3.12962963     0.06444444444  0.669382716    2.449722222    1.108410494    2.345679012    0.2685185185   0.5925925926   0.2009168186   
605      I1         1.191450617    2.689506173    3.15462963     0.06444444444  0.669382716    2.449722222    1.108410494    2.345679012    0.2685185185   0.5925925926   0.2011492327   
606      I1         1.191450617    2.689506173    3.12962963     0.07669444444  0.669382716    2.449722222    1.108410494    2.345679012    0.2685185185   0.5925925926   0.2009686417   
607      I1         1.191450617    2.689506173    3.12962963     0.06444444444  0.681632716    2.449722222    1.108410494    2.345679012    0.2685185185   0.5925925926   0.2009023849   
608      I1         1.191450617    2.689506173    3.12962963     0.06444444444  0.669382716    2.573472222    1.108410494    2.345679012    0.2685185185   0.5925925926   0.2017423543   
609      I1         1.191450617    2.689506173    3.12962963     0.06444444444  0.669382716    2.449722222    1.108410494    2.370679012    0.2685185185   0.5925925926   0.2013766115   
610      I1         1.191450617    2.689506173    3.12962963     0.06444444444  0.669382716    2.449722222    1.108410494    2.345679012    0.2747685185   0.5925925926   0.2014681554   
611      I1         1.191450617    2.689506173    3.12962963     0.06444444444  0.669382716    2.449722222    1.108410494    2.345679012    0.2685185185   0.6175925926   0.2045831744   
612      I1         1.170200617    2.689506173    3.12962963     0.06444444444  0.669382716    2.449722222    1.108410494    2.345679012    0.2685185185   0.5925925926   0.2016664835   
613      I1         1.191450617    2.668256173    3.12962963     0.06444444444  0.669382716    2.449722222    1.108410494    2.345679012    0.2685185185   0.5925925926   0.2007933173   
614      I1         1.191450617    2.689506173    3.10462963     0.06444444444  0.669382716    2.449722222    1.108410494    2.345679012    0.2685185185   0.5925925926   0.2009554894   
615      I1         1.191450617    2.689506173    3.12962963     0.05219444444  0.669382716    2.449722222    1.108410494    2.345679012    0.2685185185   0.5925925926   0.2011113817   
616      I1         1.191450617    2.689506173    3.12962963     0.06444444444  0.657132716    2.449722222    1.108410494    2.345679012    0.2685185185   0.5925925926   0.2010790109   
617      I1         1.191450617    2.689506173    3.12962963     0.06444444444  0.669382716    2.325972222    1.108410494    2.345679012    0.2685185185   0.5925925926   0.2003180642   
618      I1         1.191450617    2.689506173    3.12962963     0.06444444444  0.669382716    2.449722222    1.108410494    2.320679012    0.2685185185   0.5925925926   0.2009434837   
619      I1         1.191450617    2.689506173    3.12962963     0.06444444444  0.669382716    2.449722222    1.108410494    2.345679012    0.2622685185   0.5925925926   0.2005173613   
620      I1         1.191450617    2.689506173    3.12962963     0.06444444444  0.669382716    2.449722222    1.108410494    2.345679012    0.2685185185   0.5675925926   0.1998728366   
621      I1         1.212700617    2.689506173    3.12962963     0.06444444444  0.669382716    2.449722222    1.108410494    2.345679012    0.2685185185   0.5675925926   0.200667047    
622      I1         1.191450617    2.689506173    3.15462963     0.06444444444  0.669382716    2.449722222    1.108410494    2.345679012    0.2685185185   0.5675925926   0.1997640462   
623      I1         1.191450617    2.689506173    3.12962963     0.07669444444  0.669382716    2.449722222    1.108410494    2.345679012    0.2685185185   0.5675925926   0.2001077114   
624      I1         1.191450617    2.689506173    3.12962963     0.06444444444  0.681632716    2.449722222    1.108410494    2.345679012    0.2685185185   0.5675925926   0.1998518887   
625      I1         1.191450617    2.689506173    3.12962963     0.06444444444  0.669382716    2.573472222    1.108410494    2.345679012    0.2685185185   0.5675925926   0.2005604466   
626      I1         1.191450617    2.689506173    3.12962963     0.06444444444  0.669382716    2.449722222    1.139660494    2.345679012    0.2685185185   0.5675925926   0.1996336744   
627      I1         1.191450617    2.689506173    3.12962963     0.06444444444  0.669382716    2.449722222    1.108410494    2.370679012    0.2685185185   0.5675925926   0.2002208682   
628      I1         1.191450617    2.689506173    3.12962963     0.06444444444  0.669382716    2.449722222    1.108410494    2.345679012    0.2747685185   0.5675925926   0.2003365064   
629      I1         1.170200617    2.689506173    3.12962963     0.06444444444  0.669382716    2.449722222    1.108410494    2.345679012    0.2685185185   0.5675925926   0.1997125418   
630      I1         1.191450617    2.668256173    3.12962963     0.06444444444  0.669382716    2.449722222    1.108410494    2.345679012    0.2685185185   0.5675925926   0.1997062046   
631      I1         1.191450617    2.689506173    3.10462963     0.06444444444  0.669382716    2.449722222    1.108410494    2.345679012    0.2685185185   0.5675925926   0.2000940757   
632      I1         1.191450617    2.689506173    3.12962963     0.05219444444  0.669382716    2.449722222    1.108410494    2.345679012    0.2685185185   0.5675925926   0.1997491759   
633      I1         1.191450617    2.689506173    3.12962963     0.06444444444  0.657132716    2.449722222    1.108410494    2.345679012    0.2685185185   0.5675925926   0.1999025468   
634      I1         1.191450617    2.689506173    3.12962963     0.06444444444  0.669382716    2.325972222    1.108410494    2.345679012    0.2685185185   0.5675925926   0.1992825011   
635      I1         1.191450617    2.689506173    3.12962963     0.06444444444  0.669382716    2.449722222    1.108410494    2.320679012    0.2685185185   0.5675925926   0.1998251666   
636      I1         1.191450617    2.689506173    3.12962963     0.06444444444  0.669382716    2.449722222    1.108410494    2.345679012    0.2622685185   0.5675925926   0.1994244637   
637      I1         1.191450617    2.689506173    3.12962963     0.06444444444  0.669382716    2.449722222    1.108410494    2.345679012    0.2685185185   0.5425925926   0.201615451    
638      I1         1.212700617    2.689506173    3.12962963     0.06444444444  0.669382716    2.325972222    1.108410494    2.345679012    0.2685185185   0.5675925926   0.2001662889   
639      I1         1.191450617    2.689506173    3.15462963     0.06444444444  0.669382716    2.325972222    1.108410494    2.345679012    0.2685185185   0.5675925926   0.1991406156   
640      I1         1.191450617    2.689506173    3.12962963     0.07669444444  0.669382716    2.325972222    1.108410494    2.345679012    0.2685185185   0.5675925926   0.1995462332   
641      I1         1.191450617    2.689506173    3.12962963     0.06444444444  0.681632716    2.325972222    1.108410494    2.345679012    0.2685185185   0.5675925926   0.1992693198   
642      I1         1.191450617    2.689506173    3.12962963     0.06444444444  0.669382716    2.325972222    1.139660494    2.345679012    0.2685185185   0.5675925926   0.1987477703   
643      I1         1.191450617    2.689506173    3.12962963     0.06444444444  0.669382716    2.325972222    1.108410494    2.370679012    0.2685185185   0.5675925926   0.199623028    
644      I1         1.191450617    2.689506173    3.12962963     0.06444444444  0.669382716    2.325972222    1.108410494    2.345679012    0.2747685185   0.5675925926   0.1997454399   
645      I1         1.170200617    2.689506173    3.12962963     0.06444444444  0.669382716    2.325972222    1.108410494    2.345679012    0.2685185185   0.5675925926   0.1990344334   
646      I1         1.191450617    2.668256173    3.12962963     0.06444444444  0.669382716    2.325972222    1.108410494    2.345679012    0.2685185185   0.5675925926   0.1991191644   
647      I1         1.191450617    2.689506173    3.10462963     0.06444444444  0.669382716    2.325972222    1.108410494    2.345679012    0.2685185185   0.5675925926   0.1995346295   
648      I1         1.191450617    2.689506173    3.12962963     0.05219444444  0.669382716    2.325972222    1.108410494    2.345679012    0.2685185185   0.5675925926   0.1991306386   
649      I1         1.191450617    2.689506173    3.12962963     0.06444444444  0.657132716    2.325972222    1.108410494    2.345679012    0.2685185185   0.5675925926   0.1993044758   
650      I1         1.191450617    2.689506173    3.12962963     0.06444444444  0.669382716    2.202222222    1.108410494    2.345679012    0.2685185185   0.5675925926   0.1981307406   
651      I1         1.191450617    2.689506173    3.12962963     0.06444444444  0.669382716    2.325972222    1.077160494    2.345679012    0.2685185185   0.5675925926   0.2078463213   
652      I1         1.191450617    2.689506173    3.12962963     0.06444444444  0.669382716    2.325972222    1.108410494    2.320679012    0.2685185185   0.5675925926   0.199231705    
653      I1         1.191450617    2.689506173    3.12962963     0.06444444444  0.669382716    2.325972222    1.108410494    2.345679012    0.2622685185   0.5675925926   0.1988351048   
654      I1         1.191450617    2.689506173    3.12962963     0.06444444444  0.669382716    2.325972222    1.108410494    2.345679012    0.2685185185   0.5425925926   0.201116921    
655      I1         1.212700617    2.689506173    3.12962963     0.06444444444  0.669382716    2.202222222    1.108410494    2.345679012    0.2685185185   0.5675925926   0.1991059892   
656      I1         1.191450617    2.689506173    3.15462963     0.06444444444  0.669382716    2.202222222    1.108410494    2.345679012    0.2685185185   0.5675925926   0.1979624284   
657      I1         1.191450617    2.689506173    3.12962963     0.07669444444  0.669382716    2.202222222    1.108410494    2.345679012    0.2685185185   0.5675925926   0.1984172611   
658      I1         1.191450617    2.689506173    3.12962963     0.06444444444  0.681632716    2.202222222    1.108410494    2.345679012    0.2685185185   0.5675925926   0.1981238131   
659      I1         1.191450617    2.689506173    3.12962963     0.06444444444  0.669382716    2.202222222    1.139660494    2.345679012    0.2685185185   0.5675925926   0.1973567687   
660      I1         1.191450617    2.689506173    3.12962963     0.06444444444  0.669382716    2.202222222    1.108410494    2.370679012    0.2685185185   0.5675925926   0.1984677295   
661      I1         1.191450617    2.689506173    3.12962963     0.06444444444  0.669382716    2.202222222    1.108410494    2.345679012    0.2747685185   0.5675925926   0.1985868297   
662      I1         1.191450617    2.689506173    3.12962963     0.06444444444  0.669382716    2.202222222    1.108410494    2.345679012    0.2685185185   0.5925925926   0.1991376534   
663      I1         1.170200617    2.689506173    3.12962963     0.06444444444  0.669382716    2.202222222    1.108410494    2.345679012    0.2685185185   0.5675925926   0.197796838    
664      I1         1.191450617    2.668256173    3.12962963     0.06444444444  0.669382716    2.202222222    1.108410494    2.345679012    0.2685185185   0.5675925926   0.1979696899   
665      I1         1.191450617    2.689506173    3.10462963     0.06444444444  0.669382716    2.202222222    1.108410494    2.345679012    0.2685185185   0.5675925926   0.1984080658   
666      I1         1.191450617    2.689506173    3.12962963     0.05219444444  0.669382716    2.202222222    1.108410494    2.345679012    0.2685185185   0.5675925926   0.1979568894   
667      I1         1.191450617    2.689506173    3.12962963     0.06444444444  0.657132716    2.202222222    1.108410494    2.345679012    0.2685185185   0.5675925926   0.1981465291   
668      I1         1.191450617    2.689506173    3.12962963     0.06444444444  0.669382716    2.078472222    1.108410494    2.345679012    0.2685185185   0.5675925926   0.1968178961   
669      I1         1.191450617    2.689506173    3.12962963     0.06444444444  0.669382716    2.202222222    1.077160494    2.345679012    0.2685185185   0.5675925926   0.2069561624   
670      I1         1.191450617    2.689506173    3.12962963     0.06444444444  0.669382716    2.202222222    1.108410494    2.320679012    0.2685185185   0.5675925926   0.1980778264   
671      I1         1.191450617    2.689506173    3.12962963     0.06444444444  0.669382716    2.202222222    1.108410494    2.345679012    0.2622685185   0.5675925926   0.1976903789   
672      I1         1.191450617    2.689506173    3.12962963     0.06444444444  0.669382716    2.202222222    1.108410494    2.345679012    0.2685185185   0.5425925926   0.200009964    
673      I1         1.233950617    2.689506173    3.12962963     0.06444444444  0.669382716    2.078472222    1.108410494    2.345679012    0.2685185185   0.5675925926   0.1996719135   
674      I1         1.191450617    2.689506173    3.17962963     0.06444444444  0.669382716    2.078472222    1.108410494    2.345679012    0.2685185185   0.5675925926   0.1965611346   
675      I1         1.191450617    2.689506173    3.12962963     0.08894444444  0.669382716    2.078472222    1.108410494    2.345679012    0.2685185185   0.5675925926   0.1975591747   
676      I1         1.191450617    2.689506173    3.12962963     0.06444444444  0.693882716    2.078472222    1.108410494    2.345679012    0.2685185185   0.5675925926   0.1968265969   
677      I1         1.191450617    2.689506173    3.12962963     0.06444444444  0.669382716    2.325972222    1.108410494    2.345679012    0.2685185185   0.5675925926   0.1992825011   
678      I1         1.191450617    2.689506173    3.12962963     0.06444444444  0.669382716    2.078472222    1.170910494    2.345679012    0.2685185185   0.5675925926   0.2033208478   
679      I1         1.191450617    2.689506173    3.12962963     0.06444444444  0.669382716    2.078472222    1.108410494    2.395679012    0.2685185185   0.5675925926   0.1971861665   
680      I1         1.191450617    2.689506173    3.12962963     0.06444444444  0.669382716    2.078472222    1.108410494    2.345679012    0.2810185185   0.5675925926   0.1977289699   
681      I1         1.191450617    2.689506173    3.12962963     0.06444444444  0.669382716    2.078472222    1.108410494    2.345679012    0.2685185185   0.6175925926   0.2012867541   
682      I1         1.148950617    2.689506173    3.12962963     0.06444444444  0.669382716    2.078472222    1.108410494    2.345679012    0.2685185185   0.5675925926   0.1966311543   
683      I1         1.191450617    2.647006173    3.12962963     0.06444444444  0.669382716    2.078472222    1.108410494    2.345679012    0.2685185185   0.5675925926   0.1964907952   
684      I1         1.191450617    2.689506173    3.07962963     0.06444444444  0.669382716    2.078472222    1.108410494    2.345679012    0.2685185185   0.5675925926   0.1975068335   
685      I1         1.191450617    2.689506173    3.12962963     0.03994444444  0.669382716    2.078472222    1.108410494    2.345679012    0.2685185185   0.5675925926   0.1965308927   
686      I1         1.191450617    2.689506173    3.12962963     0.06444444444  0.644882716    2.078472222    1.108410494    2.345679012    0.2685185185   0.5675925926   0.1968449459   
687      I1         1.191450617    2.689506173    3.12962963     0.06444444444  0.669382716    1.830972222    1.108410494    2.345679012    0.2685185185   0.5675925926   0.1941495552   
688      I1         1.191450617    2.689506173    3.12962963     0.06444444444  0.669382716    2.078472222    1.045910494    2.345679012    0.2685185185   0.5675925926   0.2216159626   
689      I1         1.191450617    2.689506173    3.12962963     0.06444444444  0.669382716    2.078472222    1.108410494    2.295679012    0.2685185185   0.5675925926   0.1963869039   
690      I1         1.191450617    2.689506173    3.12962963     0.06444444444  0.669382716    2.078472222    1.108410494    2.345679012    0.2560185185   0.5675925926   0.195971492    
691      I1         1.191450617    2.689506173    3.12962963     0.06444444444  0.669382716    2.078472222    1.108410494    2.345679012    0.2685185185   0.5175925926   0.2038765243   
692      I1         1.233950617    2.689506173    3.12962963     0.06444444444  0.669382716    1.830972222    1.108410494    2.345679012    0.2685185185   0.5675925926   0.1974888344   
693      I1         1.191450617    2.689506173    3.17962963     0.06444444444  0.669382716    1.830972222    1.108410494    2.345679012    0.2685185185   0.5675925926   0.1937524485   
694      I1         1.191450617    2.689506173    3.12962963     0.08894444444  0.669382716    1.830972222    1.108410494    2.345679012    0.2685185185   0.5675925926   0.1950166722   
695      I1         1.191450617    2.689506173    3.12962963     0.06444444444  0.693882716    1.830972222    1.108410494    2.345679012    0.2685185185   0.5675925926   0.1941906833   
696      I1         1.191450617    2.689506173    3.12962963     0.06444444444  0.669382716    1.830972222    1.170910494    2.345679012    0.2685185185   0.5675925926   0.1996524669   
697      I1         1.191450617    2.689506173    3.12962963     0.06444444444  0.669382716    1.830972222    1.108410494    2.395679012    0.2685185185   0.5675925926   0.1945264052   
698      I1         1.191450617    2.689506173    3.12962963     0.06444444444  0.669382716    1.830972222    1.108410494    2.345679012    0.2810185185   0.5675925926   0.1950413408   
699      I1         1.191450617    2.689506173    3.12962963     0.06444444444  0.669382716    1.830972222    1.108410494    2.345679012    0.2685185185   0.6175925926   0.1984051556   
700      I1         1.148950617    2.689506173    3.12962963     0.06444444444  0.669382716    1.830972222    1.108410494    2.345679012    0.2685185185   0.5675925926   0.1935234035   
701      I1         1.191450617    2.647006173    3.12962963     0.06444444444  0.669382716    1.830972222    1.108410494    2.345679012    0.2685185185   0.5675925926   0.1938322068   
702      I1         1.191450617    2.689506173    3.07962963     0.06444444444  0.669382716    1.830972222    1.108410494    2.345679012    0.2685185185   0.5675925926   0.1949653587   
703      I1         1.191450617    2.689506173    3.12962963     0.03994444444  0.669382716    1.830972222    1.108410494    2.345679012    0.2685185185   0.5675925926   0.1937451874   
704      I1         1.191450617    2.689506173    3.12962963     0.06444444444  0.644882716    1.830972222    1.108410494    2.345679012    0.2685185185   0.5675925926   0.1941448259   
705      I1         1.191450617    2.689506173    3.12962963     0.06444444444  0.669382716    1.583472222    1.108410494    2.345679012    0.2685185185   0.5675925926   0.1916702295   
706      I1         1.191450617    2.689506173    3.12962963     0.06444444444  0.669382716    1.830972222    1.045910494    2.345679012    0.2685185185   0.5675925926   0.2203073899   
707      I1         1.191450617    2.689506173    3.12962963     0.06444444444  0.669382716    1.830972222    1.108410494    2.295679012    0.2685185185   0.5675925926   0.1937170332   
708      I1         1.191450617    2.689506173    3.12962963     0.06444444444  0.669382716    1.830972222    1.108410494    2.345679012    0.2560185185   0.5675925926   0.1933252591   
709      I1         1.191450617    2.689506173    3.12962963     0.06444444444  0.669382716    1.830972222    1.108410494    2.345679012    0.2685185185   0.5175925926   0.2015953048   
710      I1         1.233950617    2.689506173    3.12962963     0.06444444444  0.669382716    1.583472222    1.108410494    2.345679012    0.2685185185   0.5675925926   0.1956268937   
711      I1         1.191450617    2.689506173    3.17962963     0.06444444444  0.669382716    1.583472222    1.108410494    2.345679012    0.2685185185   0.5675925926   0.1910841055   
712      I1         1.191450617    2.689506173    3.12962963     0.08894444444  0.669382716    1.583472222    1.108410494    2.345679012    0.2685185185   0.5675925926   0.1927131486   
713      I1         1.191450617    2.689506173    3.12962963     0.06444444444  0.693882716    1.583472222    1.108410494    2.345679012    0.2685185185   0.5675925926   0.1917542135   
714      I1         1.191450617    2.689506173    3.12962963     0.06444444444  0.669382716    1.583472222    1.170910494    2.345679012    0.2685185185   0.5675925926   0.1957286966   
715      I1         1.191450617    2.689506173    3.12962963     0.06444444444  0.669382716    1.583472222    1.108410494    2.395679012    0.2685185185   0.5675925926   0.1921346031   
716      I1         1.191450617    2.689506173    3.12962963     0.06444444444  0.669382716    1.583472222    1.108410494    2.345679012    0.2810185185   0.5675925926   0.1925519109   
717      I1         1.191450617    2.689506173    3.12962963     0.06444444444  0.669382716    1.583472222    1.108410494    2.345679012    0.2685185185   0.6175925926   0.1956019764   
718      I1         1.148950617    2.689506173    3.12962963     0.06444444444  0.669382716    1.583472222    1.108410494    2.345679012    0.2685185185   0.5675925926   0.1904572538   
719      I1         1.191450617    2.647006173    3.12962963     0.06444444444  0.669382716    1.583472222    1.108410494    2.345679012    0.2685185185   0.5675925926   0.1913653905   
720      I1         1.191450617    2.689506173    3.07962963     0.06444444444  0.669382716    1.583472222    1.108410494    2.345679012    0.2685185185   0.5675925926   0.1926544568   
721      I1         1.191450617    2.689506173    3.12962963     0.03994444444  0.669382716    1.583472222    1.108410494    2.345679012    0.2685185185   0.5675925926   0.191099578    
722      I1         1.191450617    2.689506173    3.12962963     0.06444444444  0.644882716    1.583472222    1.108410494    2.345679012    0.2685185185   0.5675925926   0.1916233366   
723      I1         1.191450617    2.689506173    3.12962963     0.06444444444  0.669382716    1.335972222    1.108410494    2.345679012    0.2685185185   0.5675925926   0.1884875006   
724      I1         1.191450617    2.689506173    3.12962963     0.06444444444  0.669382716    1.583472222    1.045910494    2.345679012    0.2685185185   0.5675925926   0.219572002    
725      I1         1.191450617    2.689506173    3.12962963     0.06444444444  0.669382716    1.583472222    1.108410494    2.295679012    0.2685185185   0.5675925926   0.191349746    
726      I1         1.191450617    2.689506173    3.12962963     0.06444444444  0.669382716    1.583472222    1.108410494    2.345679012    0.2560185185   0.5675925926   0.1908586865   
727      I1         1.191450617    2.689506173    3.12962963     0.06444444444  0.669382716    1.583472222    1.108410494    2.345679012    0.2685185185   0.5175925926   0.1996167408   
728      I1         1.233950617    2.689506173    3.12962963     0.06444444444  0.669382716    1.335972222    1.108410494    2.345679012    0.2685185185   0.5675925926   0.1934026487   
729      I1         1.191450617    2.689506173    3.17962963     0.06444444444  0.669382716    1.335972222    1.108410494    2.345679012    0.2685185185   0.5675925926   0.1875662939   
730      I1         1.191450617    2.689506173    3.12962963     0.08894444444  0.669382716    1.335972222    1.108410494    2.345679012    0.2685185185   0.5675925926   0.1899203526   
731      I1         1.191450617    2.689506173    3.12962963     0.06444444444  0.693882716    1.335972222    1.108410494    2.345679012    0.2685185185   0.5675925926   0.1886482781   
732      I1         1.191450617    2.689506173    3.12962963     0.06444444444  0.669382716    1.335972222    1.170910494    2.345679012    0.2685185185   0.5675925926   0.1898259433   
733      I1         1.191450617    2.689506173    3.12962963     0.06444444444  0.669382716    1.335972222    1.108410494    2.395679012    0.2685185185   0.5675925926   0.1888429649   
734      I1         1.191450617    2.689506173    3.12962963     0.06444444444  0.669382716    1.335972222    1.108410494    2.345679012    0.2810185185   0.5675925926   0.1893486419   
735      I1         1.191450617    2.689506173    3.12962963     0.06444444444  0.669382716    1.335972222    1.108410494    2.345679012    0.2685185185   0.6175925926   0.1917832218   
736      I1         1.148950617    2.689506173    3.12962963     0.06444444444  0.669382716    1.335972222    1.108410494    2.345679012    0.2685185185   0.5675925926   0.1863411087   
737      I1         1.191450617    2.647006173    3.12962963     0.06444444444  0.669382716    1.335972222    1.108410494    2.345679012    0.2685185185   0.5675925926   0.188208475    
738      I1         1.191450617    2.689506173    3.07962963     0.06444444444  0.669382716    1.335972222    1.108410494    2.345679012    0.2685185185   0.5675925926   0.1897684252   
739      I1         1.191450617    2.689506173    3.12962963     0.03994444444  0.669382716    1.335972222    1.108410494    2.345679012    0.2685185185   0.5675925926   0.1875488998   
740      I1         1.191450617    2.689506173    3.12962963     0.06444444444  0.644882716    1.335972222    1.108410494    2.345679012    0.2685185185   0.5675925926   0.1883650612   
741      I1         1.191450617    2.689506173    3.12962963     0.06444444444  0.669382716    1.088472222    1.108410494    2.345679012    0.2685185185   0.5675925926   0.1853963796   
742      I1         1.191450617    2.689506173    3.12962963     0.06444444444  0.669382716    1.335972222    1.045910494    2.345679012    0.2685185185   0.5675925926   0.2194217011   
743      I1         1.191450617    2.689506173    3.12962963     0.06444444444  0.669382716    1.335972222    1.108410494    2.295679012    0.2685185185   0.5675925926   0.1882196576   
744      I1         1.191450617    2.689506173    3.12962963     0.06444444444  0.669382716    1.335972222    1.108410494    2.345679012    0.2560185185   0.5675925926   0.1877019695   
745      I1         1.191450617    2.689506173    3.12962963     0.06444444444  0.669382716    1.335972222    1.108410494    2.345679012    0.2685185185   0.5175925926   0.1973269726   
746      I1         1.233950617    2.689506173    3.12962963     0.06444444444  0.669382716    1.088472222    1.108410494    2.345679012    0.2685185185   0.5675925926   0.1915909172   
747      I1         1.191450617    2.689506173    3.17962963     0.06444444444  0.669382716    1.088472222    1.108410494    2.345679012    0.2685185185   0.5675925926   0.1840036657   
748      I1         1.191450617    2.689506173    3.12962963     0.08894444444  0.669382716    1.088472222    1.108410494    2.345679012    0.2685185185   0.5675925926   0.1873791521   
749      I1         1.191450617    2.689506173    3.12962963     0.06444444444  0.693882716    1.088472222    1.108410494    2.345679012    0.2685185185   0.5675925926   0.1856665493   
750      I1         1.191450617    2.689506173    3.12962963     0.06444444444  0.669382716    1.088472222    1.170910494    2.345679012    0.2685185185   0.5675925926   0.1826452319   
751      I1         1.191450617    2.689506173    3.12962963     0.06444444444  0.669382716    1.088472222    1.108410494    2.395679012    0.2685185185   0.5675925926   0.1857104964   
752      I1         1.191450617    2.689506173    3.12962963     0.06444444444  0.669382716    1.088472222    1.108410494    2.345679012    0.2810185185   0.5675925926   0.1862204399   
753      I1         1.191450617    2.689506173    3.12962963     0.06444444444  0.669382716    1.088472222    1.108410494    2.345679012    0.2685185185   0.6175925926   0.1878571255   
754      I1         1.148950617    2.689506173    3.12962963     0.06444444444  0.669382716    1.088472222    1.108410494    2.345679012    0.2685185185   0.5675925926   0.181969929    
755      I1         1.191450617    2.647006173    3.12962963     0.06444444444  0.669382716    1.088472222    1.108410494    2.345679012    0.2685185185   0.5675925926   0.1851598487   
756      I1         1.191450617    2.689506173    3.07962963     0.06444444444  0.669382716    1.088472222    1.108410494    2.345679012    0.2685185185   0.5675925926   0.1870885943   
757      I1         1.191450617    2.689506173    3.12962963     0.03994444444  0.669382716    1.088472222    1.108410494    2.345679012    0.2685185185   0.5675925926   0.1839327164   
758      I1         1.191450617    2.689506173    3.12962963     0.06444444444  0.644882716    1.088472222    1.108410494    2.345679012    0.2685185185   0.5675925926   0.1851659117   
759      I1         1.191450617    2.689506173    3.12962963     0.06444444444  0.669382716    0.8409722222   1.108410494    2.345679012    0.2685185185   0.5675925926   0.1885876935   
760      I1         1.191450617    2.689506173    3.12962963     0.06444444444  0.669382716    1.088472222    1.045910494    2.345679012    0.2685185185   0.5675925926   0.2202767914   
761      I1         1.191450617    2.689506173    3.12962963     0.06444444444  0.669382716    1.088472222    1.108410494    2.295679012    0.2685185185   0.5675925926   0.1851775684   
762      I1         1.191450617    2.689506173    3.12962963     0.06444444444  0.669382716    1.088472222    1.108410494    2.345679012    0.2560185185   0.5675925926   0.1846543245   
763      I1         1.191450617    2.689506173    3.12962963     0.06444444444  0.669382716    1.088472222    1.108410494    2.345679012    0.2685185185   0.5175925926   0.1953388235   
764      I1         1.148950617    2.689506173    3.22962963     0.06444444444  0.669382716    1.088472222    1.108410494    2.345679012    0.2685185185   0.5675925926   0.181956245    
765      I1         1.148950617    2.689506173    3.12962963     0.1134444444   0.669382716    1.088472222    1.108410494    2.345679012    0.2685185185   0.5675925926   0.1846797303   
766      I1         1.148950617    2.689506173    3.12962963     0.06444444444  0.718382716    1.088472222    1.108410494    2.345679012    0.2685185185   0.5675925926   0.182058487    
767      I1         1.148950617    2.689506173    3.12962963     0.06444444444  0.669382716    1.088472222    1.233410494    2.345679012    0.2685185185   0.5675925926   0.2310022706   
768      I1         1.148950617    2.689506173    3.12962963     0.06444444444  0.669382716    1.088472222    1.108410494    2.445679012    0.2685185185   0.5675925926   0.1828051694   
769      I1         1.148950617    2.689506173    3.12962963     0.06444444444  0.669382716    1.088472222    1.108410494    2.345679012    0.2935185185   0.5675925926   0.1836930993   
770      I1         1.148950617    2.689506173    3.12962963     0.06444444444  0.669382716    1.088472222    1.108410494    2.345679012    0.2685185185   0.6675925926   0.2023905852   
771      I1         1.063950617    2.689506173    3.12962963     0.06444444444  0.669382716    1.088472222    1.108410494    2.345679012    0.2685185185   0.5675925926   0.1841515886   
772      I1         1.148950617    2.604506173    3.12962963     0.06444444444  0.669382716    1.088472222    1.108410494    2.345679012    0.2685185185   0.5675925926   0.1812368137   
773      I1         1.148950617    2.689506173    3.02962963     0.06444444444  0.669382716    1.088472222    1.108410494    2.345679012    0.2685185185   0.5675925926   0.1837504624   
774      I1         1.148950617    2.689506173    3.12962963     0.01544444444  0.669382716    1.088472222    1.108410494    2.345679012    0.2685185185   0.5675925926   0.1815812106   
775      I1         1.148950617    2.689506173    3.12962963     0.06444444444  0.620382716    1.088472222    1.108410494    2.345679012    0.2685185185   0.5675925926   0.1820316368   
776      I1         1.148950617    2.689506173    3.12962963     0.06444444444  0.669382716    0.5934722222   1.108410494    2.345679012    0.2685185185   0.5675925926   0.1921399366   
777      I1         1.148950617    2.689506173    3.12962963     0.06444444444  0.669382716    1.088472222    1.108410494    2.245679012    0.2685185185   0.5675925926   0.1812863482   
778      I1         1.148950617    2.689506173    3.12962963     0.06444444444  0.669382716    1.088472222    1.108410494    2.345679012    0.2435185185   0.5675925926   0.1805751972   
779      I1         1.148950617    2.689506173    3.12962963     0.06444444444  0.669382716    1.088472222    1.108410494    2.345679012    0.2685185185   0.4675925926   0.2073918236   
780      I1         1.148950617    2.689506173    3.17962963     0.06444444444  0.669382716    1.088472222    1.108410494    2.345679012    0.2685185185   0.5675925926   0.1816210816   
781      I1         1.148950617    2.689506173    3.12962963     0.08894444444  0.669382716    1.088472222    1.108410494    2.345679012    0.2685185185   0.5675925926   0.1830195003   
782      I1         1.148950617    2.689506173    3.12962963     0.06444444444  0.693882716    1.088472222    1.108410494    2.345679012    0.2685185185   0.5675925926   0.1819952189   
783      I1         1.148950617    2.689506173    3.12962963     0.06444444444  0.669382716    1.088472222    1.170910494    2.345679012    0.2685185185   0.5675925926   0.1896943375   
784      I1         1.148950617    2.689506173    3.12962963     0.06444444444  0.669382716    1.088472222    1.108410494    2.395679012    0.2685185185   0.5675925926   0.1823263991   
785      I1         1.148950617    2.689506173    3.12962963     0.06444444444  0.669382716    1.088472222    1.108410494    2.345679012    0.2810185185   0.5675925926   0.1827904833   
786      I1         1.148950617    2.689506173    3.12962963     0.06444444444  0.669382716    1.088472222    1.108410494    2.345679012    0.2685185185   0.6175925926   0.1879453853   
787      I1         1.106450617    2.689506173    3.12962963     0.06444444444  0.669382716    1.088472222    1.108410494    2.345679012    0.2685185185   0.5675925926   0.1815672345   
788      I1         1.148950617    2.647006173    3.12962963     0.06444444444  0.669382716    1.088472222    1.108410494    2.345679012    0.2685185185   0.5675925926   0.1816251094   
789      I1         1.148950617    2.689506173    3.07962963     0.06444444444  0.669382716    1.088472222    1.108410494    2.345679012    0.2685185185   0.5675925926   0.1827549731   
790      I1         1.148950617    2.689506173    3.12962963     0.03994444444  0.669382716    1.088472222    1.108410494    2.345679012    0.2685185185   0.5675925926   0.1815020959   
791      I1         1.148950617    2.689506173    3.12962963     0.06444444444  0.644882716    1.088472222    1.108410494    2.345679012    0.2685185185   0.5675925926   0.1819822121   
792      I1         1.148950617    2.689506173    3.12962963     0.06444444444  0.669382716    0.8409722222   1.108410494    2.345679012    0.2685185185   0.5675925926   0.1838450306   
793      I1         1.148950617    2.689506173    3.12962963     0.06444444444  0.669382716    1.088472222    1.045910494    2.345679012    0.2685185185   0.5675925926   0.2093113874   
794      I1         1.148950617    2.689506173    3.12962963     0.06444444444  0.669382716    1.088472222    1.108410494    2.295679012    0.2685185185   0.5675925926   0.1814262394   
795      I1         1.148950617    2.689506173    3.12962963     0.06444444444  0.669382716    1.088472222    1.108410494    2.345679012    0.2560185185   0.5675925926   0.181236327    
796      I1         1.148950617    2.689506173    3.12962963     0.06444444444  0.669382716    1.088472222    1.108410494    2.345679012    0.2685185185   0.5175925926   0.1878439968   
797      I1         1.148950617    2.689506173    3.17962963     0.06444444444  0.669382716    1.088472222    1.108410494    2.345679012    0.2560185185   0.5675925926   0.1809438989   
798      I1         1.148950617    2.689506173    3.12962963     0.08894444444  0.669382716    1.088472222    1.108410494    2.345679012    0.2560185185   0.5675925926   0.1822160902   
799      I1         1.148950617    2.689506173    3.12962963     0.06444444444  0.693882716    1.088472222    1.108410494    2.345679012    0.2560185185   0.5675925926   0.181254574    
800      I1         1.148950617    2.689506173    3.12962963     0.06444444444  0.669382716    1.335972222    1.108410494    2.345679012    0.2560185185   0.5675925926   0.1855780597   
801      I1         1.148950617    2.689506173    3.12962963     0.06444444444  0.669382716    1.088472222    1.170910494    2.345679012    0.2560185185   0.5675925926   0.1891742841   
802      I1         1.148950617    2.689506173    3.12962963     0.06444444444  0.669382716    1.088472222    1.108410494    2.395679012    0.2560185185   0.5675925926   0.1815877151   
803      I1         1.148950617    2.689506173    3.12962963     0.06444444444  0.669382716    1.088472222    1.108410494    2.345679012    0.2560185185   0.6175925926   0.1871737697   
804      I1         1.106450617    2.689506173    3.12962963     0.06444444444  0.669382716    1.088472222    1.108410494    2.345679012    0.2560185185   0.5675925926   0.1808510316   
805      I1         1.148950617    2.647006173    3.12962963     0.06444444444  0.669382716    1.088472222    1.108410494    2.345679012    0.2560185185   0.5675925926   0.180894295    
806      I1         1.148950617    2.689506173    3.07962963     0.06444444444  0.669382716    1.088472222    1.108410494    2.345679012    0.2560185185   0.5675925926   0.1819935588   
807      I1         1.148950617    2.689506173    3.12962963     0.03994444444  0.669382716    1.088472222    1.108410494    2.345679012    0.2560185185   0.5675925926   0.1808339106   
808      I1         1.148950617    2.689506173    3.12962963     0.06444444444  0.644882716    1.088472222    1.108410494    2.345679012    0.2560185185   0.5675925926   0.1812573185   
809      I1         1.148950617    2.689506173    3.12962963     0.06444444444  0.669382716    0.8409722222   1.108410494    2.345679012    0.2560185185   0.5675925926   0.183146816    
810      I1         1.148950617    2.689506173    3.12962963     0.06444444444  0.669382716    1.088472222    1.045910494    2.345679012    0.2560185185   0.5675925926   0.2084197988   
811      I1         1.148950617    2.689506173    3.12962963     0.06444444444  0.669382716    1.088472222    1.108410494    2.295679012    0.2560185185   0.5675925926   0.1806790373   
812      I1         1.148950617    2.689506173    3.12962963     0.06444444444  0.669382716    1.088472222    1.108410494    2.345679012    0.2435185185   0.5675925926   0.1805751972   
813      I1         1.148950617    2.689506173    3.12962963     0.06444444444  0.669382716    1.088472222    1.108410494    2.345679012    0.2560185185   0.5175925926   0.1872550988   
