%eval_id interface log__t_efold_shallow log__t_efold_deep f_exfiltration_shallow PDD_melt_factor log__Hmax_shallow log__routing_K neg_kge        
1        I1         1.481046761    3.094573358    0.2766227442   2.084317326    2.186241806    -0.6970653726  0.7718487813   
2        I1         2.572960423    3.982519646    0.2810630211   8.56381003     2.792574023    -0.8106000026  1.223956205    
3        I1         1.038137795    3.564858581    0.2974330863   5.676746985    2.651490575    -0.2076960981  0.7069965334   
4        I1         0.9997412664   2.862830669    0.391601293    4.935173303    1.269304644    -0.5864505736  3.565295821    
5        I1         2.93723488     4.09476472     0.1000544076   5.837217607    1.157549767    -0.2469563885  5.698878377    
6        I1         2.304803043    3.345997005    0.7470555687   4.172701562    2.277106731    0.1445347944   0.9155422744   
7        I1         2.289017751    2.098154193    0.807142244    9.984433767    2.743472252    -0.2987290529  0.9170033329   
8        I1         2.267882963    4.511319999    0.6292693526   4.770273266    1.676453576    0.4459848008   0.6236852628   
9        I1         0.4614101847   2.495211811    0.9556971294   2.386959139    2.397336664    -0.478422242   1.864468023    
10       I1         0.624113242    3.523534583    0.5762340027   0.9571444641   1.859345819    -0.9378802057  0.713888451    
11       I1         2.376129019    2.927852454    0.385462062    1.445548763    1.064137116    -0.3546238623  6.511830381    
12       I1         2.47276252     3.450190027    0.02165268772  2.168253921    2.660468116    -0.3805678978  1.081409952    
13       I1         1.066676104    3.943061788    0.5333375683   0.9388627535   1.12558514     -0.3042688801  4.130601226    
14       I1         1.396706634    3.67177655     0.6427283375   3.921257791    1.352350799    0.09371898642  1.410744773    
15       I1         0.8766856238   3.01852052     0.8000462248   0.3842175057   2.256551776    0.00417267827  0.4503627387   
16       I1         1.605578382    3.920543611    0.2601302904   8.619482994    1.812054691    -0.9424268862  2.078125989    
17       I1         1.490955826    2.132139482    0.4231211666   2.438914568    1.595288541    0.4343618923   0.4853256572   
18       I1         1.936867397    3.37546338     0.2136000084   0.8845924409   1.940625036    -0.4218379629  2.59873359     
19       I1         2.425493868    3.551888919    0.8161972592   9.254339206    2.14739056     -0.4722288349  4.503502332    
20       I1         2.132029458    2.397738489    0.9340472915   6.961210775    1.191797665    -0.8564339274  7.761934778    
21       I1         2.412684828    4.346567729    0.8434566927   7.237110871    2.773438909    0.353996102    0.9592125893   
22       I1         2.28064211     2.030975768    0.6847862499   7.384314883    1.11571311     -0.8755492664  8.118585219    
23       I1         1.648828998    3.163106521    0.8851280614   5.137544854    1.05317574     0.487236313    0.6240863868   
24       I1         1.714378988    2.707607405    0.5856182522   2.638407509    2.671873456    0.03546442606  0.7408014917   
25       I1         2.108681901    3.724454164    0.4635524966   5.947829896    1.931259052    -0.2389591681  2.963644896    
26       I1         1.280050941    4.156306296    0.8118076372   8.750532313    1.701416753    -0.165630336   0.6942488054   
27       I1         1.462295575    2.176623683    0.5005101119   2.550612703    2.766838932    0.01162471809  0.6706632777   
28       I1         2.209035418    4.419479618    0.3417506824   0.7768686856   2.867596248    0.4760265331   1.267211581    
29       I1         2.799200445    4.486019188    0.9630859033   6.071329703    2.80486253     -0.08510257157 1.084450972    
30       I1         2.779687977    2.564306797    0.2170212027   4.318628955    2.206210603    0.07658548637  2.029377998    
31       I1         2.745553793    2.250851852    0.1138254099   7.570935166    2.518962218    -0.2341774917  2.723793668    
32       I1         2.969775429    4.649374013    0.4668954876   7.102528612    1.479875471    -0.01797395993 3.430609214    
33       I1         1.367887044    2.725829       0.527826204    1.537206977    1.482285786    -0.6820535316  3.426685787    
34       I1         0.609977641    2.774604662    0.07680436542  7.499195394    1.07849344     0.0429671388   1.530105366    
35       I1         0.9003125866   4.174379087    0.4821096785   3.48236388     2.449705734    0.2806152978   0.6382052221   
36       I1         1.771585011    4.243009397    0.4593041062   8.951413545    2.160550834    -0.7717446149  0.9751868251   
37       I1         0.3680367532   3.20154832     0.8724047266   0.7087776918   2.260401854    -0.02821471684 1.369928435    
38       I1         0.8108389099   4.118902847    0.3639294331   1.97803937     1.606659565    0.2966721038   0.6728844396   
39       I1         1.537121934    2.026074714    0.1837828196   4.441823385    1.646620208    -0.8633714922  2.934585123    
40       I1         1.981673321    3.420541693    0.949424111    0.5095114817   2.608927676    0.2583034979   0.8295112837   
41       I1         0.6108616613   2.950593739    0.2999260508   7.601138471    1.009189559    0.164739252    1.31674578     
42       I1         1.99825527     4.563927527    0.06400238887  1.378002475    2.687512233    -0.429256197   1.675588203    
43       I1         2.402185785    2.612622975    0.4421608007   2.510248937    1.550361305    -0.7825851894  7.266409465    
44       I1         0.7429324694   3.697985948    0.3965735498   9.669109386    1.823500094    0.06251525205  0.6306613998   
45       I1         1.242730641    2.378277031    0.641106075    4.856551738    2.153722452    -0.7451387681  0.5159249919   
46       I1         1.844094157    2.484440063    0.8953445515   3.326263497    1.383817595    -0.1909076361  3.920873591    
47       I1         0.5261102396   2.73256994     0.3054963506   5.566776192    1.226556904    -0.8328357907  2.678660911    
48       I1         1.701804607    4.358523891    0.3531672447   9.168307365    1.330394356    -0.7095269638  6.207992532    
49       I1         1.743530302    3.612024968    0.1801910293   9.0943765      2.527317023    0.4240333294   1.020238808    
50       I1         1.518492707    2.372203251    0.3515331361   3.555949822    1.040710821    -0.2885555062  5.294052822    
51       I1         2.003535543    3.588701485    0.2403825458   6.74969147     1.839531246    -0.9982817076  4.559802099    
52       I1         1.21664279     4.510885732    0.9362831638   4.5551893      1.954412402    -0.1730575799  0.4772178628   
53       I1         1.270784429    4.029800136    0.1044008439   3.863339546    1.544824675    -0.5238339612  2.287053283    
54       I1         0.4156642879   3.880100579    0.6652873663   3.755567341    1.248463934    -0.6284947189  3.079368496    
55       I1         1.07755639     3.08422261     0.5070318966   2.707678399    1.906866785    -0.1506832659  0.4933062056   
56       I1         2.839448859    2.687710875    0.0550658724   6.794957985    1.408501191    0.01373887679  3.145499447    
57       I1         2.494198635    2.450154448    0.8680870076   5.639743434    2.033328806    -0.9614962158  6.023375503    
58       I1         1.298661333    2.344982169    0.7620839744   8.819798929    1.306807258    0.2246890758   0.9462131481   
59       I1         1.766228164    2.539925478    0.7369016236   5.229077464    2.359883771    -0.6168554257  0.7332185858   
60       I1         1.548319428    2.994189905    0.4764559871   9.819515276    2.829841759    -0.2759071879  0.708956675    
61       I1         2.355307155    2.062464498    0.1406398768   9.037428274    1.786877629    0.3803445576   0.7718180618   
62       I1         2.223688099    2.665372982    0.564666647    9.709445135    2.316602534    -0.4498009161  1.319751451    
63       I1         2.445353765    2.505319042    0.7714619344   8.45147657     1.425281112    0.06668639575  2.5642789      
64       I1         0.3255170886   4.32293865     0.1303569528   6.85234244     1.717049326    0.2643993403   1.284945517    
65       I1         0.7577569861   2.294811181    0.4108105666   4.976755628    1.020912667    -0.6337259209  5.23424708     
66       I1         2.189025942    2.573964377    0.2699900782   1.14778434     1.32207257     -0.5522773818  7.050721697    
67       I1         1.085307343    3.149679897    0.2218521401   2.984995646    2.079582039    0.3323143196   0.7485750492   
68       I1         0.9539352022   2.816272949    0.2073286976   3.991777797    1.561488106    0.1010140624   0.6150147881   
69       I1         2.930156136    3.706590239    0.2680593191   1.772025626    1.098048754    -0.6073030244  7.952621333    
70       I1         2.31261627     3.902057178    0.05101854648  2.868226299    1.91103831     -0.6235900905  5.684810173    
71       I1         0.6524369991   4.363751976    0.928723294    1.394173755    1.162158721    -0.6875724366  4.537836598    
72       I1         2.162348823    4.04259033     0.3339878572   4.261170711    1.292149948    0.4568318369   0.6534995413   
73       I1         1.05245223     3.6264867      0.0287080081   2.308201721    1.392774356    -0.9076758672  2.809841723    
74       I1         1.110362465    2.109929758    0.1494649852   8.078374238    1.634263669    -0.9661809143  1.061793712    
75       I1         0.8486734169   4.641342724    0.4058206673   6.090466377    2.577261443    -0.1156897604  0.8237493984   
76       I1         1.391047725    2.69458221     0.3246879329   0.2385264957   2.611959955    -0.2189703151  0.7225810764   
77       I1         0.475020946    4.063924408    0.3737189332   6.584704303    2.886845167    0.2864937893   0.7324384601   
78       I1         2.6095565      3.75309248     0.4374113057   3.782969085    1.721475701    -0.01413811558 3.056071141    
79       I1         1.590026559    2.932884925    0.5612255106   2.960020998    2.990109502    -0.7954400475  0.6731209838   
80       I1         2.896536745    2.044902067    0.3103765049   5.33250123     1.521385614    -0.3271738094  6.220405227    
81       I1         2.235064282    3.819523604    0.2556249627   9.932438607    1.899303003    -0.05577455324 2.550666109    
82       I1         2.653773136    3.386351558    0.7156985006   0.9993611848   1.968143987    -0.1349268834  3.720621675    
83       I1         1.857572766    2.440805043    0.4555839098   8.316938571    2.961261554    -0.06791467691 0.8581381603   
84       I1         2.690381651    3.536838627    0.7585636356   1.222767776    1.536702811    -0.8469821281  7.783334953    
85       I1         0.8271815874   3.636498732    0.9793992248   9.430211796    1.182394389    -0.3929346623  3.459892341    
86       I1         1.252104445    3.011271165    0.2521699416   7.461284804    2.495236305    -0.7205383698  0.7441137215   
87       I1         0.6820325001   2.972203834    0.5706266937   5.472049183    2.044576588    0.3657906621   0.4679183656   
88       I1         2.078427936    2.833478831    0.1533036281   1.605374337    2.084667689    -0.8203420027  2.718628327    
89       I1         0.8643841704   3.873726145    0.5502500252   5.060679616    2.246028935    -0.4439452673  0.5959876388   
90       I1         0.5518231933   3.239335126    0.6341031159   8.155147296    2.10421286     -0.9748740323  1.009350083    
91       I1         1.015419197    4.680671828    0.6114612787   2.73431835     1.177076466    -0.9226737885  4.933575784    
92       I1         0.4817360052   2.200564449    0.09195397479  4.129357486    2.950747868    0.2117850099   0.7637813511   
93       I1         1.147804998    3.319870847    0.4891716977   6.149576435    2.068353521    0.466083092    0.6216166822   
94       I1         2.563270031    4.4828856      0.3308180983   4.814303723    1.869584999    0.2034776345   1.471521611    
95       I1         0.4286830519   3.259597699    0.2037085947   0.4661498173   2.978929107    -0.3149969088  0.7415151263   
96       I1         2.673368918    3.245916278    0.4173760915   9.48803899     2.853367774    0.1360824358   0.995192018    
97       I1         2.456637043    2.336152156    0.4331791088   4.231670335    1.366969046    0.2678116592   1.348744813    
98       I1         2.973576657    2.804902309    0.142636008    3.114819855    1.50820624     0.3078454261   1.206958101    
99       I1         0.9253953932   2.300407628    0.6215081235   4.077193751    1.920422282    -0.4077011255  0.4854363719   
100      I1         2.684786499    2.356970965    0.3991302431   7.334644695    2.090646104    0.05656241496  2.194909872    
101      I1         2.389702809    4.467721714    0.9728160268   3.431059655    1.873387979    0.2157283301   1.264495701    
102      I1         2.987834491    4.312812646    0.5364141223   3.859009342    2.455007251    -0.4532412802  5.4543424      
103      I1         2.350630536    2.837401751    0.7327696152   5.198087494    2.788246349    0.322193272    0.9400677762   
104      I1         0.9632457467   2.073259581    0.5240954976   8.871532098    2.930759654    -0.7407061537  0.5355561895   
105      I1         1.101410042    4.583449586    0.160055821    0.6401701583   1.667115124    0.4254129768   1.17956772     
106      I1         2.63674069     2.417955424    0.6603348559   4.649701664    1.218509684    0.4782106851   0.6630742056   
107      I1         0.7800113636   3.969308296    0.1664097414   7.296648978    2.598069634    -0.8665415695  1.065033507    
108      I1         1.362831593    3.781628904    0.9852979523   2.248863145    1.846160076    -0.8956986078  0.5975071178   
109      I1         0.3422645485   2.656305783    0.8500883531   1.333608902    1.499652838    0.3755849194   0.5753753478   
110      I1         0.5585921403   3.276899925    0.3209020759   6.017455003    2.870814354    0.1860748747   0.5981094176   
111      I1         2.505369413    2.431309189    0.3807446722   0.5712192909   2.989766006    -0.7251107479  0.9971356858   
112      I1         2.064282543    4.532656893    0.9416719719   6.929607906    2.811195788    0.1977057418   0.8513208731   
113      I1         0.9848508026   4.440460122    0.05919871104  9.537973458    2.460358755    -0.483209173   1.570950443    
114      I1         1.5071055      4.133001448    0.6944194301   9.398655765    1.650399773    -0.1548579875  1.591829932    
115      I1         0.3312710701   2.224739383    0.01877493931  6.676798735    2.541755111    -0.3585718123  0.8604606707   
116      I1         2.171559734    3.497577717    0.1971546893   8.398860836    2.426468061    0.2342739066   1.025099842    
117      I1         0.7138615509   4.13108875     0.1727040344   1.659741976    2.125708516    0.453743888    1.121244898    
118      I1         2.027168391    2.789558897    0.09434096936  3.130742684    2.179519923    -0.05055614381 0.8920807238   
119      I1         2.958124359    4.191239946    0.03171907908  0.18066532     1.984366184    -0.8033071485  7.293682203    
120      I1         0.4978178908   3.402827412    0.1121192462   8.217253101    1.238246089    0.4987445596   0.7081067698   
121      I1         2.582251097    3.40777019     0.6227412186   2.797053917    2.646628638    -0.5727544551  1.280014185    
122      I1         1.224638589    3.226716511    0.7503941233   2.587109035    2.211340533    0.1555865565   0.471149296    
123      I1         1.787027477    4.391887745    0.9097599625   6.504521159    2.382812994    0.1102171589   0.7471787683   
124      I1         1.338083709    3.285804182    0.1950390482   5.694878271    1.131062404    -0.1299548716  3.381305887    
125      I1         1.657174574    2.757314808    0.2391797312   2.361867646    2.003920684    -0.2625710876  0.7651443246   
126      I1         2.149138605    3.190393601    0.1270600702   2.011134016    2.736782859    -0.5344291929  0.9873188072   
127      I1         0.3125498172   3.913802296    0.5132893888   3.033333241    1.8076473      -0.7048732621  1.343235849    
128      I1         0.9438277969   3.47373914     0.03629714085  8.666551745    2.285857504    -0.9510212674  1.015510718    
129      I1         1.835462153    2.593212058    0.8988526223   4.656027906    2.949901111    -0.2248819104  0.7435496537   
130      I1         1.951259195    4.270259591    0.5587866955   9.792469925    2.484231999    -0.8186961939  0.9566796278   
131      I1         1.456939687    2.082164012    0.2876720621   6.239157078    1.144737002    0.3176507026   0.9353470057   
132      I1         2.877294792    2.141963658    0.5885644537   0.8370480586   1.882910526    0.1050986483   2.139667346    
133      I1         2.827974335    2.002643232    0.6675271422   5.261225764    2.379551276    -0.5382486045  5.492644961    
134      I1         1.176200254    3.115247762    0.9237292598   1.490943782    2.63546284     -0.6607080647  0.455567818    
135      I1         1.188595366    2.519608795    0.3608088827   9.594409345    2.134606803    0.3882952762   0.6980018613   
136      I1         2.248746823    2.750328639    0.8580963502   7.894160149    1.202167383    0.4161683369   0.810921493    
137      I1         1.321357614    4.568019547    0.120099642    5.519437673    1.414387208    -0.7537885805  4.124339045    
138      I1         2.092794691    4.305240723    0.2263454814   2.884894493    1.737037432    -0.08249581016 2.784760722    
139      I1         2.909746642    3.040530387    0.8795676134   1.056133357    2.338446433    -0.8350243003  6.530482964    
140      I1         1.906689535    2.154619874    0.6493118071   6.985065963    1.627890324    -0.6749730141  5.438468075    
141      I1         2.482381627    3.600822868    0.8276433101   6.41123937     1.584482941    -0.9836045768  7.516638556    
142      I1         2.116742744    3.793324687    0.7145759278   3.636586933    2.505883121    -0.9260402744  0.8764043317   
143      I1         2.879980513    4.403137541    0.3433820127   7.993403388    2.304483794    -0.5158514654  5.976876087    
144      I1         2.719528312    3.186959833    0.7049211536   0.3125915255   2.758876476    -0.6635533658  1.17483439     
145      I1         1.159929495    3.830559689    0.04347983398  7.720617427    1.743259308    0.3996649486   1.075785993    
146      I1         2.550731638    4.625167738    0.07151789028  1.863019748    1.976232005    0.1297032425   1.78691861     
147      I1         1.42562116     4.382333731    0.4941185999   5.429678905    1.453229214    0.08599537459  1.278468994    
148      I1         2.328046108    4.595539354    0.08584522845  7.644923015    2.412941703    -0.5437937135  1.851674589    
149      I1         1.81860996     2.279600065    0.3147859988   6.467787104    2.195799879    0.03180301138  0.9048859141   
150      I1         0.7023983976   4.227436768    0.8544142532   1.891252257    2.585002846    0.1538362018   0.5323505215   
151      I1         1.877456119    4.20749433     0.6156335257   0.4315075189   2.473352918    -0.267173929   0.8711822611   
152      I1         1.413753007    3.431869943    0.672789649    7.837958254    1.760318738    -0.5008904465  1.056753787    
153      I1         1.804407025    4.090717448    0.1882702422   5.380668319    1.468205594    -0.7759433534  5.935082823    
154      I1         1.965186326    2.594974158    0.8196232388   0.1146563567   1.105196986    -0.3405814946  5.996900465    
155      I1         2.767554801    4.024558405    0.7979092431   9.635192623    1.37124872     -0.1834268835  4.935487314    
156      I1         1.618861648    3.302128931    0.04493083947  7.749986274    2.349335252    -0.5992370927  0.9953321696   
157      I1         0.356482904    3.736152748    0.2318522985   7.928954882    2.834018621    -0.5110756843  0.9629161173   
158      I1         0.8227697522   2.628661362    0.8295321104   6.719911664    1.347416597    -0.5913851201  2.508582417    
159      I1         2.625058763    2.552507617    0.0808111066   1.785054574    1.313376847    -0.1056396619  4.084399246    
160      I1         0.7269657734   2.900678786    0.7288471078   1.27238497     1.996078011    -0.1994095828  0.5689504677   
161      I1         0.4430398535   4.661768717    0.6009566142   7.209783949    2.554458765    -0.9877618237  1.296462083    
162      I1         1.748533409    2.233951615    0.9670457616   9.270095287    1.516952605    0.3388196768   0.7800544702   
163      I1         0.5149704651   2.171306108    0.5935349058   8.265540025    1.577854566    -0.1777312309  0.833256208    
164      I1         1.191333129    3.361915565    0.5455463709   8.769395339    1.688879237    -0.4642879846  0.8209991244   
165      I1         0.7990227426   2.259093419    0.77877357     7.136527825    1.695686768    -0.8930020833  0.7206318204   
166      I1         0.5345479359   3.986068206    0.6520273646   5.032574816    1.752258646    -0.09689483209 0.8137230883   
167      I1         1.905299813    3.068559684    0.8368909156   3.611858179    2.53937011     -0.7643473204  0.7681052966   
168      I1         2.53260736     3.801034452    0.1360091019   3.689050556    2.111170597    -0.3375654837  4.510696746    
169      I1         0.6698830445   3.055230189    0.9590973784   2.194656264    2.896301265    -0.3221818768  1.019404633    
170      I1         0.4056568878   2.873372746    0.7693181025   3.182654213    2.362672559    -0.3747110937  1.615508836    
171      I1         1.575201538    4.449900259    0.8909145807   3.376723006    1.288003055    -0.641115647   5.997188325    
172      I1         1.722673271    4.007874942    0.8646205772   7.80636939     1.779846824    0.2386427139   0.7635443168   
173      I1         2.51740865     3.95735416     0.7912763787   9.895321765    2.437051262    -0.1092911436  1.606063158    
174      I1         1.625403716    4.693202184    0.9204123802   5.913574714    1.278557721    -0.9130840282  6.420292564    
175      I1         2.201993693    3.859468967    0.01415002068  0.667477985    2.693832975    -0.1423066639  1.340733316    
176      I1         0.7707743749   3.328550905    0.7422104237   8.054806025    2.623826827    0.1238254042   0.5088772408   
177      I1         0.8930660119   2.203450086    0.9135428444   0.2495764892   2.023306477    -0.4068233922  0.5951658653   
178      I1         1.019797775    4.235539056    0.5177692804   4.373552331    1.791181076    -0.4326040364  0.6313316784   
179      I1         0.9124143994   2.639973235    0.4153351112   1.732268706    2.323537303    0.3641977879   0.5378453885   
180      I1         2.740377929    2.465928284    0.6044313488   3.309636828    2.011700176    -0.07610446958 3.304952509    
181      I1         1.67926452     3.679043876    0.6902349937   4.056333139    2.710571223    0.3010014649   0.7424318628   
182      I1         0.5800941499   4.548287861    0.7000487359   6.368033232    1.082156412    0.1757971518   1.313087617    
183      I1         2.042857048    3.764068608    0.7848612171   3.257773528    2.729480286    -0.5607751511  0.8329136862   
184      I1         1.134232103    2.311332752    0.7067286748   4.537212772    2.230576401    0.2480282522   0.4821249293   
185      I1         1.299701427    3.138920619    0.7234682233   4.728024424    1.448930091    0.02426013302  1.200952132    
186      I1         1.925181958    2.911490588    0.9035947757   9.137794656    2.909324162    -0.2855577213  0.7889248026   
187      I1         1.444937557    4.260681948    0.2914710021   8.580603486    2.294047384    -0.03756174516 1.083002552    
188      I1         2.857412563    4.073721714    0.9811156863   2.041784063    2.40504906     -0.2571834236  4.013820737    
189      I1         2.823823728    3.841409464    0.4746047285   5.749671866    1.038751571    -0.887277101   8.63995773     
190      I1         1.886158868    3.647293071    0.3724673806   8.505649745    2.051490805    -0.5676735257  1.668244899    
191      I1         1.350461859    4.605605326    0.7821771399   6.231212219    1.259121677    -0.04591772072 2.392964359    
192      I1         1.663832273    3.501346269    0.4277795188   5.880998526    1.017968391    -0.7333428368  7.720547085    
193      I1         2.601731754    3.460681419    0.4970863629   6.318921534    2.565105388    -0.009280127716 1.055001455    
194      I1         0.6414352822   3.132371513    0.2464515175   4.459351642    2.220011105    0.3492637094   0.660054027    
195      I1         2.029698861    4.289495264    0.5408028544   7.076571738    1.438599308    0.1777689529   1.576898893    
196      I1         2.707224594    4.160223304    0.8428949957   6.566784115    2.703687853    0.4048698762   0.8632051764   
197      I1         0.5955466403   2.960142542    0.4487090148   1.107784925    2.84603814     -0.369610316   0.6142756779   
198      I1         2.795507528    3.56670542     0.678529519    9.328500214    2.929497855    -0.3902168674  0.9977235975   
199      I1         0.3837615638   2.884683399    0.1678872151   8.962480351    2.915627183    -0.6489248529  0.8253786472   
200      I1         1.565750415    3.036656613    0.5804821918   8.335339283    1.616729429    -0.4930918355  3.067088249    
201      I1         1.198148148    3.275925926    0.7043347051   7.888271605    1.964334705    -0.4989711934  0.5059792641   
202      I1         0.7240740741   2.601851852    0.7715500686   5.606790123    1.368998628    0.4989711934   0.4609051507   
203      I1         2.098148148    3.801851852    0.4085871056   0.8265432099   1.87654321     0.4989711934   0.6364631376   
204      I1         1.435185185    3.801851852    0.6626611797   0.1067901235   1.923182442    0.06275720165  0.5734490872   
205      I1         1.142592593    2.561111111    0.6519067215   2.917901235    1.901234568    -0.9516460905  0.4726961133   
206      I1         0.4722222222   2.657407407    0.01067215364  3.230246914    2.647462277    -0.001028806584 0.9492292774   
207      I1         0.6685185185   2.598148148    0.01067215364  3.393209877    2.024691358    -0.6224279835  0.9475935353   
208      I1         0.5351851852   2.001851852    0.9893278464   6.706790123    1.78600823     0.4989711934   0.534498553    
209      I1         0.8314814815   3.068518519    0.664005487    3.352469136    2.998628258    0.4989711934   0.4756634351   
210      I1         0.7240740741   2.212962963    0.8091906722   9.993209877    2.079561043    0.1656378601   0.540459824    
211      I1         1.738888889    3.801851852    0.335994513    6.054938272    1.668038409    0.4989711934   0.5966203979   
212      I1         0.6018518519   3.001851852    0.9893278464   3.393209877    2.631001372    0.4989711934   0.4921472807   
213      I1         0.9018518519   3.801851852    0.9893278464   3.759876543    2.699588477    0.4989711934   0.5122091865   
214      I1         0.7981481481   2.901851852    0.8078463649   6.706790123    1.59122085     0.1676954733   0.4965291506   
215      I1         1.053703704    2.931481481    0.8925377229   0.1067901235   2.534979424    0.007201646091 0.5353840898   
216      I1         1.198148148    3.501851852    0.664005487    6.50308642     1.316872428    0.4989711934   0.4489172487   
217      I1         0.6055555556   3.201851852    0.664005487    4.506790123    1.34430727     0.3755144033   0.5119806154   
218      I1         0.7055555556   3.846296296    0.7728943759   6.462345679    2.776406036    0.4989711934   0.5036937095   
219      I1         1.331481481    3.801851852    0.9893278464   3.406790123    2.331961591    0.4989711934   0.6382045236   
220      I1         0.6018518519   2.301851852    0.9758847737   6.693209877    2.255144033    0.4989711934   0.5248018988   
221      I1         0.8759259259   2.001851852    0.6626611797   6.204320988    2.074074074    0.4989711934   0.5138099497   
222      I1         0.6722222222   2.301851852    0.5551165981   3.651234568    1.796982167    0.1656378601   0.4461537375   
223      I1         0.8462962963   3.201851852    0.664005487    1.831481481    2.795610425    0.1676954733   0.4042207421   
224      I1         1.198148148    2.898148148    0.9893278464   5.484567901    1.854595336    0.001028806584 0.4639436093   
225      I1         0.887037037    2.901851852    0.664005487    2.45617284     2.724279835    0.4989711934   0.4793637545   
226      I1         0.7648148148   3.275925926    0.8414540466   3.148765432    2.729766804    0.274691358    0.4666340264   
227      I1         0.8611111111   3.801851852    0.868340192    5.606790123    2.216735254    0.1080246914   0.5005533084   
228      I1         1.338888889    3.309259259    0.883127572    2.863580247    1.964334705    -0.3878600823  0.494441182    
229      I1         1.335185185    3.801851852    0.6626611797   7.07345679     1.925925926    0.001028806584 0.5657414139   
230      I1         2.046296296    2.031481481    0.335994513    3.02654321     1.668038409    0.4989711934   0.5293145891   
231      I1         1.198148148    2.001851852    0.335994513    6.693209877    1.360768176    0.4989711934   0.4615300454   
232      I1         0.8907407407   2.835185185    0.335994513    6.693209877    1.133058985    0.4989711934   0.5118972473   
233      I1         0.8611111111   2.898148148    0.335994513    9.993209877    1.305898491    0.4989711934   0.5278567062   
234      I1         0.3018518519   2.001851852    0.5161316872   6.693209877    2.109739369    0.4989711934   0.4685029045   
235      I1         0.787037037    2.001851852    0.4260631001   4.87345679     2.159122085    0.05658436214  0.4895675253   
236      I1         1.198148148    2.890740741    0.9893278464   3.393209877    1.668038409    0.4989711934   0.4824508947   
237      I1         0.8314814815   2.898148148    0.8602743484   3.393209877    1.890260631    0.1676954733   0.4676054535   
238      I1         1.501851852    2.001851852    0.0214266118   0.1067901235   2.109739369    0.4989711934   1.077551073    
239      I1         0.3018518519   2.931481481    0.6666941015   9.993209877    2.331961591    0.4989711934   0.5240540051   
240      I1         0.9388888889   3.801851852    0.664005487    5.606790123    2.998628258    0.001028806584 0.4787693781   
241      I1         1.198148148    3.801851852    0.664005487    6.693209877    2.998628258    0.4989711934   0.6205406131   
242      I1         0.8462962963   3.801851852    0.664005487    3.406790123    2.85048011     0.06275720165  0.4631973872   
243      I1         1.757407407    3.801851852    0.9893278464   2.293209877    1.668038409    0.4989711934   0.5493988806   
244      I1         0.912962963    2.001851852    0.1195610425   2.293209877    2.998628258    -0.1965020576  0.7447160964   
245      I1         0.4314814815   2.901851852    0.664005487    9.993209877    2.076817558    0.4989711934   0.5145731917   
246      I1         1.098148148    3.798148148    0.9530315501   6.706790123    1.761316872    0.0195473251   0.4623966471   
247      I1         1.105555556    2.001851852    0.6626611797   3.393209877    2.515775034    -0.9989711934  0.4811759934   
248      I1         1.024074074    2.798148148    0.7715500686   0.1067901235   2.172839506    0.2026748971   0.5104459522   
249      I1         1.02037037     2.901851852    0.7728943759   3.77345679     2.331961591    -0.8343621399  0.4906234192   
250      I1         1.087037037    3.398148148    0.918079561    6.706790123    1.821673525    -0.2335390947  0.4943228518   
251      I1         1.164814815    2.001851852    0.5537722908   2.293209877    2.72702332     -0.4989711934  0.5115318117   
252      I1         1.198148148    2.868518519    0.6626611797   3.393209877    2.828532236    -0.9639917695  0.4849859496   
253      I1         0.6648148148   2.298148148    0.4811796982   3.393209877    2.998628258    -0.9989711934  0.6285689445   
254      I1         1.064814815    2.031481481    0.6263648834   2.659876543    2.447187929    -0.6100823045  0.4712972602   
255      I1         0.612962963    2.287037037    0.3373388203   5.022839506    1.668038409    -0.9989711934  0.651608475    
256      I1         0.4055555556   2.001851852    0.3373388203   1.193209877    2.787379973    -0.8878600823  0.7106910696   
257      I1         1.198148148    2.598148148    0.5537722908   4.493209877    1.887517147    -0.737654321   0.5272814837   
258      I1         0.6833333333   2.901851852    0.3373388203   6.747530864    1.725651578    -0.6676954733  0.6600928412   
259      I1         0.7055555556   2.442592593    0.5914128944   6.706790123    1.668038409    0.4989711934   0.4785772005   
260      I1         0.9203703704   2.898148148    0.365569273    6.041358025    2.998628258    0.1985596708   0.5794888994   
261      I1         1.198148148    2.898148148    0.6626611797   8.540123457    1.912208505    -0.9989711934  0.5191963239   
262      I1         0.8944444444   2.298148148    0.6626611797   4.629012346    2.035665295    -0.9989711934  0.5264110519   
263      I1         1.053703704    2.901851852    0.7271879287   3.406790123    2.205761317    -0.5010288066  0.4650561105   
264      I1         0.8537037037   2.746296296    0.4946227709   0.5956790123   2.663923182    0.04423868313  0.438063355    
265      I1         1.198148148    2.298148148    0.5537722908   1.193209877    2.331961591    -0.9989711934  0.4955388923   
266      I1         0.8944444444   2.001851852    0.4448834019   0.8265432099   2.230452675    -0.8343621399  0.4848855502   
267      I1         0.8759259259   2.001851852    0.5551165981   0.4191358025   1.750342936    -0.9989711934  0.4808514493   
268      I1         0.7388888889   2.001851852    0.5806584362   1.206790123    1.914951989    -0.787037037   0.5466153223   
269      I1         0.7018518519   2.301851852    0.5914128944   7.793209877    2.839506173    -0.9989711934  0.6808399385   
270      I1         1.198148148    2.031481481    0.6263648834   7.42654321     2.331961591    -0.9989711934  0.5356117031   
271      I1         0.8537037037   2.301851852    0.6156104252   6.706790123    2.109739369    -0.591563786   0.5486085144   
272      I1         0.7277777778   2.598148148    0.3803566529   2.293209877    2.998628258    -0.6676954733  0.5880693821   
273      I1         1.053703704    2.901851852    0.5967901235   0.1067901235   2.331961591    -0.7211934156  0.5174236679   
274      I1         0.7018518519   3.001851852    0.5537722908   0.1067901235   2.998628258    0.1203703704   0.4919534172   
275      I1         1.198148148    2.901851852    0.4462277092   1.206790123    2.556927298    0.2767489712   0.5831098993   
276      I1         0.8351851852   3.798148148    0.6626611797   0.1067901235   2.888888889    0.4989711934   0.5729472232   
277      I1         0.5055555556   2.001851852    0.5820027435   7.440123457    2.260631001    0.4989711934   0.4768031004   
278      I1         0.5981481481   2.164814815    0.6478737997   6.706790123    1.967078189    0.3158436214   0.4656067569   
279      I1         0.7351851852   2.964814815    0.6626611797   3.393209877    2.400548697    0.1656378601   0.4460451456   
280      I1         1.198148148    2.998148148    0.6626611797   3.393209877    2.998628258    0.001028806584 0.4716888431   
281      I1         0.9018518519   2.901851852    0.599478738    3.393209877    2.842249657    0.0524691358   0.4364290535   
282      I1         0.8648148148   2.346296296    0.5900685871   9.993209877    2.331961591    0.4989711934   0.5429071724   
283      I1         0.8981481481   2.768518519    0.6626611797   6.706790123    1.711934156    0.2232510288   0.4299658397   
284      I1         0.8537037037   3.335185185    0.5914128944   3.406790123    2.694101509    0.1862139918   0.4410489544   
285      I1         0.8314814815   2.698148148    0.6102331962   6.706790123    2.216735254    0.1676954733   0.4577870625   
286      I1         0.5981481481   2.298148148    0.6626611797   9.789506173    1.157750343    0.4989711934   0.5490328819   
287      I1         0.3018518519   2.890740741    0.6626611797   8.906790123    1.385459534    0.4989711934   0.5190775395   
288      I1         0.4685185185   2.098148148    0.5537722908   6.706790123    1.443072702    0.4989711934   0.4486584948   
289      I1         0.3018518519   2.001851852    0.4448834019   6.706790123    1.27297668     0.3323045267   0.5621043353   
290      I1         0.4759259259   2.601851852    0.5174759945   9.870987654    1.352537723    0.3137860082   0.5729762568   
291      I1         0.7018518519   2.098148148    0.4865569273   4.87345679     1.256515775    0.4989711934   0.4595436163   
292      I1         1.198148148    2.298148148    0.5914128944   7.793209877    1.196159122    0.4989711934   0.4973475471   
293      I1         0.85           2.598148148    0.5470507545   7.793209877    1.264746228    0.3323045267   0.5876405286   
294      I1         0.712962963    2.898148148    0.6626611797   6.706790123    1.75308642     0.2767489712   0.467361404    
295      I1         0.7944444444   2.298148148    0.5900685871   4.995679012    1.964334705    0.1676954733   0.4401009677   
296      I1         0.3018518519   2.001851852    0.5537722908   6.693209877    2.998628258    -0.001028806584 0.8243954334   
297      I1         0.3018518519   2.001851852    0.5900685871   6.693209877    2.705075446    -0.001028806584 0.8771564053   
298      I1         0.9462962963   2.816666667    0.6626611797   3.406790123    2.334705075    -0.1656378601  0.4492400602   
299      I1         0.6092592593   2.001851852    0.3373388203   8.906790123    2.998628258    -0.3343621399  0.614286012    
300      I1         1.198148148    2.298148148    0.6626611797   8.906790123    2.691358025    -0.4989711934  0.5219273061   
%eval_id interface log__t_efold_shallow log__t_efold_deep f_exfiltration_shallow PDD_melt_factor log__Hmax_shallow log__routing_K neg_kge        
301      I1         0.8462962963   3.201851852    0.664005487    1.831481481    2.795610425    0.1676954733   0.4042207421   
302      I1         1.116296296    3.201851852    0.664005487    1.831481481    2.795610425    0.1676954733   0.4446932981   
303      I1         0.8462962963   3.471851852    0.664005487    1.831481481    2.795610425    0.1676954733   0.4104305009   
304      I1         0.8462962963   3.201851852    0.762005487    1.831481481    2.795610425    0.1676954733   0.4092341788   
305      I1         0.8462962963   3.201851852    0.664005487    2.821481481    2.795610425    0.1676954733   0.4200912885   
306      I1         0.8462962963   3.201851852    0.664005487    1.831481481    2.995610425    0.1676954733   0.4042207421   
307      I1         0.8462962963   3.201851852    0.664005487    1.831481481    2.795610425    0.3176954733   0.4164968389   
308      I1         0.5762962963   3.201851852    0.664005487    1.831481481    2.795610425    0.1676954733   0.4937231743   
309      I1         0.8462962963   2.931851852    0.664005487    1.831481481    2.795610425    0.1676954733   0.4017373216   
310      I1         0.8462962963   3.201851852    0.566005487    1.831481481    2.795610425    0.1676954733   0.4234323734   
311      I1         0.8462962963   3.201851852    0.664005487    0.8414814815   2.795610425    0.1676954733   0.3897243645   
312      I1         0.8462962963   3.201851852    0.664005487    1.831481481    2.595610425    0.1676954733   0.4042207421   
313      I1         0.8462962963   3.201851852    0.664005487    1.831481481    2.795610425    0.01769547325  0.4191173611   
314      I1         1.116296296    3.201851852    0.664005487    0.8414814815   2.795610425    0.1676954733   0.4373493547   
315      I1         0.8462962963   3.471851852    0.664005487    0.8414814815   2.795610425    0.1676954733   0.3957934137   
316      I1         0.8462962963   3.201851852    0.762005487    0.8414814815   2.795610425    0.1676954733   0.3948793909   
317      I1         0.8462962963   3.201851852    0.664005487    0.8414814815   2.995610425    0.1676954733   0.3897243645   
318      I1         0.8462962963   3.201851852    0.664005487    0.8414814815   2.795610425    0.3176954733   0.4078204494   
319      I1         0.5762962963   3.201851852    0.664005487    0.8414814815   2.795610425    0.1676954733   0.4669878719   
320      I1         0.8462962963   2.931851852    0.664005487    0.8414814815   2.795610425    0.1676954733   0.3874208207   
321      I1         0.8462962963   3.201851852    0.566005487    0.8414814815   2.795610425    0.1676954733   0.409392214    
322      I1         0.8462962963   3.201851852    0.664005487    0.8414814815   2.595610425    0.1676954733   0.3897243645   
323      I1         0.8462962963   3.201851852    0.664005487    0.8414814815   2.795610425    0.01769547325  0.3991642297   
324      I1         0.9812962963   3.201851852    0.664005487    0.8414814815   2.795610425    0.1676954733   0.4017880484   
325      I1         0.8462962963   3.336851852    0.664005487    0.8414814815   2.795610425    0.1676954733   0.3918470284   
326      I1         0.8462962963   3.201851852    0.713005487    0.8414814815   2.795610425    0.1676954733   0.3891990182   
327      I1         0.8462962963   3.201851852    0.664005487    1.336481481    2.795610425    0.1676954733   0.3933341534   
328      I1         0.8462962963   3.201851852    0.664005487    0.8414814815   2.895610425    0.1676954733   0.3897243645   
329      I1         0.8462962963   3.201851852    0.664005487    0.8414814815   2.795610425    0.2426954733   0.3951278793   
330      I1         0.7112962963   3.201851852    0.664005487    0.8414814815   2.795610425    0.1676954733   0.4094003718   
331      I1         0.8462962963   3.066851852    0.664005487    0.8414814815   2.795610425    0.1676954733   0.3884862912   
332      I1         0.8462962963   3.201851852    0.615005487    0.8414814815   2.795610425    0.1676954733   0.3964554298   
333      I1         0.8462962963   3.201851852    0.664005487    0.3464814815   2.795610425    0.1676954733   0.4230397819   
334      I1         0.8462962963   3.201851852    0.664005487    0.8414814815   2.695610425    0.1676954733   0.3897243645   
335      I1         0.8462962963   3.201851852    0.664005487    0.8414814815   2.795610425    0.09269547325  0.3913910032   
336      I1         0.9137962963   3.201851852    0.664005487    0.8414814815   2.795610425    0.1676954733   0.3923485776   
337      I1         0.8462962963   3.269351852    0.664005487    0.8414814815   2.795610425    0.1676954733   0.3906164268   
338      I1         0.8462962963   3.201851852    0.688505487    0.8414814815   2.795610425    0.1676954733   0.3886859765   
339      I1         0.8462962963   3.201851852    0.664005487    1.088981481    2.795610425    0.1676954733   0.3856643889   
340      I1         0.8462962963   3.201851852    0.664005487    0.8414814815   2.845610425    0.1676954733   0.3897243645   
341      I1         0.8462962963   3.201851852    0.664005487    0.8414814815   2.795610425    0.2051954733   0.3915101637   
342      I1         0.7787962963   3.201851852    0.664005487    0.8414814815   2.795610425    0.1676954733   0.3951751284   
343      I1         0.8462962963   3.134351852    0.664005487    0.8414814815   2.795610425    0.1676954733   0.389048695    
344      I1         0.8462962963   3.201851852    0.639505487    0.8414814815   2.795610425    0.1676954733   0.3923141822   
345      I1         0.8462962963   3.201851852    0.664005487    0.5939814815   2.795610425    0.1676954733   0.4005749522   
346      I1         0.8462962963   3.201851852    0.664005487    0.8414814815   2.745610425    0.1676954733   0.3897243645   
347      I1         0.8462962963   3.201851852    0.664005487    0.8414814815   2.795610425    0.1301954733   0.3897181062   
348      I1         0.9137962963   3.201851852    0.664005487    1.088981481    2.795610425    0.1676954733   0.387678288    
349      I1         0.8462962963   3.269351852    0.664005487    1.088981481    2.795610425    0.1676954733   0.3865770761   
350      I1         0.8462962963   3.201851852    0.688505487    1.088981481    2.795610425    0.1676954733   0.384385866    
351      I1         0.8462962963   3.201851852    0.664005487    1.088981481    2.845610425    0.1676954733   0.3856643889   
352      I1         0.8462962963   3.201851852    0.664005487    1.088981481    2.795610425    0.2051954733   0.3870798083   
353      I1         0.7787962963   3.201851852    0.664005487    1.088981481    2.795610425    0.1676954733   0.3919224905   
354      I1         0.8462962963   3.134351852    0.664005487    1.088981481    2.795610425    0.1676954733   0.3849663176   
355      I1         0.8462962963   3.201851852    0.639505487    1.088981481    2.795610425    0.1676954733   0.3884872938   
356      I1         0.8462962963   3.201851852    0.664005487    1.088981481    2.745610425    0.1676954733   0.3856643889   
357      I1         0.8462962963   3.201851852    0.664005487    1.088981481    2.795610425    0.1301954733   0.3860537829   
358      I1         0.9137962963   3.201851852    0.688505487    1.088981481    2.795610425    0.1676954733   0.3845868321   
359      I1         0.8462962963   3.269351852    0.688505487    1.088981481    2.795610425    0.1676954733   0.3851886955   
360      I1         0.8462962963   3.201851852    0.713005487    1.088981481    2.795610425    0.1676954733   0.3846517251   
361      I1         0.8462962963   3.201851852    0.688505487    1.336481481    2.795610425    0.1676954733   0.3921511904   
362      I1         0.8462962963   3.201851852    0.688505487    1.088981481    2.845610425    0.1676954733   0.384385866    
363      I1         0.8462962963   3.201851852    0.688505487    1.088981481    2.795610425    0.2051954733   0.3853986088   
364      I1         0.7787962963   3.201851852    0.688505487    1.088981481    2.795610425    0.1676954733   0.392974321    
365      I1         0.8462962963   3.134351852    0.688505487    1.088981481    2.795610425    0.1676954733   0.3837508125   
366      I1         0.8462962963   3.201851852    0.688505487    1.088981481    2.745610425    0.1676954733   0.384385866    
367      I1         0.8462962963   3.201851852    0.688505487    1.088981481    2.795610425    0.1301954733   0.3852254676   
368      I1         0.9137962963   3.134351852    0.688505487    1.088981481    2.795610425    0.1676954733   0.3840223751   
369      I1         0.8462962963   3.134351852    0.713005487    1.088981481    2.795610425    0.1676954733   0.3840727083   
370      I1         0.8462962963   3.134351852    0.688505487    1.336481481    2.795610425    0.1676954733   0.3915064973   
371      I1         0.8462962963   3.134351852    0.688505487    1.088981481    2.845610425    0.1676954733   0.3837508125   
372      I1         0.8462962963   3.134351852    0.688505487    1.088981481    2.795610425    0.2051954733   0.3847771124   
373      I1         0.7787962963   3.134351852    0.688505487    1.088981481    2.795610425    0.1676954733   0.3922780579   
374      I1         0.8462962963   3.066851852    0.688505487    1.088981481    2.795610425    0.1676954733   0.3831978043   
375      I1         0.8462962963   3.134351852    0.688505487    0.8414814815   2.795610425    0.1676954733   0.3880720753   
376      I1         0.8462962963   3.134351852    0.688505487    1.088981481    2.745610425    0.1676954733   0.3837508125   
377      I1         0.8462962963   3.134351852    0.688505487    1.088981481    2.795610425    0.1301954733   0.3845778816   
378      I1         0.8800462963   3.134351852    0.688505487    1.088981481    2.795610425    0.1676954733   0.3827965861   
379      I1         0.8462962963   3.168101852    0.688505487    1.088981481    2.795610425    0.1676954733   0.3840532272   
380      I1         0.8462962963   3.134351852    0.700755487    1.088981481    2.795610425    0.1676954733   0.3837195853   
381      I1         0.8462962963   3.134351852    0.688505487    1.212731481    2.795610425    0.1676954733   0.3872643178   
382      I1         0.8462962963   3.134351852    0.688505487    1.088981481    2.820610425    0.1676954733   0.3837508125   
383      I1         0.8462962963   3.134351852    0.688505487    1.088981481    2.795610425    0.1864454733   0.3840272767   
384      I1         0.8125462963   3.134351852    0.688505487    1.088981481    2.795610425    0.1676954733   0.3869037349   
385      I1         0.8462962963   3.100601852    0.688505487    1.088981481    2.795610425    0.1676954733   0.3834685428   
386      I1         0.8462962963   3.134351852    0.676255487    1.088981481    2.795610425    0.1676954733   0.3841663899   
387      I1         0.8462962963   3.134351852    0.688505487    0.9652314815   2.795610425    0.1676954733   0.3851111689   
388      I1         0.8462962963   3.134351852    0.688505487    1.088981481    2.770610425    0.1676954733   0.3837508125   
389      I1         0.8462962963   3.134351852    0.688505487    1.088981481    2.795610425    0.1489454733   0.3839384816   
390      I1         0.9137962963   3.134351852    0.688505487    1.088981481    2.795610425    0.1676954733   0.3840223751   
391      I1         0.8800462963   3.168101852    0.688505487    1.088981481    2.795610425    0.1676954733   0.383080495    
392      I1         0.8800462963   3.134351852    0.700755487    1.088981481    2.795610425    0.1676954733   0.3822555838   
393      I1         0.8800462963   3.134351852    0.688505487    1.212731481    2.795610425    0.1676954733   0.3861179729   
394      I1         0.8800462963   3.134351852    0.688505487    1.088981481    2.820610425    0.1676954733   0.3827965861   
395      I1         0.8800462963   3.134351852    0.688505487    1.088981481    2.795610425    0.1864454733   0.3837557126   
396      I1         0.8800462963   3.100601852    0.688505487    1.088981481    2.795610425    0.1676954733   0.382535238    
397      I1         0.8800462963   3.134351852    0.676255487    1.088981481    2.795610425    0.1676954733   0.3837050493   
398      I1         0.8800462963   3.134351852    0.688505487    0.9652314815   2.795610425    0.1676954733   0.3843605398   
399      I1         0.8800462963   3.134351852    0.688505487    1.088981481    2.770610425    0.1676954733   0.3827965861   
400      I1         0.8800462963   3.134351852    0.688505487    1.088981481    2.795610425    0.1489454733   0.3822811552   
401      I1         0.9137962963   3.134351852    0.700755487    1.088981481    2.795610425    0.1676954733   0.3830343466   
402      I1         0.8800462963   3.168101852    0.700755487    1.088981481    2.795610425    0.1676954733   0.3825274543   
403      I1         0.8800462963   3.134351852    0.713005487    1.088981481    2.795610425    0.1676954733   0.3820820425   
404      I1         0.8800462963   3.134351852    0.700755487    1.212731481    2.795610425    0.1676954733   0.3855876396   
405      I1         0.8800462963   3.134351852    0.700755487    1.088981481    2.820610425    0.1676954733   0.3822555838   
406      I1         0.8800462963   3.134351852    0.700755487    1.088981481    2.795610425    0.1864454733   0.3831300121   
407      I1         0.8800462963   3.100601852    0.700755487    1.088981481    2.795610425    0.1676954733   0.3820028424   
408      I1         0.8800462963   3.134351852    0.700755487    0.9652314815   2.795610425    0.1676954733   0.3838688954   
409      I1         0.8800462963   3.134351852    0.700755487    1.088981481    2.770610425    0.1676954733   0.3822555838   
410      I1         0.8800462963   3.134351852    0.700755487    1.088981481    2.795610425    0.1489454733   0.3818304808   
411      I1         0.9137962963   3.134351852    0.700755487    1.088981481    2.795610425    0.1489454733   0.38198476     
412      I1         0.8800462963   3.168101852    0.700755487    1.088981481    2.795610425    0.1489454733   0.3821055084   
413      I1         0.8800462963   3.134351852    0.713005487    1.088981481    2.795610425    0.1489454733   0.3817506588   
414      I1         0.8800462963   3.134351852    0.700755487    1.212731481    2.795610425    0.1489454733   0.3853052029   
415      I1         0.8800462963   3.134351852    0.700755487    1.088981481    2.820610425    0.1489454733   0.3818304808   
416      I1         0.8462962963   3.134351852    0.700755487    1.088981481    2.795610425    0.1489454733   0.3840229529   
417      I1         0.8800462963   3.100601852    0.700755487    1.088981481    2.795610425    0.1489454733   0.3815742853   
418      I1         0.8800462963   3.134351852    0.700755487    0.9652314815   2.795610425    0.1489454733   0.3833309986   
419      I1         0.8800462963   3.134351852    0.700755487    1.088981481    2.770610425    0.1489454733   0.3818304808   
420      I1         0.8800462963   3.134351852    0.700755487    1.088981481    2.795610425    0.1301954733   0.3818438836   
421      I1         0.9137962963   3.100601852    0.700755487    1.088981481    2.795610425    0.1489454733   0.3817499303   
422      I1         0.8800462963   3.100601852    0.713005487    1.088981481    2.795610425    0.1489454733   0.3815026108   
423      I1         0.8800462963   3.100601852    0.700755487    1.212731481    2.795610425    0.1489454733   0.3850465195   
424      I1         0.8800462963   3.100601852    0.700755487    1.088981481    2.820610425    0.1489454733   0.3815742853   
425      I1         0.8462962963   3.100601852    0.700755487    1.088981481    2.795610425    0.1489454733   0.3837460455   
426      I1         0.8800462963   3.066851852    0.700755487    1.088981481    2.795610425    0.1489454733   0.3813291127   
427      I1         0.8800462963   3.100601852    0.688505487    1.088981481    2.795610425    0.1489454733   0.3820162326   
428      I1         0.8800462963   3.100601852    0.700755487    0.9652314815   2.795610425    0.1489454733   0.3830797042   
429      I1         0.8800462963   3.100601852    0.700755487    1.088981481    2.770610425    0.1489454733   0.3815742853   
430      I1         0.8800462963   3.100601852    0.700755487    1.088981481    2.795610425    0.1301954733   0.3815843688   
431      I1         0.9475462963   3.066851852    0.700755487    1.088981481    2.795610425    0.1489454733   0.3836462662   
432      I1         0.8800462963   3.066851852    0.725255487    1.088981481    2.795610425    0.1489454733   0.3815669352   
433      I1         0.8800462963   3.066851852    0.700755487    1.336481481    2.795610425    0.1489454733   0.3889904941   
434      I1         0.8800462963   3.066851852    0.700755487    1.088981481    2.845610425    0.1489454733   0.3813291127   
435      I1         0.8800462963   3.066851852    0.700755487    1.088981481    2.795610425    0.1864454733   0.3826433868   
436      I1         0.8125462963   3.066851852    0.700755487    1.088981481    2.795610425    0.1489454733   0.3880122978   
437      I1         0.8800462963   2.999351852    0.700755487    1.088981481    2.795610425    0.1489454733   0.3808469671   
438      I1         0.8800462963   3.066851852    0.676255487    1.088981481    2.795610425    0.1489454733   0.3825705678   
439      I1         0.8800462963   3.066851852    0.700755487    0.8414814815   2.795610425    0.1489454733   0.3859782103   
440      I1         0.8800462963   3.066851852    0.700755487    1.088981481    2.745610425    0.1489454733   0.3813291127   
441      I1         0.8800462963   3.066851852    0.700755487    1.088981481    2.795610425    0.1114454733   0.3817670711   
442      I1         0.9137962963   3.066851852    0.700755487    1.088981481    2.795610425    0.1489454733   0.3815284824   
443      I1         0.8800462963   3.066851852    0.713005487    1.088981481    2.795610425    0.1489454733   0.3812631143   
444      I1         0.8800462963   3.066851852    0.700755487    1.212731481    2.795610425    0.1489454733   0.3847989005   
445      I1         0.8800462963   3.066851852    0.700755487    1.088981481    2.820610425    0.1489454733   0.3813291127   
446      I1         0.8800462963   3.066851852    0.700755487    1.088981481    2.795610425    0.1676954733   0.3817614447   
447      I1         0.8462962963   3.066851852    0.700755487    1.088981481    2.795610425    0.1489454733   0.383477778    
448      I1         0.8800462963   3.033101852    0.700755487    1.088981481    2.795610425    0.1489454733   0.3810884595   
449      I1         0.8800462963   3.066851852    0.688505487    1.088981481    2.795610425    0.1489454733   0.3817649306   
450      I1         0.8800462963   3.066851852    0.700755487    0.9652314815   2.795610425    0.1489454733   0.3828396059   
451      I1         0.8800462963   3.066851852    0.700755487    1.088981481    2.770610425    0.1489454733   0.3813291127   
452      I1         0.8800462963   3.066851852    0.700755487    1.088981481    2.795610425    0.1301954733   0.3813355679   
453      I1         0.9137962963   3.033101852    0.700755487    1.088981481    2.795610425    0.1489454733   0.3813139608   
454      I1         0.8800462963   3.033101852    0.713005487    1.088981481    2.795610425    0.1489454733   0.3810263007   
455      I1         0.8800462963   3.033101852    0.700755487    1.212731481    2.795610425    0.1489454733   0.3845558409   
456      I1         0.8800462963   3.033101852    0.700755487    1.088981481    2.820610425    0.1489454733   0.3810884595   
457      I1         0.8800462963   3.033101852    0.700755487    1.088981481    2.795610425    0.1676954733   0.3815249114   
458      I1         0.8462962963   3.033101852    0.700755487    1.088981481    2.795610425    0.1489454733   0.3832115999   
459      I1         0.8800462963   3.033101852    0.688505487    1.088981481    2.795610425    0.1489454733   0.3815200695   
460      I1         0.8800462963   3.033101852    0.700755487    0.9652314815   2.795610425    0.1489454733   0.3826042162   
461      I1         0.8800462963   3.033101852    0.700755487    1.088981481    2.770610425    0.1489454733   0.3810884595   
462      I1         0.8800462963   3.033101852    0.700755487    1.088981481    2.795610425    0.1301954733   0.3810909541   
463      I1         0.9137962963   2.999351852    0.700755487    1.088981481    2.795610425    0.1489454733   0.3811010883   
464      I1         0.8800462963   2.999351852    0.713005487    1.088981481    2.795610425    0.1489454733   0.3807873133   
465      I1         0.8800462963   2.999351852    0.700755487    1.212731481    2.795610425    0.1489454733   0.3843119737   
466      I1         0.8800462963   2.999351852    0.700755487    1.088981481    2.820610425    0.1489454733   0.3808469671   
467      I1         0.8800462963   2.999351852    0.700755487    1.088981481    2.795610425    0.1676954733   0.381287908    
468      I1         0.8462962963   2.999351852    0.700755487    1.088981481    2.795610425    0.1489454733   0.382942071    
469      I1         0.8800462963   2.965601852    0.700755487    1.088981481    2.795610425    0.1489454733   0.3806002004   
470      I1         0.8800462963   2.999351852    0.688505487    1.088981481    2.795610425    0.1489454733   0.3812757543   
471      I1         0.8800462963   2.999351852    0.700755487    0.9652314815   2.795610425    0.1489454733   0.3823682012   
472      I1         0.8800462963   2.999351852    0.700755487    1.088981481    2.770610425    0.1489454733   0.3808469671   
473      I1         0.8800462963   2.999351852    0.700755487    1.088981481    2.795610425    0.1301954733   0.3808451458   
474      I1         0.9137962963   2.965601852    0.700755487    1.088981481    2.795610425    0.1489454733   0.380885543    
475      I1         0.8800462963   2.965601852    0.713005487    1.088981481    2.795610425    0.1489454733   0.3805421017   
476      I1         0.8800462963   2.965601852    0.700755487    1.212731481    2.795610425    0.1489454733   0.3840628478   
477      I1         0.8800462963   2.965601852    0.700755487    1.088981481    2.820610425    0.1489454733   0.3806002004   
478      I1         0.8800462963   2.965601852    0.700755487    1.088981481    2.795610425    0.1676954733   0.3810460237   
479      I1         0.8462962963   2.965601852    0.700755487    1.088981481    2.795610425    0.1489454733   0.3826646419   
480      I1         0.8800462963   2.931851852    0.700755487    1.088981481    2.795610425    0.1489454733   0.3803444134   
481      I1         0.8800462963   2.965601852    0.688505487    1.088981481    2.795610425    0.1489454733   0.3810271372   
482      I1         0.8800462963   2.965601852    0.700755487    0.9652314815   2.795610425    0.1489454733   0.3821271594   
483      I1         0.8800462963   2.965601852    0.700755487    1.088981481    2.770610425    0.1489454733   0.3806002004   
484      I1         0.8800462963   2.965601852    0.700755487    1.088981481    2.795610425    0.1301954733   0.3805936846   
485      I1         0.9137962963   2.931851852    0.700755487    1.088981481    2.795610425    0.1489454733   0.3806637199   
486      I1         0.8800462963   2.931851852    0.713005487    1.088981481    2.795610425    0.1489454733   0.3802872085   
487      I1         0.8800462963   2.931851852    0.700755487    1.212731481    2.795610425    0.1489454733   0.3838046942   
488      I1         0.8800462963   2.931851852    0.700755487    1.088981481    2.820610425    0.1489454733   0.3803444134   
489      I1         0.8800462963   2.931851852    0.700755487    1.088981481    2.795610425    0.1676954733   0.3807955371   
490      I1         0.8462962963   2.931851852    0.700755487    1.088981481    2.795610425    0.1489454733   0.3823754241   
491      I1         0.8800462963   2.898101852    0.700755487    1.088981481    2.795610425    0.1489454733   0.3800763462   
492      I1         0.8800462963   2.931851852    0.688505487    1.088981481    2.795610425    0.1489454733   0.380770161    
493      I1         0.8800462963   2.931851852    0.700755487    0.9652314815   2.795610425    0.1489454733   0.3818773871   
494      I1         0.8800462963   2.931851852    0.700755487    1.088981481    2.770610425    0.1489454733   0.3803444134   
495      I1         0.8800462963   2.931851852    0.700755487    1.088981481    2.795610425    0.1301954733   0.3803328009   
496      I1         0.9475462963   2.898101852    0.700755487    1.088981481    2.795610425    0.1489454733   0.3827108067   
497      I1         0.8800462963   2.898101852    0.725255487    1.088981481    2.795610425    0.1489454733   0.380331064    
498      I1         0.8800462963   2.898101852    0.700755487    1.336481481    2.795610425    0.1489454733   0.3877178354   
499      I1         0.8800462963   2.898101852    0.700755487    1.088981481    2.845610425    0.1489454733   0.3800763462   
500      I1         0.8800462963   2.898101852    0.700755487    1.088981481    2.795610425    0.1864454733   0.381440646    
501      I1         0.8125462963   2.898101852    0.700755487    1.088981481    2.795610425    0.1489454733   0.3864591537   
502      I1         0.8800462963   2.830601852    0.700755487    1.088981481    2.795610425    0.1489454733   0.3794919991   
503      I1         0.8800462963   2.898101852    0.676255487    1.088981481    2.795610425    0.1489454733   0.3812945466   
504      I1         0.8800462963   2.898101852    0.700755487    0.8414814815   2.795610425    0.1489454733   0.3847896898   
505      I1         0.8800462963   2.898101852    0.700755487    1.088981481    2.745610425    0.1489454733   0.3800763462   
506      I1         0.8800462963   2.898101852    0.700755487    1.088981481    2.795610425    0.1114454733   0.3804680556   
507      I1         0.9137962963   2.898101852    0.700755487    1.088981481    2.795610425    0.1489454733   0.3804325236   
508      I1         0.8800462963   2.898101852    0.713005487    1.088981481    2.795610425    0.1489454733   0.3800195904   
509      I1         0.8800462963   2.898101852    0.700755487    1.212731481    2.795610425    0.1489454733   0.3835342238   
510      I1         0.8800462963   2.898101852    0.700755487    1.088981481    2.820610425    0.1489454733   0.3800763462   
511      I1         0.8800462963   2.898101852    0.700755487    1.088981481    2.795610425    0.1676954733   0.380533213    
512      I1         0.8462962963   2.898101852    0.700755487    1.088981481    2.795610425    0.1489454733   0.3820709906   
513      I1         0.8800462963   2.864351852    0.700755487    1.088981481    2.795610425    0.1489454733   0.3797930848   
514      I1         0.8800462963   2.898101852    0.688505487    1.088981481    2.795610425    0.1489454733   0.3805013317   
515      I1         0.8800462963   2.898101852    0.700755487    0.9652314815   2.795610425    0.1489454733   0.3816156746   
516      I1         0.8800462963   2.898101852    0.700755487    1.088981481    2.770610425    0.1489454733   0.3800763462   
517      I1         0.8800462963   2.898101852    0.700755487    1.088981481    2.795610425    0.1301954733   0.380059211    
518      I1         0.9137962963   2.864351852    0.700755487    1.088981481    2.795610425    0.1489454733   0.3801892235   
519      I1         0.8800462963   2.864351852    0.713005487    1.088981481    2.795610425    0.1489454733   0.3797364987   
520      I1         0.8800462963   2.864351852    0.700755487    1.212731481    2.795610425    0.1489454733   0.3832484881   
521      I1         0.8800462963   2.864351852    0.700755487    1.088981481    2.820610425    0.1489454733   0.3797930848   
522      I1         0.8800462963   2.864351852    0.700755487    1.088981481    2.795610425    0.1676954733   0.3802561628   
523      I1         0.8462962963   2.864351852    0.700755487    1.088981481    2.795610425    0.1489454733   0.3817482407   
524      I1         0.8800462963   2.864351852    0.688505487    1.088981481    2.795610425    0.1489454733   0.3802175553   
525      I1         0.8800462963   2.864351852    0.700755487    0.9652314815   2.795610425    0.1489454733   0.3813391647   
526      I1         0.8800462963   2.864351852    0.700755487    1.088981481    2.770610425    0.1489454733   0.3797930848   
527      I1         0.8800462963   2.864351852    0.700755487    1.088981481    2.795610425    0.1301954733   0.3797699763   
528      I1         0.9137962963   2.830601852    0.700755487    1.088981481    2.795610425    0.1489454733   0.3799313869   
529      I1         0.8800462963   2.830601852    0.713005487    1.088981481    2.795610425    0.1489454733   0.3794354359   
530      I1         0.8800462963   2.830601852    0.700755487    1.212731481    2.795610425    0.1489454733   0.3829448188   
531      I1         0.8800462963   2.830601852    0.700755487    1.088981481    2.820610425    0.1489454733   0.3794919991   
532      I1         0.8800462963   2.830601852    0.700755487    1.088981481    2.795610425    0.1676954733   0.3799617828   
533      I1         0.8462962963   2.830601852    0.700755487    1.088981481    2.795610425    0.1489454733   0.3814043429   
534      I1         0.8800462963   2.796851852    0.700755487    1.088981481    2.795610425    0.1489454733   0.3791707624   
535      I1         0.8800462963   2.830601852    0.688505487    1.088981481    2.795610425    0.1489454733   0.3799160579   
536      I1         0.8800462963   2.830601852    0.700755487    0.9652314815   2.795610425    0.1489454733   0.3810452901   
537      I1         0.8800462963   2.830601852    0.700755487    1.088981481    2.770610425    0.1489454733   0.3794919991   
538      I1         0.8800462963   2.830601852    0.700755487    1.088981481    2.795610425    0.1301954733   0.3794624416   
539      I1         0.9137962963   2.796851852    0.700755487    1.088981481    2.795610425    0.1489454733   0.3796568941   
540      I1         0.8800462963   2.796851852    0.713005487    1.088981481    2.795610425    0.1489454733   0.3791141855   
541      I1         0.8800462963   2.796851852    0.700755487    1.212731481    2.795610425    0.1489454733   0.382620848    
542      I1         0.8800462963   2.796851852    0.700755487    1.088981481    2.820610425    0.1489454733   0.3791707624   
543      I1         0.8800462963   2.796851852    0.700755487    1.088981481    2.795610425    0.1676954733   0.3796477733   
544      I1         0.8462962963   2.796851852    0.700755487    1.088981481    2.795610425    0.1489454733   0.381036757    
545      I1         0.8800462963   2.763101852    0.700755487    1.088981481    2.795610425    0.1489454733   0.3788274396   
546      I1         0.8800462963   2.796851852    0.688505487    1.088981481    2.795610425    0.1489454733   0.3795943918   
547      I1         0.8800462963   2.796851852    0.700755487    0.9652314815   2.795610425    0.1489454733   0.3807317908   
548      I1         0.8800462963   2.796851852    0.700755487    1.088981481    2.770610425    0.1489454733   0.3791707624   
549      I1         0.8800462963   2.796851852    0.700755487    1.088981481    2.795610425    0.1301954733   0.379134254    
550      I1         0.9137962963   2.763101852    0.700755487    1.088981481    2.795610425    0.1489454733   0.3793640227   
551      I1         0.8800462963   2.763101852    0.713005487    1.088981481    2.795610425    0.1489454733   0.3787709076   
552      I1         0.8800462963   2.763101852    0.700755487    1.212731481    2.795610425    0.1489454733   0.3822745986   
553      I1         0.8800462963   2.763101852    0.700755487    1.088981481    2.820610425    0.1489454733   0.3788274396   
554      I1         0.8800462963   2.763101852    0.700755487    1.088981481    2.795610425    0.1676954733   0.3793122276   
555      I1         0.8462962963   2.763101852    0.700755487    1.088981481    2.795610425    0.1489454733   0.3806433272   
556      I1         0.8800462963   2.729351852    0.700755487    1.088981481    2.795610425    0.1489454733   0.3784606301   
557      I1         0.8800462963   2.763101852    0.688505487    1.088981481    2.795610425    0.1489454733   0.3792505175   
558      I1         0.8800462963   2.763101852    0.700755487    0.9652314815   2.795610425    0.1489454733   0.3803968018   
559      I1         0.8800462963   2.763101852    0.700755487    1.088981481    2.770610425    0.1489454733   0.3788274396   
560      I1         0.8800462963   2.763101852    0.700755487    1.088981481    2.795610425    0.1301954733   0.3787834511   
561      I1         0.9475462963   2.729351852    0.700755487    1.088981481    2.795610425    0.1489454733   0.3815700252   
562      I1         0.8800462963   2.729351852    0.725255487    1.088981481    2.795610425    0.1489454733   0.378713899    
563      I1         0.8800462963   2.729351852    0.700755487    1.336481481    2.795610425    0.1489454733   0.3860802787   
564      I1         0.8800462963   2.729351852    0.700755487    1.088981481    2.845610425    0.1489454733   0.3784606301   
565      I1         0.8800462963   2.729351852    0.700755487    1.088981481    2.795610425    0.1864454733   0.3798988885   
566      I1         0.8125462963   2.729351852    0.700755487    1.088981481    2.795610425    0.1489454733   0.3843880337   
567      I1         0.8800462963   2.661851852    0.700755487    1.088981481    2.795610425    0.1489454733   0.377654721    
568      I1         0.8800462963   2.729351852    0.676255487    1.088981481    2.795610425    0.1489454733   0.379671225    
569      I1         0.8800462963   2.729351852    0.700755487    0.8414814815   2.795610425    0.1489454733   0.3832618977   
570      I1         0.8800462963   2.729351852    0.700755487    1.088981481    2.745610425    0.1489454733   0.3784606301   
571      I1         0.8800462963   2.729351852    0.700755487    1.088981481    2.795610425    0.1114454733   0.3787839265   
572      I1         0.9475462963   2.661851852    0.700755487    1.088981481    2.795610425    0.1489454733   0.3810094862   
573      I1         0.8800462963   2.661851852    0.725255487    1.088981481    2.795610425    0.1489454733   0.3779085862   
574      I1         0.8800462963   2.661851852    0.700755487    1.336481481    2.795610425    0.1489454733   0.3852630992   
575      I1         0.8800462963   2.661851852    0.700755487    1.088981481    2.845610425    0.1489454733   0.377654721    
576      I1         0.8800462963   2.661851852    0.700755487    1.088981481    2.795610425    0.1864454733   0.3791308426   
577      I1         0.8125462963   2.661851852    0.700755487    1.088981481    2.795610425    0.1489454733   0.383345045    
578      I1         0.8800462963   2.594351852    0.700755487    1.088981481    2.795610425    0.1489454733   0.3767598504   
579      I1         0.8800462963   2.661851852    0.676255487    1.088981481    2.795610425    0.1489454733   0.3788590377   
580      I1         0.8800462963   2.661851852    0.700755487    0.8414814815   2.795610425    0.1489454733   0.3825017689   
581      I1         0.8800462963   2.661851852    0.700755487    1.088981481    2.745610425    0.1489454733   0.377654721    
582      I1         0.8800462963   2.661851852    0.700755487    1.088981481    2.795610425    0.1114454733   0.3779429812   
583      I1         0.9475462963   2.594351852    0.700755487    1.088981481    2.795610425    0.1489454733   0.3803964578   
584      I1         0.8800462963   2.594351852    0.725255487    1.088981481    2.795610425    0.1489454733   0.3770157956   
585      I1         0.8800462963   2.594351852    0.700755487    1.336481481    2.795610425    0.1489454733   0.3843546255   
586      I1         0.8800462963   2.594351852    0.700755487    1.088981481    2.845610425    0.1489454733   0.3767598504   
587      I1         0.8800462963   2.594351852    0.700755487    1.088981481    2.795610425    0.1864454733   0.3782793273   
588      I1         0.8125462963   2.594351852    0.700755487    1.088981481    2.795610425    0.1489454733   0.3821764912   
589      I1         0.8800462963   2.526851852    0.700755487    1.088981481    2.795610425    0.1489454733   0.375804584    
590      I1         0.8800462963   2.594351852    0.676255487    1.088981481    2.795610425    0.1489454733   0.3779547182   
591      I1         0.8800462963   2.594351852    0.700755487    0.8414814815   2.795610425    0.1489454733   0.3816607125   
592      I1         0.8800462963   2.594351852    0.700755487    1.088981481    2.745610425    0.1489454733   0.3767598504   
593      I1         0.8800462963   2.594351852    0.700755487    1.088981481    2.795610425    0.1114454733   0.3770079816   
594      I1         0.9475462963   2.526851852    0.700755487    1.088981481    2.795610425    0.1489454733   0.3797619796   
595      I1         0.8800462963   2.526851852    0.725255487    1.088981481    2.795610425    0.1489454733   0.3760631052   
596      I1         0.8800462963   2.526851852    0.700755487    1.336481481    2.795610425    0.1489454733   0.3833828875   
597      I1         0.8800462963   2.526851852    0.700755487    1.088981481    2.845610425    0.1489454733   0.375804584    
598      I1         0.8800462963   2.526851852    0.700755487    1.088981481    2.795610425    0.1864454733   0.377373443    
599      I1         0.8125462963   2.526851852    0.700755487    1.088981481    2.795610425    0.1489454733   0.3809079707   
600      I1         0.8800462963   2.459351852    0.700755487    1.088981481    2.795610425    0.1489454733   0.3748462174   
601      I1         0.8800462963   2.526851852    0.676255487    1.088981481    2.795610425    0.1489454733   0.3769874212   
602      I1         0.8800462963   2.526851852    0.700755487    0.8414814815   2.795610425    0.1489454733   0.3807687074   
603      I1         0.8800462963   2.526851852    0.700755487    1.088981481    2.745610425    0.1489454733   0.375804584    
604      I1         0.8800462963   2.526851852    0.700755487    1.088981481    2.795610425    0.1114454733   0.3760069933   
605      I1         0.9475462963   2.459351852    0.700755487    1.088981481    2.795610425    0.1489454733   0.3791647234   
606      I1         0.8800462963   2.459351852    0.725255487    1.088981481    2.795610425    0.1489454733   0.3751051142   
607      I1         0.8800462963   2.459351852    0.700755487    1.336481481    2.795610425    0.1489454733   0.3824047183   
608      I1         0.8800462963   2.459351852    0.700755487    1.088981481    2.845610425    0.1489454733   0.3748462174   
609      I1         0.8800462963   2.459351852    0.700755487    1.088981481    2.795610425    0.1864454733   0.3764710203   
610      I1         0.8125462963   2.459351852    0.700755487    1.088981481    2.795610425    0.1489454733   0.3795947473   
611      I1         0.8800462963   2.391851852    0.700755487    1.088981481    2.795610425    0.1489454733   0.3739760852   
612      I1         0.8800462963   2.459351852    0.676255487    1.088981481    2.795610425    0.1489454733   0.3760166984   
613      I1         0.8800462963   2.459351852    0.700755487    0.8414814815   2.795610425    0.1489454733   0.3798845309   
614      I1         0.8800462963   2.459351852    0.700755487    1.088981481    2.745610425    0.1489454733   0.3748462174   
615      I1         0.8800462963   2.459351852    0.700755487    1.088981481    2.795610425    0.1114454733   0.3749968098   
616      I1         1.015046296    2.391851852    0.700755487    1.088981481    2.795610425    0.1489454733   0.3910001376   
617      I1         0.8800462963   2.391851852    0.749755487    1.088981481    2.795610425    0.1489454733   0.3758952517   
618      I1         0.8800462963   2.391851852    0.700755487    1.583981481    2.795610425    0.1489454733   0.3879557885   
619      I1         0.8800462963   2.391851852    0.700755487    1.088981481    2.895610425    0.1489454733   0.3739760852   
620      I1         0.8800462963   2.391851852    0.700755487    1.088981481    2.795610425    0.2239454733   0.3792065038   
621      I1         0.7450462963   2.391851852    0.700755487    1.088981481    2.795610425    0.1489454733   0.392822568    
622      I1         0.8800462963   2.256851852    0.700755487    1.088981481    2.795610425    0.1489454733   0.3730320848   
623      I1         0.8800462963   2.391851852    0.651755487    1.088981481    2.795610425    0.1489454733   0.3777145364   
624      I1         0.8800462963   2.391851852    0.700755487    0.5939814815   2.795610425    0.1489454733   0.3916480907   
625      I1         0.8800462963   2.391851852    0.700755487    1.088981481    2.695610425    0.1489454733   0.3739760852   
626      I1         0.8800462963   2.391851852    0.700755487    1.088981481    2.795610425    0.07394547325  0.3758193062   
627      I1         0.9475462963   2.391851852    0.700755487    1.088981481    2.795610425    0.1489454733   0.3786958528   
628      I1         0.8800462963   2.391851852    0.725255487    1.088981481    2.795610425    0.1489454733   0.3742284662   
629      I1         0.8800462963   2.391851852    0.700755487    1.336481481    2.795610425    0.1489454733   0.3815111414   
630      I1         0.8800462963   2.391851852    0.700755487    1.088981481    2.845610425    0.1489454733   0.3739760852   
631      I1         0.8800462963   2.391851852    0.700755487    1.088981481    2.795610425    0.1864454733   0.3756639223   
632      I1         0.8125462963   2.391851852    0.700755487    1.088981481    2.795610425    0.1489454733   0.3783275449   
633      I1         0.8800462963   2.324351852    0.700755487    1.088981481    2.795610425    0.1489454733   0.373320224    
634      I1         0.8800462963   2.391851852    0.676255487    1.088981481    2.795610425    0.1489454733   0.3751381086   
635      I1         0.8800462963   2.391851852    0.700755487    0.8414814815   2.795610425    0.1489454733   0.3791010223   
636      I1         0.8800462963   2.391851852    0.700755487    1.088981481    2.745610425    0.1489454733   0.3739760852   
637      I1         0.8800462963   2.391851852    0.700755487    1.088981481    2.795610425    0.1114454733   0.3740682681   
638      I1         0.9475462963   2.324351852    0.700755487    1.088981481    2.795610425    0.1489454733   0.3784793292   
639      I1         0.8800462963   2.324351852    0.725255487    1.088981481    2.795610425    0.1489454733   0.3735526381   
640      I1         0.8800462963   2.324351852    0.700755487    1.336481481    2.795610425    0.1489454733   0.380828157    
641      I1         0.8800462963   2.324351852    0.700755487    1.088981481    2.845610425    0.1489454733   0.373320224    
642      I1         0.8800462963   2.324351852    0.700755487    1.088981481    2.795610425    0.1864454733   0.3750787095   
643      I1         0.8125462963   2.324351852    0.700755487    1.088981481    2.795610425    0.1489454733   0.3772336358   
644      I1         0.8800462963   2.324351852    0.676255487    1.088981481    2.795610425    0.1489454733   0.374483773    
645      I1         0.8800462963   2.324351852    0.700755487    0.8414814815   2.795610425    0.1489454733   0.3785456572   
646      I1         0.8800462963   2.324351852    0.700755487    1.088981481    2.745610425    0.1489454733   0.373320224    
647      I1         0.8800462963   2.324351852    0.700755487    1.088981481    2.795610425    0.1114454733   0.3733469097   
648      I1         0.9137962963   2.324351852    0.700755487    1.088981481    2.795610425    0.1489454733   0.3749259718   
649      I1         0.8800462963   2.358101852    0.700755487    1.088981481    2.795610425    0.1489454733   0.3736122717   
650      I1         0.8800462963   2.324351852    0.713005487    1.088981481    2.795610425    0.1489454733   0.3732619357   
651      I1         0.8800462963   2.324351852    0.700755487    1.212731481    2.795610425    0.1489454733   0.3766939002   
652      I1         0.8800462963   2.324351852    0.700755487    1.088981481    2.820610425    0.1489454733   0.373320224    
653      I1         0.8800462963   2.324351852    0.700755487    1.088981481    2.795610425    0.1676954733   0.3739705029   
654      I1         0.8462962963   2.324351852    0.700755487    1.088981481    2.795610425    0.1489454733   0.3740572522   
655      I1         0.8800462963   2.290601852    0.700755487    1.088981481    2.795610425    0.1489454733   0.3731199252   
656      I1         0.8800462963   2.324351852    0.688505487    1.088981481    2.795610425    0.1489454733   0.3737275031   
657      I1         0.8800462963   2.324351852    0.700755487    0.9652314815   2.795610425    0.1489454733   0.3750870138   
658      I1         0.8800462963   2.324351852    0.700755487    1.088981481    2.770610425    0.1489454733   0.373320224    
659      I1         0.8800462963   2.324351852    0.700755487    1.088981481    2.795610425    0.1301954733   0.3731169692   
660      I1         0.9137962963   2.324351852    0.700755487    1.088981481    2.795610425    0.1301954733   0.3740847609   
661      I1         0.8800462963   2.358101852    0.700755487    1.088981481    2.795610425    0.1301954733   0.3734261777   
662      I1         0.8800462963   2.324351852    0.713005487    1.088981481    2.795610425    0.1301954733   0.3731661127   
663      I1         0.8800462963   2.324351852    0.700755487    1.212731481    2.795610425    0.1301954733   0.37663304     
664      I1         0.8800462963   2.324351852    0.700755487    1.088981481    2.820610425    0.1301954733   0.3731169692   
665      I1         0.8462962963   2.324351852    0.700755487    1.088981481    2.795610425    0.1301954733   0.3745969479   
666      I1         0.8800462963   2.290601852    0.700755487    1.088981481    2.795610425    0.1301954733   0.3728985447   
667      I1         0.8800462963   2.324351852    0.688505487    1.088981481    2.795610425    0.1301954733   0.3734201122   
668      I1         0.8800462963   2.324351852    0.700755487    0.9652314815   2.795610425    0.1301954733   0.3747676664   
669      I1         0.8800462963   2.324351852    0.700755487    1.088981481    2.770610425    0.1301954733   0.3731169692   
670      I1         0.8800462963   2.324351852    0.700755487    1.088981481    2.795610425    0.1114454733   0.3733469097   
671      I1         0.9137962963   2.290601852    0.700755487    1.088981481    2.795610425    0.1301954733   0.3739820419   
672      I1         0.8800462963   2.290601852    0.713005487    1.088981481    2.795610425    0.1301954733   0.372941048    
673      I1         0.8800462963   2.290601852    0.700755487    1.212731481    2.795610425    0.1301954733   0.3764053246   
674      I1         0.8800462963   2.290601852    0.700755487    1.088981481    2.820610425    0.1301954733   0.3728985447   
675      I1         0.8462962963   2.290601852    0.700755487    1.088981481    2.795610425    0.1301954733   0.3742598835   
676      I1         0.8800462963   2.256851852    0.700755487    1.088981481    2.795610425    0.1301954733   0.3727915829   
677      I1         0.8800462963   2.290601852    0.688505487    1.088981481    2.795610425    0.1301954733   0.3732056587   
678      I1         0.8800462963   2.290601852    0.700755487    0.9652314815   2.795610425    0.1301954733   0.3745740378   
679      I1         0.8800462963   2.290601852    0.700755487    1.088981481    2.770610425    0.1301954733   0.3728985447   
680      I1         0.8800462963   2.290601852    0.700755487    1.088981481    2.795610425    0.1114454733   0.3731110502   
681      I1         0.8969212963   2.290601852    0.700755487    1.088981481    2.795610425    0.1301954733   0.3731556928   
682      I1         0.8800462963   2.307476852    0.700755487    1.088981481    2.795610425    0.1301954733   0.3729951255   
683      I1         0.8800462963   2.290601852    0.706880487    1.088981481    2.795610425    0.1301954733   0.3728760942   
684      I1         0.8800462963   2.290601852    0.700755487    1.150856481    2.795610425    0.1301954733   0.3746230068   
685      I1         0.8800462963   2.290601852    0.700755487    1.088981481    2.808110425    0.1301954733   0.3728985447   
686      I1         0.8800462963   2.290601852    0.700755487    1.088981481    2.795610425    0.1395704733   0.3729540679   
687      I1         0.8631712963   2.290601852    0.700755487    1.088981481    2.795610425    0.1301954733   0.373290833    
688      I1         0.8800462963   2.273726852    0.700755487    1.088981481    2.795610425    0.1301954733   0.3728298298   
689      I1         0.8800462963   2.290601852    0.694630487    1.088981481    2.795610425    0.1301954733   0.3730083996   
690      I1         0.8800462963   2.290601852    0.700755487    1.027106481    2.795610425    0.1301954733   0.373576113    
691      I1         0.8800462963   2.290601852    0.700755487    1.088981481    2.783110425    0.1301954733   0.3728985447   
692      I1         0.8800462963   2.290601852    0.700755487    1.088981481    2.795610425    0.1208204733   0.3729515362   
693      I1         0.8969212963   2.273726852    0.700755487    1.088981481    2.795610425    0.1301954733   0.3731165059   
694      I1         0.8800462963   2.273726852    0.706880487    1.088981481    2.795610425    0.1301954733   0.3728053602   
695      I1         0.8800462963   2.273726852    0.700755487    1.150856481    2.795610425    0.1301954733   0.3745515759   
696      I1         0.8800462963   2.273726852    0.700755487    1.088981481    2.808110425    0.1301954733   0.3728298298   
697      I1         0.8800462963   2.273726852    0.700755487    1.088981481    2.795610425    0.1395704733   0.3728900251   
698      I1         0.8631712963   2.273726852    0.700755487    1.088981481    2.795610425    0.1301954733   0.3731912016   
699      I1         0.8800462963   2.256851852    0.700755487    1.088981481    2.795610425    0.1301954733   0.3727915829   
700      I1         0.8800462963   2.273726852    0.694630487    1.088981481    2.795610425    0.1301954733   0.3729413458   
701      I1         0.8800462963   2.273726852    0.700755487    1.027106481    2.795610425    0.1301954733   0.3735136027   
702      I1         0.8800462963   2.273726852    0.700755487    1.088981481    2.783110425    0.1301954733   0.3728298298   
703      I1         0.8800462963   2.273726852    0.700755487    1.088981481    2.795610425    0.1208204733   0.3728782387   
704      I1         0.8884837963   2.273726852    0.700755487    1.088981481    2.795610425    0.1301954733   0.372896189    
705      I1         0.8800462963   2.282164352    0.700755487    1.088981481    2.795610425    0.1301954733   0.3728605411   
706      I1         0.8800462963   2.273726852    0.703817987    1.088981481    2.795610425    0.1301954733   0.3728067142   
707      I1         0.8800462963   2.273726852    0.700755487    1.119918981    2.795610425    0.1301954733   0.3736276218   
708      I1         0.8800462963   2.273726852    0.700755487    1.088981481    2.801860425    0.1301954733   0.3728298298   
709      I1         0.8800462963   2.273726852    0.700755487    1.088981481    2.795610425    0.1348829733   0.372846234    
710      I1         0.8716087963   2.273726852    0.700755487    1.088981481    2.795610425    0.1301954733   0.3729400378   
711      I1         0.8800462963   2.265289352    0.700755487    1.088981481    2.795610425    0.1301954733   0.3728067359   
712      I1         0.8800462963   2.273726852    0.697692987    1.088981481    2.795610425    0.1301954733   0.372874707    
713      I1         0.8800462963   2.273726852    0.700755487    1.058043981    2.795610425    0.1301954733   0.3731032924   
714      I1         0.8800462963   2.273726852    0.700755487    1.088981481    2.789360425    0.1301954733   0.3728298298   
715      I1         0.8800462963   2.273726852    0.700755487    1.088981481    2.795610425    0.1255079733   0.3728405793   
716      I1         0.8884837963   2.273726852    0.703817987    1.088981481    2.795610425    0.1301954733   0.372838508    
717      I1         0.8800462963   2.282164352    0.703817987    1.088981481    2.795610425    0.1301954733   0.372837931    
718      I1         0.8800462963   2.273726852    0.706880487    1.088981481    2.795610425    0.1301954733   0.3728053602   
719      I1         0.8800462963   2.273726852    0.703817987    1.119918981    2.795610425    0.1301954733   0.373605147    
720      I1         0.8800462963   2.273726852    0.703817987    1.088981481    2.801860425    0.1301954733   0.3728067142   
721      I1         0.8800462963   2.273726852    0.703817987    1.088981481    2.795610425    0.1348829733   0.3728162995   
722      I1         0.8716087963   2.273726852    0.703817987    1.088981481    2.795610425    0.1301954733   0.3729526127   
723      I1         0.8800462963   2.265289352    0.703817987    1.088981481    2.795610425    0.1301954733   0.3727830669   
724      I1         0.8800462963   2.273726852    0.703817987    1.058043981    2.795610425    0.1301954733   0.3730821057   
725      I1         0.8800462963   2.273726852    0.703817987    1.088981481    2.789360425    0.1301954733   0.3728067142   
726      I1         0.8800462963   2.273726852    0.703817987    1.088981481    2.795610425    0.1255079733   0.3728243553   
727      I1         0.8884837963   2.265289352    0.703817987    1.088981481    2.795610425    0.1301954733   0.3728223401   
728      I1         0.8800462963   2.265289352    0.706880487    1.088981481    2.795610425    0.1301954733   0.3727811132   
729      I1         0.8800462963   2.265289352    0.703817987    1.119918981    2.795610425    0.1301954733   0.373580766    
730      I1         0.8800462963   2.265289352    0.703817987    1.088981481    2.801860425    0.1301954733   0.3727830669   
731      I1         0.8800462963   2.265289352    0.703817987    1.088981481    2.795610425    0.1348829733   0.372793826    
732      I1         0.8716087963   2.265289352    0.703817987    1.088981481    2.795610425    0.1301954733   0.3729210889   
733      I1         0.8800462963   2.256851852    0.703817987    1.088981481    2.795610425    0.1301954733   0.3727673109   
734      I1         0.8800462963   2.265289352    0.703817987    1.058043981    2.795610425    0.1301954733   0.3730599365   
735      I1         0.8800462963   2.265289352    0.703817987    1.088981481    2.789360425    0.1301954733   0.3727830669   
736      I1         0.8800462963   2.265289352    0.703817987    1.088981481    2.795610425    0.1255079733   0.3727995456   
737      I1         0.8884837963   2.256851852    0.703817987    1.088981481    2.795610425    0.1301954733   0.3728141208   
738      I1         0.8800462963   2.256851852    0.706880487    1.088981481    2.795610425    0.1301954733   0.3727647069   
739      I1         0.8800462963   2.256851852    0.703817987    1.119918981    2.795610425    0.1301954733   0.3735642664   
740      I1         0.8800462963   2.256851852    0.703817987    1.088981481    2.801860425    0.1301954733   0.3727673109   
741      I1         0.8800462963   2.256851852    0.703817987    1.088981481    2.795610425    0.1348829733   0.3727792592   
742      I1         0.8716087963   2.256851852    0.703817987    1.088981481    2.795610425    0.1301954733   0.3728973921   
743      I1         0.8800462963   2.248414352    0.703817987    1.088981481    2.795610425    0.1301954733   0.3727597656   
744      I1         0.8800462963   2.256851852    0.703817987    1.058043981    2.795610425    0.1301954733   0.3730456819   
745      I1         0.8800462963   2.256851852    0.703817987    1.088981481    2.789360425    0.1301954733   0.3727673109   
746      I1         0.8800462963   2.256851852    0.703817987    1.088981481    2.795610425    0.1255079733   0.3727826118   
747      I1         0.8842650463   2.256851852    0.703817987    1.088981481    2.795610425    0.1301954733   0.3727677768   
748      I1         0.8800462963   2.261070602    0.703817987    1.088981481    2.795610425    0.1301954733   0.3727741824   
749      I1         0.8800462963   2.256851852    0.705349237    1.088981481    2.795610425    0.1301954733   0.3727633004   
750      I1         0.8800462963   2.256851852    0.703817987    1.104450231    2.795610425    0.1301954733   0.3731103394   
751      I1         0.8800462963   2.256851852    0.703817987    1.088981481    2.798735425    0.1301954733   0.3727673109   
752      I1         0.8800462963   2.256851852    0.703817987    1.088981481    2.795610425    0.1325392233   0.372769864    
753      I1         0.8758275463   2.256851852    0.703817987    1.088981481    2.795610425    0.1301954733   0.3728180774   
754      I1         0.8800462963   2.252633102    0.703817987    1.088981481    2.795610425    0.1301954733   0.3727624921   
755      I1         0.8800462963   2.256851852    0.702286737    1.088981481    2.795610425    0.1301954733   0.3727767384   
756      I1         0.8800462963   2.256851852    0.703817987    1.073512731    2.795610425    0.1301954733   0.3728881002   
757      I1         0.8800462963   2.256851852    0.703817987    1.088981481    2.792485425    0.1301954733   0.3727673109   
758      I1         0.8800462963   2.256851852    0.703817987    1.088981481    2.795610425    0.1278517233   0.3727715703   
759      I1         0.8842650463   2.252633102    0.703817987    1.088981481    2.795610425    0.1301954733   0.3727648775   
760      I1         0.8800462963   2.252633102    0.705349237    1.088981481    2.795610425    0.1301954733   0.3727583123   
761      I1         0.8800462963   2.252633102    0.703817987    1.104450231    2.795610425    0.1301954733   0.3731053136   
762      I1         0.8800462963   2.252633102    0.703817987    1.088981481    2.798735425    0.1301954733   0.3727624921   
763      I1         0.8800462963   2.252633102    0.703817987    1.088981481    2.795610425    0.1325392233   0.3727653447   
764      I1         0.8758275463   2.252633102    0.703817987    1.088981481    2.795610425    0.1301954733   0.3728112518   
765      I1         0.8800462963   2.248414352    0.703817987    1.088981481    2.795610425    0.1301954733   0.3727597656   
766      I1         0.8800462963   2.252633102    0.702286737    1.088981481    2.795610425    0.1301954733   0.3727720829   
767      I1         0.8800462963   2.252633102    0.703817987    1.073512731    2.795610425    0.1301954733   0.3728836534   
768      I1         0.8800462963   2.252633102    0.703817987    1.088981481    2.792485425    0.1301954733   0.3727624921   
769      I1         0.8800462963   2.252633102    0.703817987    1.088981481    2.795610425    0.1278517233   0.3727664534   
770      I1         0.8842650463   2.252633102    0.705349237    1.088981481    2.795610425    0.1301954733   0.3727519124   
771      I1         0.8800462963   2.252633102    0.706880487    1.088981481    2.795610425    0.1301954733   0.3727595434   
772      I1         0.8800462963   2.252633102    0.705349237    1.104450231    2.795610425    0.1301954733   0.3731012213   
773      I1         0.8800462963   2.252633102    0.705349237    1.088981481    2.798735425    0.1301954733   0.3727583123   
774      I1         0.8800462963   2.252633102    0.705349237    1.088981481    2.795610425    0.1325392233   0.3727594385   
775      I1         0.8758275463   2.252633102    0.705349237    1.088981481    2.795610425    0.1301954733   0.37281602     
776      I1         0.8800462963   2.248414352    0.705349237    1.088981481    2.795610425    0.1301954733   0.3727554099   
777      I1         0.8800462963   2.252633102    0.705349237    1.073512731    2.795610425    0.1301954733   0.372879918    
778      I1         0.8800462963   2.252633102    0.705349237    1.088981481    2.792485425    0.1301954733   0.3727583123   
779      I1         0.8800462963   2.252633102    0.705349237    1.088981481    2.795610425    0.1278517233   0.372764009    
780      I1         0.8884837963   2.252633102    0.705349237    1.088981481    2.795610425    0.1301954733   0.3727914907   
781      I1         0.8842650463   2.256851852    0.705349237    1.088981481    2.795610425    0.1301954733   0.3727549847   
782      I1         0.8842650463   2.252633102    0.706880487    1.088981481    2.795610425    0.1301954733   0.3727443246   
783      I1         0.8842650463   2.252633102    0.705349237    1.104450231    2.795610425    0.1301954733   0.3730915339   
784      I1         0.8842650463   2.252633102    0.705349237    1.088981481    2.798735425    0.1301954733   0.3727519124   
785      I1         0.8842650463   2.252633102    0.705349237    1.088981481    2.795610425    0.1325392233   0.3727639508   
786      I1         0.8842650463   2.248414352    0.705349237    1.088981481    2.795610425    0.1301954733   0.3727509329   
787      I1         0.8842650463   2.252633102    0.705349237    1.073512731    2.795610425    0.1301954733   0.3728767962   
788      I1         0.8842650463   2.252633102    0.705349237    1.088981481    2.792485425    0.1301954733   0.3727519124   
789      I1         0.8842650463   2.252633102    0.705349237    1.088981481    2.795610425    0.1278517233   0.3727466645   
790      I1         0.8884837963   2.252633102    0.706880487    1.088981481    2.795610425    0.1301954733   0.372775234    
791      I1         0.8842650463   2.256851852    0.706880487    1.088981481    2.795610425    0.1301954733   0.3727475759   
792      I1         0.8842650463   2.252633102    0.708411737    1.088981481    2.795610425    0.1301954733   0.3727421141   
793      I1         0.8842650463   2.252633102    0.706880487    1.104450231    2.795610425    0.1301954733   0.3730840262   
794      I1         0.8842650463   2.252633102    0.706880487    1.088981481    2.798735425    0.1301954733   0.3727443246   
795      I1         0.8842650463   2.252633102    0.706880487    1.088981481    2.795610425    0.1325392233   0.3727546777   
796      I1         0.8842650463   2.248414352    0.706880487    1.088981481    2.795610425    0.1301954733   0.3727431594   
797      I1         0.8842650463   2.252633102    0.706880487    1.073512731    2.795610425    0.1301954733   0.3728696665   
798      I1         0.8842650463   2.252633102    0.706880487    1.088981481    2.792485425    0.1301954733   0.3727443246   
799      I1         0.8842650463   2.252633102    0.706880487    1.088981481    2.795610425    0.1278517233   0.372740771    
800      I1         0.8927025463   2.252633102    0.706880487    1.088981481    2.795610425    0.1278517233   0.3728177083   
801      I1         0.8842650463   2.261070602    0.706880487    1.088981481    2.795610425    0.1278517233   0.3727499073   
802      I1         0.8842650463   2.252633102    0.709942987    1.088981481    2.795610425    0.1278517233   0.3727451345   
803      I1         0.8842650463   2.252633102    0.706880487    1.119918981    2.795610425    0.1278517233   0.3735361767   
804      I1         0.8842650463   2.252633102    0.706880487    1.088981481    2.801860425    0.1278517233   0.372740771    
805      I1         0.8758275463   2.252633102    0.706880487    1.088981481    2.795610425    0.1278517233   0.372844876    
806      I1         0.8842650463   2.244195602    0.706880487    1.088981481    2.795610425    0.1278517233   0.3727399714   
807      I1         0.8842650463   2.252633102    0.703817987    1.088981481    2.795610425    0.1278517233   0.3727579416   
808      I1         0.8842650463   2.252633102    0.706880487    1.058043981    2.795610425    0.1278517233   0.3730240668   
809      I1         0.8842650463   2.252633102    0.706880487    1.088981481    2.789360425    0.1278517233   0.372740771    
810      I1         0.8842650463   2.252633102    0.706880487    1.088981481    2.795610425    0.1231642233   0.3727539419   
