%eval_id interface log__t_efold_shallow log__t_efold_soil log__t_efold_karst f_exfiltration_shallow f_exfiltration_soil PDD_melt_factor log__Hmax_shallow log__fdd_threshold log__routing_K neg_kge        
1        I1         0.7532060067   1.803974027    4.034865254    0.5464695878   0.1635546553   1.859937277    3.203003556    2.632224577    0.7131848629   0.5156753619   
2        I1         1.794343393    1.019503261    3.113013275    0.8872960347   0.2320823149   7.873275089    3.317583316    2.640541189    -0.2255531883  0.6412287557   
3        I1         1.067199112    1.61212834     4.490403984    0.8478317      0.1603355566   4.124568675    1.012927465    2.371848246    0.1390536817   0.7163864318   
4        I1         1.836534251    1.147302869    3.727471997    0.6029956616   0.6551352417   0.1807719634   1.070727581    1.93392245     -0.5472635126  1.944385095    
5        I1         0.4860849217   1.051732896    3.690887563    0.2561986722   0.0484617857   4.260571914    1.973763582    2.47090494     -0.6475707042  0.7074010295   
6        I1         0.4101983734   2.170776757    3.180371454    0.5086660562   0.2394207409   6.860116878    3.176884412    1.848326915    -0.6826532873  0.3871234243   
7        I1         1.47259        2.412265176    3.937910057    0.9393210314   0.0894577734   1.944446759    1.440257593    2.496674109    -0.6133731743  0.8861890804   
8        I1         0.953608261    1.655148762    3.956057599    0.09303893924  0.5615971726   8.336986464    1.226427779    1.965905222    0.6110925662   0.5588410947   
9        I1         0.4628172735   1.717098167    2.932351306    0.113720066    0.3475508259   2.62875419     3.19877864     2.990147625    -0.01998934437 0.8469759242   
10       I1         1.688565927    1.234350195    2.523780995    0.5779265914   0.4564087718   3.542413203    2.245780458    2.365151971    0.6551433886   0.7288452603   
11       I1         1.973633855    2.580928054    3.680743783    0.4415317787   0.4057471772   1.53493775     2.925735374    1.918962267    0.6773881374   1.082784717    
12       I1         0.4144263736   1.083198933    3.381960818    0.558378643    0.8862407109   9.715090123    1.34939073     2.485737901    -0.9437352644  1.676573866    
13       I1         1.043622035    1.74734508     2.583711319    0.3448198588   0.8368809941   9.498619974    1.572937828    2.45369922     0.4091078814   0.436033893    
14       I1         1.134513451    2.441534055    2.952759793    0.03813466218  0.4079067984   9.507725647    2.517988877    2.863991727    0.6850006266   1.14450202     
15       I1         1.594082283    1.374613359    2.967713737    0.9003524212   0.7828581071   6.606688437    2.585269133    1.81128809     -0.5616498593  0.3765843174   
16       I1         1.934856469    1.069215033    3.066677678    0.2707709073   0.08092113079  6.155527653    1.369440362    1.916209577    -0.9677895738  1.630085103    
17       I1         1.102904672    1.573901481    2.902711628    0.3397412588   0.4506584715   1.606485542    1.736800534    1.891707514    -0.9350628189  0.463645707    
18       I1         0.8935711441   1.772377062    4.004195038    0.02371272381  0.4360966493   1.811339385    2.780756949    2.127227608    0.1914898392   0.826376999    
19       I1         1.717127327    1.985281329    3.967034914    0.7006101316   0.8974859361   5.329205753    1.80580799     2.275466573    -0.8556308219  0.6171237916   
20       I1         0.6937674698   1.836495014    3.030591996    0.8367118221   0.5786699087   1.782084131    2.945800992    2.808607526    0.7574520278   0.4373309021   
21       I1         1.085978899    1.883261704    4.323662808    0.4219138684   0.09676746852  2.517408922    1.106618721    1.819131001    0.8473944594   0.7623481889   
22       I1         1.372596453    2.24825311     2.915510221    0.3343624794   0.5722213742   3.05496928     2.827058448    1.955475885    -0.5978229838  0.7634846817   
23       I1         1.922741166    2.542529793    3.053189839    0.8252154038   0.3955700382   3.445593885    3.284479811    2.932295817    -0.5152986868  0.7854815939   
24       I1         1.771281175    2.152574619    3.655579597    0.217349812    0.5912584852   5.002589404    2.369755719    2.748756015    -0.1312413158  1.052715502    
25       I1         0.5405389815   1.163132893    3.39532452     0.5146591661   0.2183877448   4.359482509    3.4632993      2.101323238    0.8738520004   0.4566965904   
26       I1         1.749238512    2.085767437    3.044128049    0.7974454449   0.0202472069   0.2658313869   1.622142185    2.589276892    0.4183691122   0.2434791642   
27       I1         1.910222725    2.343000912    4.385810799    0.5209092171   0.9181502093   3.295380328    3.156593598    2.751782319    -0.2682026754  0.9406254017   
28       I1         1.630208966    1.327161093    3.239729348    0.8073782172   0.3825561817   6.581371864    3.230032266    2.27411792     0.9415600852   0.6307729934   
29       I1         1.323262714    1.967639135    2.654786181    0.5888760907   0.01450288372  2.796858207    1.322500014    2.196963128    -0.05362138171 0.5479865595   
30       I1         1.387476395    1.942919303    3.556788171    0.7386928392   0.4709062678   7.073311939    2.127179725    2.303658563    0.06175191386  0.4312546718   
31       I1         1.497551585    2.014978683    3.026651672    0.949850622    0.8481798991   4.691825391    1.192543659    2.965131896    0.3082678198   0.7926365109   
32       I1         1.898912245    2.451447862    2.610208957    0.5327328235   0.3368864109   7.427433249    3.091278636    2.870333786    0.8290657198   0.9736436521   
33       I1         1.464272455    1.682658681    3.409354918    0.1959069276   0.5544735924   5.842297847    1.857330859    2.556805721    0.8631666059   0.7795549153   
34       I1         0.750449124    1.749507082    4.478365765    0.8580020919   0.05804388927  3.242695856    3.239999224    2.723749093    -0.2493684223  0.6044300468   
35       I1         0.7117369792   2.209231162    2.766611993    0.8315033959   0.5753240014   1.724995369    3.217602306    2.207348406    0.3300959522   0.5651183734   
36       I1         1.280693964    2.614324739    4.453154615    0.2612767029   0.8056751453   1.39817282     1.669623209    1.97466366     0.11031589     0.6492660847   
37       I1         0.6319291476   2.506003395    3.631972749    0.2840264418   0.5019211353   7.393651079    1.886774861    2.361661056    -0.8208565188  0.6846511769   
38       I1         1.293213112    1.224759496    4.126820906    0.4808505761   0.8883612712   9.566788489    2.030036401    2.914181423    0.7884600047   0.4157560975   
39       I1         0.3355633099   1.919688301    4.075871714    0.2769810949   0.5510643014   8.796494637    3.016951563    2.685695858    0.1546866607   0.6131100517   
40       I1         1.330620213    1.793080032    3.42561734     0.09902767284  0.3613541698   9.776148407    2.466265489    2.154126524    0.6216193772   0.9412108979   
41       I1         0.6141995046   2.389903838    2.517908039    0.6169280782   0.3414622524   6.366329451    2.617147676    2.893560115    -0.665372179   0.3252621509   
42       I1         1.149262703    2.357674334    2.568326192    0.5822604601   0.06154652329  5.606839782    1.557789656    2.009770536    -0.3982805622  0.3925105135   
43       I1         1.668035661    1.604534193    3.750492283    0.6439829026   0.9455688395   7.928094173    2.630282138    2.616217122    0.2529168315   0.6099943699   
44       I1         0.3428379557   1.847479596    3.122012242    0.9884591002   0.8757510767   6.790676587    3.420496642    2.73962437     -0.3161020339  3.311859861    
45       I1         1.853645615    1.373503888    2.822218806    0.3521041237   0.6711742736   7.860261202    3.386731765    2.262155878    -0.731468413   0.8736441363   
46       I1         0.5149777703   2.626616406    2.63633544     0.2955854276   0.1531534745   4.936652069    2.052768736    2.296872209    -0.9098927775  0.6065861821   
47       I1         0.9294416391   1.107859401    4.054003948    0.2227157457   0.1267405837   3.84481336     2.416570064    2.926880684    -0.6793532971  0.8362237764   
48       I1         0.6216393137   2.499987905    3.278778149    0.3718642419   0.9554539488   5.705490445    2.728509133    2.389151135    0.04549729501  0.5208092949   
49       I1         0.326611012    1.584203397    3.619972848    0.2339020498   0.1419592755   2.46863673     1.076624096    1.812757254    0.5300758283   0.526055136    
50       I1         1.924432175    2.318925935    4.417192063    0.8681825689   0.9145586888   4.728388251    2.159048172    2.788029297    -0.4484045901  0.6458948297   
51       I1         1.478389462    1.413229567    3.294143353    0.5854851737   0.9560722305   4.540652858    1.51539879     2.431311523    0.7632529959   0.268534925    
52       I1         0.9723733239   1.723872528    3.837321156    0.2147362467   0.6257103703   2.919820596    3.132106181    2.882056884    0.3540714493   0.6785814134   
53       I1         0.8821798522   1.702193035    3.161199709    0.4189936291   0.8399781579   8.89327451     2.291507961    2.77502858     0.896290918    0.5099593847   
54       I1         0.4245520053   1.361384978    4.011008415    0.08766672647  0.2548298908   2.320547786    1.646961503    2.648516958    -0.9207260133  0.7906620889   
55       I1         1.87357065     2.007925509    3.448172915    0.8862005328   0.6658387523   9.11421837     1.278774894    2.239335901    0.1475979792   1.002118356    
56       I1         1.615738806    1.959262515    4.145300529    0.3293674977   0.3072631867   8.445035646    1.06137196     2.620011962    -0.8362398428  0.9947563701   
57       I1         1.112238945    2.668124379    3.222304965    0.07700316282  0.7930541209   4.188251874    3.073056107    2.339323863    -0.8951686568  0.9410429653   
58       I1         0.3196891923   1.185621855    4.187532481    0.9177468062   0.1369696217   7.556041401    1.94753824     2.514067028    -0.3682675131  1.884383405    
59       I1         0.7405778344   1.664404193    3.877114796    0.2681338213   0.3268439017   7.517247668    1.098534421    2.65487997     -0.4216008069  0.6946072411   
60       I1         1.02088661     1.886373824    4.260009646    0.1046475444   0.2249136607   2.745035188    1.528022256    2.954874025    -0.1464763786  0.8695198849   
61       I1         1.73112323     1.445530588    3.624950022    0.617714539    0.7141551185   7.31854531     2.186557027    2.979106123    -0.2919008558  0.6602782943   
62       I1         0.5688303017   1.977115245    4.336244821    0.3100129122   0.676343048    6.638751157    1.764824294    2.906969079    -0.3082750511  0.583559185    
63       I1         1.657882582    2.429422706    4.357984449    0.5638364349   0.2931487373   7.366692812    2.763191849    2.394104906    -0.3829862052  0.8383598806   
64       I1         1.511211025    2.640566316    2.553667634    0.551155623    0.2130497318   5.154428555    1.455073717    2.189153291    -0.3782508807  0.6838319609   
65       I1         1.428796657    2.093133211    4.172514511    0.7495471175   0.70896935     6.251763132    2.275823257    2.540675949    0.6419535811   0.51161805     
66       I1         1.419750923    1.028271672    2.571287427    0.6891905616   0.4883536824   2.998884002    1.685179173    2.843005517    0.4838406779   0.2631954487   
67       I1         1.943173811    1.625971422    2.83204905     0.595768273    0.8448070479   0.7093392765   1.904653541    2.836080041    0.4528827645   0.3807446165   
68       I1         1.960481221    2.305676635    4.464930667    0.9442640393   0.4980782255   4.87901256     2.377638508    2.314654191    0.3794369204   0.7812612987   
69       I1         0.8338031471   2.462591002    3.074430617    0.4037020077   0.2851291717   3.110961491    1.117540016    2.060278864    0.01927118562  0.480811704    
70       I1         0.6855942515   1.128098203    4.081349423    0.8663153199   0.5252304942   8.552060966    1.389500424    2.566951899    0.4742314741   0.6374396      
71       I1         1.122030833    2.407561628    4.390373804    0.1431957361   0.3286958889   3.8669091      1.870636091    2.0143264      -0.8749536589  0.9303490732   
72       I1         0.553361954    1.831029792    2.970168461    0.7065451786   0.320789198    3.14755921     2.268349657    2.156881224    -0.3561805945  0.6634208623   
73       I1         1.049861075    2.299507961    2.625546715    0.7643641493   0.799860378    1.450095686    2.532528402    2.699476585    -0.1805586802  0.2451298809   
74       I1         1.311619337    2.129130358    3.432439771    0.2856764246   0.9658664552   2.162021918    2.994583751    2.00058177     -0.1743758834  0.6815367437   
75       I1         0.7175991738   2.553750709    3.536263838    0.07026284222  0.4379601099   3.583289689    2.084853484    2.489000101    0.7076809434   0.9092999353   
76       I1         0.3665247071   1.598521984    2.538179608    0.8782930763   0.9486573197   9.991714094    1.584984229    1.909883741    -0.1988495462  2.32864307     
77       I1         1.226553525    1.001664257    2.724693147    0.05053750021  0.6205541782   3.510819458    3.28990503     2.79992329     -0.4027113958  0.5770863509   
78       I1         1.130394371    2.488288281    4.068925653    0.2064273717   0.9710181614   0.610352996    3.343020981    2.971837793    0.3186856942   0.8920992931   
79       I1         0.4016286348   2.695719894    3.487997143    0.6860621967   0.9391876196   8.042952388    1.463704901    2.265131216    -0.798999223   0.8866505896   
80       I1         1.871245481    1.732326328    4.223294394    0.7759797059   0.4663169356   9.21027408     3.109061162    1.895848868    -0.8450636577  0.8028349187   
81       I1         0.6553529962   1.513949634    4.251197975    0.3084367129   0.3741970611   1.285742782    3.14079486     2.600061146    0.3874012286   0.5601726827   
82       I1         1.060029389    1.157943759    3.501041045    0.6915519842   0.2024594346   9.372141183    1.244573648    2.573714119    0.5199986261   0.2262689292   
83       I1         0.9614019113   1.457003444    4.049628781    0.06617458841  0.9851536558   5.978678452    1.290537531    2.830661704    0.7499216936   0.3078383285   
84       I1         0.7944527712   2.675928452    2.591971168    0.01798505188  0.2796770395   4.333426039    2.56921467     2.181329042    0.9786169096   0.8861758036   
85       I1         1.681532474    1.527252954    3.200341316    0.382103955    0.1210128828   0.5099906425   1.787044704    2.382264349    0.5844859061   0.540593082    
86       I1         1.266772467    1.271565045    3.64413611     0.4610007422   0.7229535531   3.635699302    1.932478028    1.8572245      -0.7798352057  0.321257382    
87       I1         0.7647534265   1.347875166    4.244123627    0.784987453    0.5659573334   8.731779812    2.410994495    1.832739816    0.03871476879  0.570518985    
88       I1         1.562283398    2.239934853    3.787971582    0.3745767377   0.3176662589   2.198446692    2.982508151    2.89738415     -0.3431669847  0.8820002169   
89       I1         1.272207432    2.103798969    3.908262726    0.4982750828   0.1170697451   8.936209867    1.596636268    2.148016045    -0.7431881437  0.6472053228   
90       I1         1.247219238    1.43732954     3.574314535    0.5177268601   0.1802341327   8.1829479      3.454779949    2.47502582     0.7798784874   0.6521303847   
91       I1         0.9170691111   1.097353254    3.888234681    0.1590168536   0.1980706214   3.172767327    1.760686845    2.957841405    -0.70755506    0.8385512537   
92       I1         0.8594859709   1.56709405     3.763815005    0.6088469602   0.5163311147   5.557819973    1.537824066    2.814069171    0.2797102277   0.2316779613   
93       I1         0.8516816416   2.223409274    3.994306987    0.651920224    0.6491970592   5.677937282    1.18308511     2.423915373    -0.9518850166  0.839793381    
94       I1         0.9691902626   1.111207504    4.136342117    0.4330385135   0.8574453403   4.573599613    2.96451766     1.791664066    -0.2075161303  0.4439700795   
95       I1         1.028443506    1.217210995    3.154730813    0.3600863832   0.8789850653   5.489382569    2.673346641    2.547447249    0.4688421696   0.34267064     
96       I1         0.4951711073   2.47746857     3.583271132    0.9161871134   0.8292179932   4.009172571    1.038891193    1.802594394    0.66482792     0.9948884837   
97       I1         1.168425809    1.872888018    2.895323663    0.6011013242   0.9086691245   1.188839618    1.982000801    1.983758661    -0.6354022696  0.266873483    
98       I1         1.096953965    1.866032498    2.770685731    0.6256104145   0.4135150461   6.060494108    2.818549392    2.063904519    -0.7803528873  0.3273192637   
99       I1         1.55234451     2.179753498    2.819203554    0.3952466911   0.2963966409   6.727539677    2.486941031    2.245756594    -0.2512348219  0.8554194484   
100      I1         0.4423657064   1.524782968    2.711888592    0.1365093359   0.6078054416   9.841775118    1.30241882     2.630256344    0.8157359027   0.5496244664   
101      I1         1.567202837    1.433003144    3.549174485    0.1260542698   0.4213703107   1.203283781    2.501488129    1.766758704    -0.1053272063  0.8737354674   
102      I1         1.190534918    1.58737199     3.975040031    0.2485902988   0.8168480328   0.5881341888   2.861752951    2.307314879    -0.9194684933  0.4393768403   
103      I1         1.81565993     2.183767031    4.445073272    0.923528304    0.07153671873  5.122869491    2.554142808    2.767372567    0.929566737    0.7199878779   
104      I1         0.3160663151   1.472429143    3.864345957    0.4886333168   0.7478827292   1.29660512     3.442628548    2.168440703    -0.7177629824  0.6219250582   
105      I1         0.560579495    2.616901197    2.757161432    0.4492392441   0.7642913539   1.578773868    1.483319489    2.802758483    0.1850542123   0.3942001458   
106      I1         1.705715745    2.563298341    4.168659817    0.4016370178   0.1826518913   4.795533659    2.896475106    2.521061523    0.4362494302   0.9652251323   
107      I1         0.9430770165   1.780322116    4.436933425    0.9796379121   0.4543647245   2.017122039    2.04077936     2.217719295    0.2917252145   0.9168795789   
108      I1         0.7827219914   1.636726289    4.230808878    0.2285896653   0.6010431956   8.467556951    2.719702949    2.468595998    -0.3389840675  0.588815088    
109      I1         0.39006213     1.46124774     3.01046998     0.7310735944   0.02994830241  1.047536079    2.236411736    2.09231089     0.3400876603   0.4713384835   
110      I1         1.52698874     1.543263755    2.881948345    0.1643987006   0.4426261578   6.138323028    2.886943105    2.439075541    -0.4658437404  0.8870591831   
111      I1         0.3079017367   2.536586003    4.481868748    0.3277216254   0.635782298    8.275041911    1.848556874    2.460448252    -0.07875822608 0.6045285172   
112      I1         0.7312023572   2.341796621    3.288925612    0.4088656905   0.6984740392   1.350039983    3.250847966    2.705604538    0.3634119407   0.5277927773   
113      I1         1.212039554    1.211651357    3.142220271    0.176803382    0.6946949651   8.404803086    1.221353719    1.841917419    0.797646994    0.238160977    
114      I1         1.650778296    1.689175818    2.683784505    0.4766684494   0.7866513945   5.25479592     2.743015731    2.03794479     -0.04598332212 0.6879240537   
115      I1         1.889074199    2.232408175    2.50846943     0.06347138941  0.6400701768   9.262748823    1.747056741    2.426060139    0.08590025529  0.4658331525   
116      I1         1.80153224     1.784465805    3.494053802    0.5010571741   0.6275969085   9.337788661    2.313800446    2.657925536    0.09931307681  0.8693288531   
117      I1         0.4763555759   1.016417413    3.921895255    0.4723098789   0.2633067763   2.829426214    3.361107015    2.880783068    0.6988768292   0.4915529941   
118      I1         0.8045915082   2.402460187    4.274627782    0.9538877546   0.5218425283   2.339326773    2.351854157    2.994718027    0.02028824671  1.075076683    
119      I1         0.3527387624   1.91308261     3.804717974    0.6347489478   0.3016913849   9.178860468    2.640794539    1.799004053    0.7337586344   0.4107638382   
120      I1         0.8994731689   2.159405959    4.374945498    0.5279647682   0.4310794512   5.215779391    1.132739572    2.944205054    -0.9964827414  0.7024002172   
121      I1         1.256161827    1.857502393    3.46348914     0.6653043869   0.06669942403  9.1037054      1.708886113    2.508210056    0.2683133431   0.4170782691   
122      I1         1.29869262     2.030388091    2.738898102    0.2931131897   0.8236293767   4.472067808    1.818605578    1.938456113    -0.5814641335  0.6282519451   
123      I1         1.410844564    1.487714046    3.091685818    0.2525859039   0.07422057778  2.04783647     1.412317196    2.530738488    -0.8691781141  0.7636454781   
124      I1         0.7053730573   2.379669596    2.863816821    0.4681276703   0.1317473279   7.726871273    1.72141094     2.107317329    -0.12239111    0.4100252163   
125      I1         0.4353517743   1.061800788    3.1970064      0.6682522869   0.2299757445   7.715318932    2.255467775    2.903613994    -0.9737537166  0.6980306015   
126      I1         1.725021871    2.264217556    3.791282322    0.8494940825   0.1718932345   6.331887949    3.120827288    1.90621737     -0.5753005299  0.6369705071   
127      I1         1.956024234    1.652709719    2.994224371    0.05664595001  0.151121497    9.005140482    3.056860529    2.854478252    -0.2116127157  1.306617003    
128      I1         1.389069653    2.133984655    3.317980748    0.7261567476   0.6440832183   6.197710501    1.627469842    2.504540726    -0.1589156199  0.3405946593   
129      I1         1.310744326    1.355304279    2.877630711    0.04281589581  0.77690164     2.245178107    2.166619707    1.782299609    -0.4187121487  0.4858014068   
130      I1         1.539037421    2.024084218    3.983472701    0.7997784599   0.1919118726   5.936447582    1.89847601     2.078446873    -0.327742305   0.4535327946   
131      I1         0.4585553439   1.196024326    4.285975636    0.9046503801   0.9345541318   7.787279063    3.037366763    2.346506168    0.9969983269   0.6254989575   
132      I1         1.438799716    1.293362253    2.708406625    0.8183059822   0.8610236011   7.267569472    1.794421724    2.230080327    0.1228202277   0.2668845252   
133      I1         1.031815732    1.176044486    3.086598135    0.3825326016   0.5114201736   4.014965611    1.957670154    2.847766357    0.880275581    0.5304020674   
134      I1         0.7737662192   2.316377652    3.372267971    0.7672713686   0.5414871675   1.914269064    2.345952424    2.292117543    0.003047198458 0.3954791157   
135      I1         0.9112346406   1.756530424    3.103053777    0.4397966583   0.8643014036   6.513782869    2.109549846    2.282288218    -0.4747877953  0.3197758915   
136      I1         0.5219047772   2.604477542    2.66725301     0.9572451715   0.0188045118   2.551934855    2.304546321    2.354810815    -0.657610792   2.628713632    
137      I1         1.591137745    2.110709864    3.352611263    0.6610366424   0.8718494731   3.708607551    1.149856099    2.57899855     0.5664003658   0.4582474568   
138      I1         0.6454610403   1.809580411    3.664249371    0.7913672041   0.2463200352   1.109917954    2.457894546    2.821400632    -0.7241374337  0.6866735547   
139      I1         0.8414370897   2.360140599    2.784622419    0.9076708301   0.1090620174   6.934065212    2.062803635    2.32661252     0.4418670729   0.6715684581   
140      I1         0.3810226623   1.039329499    4.152292324    0.7525369395   0.6585332783   0.3232059656   3.083430849    1.757855922    0.3910036011   0.7857490206   
141      I1         1.489386704    1.126281319    2.847328631    0.9335967232   0.7426657893   0.208209793    1.426296588    2.553140825    0.05913216204  0.869515486    
142      I1         1.339681715    1.305017817    3.215936495    0.1715781143   0.8192303817   8.686609669    2.608247359    2.081430165    -0.2803450529  0.468596911    
143      I1         1.674092136    1.557022881    3.416947156    0.365279752    0.6859801251   0.1113407298   1.488318497    2.408228412    0.7219286014   0.2688362788   
144      I1         1.443875061    2.663067641    3.327214513    0.8420744192   0.7583853412   4.967030822    1.204150956    2.924217666    0.9675773468   0.3423089413   
145      I1         1.992340235    1.506790343    4.313984944    0.5620416207   0.0289882697   7.20546421     2.912259135    1.998991915    0.5061690618   1.094184293    
146      I1         1.696146187    1.318163841    3.713125202    0.8233939192   0.3786067364   4.106631229    1.988281074    2.858701268    -0.02687514233 0.4584439769   
147      I1         0.9287867655   1.339953079    3.940201022    0.2415289168   0.3635230936   4.621020402    1.375566622    2.254060687    0.2048374467   0.5068433984   
148      I1         1.823406715    2.197591557    3.735986787    0.541778606    0.9251221617   3.731313954    2.093105397    1.863847578    -0.4933385898  0.7255018281   
149      I1         0.8252572498   2.000293527    3.852631937    0.09484864392  0.5879647622   0.8439711334   2.205949187    2.732912916    -0.8122212197  0.8020051186   
150      I1         1.154517324    2.057175774    3.841892127    0.1211426688   0.5389951992   3.915869445    2.327368111    2.026706551    -0.276462482   0.849970525    
151      I1         1.861285023    2.423392337    4.364753591    0.1321148206   0.7203558098   9.856190522    3.0392257      2.726780323    -0.6012457583  1.20612312     
152      I1         0.8771454601   2.652883391    2.600405533    0.08296031287  0.6777095541   3.394123053    1.606807955    2.376803574    -0.5283719544  0.8171527503   
153      I1         0.44767833     2.634228482    4.297784858    0.4131563162   0.08719938606  6.909899875    2.959254627    2.035245307    0.1769029316   0.6072759708   
154      I1         1.397354438    2.594635822    4.306825615    0.1381101293   0.1678155591   5.070087836    2.658951036    1.87422869     0.6362287025   1.053728967    
155      I1         1.754165204    1.385725577    3.001275434    0.8731720152   0.49233943     6.776723139    2.808883335    1.771740729    0.9149408384   0.68035152     
156      I1         0.6630983557   1.418938544    3.177042209    0.8947151221   0.9654515445   2.417095971    2.435221826    2.717002792    -0.7677758341  1.924329098    
157      I1         1.805055113    2.037184526    2.854658815    0.7031796      0.09937325054  5.80948257     3.40923876     2.143477297    0.07668828648  0.8013701771   
158      I1         1.782005308    1.046126403    3.674731127    0.4276016541   0.7023414344   0.4232596352   1.357631033    2.445342844    -0.4317583209  1.193100937    
159      I1         1.98336308     1.476827842    3.527121202    0.03104441363  0.3976787274   1.655307686    2.001481473    2.981563456    0.2886603385   0.6363988432   
160      I1         1.518373807    1.395823821    3.747975762    0.1476893845   0.5959419406   9.643499685    2.862540153    2.693115284    -0.8836972137  0.8067664183   
161      I1         1.891687544    1.141502574    3.918206436    0.9694566188   0.7716847948   9.915759666    2.677691111    1.958708002    -0.4574273089  0.6788661127   
162      I1         0.3728256627   2.523376056    3.363630834    0.3003703613   0.6129824364   8.826475595    2.848600231    2.665078343    0.8081814212   0.7488933522   
163      I1         1.223180696    1.945292096    3.602551072    0.1097605279   0.544416591    5.526973876    2.491389903    1.781166622    0.2144989361   0.8489621654   
164      I1         1.23627656     2.45621537     2.544324651    0.7815431259   0.687578367    0.4799825509   1.005840887    2.941408327    -0.1620880015  1.690229372    
165      I1         1.35883135     1.402946111    3.25662178     0.9304729949   0.2769640907   7.598144076    1.502462651    2.131907366    -0.5016754139  0.7037214027   
166      I1         0.789572542    2.278022308    2.644512462    0.6501463064   0.5334932255   2.584305403    2.693995187    2.054250143    0.1687194501   0.1987040622   
167      I1         1.008724434    2.145625973    3.592951777    0.5375843765   0.7372736794   3.326900484    2.790834008    2.235346699    -0.6270055646  0.3896267801   
168      I1         1.34845065     2.250487389    3.773679828    0.2022170083   0.8943826397   0.9808256413   1.257138806    2.53735533     0.9544200604   0.3636355939   
169      I1         0.4957277127   1.641290698    2.982554117    0.7165018842   0.1898148325   8.658035885    1.15780769     2.67483762     0.4229395804   0.4912500253   
170      I1         0.6779745915   1.311800029    4.429994142    0.3882659227   0.2729843773   8.246207784    1.91254571     2.417764725    0.5709451081   0.6190673882   
171      I1         1.57691792     2.121766347    3.477901424    0.3576384864   0.041427187    5.440009602    3.271262121    1.992098138    0.5921997391   0.9311059528   
172      I1         0.9905189919   2.286075393    2.745626434    0.6403466023   0.4776620772   9.694709661    3.425336835    2.584861013    -0.08814844138 0.334721581    
173      I1         1.195757245    2.204986631    4.027680889    0.8533427611   0.754291487    0.7883891887   3.499421442    2.022822351    0.2204775822   0.3130782228   
174      I1         1.839793129    1.250427937    3.514350809    0.1755136478   0.05025664172  4.81531904     2.014719743    2.219540975    -0.2304116761  0.8728665322   
175      I1         1.001251893    2.069102264    4.200932026    0.4927495471   0.9266990333   6.002778232    2.222455318    2.201700863    -0.003365763137 0.4179036622   
176      I1         1.158709209    2.07451978     4.199785706    0.1522689735   0.3508865161   8.590859009    1.831062441    1.946407156    -0.75217624    0.9094362528   
177      I1         0.5788834067   1.901547742    3.706033907    0.7424456046   0.3536942089   7.140130212    1.659801522    2.045686549    -0.09102284916 0.5333211147   
178      I1         0.5964134953   1.497129676    3.568035854    0.4603745082   0.7983745614   2.099368541    1.332058821    1.830589293    0.8563867838   0.2915315156   
179      I1         1.638273917    2.56527134     3.266249106    0.9612380033   0.03605611256  9.036374273    2.194619009    2.170938373    0.9804134291   0.5770814695   
180      I1         1.547070958    1.238174427    3.30779728     0.6784136961   0.9066224618   7.112600664    2.757521514    2.757257505    0.6069845997   0.4653238506   
181      I1         0.6734119334   1.89441514     3.451950994    0.04624513343  0.2451389809   6.983583116    3.368654007    2.606639267    -0.4896433121  0.9453587362   
182      I1         1.369271837    2.274721958    4.401371371    0.6304719765   0.7319429299   1.001748151    1.16816521     2.333827914    0.4952194916   0.2752895785   
183      I1         0.8612097478   1.263157119    3.242283537    0.9833121046   0.2101655837   5.760776018    2.120035492    2.677373785    -0.5348694626  1.71390907     
184      I1         0.5328893243   1.549901358    4.343964989    0.7568711672   0.9796752624   6.452092482    2.393268664    1.875511038    0.2320113662   1.091914319    
185      I1         1.763925888    1.189145543    4.107978047    0.18731588     0.3711483416   0.3541249756   1.692970203    1.883244105    0.2475080492   0.6585923448   
186      I1         0.9869559751   1.712974657    2.792456384    0.713796795    0.8113767914   0.6736454139   2.597056382    2.094710791    -0.1164999219  0.4458166078   
187      I1         0.8102282188   1.672796838    2.672124427    0.6727332147   0.7654600043   2.95335473     3.47513158     1.93025114     0.3249958023   0.369577786    
188      I1         0.5882173616   2.334124015    4.112339234    0.1991829632   0.265478951    0.9213748418   3.395639015    2.122812908    -0.03127474847 0.7319450264   
189      I1         1.453500029    2.581201481    3.343104422    0.9721338354   0.5057330862   2.691800039    3.337371736    2.707883956    -0.9801642794  0.3428695874   
190      I1         1.736972913    1.277543916    4.214466027    0.01145083127  0.1464932831   3.769961236    2.137949191    2.114329928    0.8310837253   1.185425928    
191      I1         1.20888945     2.05260005     2.941521391    0.7728527275   0.2590210574   8.097781065    2.539600155    1.852993121    0.1000512061   0.282320538    
192      I1         0.5040713005   1.927909829    2.692654783    0.7223955554   0.7255757899   0.80618625     1.421382374    1.981147764    0.9056303865   0.3272453699   
193      I1         1.623598457    1.283430578    2.806236369    0.8135260645   0.3921249435   6.396943043    2.700210411    2.321973933    -0.6937307743  0.5062806399   
194      I1         1.607192346    1.986444153    3.827213992    0.2363858541   0.4843905536   7.653929643    2.91675701     2.786308042    0.5432330061   0.978775528    
195      I1         1.980969714    2.5130866      4.094441589    0.3225876825   0.9849853431   8.123806979    3.001111917    1.7504077      -0.8006003763  1.088697221    
196      I1         1.078928625    1.089384525    2.922492251    0.02480656156  0.4246184373   5.383896754    1.265648282    2.769533556    0.5259697562   0.2943610713   
197      I1         0.6022293771   2.369053499    3.134494032    0.3151516292   0.103980856    4.452162135    3.166076141    2.074578547    0.931356019    0.6936560397   
198      I1         1.182617716    1.819858956    3.331379779    0.1845211468   0.4610069183   8.004857896    2.443266495    2.597844897    -0.5502170901  0.8184920358   
199      I1         1.501985263    2.68783041     3.810259928    0.5692604473   0.3121974203   9.446711023    1.036660246    2.175605422    0.5572359647   0.3019164353   
200      I1         0.6291513254   2.484996524    3.896774347    0.4510187388   0.6035568613   4.226906781    3.304283651    2.401730743    -0.06565029081 0.4503022262   
201      I1         0.7932098765   2.689506173    4.487654321    0.6209876543   0.2217283951   0.1611111111   2.49691358     2.992283951    -0.987654321   0.2981301887   
202      I1         0.562345679    2.689506173    4.290123457    0.7056790123   0.330617284    3.094444444    1.509259259    1.757716049    0.987654321    0.4551098391   
203      I1         0.5833333333   1.010493827    3.820987654    0.584691358    0.01604938272  0.1611111111   2.774691358    2.992283951    -0.987654321   0.3092049188   
204      I1         0.562345679    1.010493827    2.709876543    0.6572839506   0.01604938272  0.1611111111   1.787037037    2.158950617    0.987654321    0.3621065915   
205      I1         0.6043209877   1.010493827    3.154320988    0.6572839506   0.01604938272  9.938888889    2.774691358    2.158950617    0.3209876543   0.239651906    
206      I1         0.8561728395   2.689506173    2.512345679    0.6572839506   0.1128395062   0.1611111111   2.805555556    2.591049383    -0.3456790123  0.2101629587   
207      I1         0.499382716    1.577160494    4.487654321    0.6330864198   0.01604938272  3.338888889    2.527777778    2.992283951    -0.3456790123  0.3335062187   
208      I1         1.066049383    2.689506173    2.512345679    0.7782716049   0.8266666667   9.938888889    2.959876543    1.757716049    0.987654321    0.4305805153   
209      I1         0.8561728395   2.521604938    3.820987654    0.6209876543   0.6572839506   1.138888889    2.157407407    2.992283951    -0.987654321   0.2873022753   
210      I1         0.7722222222   2.689506173    4.487654321    0.6209876543   0.6572839506   3.338888889    1.509259259    1.757716049    0.02469135802  0.2314214323   
211      I1         0.3944444444   2.521604938    4.043209877    0.5483950617   0.3548148148   0.1611111111   1.324074074    1.757716049    0.0987654321   0.2790407339   
212      I1         0.7932098765   2.14382716     4.043209877    0.6572839506   0.2338271605   3.338888889    2.805555556    2.992283951    -0.987654321   0.2737985566   
213      I1         0.3524691358   2.14382716     3.771604938    0.4637037037   0.3669135802   0.1611111111   2.651234568    2.992283951    -0.987654321   0.4202624986   
214      I1         1.212962963    2.689506173    2.956790123    0.8145679012   0.5120987654   3.705555556    3.052469136    2.158950617    -0.3209876543  0.2471845055   
215      I1         0.8771604938   1.010493827    4.487654321    0.8024691358   0.7782716049   9.938888889    3.237654321    2.591049383    0.987654321    0.4399346549   
216      I1         0.8351851852   1.55617284     2.537037037    0.6572839506   0.08864197531  9.938888889    2.959876543    1.757716049    0.2469135802   0.2525142556   
217      I1         1.233950617    2.14382716     3.179012346    0.8508641975   0.330617284    0.1611111111   3.206790123    2.992283951    -0.0987654321  0.3536519738   
218      I1         0.8771604938   2.521604938    3.845679012    0.7540740741   0.1007407407   9.938888889    2.805555556    1.757716049    0.3209876543   0.2702260796   
219      I1         1.422839506    2.14382716     2.512345679    0.8387654321   0.9839506173   9.938888889    3.422839506    2.158950617    -0.3209876543  0.3410607218   
220      I1         1.317901235    1.787037037    4.487654321    0.8024691358   0.9839506173   9.938888889    1.447530864    2.992283951    0.987654321    0.3502337727   
221      I1         0.8561728395   1.010493827    2.981481481    0.137037037    0.9839506173   0.1611111111   1.447530864    1.757716049    0.5679012346   1.058781724    
222      I1         1.212962963    1.010493827    4.487654321    0.3427160494   0.8387654321   6.761111111    1.138888889    2.575617284    0.3209876543   0.4050912984   
223      I1         0.4364197531   1.55617284     3.672839506    0.5241975309   0.6209876543   4.194444444    1.200617284    2.729938272    0.987654321    0.379717804    
224      I1         1.066049383    2.122839506    3.179012346    0.7782716049   0.5604938272   6.761111111    3.052469136    2.25154321     0.2716049383   0.2487683045   
225      I1         0.8561728395   1.766049383    3.030864198    0.6572839506   0.5725925926   6.638888889    1.447530864    1.757716049    0.7654320988   0.2768334948   
226      I1         1.422839506    2.689506173    2.932098765    0.669382716    0.9839506173   0.1611111111   1.848765432    2.992283951    0.9135802469   0.5555921517   
227      I1         0.5203703704   1.55617284     3.672839506    0.584691358    0.3911111111   0.1611111111   1.478395062    2.174382716    0.5432098765   0.2294936678   
228      I1         1.170987654    1.010493827    2.512345679    0.4758024691   0.9839506173   8.227777778    2.25           2.637345679    -0.5679012346  0.6642079194   
229      I1         1.129012346    1.010493827    4.117283951    0.6330864198   0.4516049383   3.338888889    1.540123457    1.819444444    0.1975308642   0.2222519539   
230      I1         1.15           1.367283951    2.512345679    0.6572839506   0.3427160494   9.938888889    1.632716049    1.757716049    0.0987654321   0.2378064576   
231      I1         1.275925926    1.22037037     3.845679012    0.06444444444  0.7782716049   3.338888889    1.077160494    2.992283951    0.987654321    0.3560523302   
232      I1         1.212962963    1.010493827    3.62345679     0.6209876543   0.4879012346   6.638888889    1.478395062    2.313271605    0.3209876543   0.1954482393   
233      I1         1.108024691    1.55617284     4.487654321    0.4879012346   0.9718518519   0.1611111111   1.694444444    1.850308642    -0.3209876543  0.4439760805   
234      I1         0.5833333333   1.682098765    2.512345679    0.4637037037   0.330617284    4.561111111    2.929012346    2.483024691    -0.987654321   0.3308205303   
235      I1         0.8561728395   2.689506173    2.734567901    0.6209876543   0.5725925926   3.216666667    2.37345679     2.86882716     -0.2222222222  0.3086153862   
236      I1         0.562345679    2.122839506    3.820987654    0.5725925926   0.6572839506   3.583333333    1.200617284    1.804012346    0.6419753086   0.2501521927   
237      I1         1.422839506    1.55617284     3.820987654    0.7903703704   0.3064197531   3.461111111    1.416666667    2.575617284    0.987654321    0.3490446864   
238      I1         0.6672839506   1.55617284     3.080246914    0.5483950617   0.2338271605   1.505555556    2.990740741    2.359567901    -0.1975308642  0.2173433364   
239      I1         0.8561728395   1.010493827    3.154320988    0.6330864198   0.3427160494   6.883333333    1.601851852    2.158950617    0.4197530864   0.233584119    
240      I1         0.8561728395   1.577160494    4.487654321    0.584691358    0.3790123457   0.1611111111   2.157407407    2.158950617    -0.987654321   0.2469385477   
241      I1         0.8561728395   1.99691358     4.067901235    0.6451851852   0.1854320988   3.338888889    1.817901235    1.757716049    -0.2469135802  0.2965099427   
242      I1         0.8351851852   2.14382716     4.487654321    0.4879012346   0.9839506173   0.4055555556   1.324074074    2.436728395    0.987654321    0.4092085853   
243      I1         1.338888889    2.647530864    2.512345679    0.8387654321   0.8992592593   6.761111111    2.280864198    2.158950617    -0.1234567901  0.286804974    
244      I1         1.129012346    2.521604938    4.265432099    0.7782716049   0.6209876543   8.838888889    1.385802469    2.220679012    0.5679012346   0.2145422675   
245      I1         0.8771604938   2.521604938    2.734567901    0.7782716049   0.3427160494   0.7722222222   2.651234568    1.773148148    0.6666666667   0.2920909817   
246      I1         1.422839506    1.745061728    2.734567901    0.862962963    0.9839506173   4.561111111    2.095679012    2.992283951    0.5679012346   0.346523165    
247      I1         1.045061728    2.122839506    3.080246914    0.5483950617   0.5120987654   2.972222222    2.12654321     1.819444444    -0.987654321   0.3838015972   
248      I1         0.8561728395   1.010493827    3.154320988    0.3427160494   0.9597530864   3.338888889    3.299382716    2.020061728    0.987654321    0.5442567837   
249      I1         0.499382716    2.332716049    3.154320988    0.5967901235   0.2217283951   0.1611111111   2.682098765    2.220679012    0.3209876543   0.1945753392   
250      I1         0.499382716    2.689506173    3.820987654    0.5            0.7782716049   3.583333333    1.324074074    2.158950617    0.04938271605  0.2765268836   
251      I1         0.4783950617   1.912962963    2.512345679    0.5483950617   0.1612345679   0.1611111111   2.959876543    2.158950617    0.2962962963   0.1912940714   
252      I1         0.6672839506   1.933950617    2.512345679    0.5483950617   0.2338271605   6.761111111    2.959876543    2.158950617    -0.07407407407 0.2759441376   
253      I1         0.4783950617   1.199382716    3.154320988    0.6572839506   0.3427160494   0.1611111111   2.589506173    2.189814815    0.987654321    0.4052557881   
254      I1         0.7302469136   1.55617284     2.709876543    0.6451851852   0.01604938272  0.1611111111   2.651234568    2.591049383    0.1481481481   0.1956560917   
255      I1         0.7302469136   2.374691358    4.290123457    0.584691358    0.415308642    2.361111111    1.509259259    2.297839506    -0.3209876543  0.3234283459   
256      I1         0.4783950617   2.185802469    3.154320988    0.5483950617   0.3427160494   0.1611111111   3.268518519    1.757716049    0.1975308642   0.1921368556   
257      I1         1.212962963    1.010493827    3.154320988    0.6330864198   0.9839506173   4.805555556    1.509259259    2.297839506    0.5925925926   0.4811369673   
258      I1         0.7092592593   2.122839506    2.932098765    0.6330864198   0.3427160494   0.1611111111   2.959876543    1.804012346    0.2222222222   0.2210061515   
259      I1         0.3524691358   2.416666667    2.537037037    0.5120987654   0.5241975309   0.1611111111   1.601851852    1.757716049    0.7654320988   0.3560170808   
260      I1         0.6672839506   1.745061728    2.512345679    0.5483950617   0.3427160494   0.1611111111   2.651234568    2.992283951    -0.3209876543  0.2493698191   
261      I1         0.8561728395   2.14382716     4.487654321    0.6572839506   0.5120987654   9.938888889    1.416666667    1.788580247    0.0987654321   0.2616254399   
262      I1         0.6882716049   2.62654321     3.154320988    0.6088888889   0.6572839506   1.138888889    1.75617284     1.757716049    0.3209876543   0.1939386861   
263      I1         0.6043209877   2.122839506    3.796296296    0.5483950617   0.6088888889   0.7722222222   1.570987654    1.850308642    0.3209876543   0.2261813009   
264      I1         0.3104938272   1.55617284     3.154320988    0.4516049383   0.3427160494   0.1611111111   3.484567901    2.174382716    -0.02469135802 0.2311553182   
265      I1         0.562345679    1.178395062    4.487654321    0.5362962963   0.1249382716   0.1611111111   3.484567901    1.757716049    -0.3456790123  0.3466679901   
266      I1         0.4783950617   1.010493827    3.62345679     0.3427160494   0.5483950617   6.761111111    3.422839506    1.757716049    -0.0987654321  0.2735023515   
267      I1         0.3734567901   1.304320988    3.154320988    0.4032098765   0.4516049383   0.1611111111   3.114197531    2.174382716    -0.1975308642  0.262846245    
268      I1         0.3524691358   1.55617284     4.265432099    0.5            0.3669135802   6.761111111    3.484567901    1.757716049    0.2222222222   0.3518574701   
269      I1         0.6672839506   1.010493827    2.981481481    0.4516049383   0.4395061728   3.461111111    3.484567901    2.174382716    -0.0987654321  0.2325359351   
270      I1         0.8561728395   1.010493827    2.512345679    0.3427160494   0.6572839506   9.938888889    3.145061728    2.174382716    0.1481481481   0.2654626088   
271      I1         0.7722222222   1.55617284     2.512345679    0.6572839506   0.7056790123   9.938888889    2.959876543    2.313271605    0.7407407407   0.3126528127   
272      I1         0.8561728395   1.55617284     2.561728395    0.6209876543   0.01604938272  0.1611111111   3.237654321    2.899691358    -0.5432098765  0.2771009801   
273      I1         0.4783950617   1.55617284     2.932098765    0.5483950617   0.01604938272  0.1611111111   3.021604938    2.776234568    -0.3456790123  0.2799508412   
274      I1         0.4783950617   1.55617284     2.512345679    0.5362962963   0.4516049383   0.1611111111   3.175925926    2.591049383    0.2716049383   0.2123903317   
275      I1         0.8561728395   1.010493827    3.820987654    0.3548148148   0.4395061728   1.138888889    3.484567901    2.591049383    -0.962962963   0.3460567627   
276      I1         0.8141975309   1.178395062    3.820987654    0.6088888889   0.3427160494   0.1611111111   2.682098765    2.945987654    -0.7654320988  0.2553971381   
277      I1         0.7092592593   1.010493827    3.179012346    0.3427160494   0.6572839506   0.1611111111   3.422839506    2.591049383    -0.2962962963  0.2925507359   
278      I1         0.499382716    1.55617284     3.179012346    0.5120987654   0.3790123457   0.1611111111   3.330246914    2.174382716    0.0987654321   0.2115440593   
279      I1         0.8561728395   1.010493827    2.611111111    0.3427160494   0.330617284    3.338888889    1.046296296    2.930555556    0.8888888889   0.2668349737   
280      I1         0.6462962963   1.010493827    3.820987654    0.6451851852   0.3427160494   2.238888889    2.62037037     2.992283951    0.3209876543   0.2431751728   
281      I1         0.8561728395   1.010493827    2.512345679    0.5483950617   0.4516049383   3.583333333    3.114197531    2.992283951    0.2469135802   0.231524079    
282      I1         0.6672839506   1.010493827    2.783950617    0.5483950617   0.3427160494   3.461111111    2.959876543    2.591049383    0.0987654321   0.2267749363   
283      I1         0.6672839506   1.010493827    3.154320988    0.6572839506   0.01604938272  4.805555556    1.632716049    2.992283951    0.5925925926   0.331210232    
284      I1         0.8561728395   1.010493827    3.154320988    0.3427160494   0.6451851852   6.638888889    1.108024691    2.575617284    0.987654321    0.3223451767   
285      I1         1.695679012    1.55617284     3.845679012    0.3911111111   0.5362962963   6.638888889    1.108024691    2.992283951    0.8641975309   0.3544127501   
286      I1         0.6672839506   1.010493827    2.512345679    0.4516049383   0.01604938272  3.705555556    1.231481481    1.788580247    0.4197530864   0.2122476488   
287      I1         1.359876543    1.55617284     4.438271605    0.7298765432   0.6572839506   7.127777778    1.447530864    2.992283951    0.5432098765   0.2102127213   
288      I1         1.44382716     1.388271605    2.512345679    0.1007407407   0.669382716    9.938888889    1.108024691    2.575617284    0.5185185185   0.4032749829   
289      I1         1.632716049    1.55617284     4.487654321    0.4516049383   0.8750617284   3.338888889    1.324074074    1.757716049    0.987654321    0.3234885233   
290      I1         1.44382716     1.010493827    2.512345679    0.3427160494   0.5604938272   5.661111111    1.293209877    1.757716049    0.7160493827   0.2236439962   
291      I1         1.15           1.010493827    2.512345679    0.3427160494   0.3427160494   2.972222222    1.200617284    2.158950617    0.5679012346   0.1880798429   
292      I1         0.8561728395   2.689506173    4.092592593    0.5483950617   0.947654321    3.338888889    1.941358025    2.020061728    -0.7901234568  0.3257529077   
293      I1         1.989506173    1.55617284     2.932098765    0.5604938272   0.01604938272  1.261111111    1.447530864    2.992283951    0.9382716049   0.331390488    
294      I1         1.087037037    1.178395062    4.487654321    0.1612345679   0.9839506173   9.938888889    1.385802469    2.992283951    0.987654321    0.4022605567   
295      I1         0.6672839506   2.689506173    3.697530864    0.6330864198   0.8024691358   5.538888889    1.632716049    2.035493827    0.4197530864   0.2505443439   
296      I1         0.5413580247   2.689506173    2.709876543    0.5120987654   0.5483950617   3.461111111    1.540123457    1.757716049    -0.07407407407 0.2513812766   
297      I1         0.8561728395   1.010493827    3.154320988    0.4879012346   0.6572839506   6.638888889    3.114197531    2.992283951    0.3209876543   0.276655904    
298      I1         0.499382716    1.010493827    2.709876543    0.5120987654   0.330617284    0.1611111111   1.077160494    1.757716049    0.987654321    0.4139600669   
299      I1         0.8561728395   1.010493827    2.512345679    0.1854320988   0.01604938272  3.338888889    1.169753086    2.729938272    0.6666666667   0.4081152023   
300      I1         0.625308642    1.766049383    2.586419753    0.5604938272   0.3427160494   0.7722222222   1.385802469    2.174382716    0.5679012346   0.184844944    
%eval_id interface log__t_efold_shallow log__t_efold_soil log__t_efold_karst f_exfiltration_shallow f_exfiltration_soil PDD_melt_factor log__Hmax_shallow log__fdd_threshold log__routing_K neg_kge        
301      I1         0.625308642    1.766049383    2.586419753    0.5604938272   0.3427160494   0.7722222222   1.385802469    2.174382716    0.5679012346   0.184844944    
302      I1         0.795308642    1.766049383    2.586419753    0.5604938272   0.3427160494   0.7722222222   1.385802469    2.174382716    0.5679012346   0.1960998235   
303      I1         0.625308642    1.936049383    2.586419753    0.5604938272   0.3427160494   0.7722222222   1.385802469    2.174382716    0.5679012346   0.1976868691   
304      I1         0.625308642    1.766049383    2.786419753    0.5604938272   0.3427160494   0.7722222222   1.385802469    2.174382716    0.5679012346   0.183336287    
305      I1         0.625308642    1.766049383    2.586419753    0.6584938272   0.3427160494   0.7722222222   1.385802469    2.174382716    0.5679012346   0.2296240674   
306      I1         0.625308642    1.766049383    2.586419753    0.5604938272   0.4407160494   0.7722222222   1.385802469    2.174382716    0.5679012346   0.1784783004   
307      I1         0.625308642    1.766049383    2.586419753    0.5604938272   0.3427160494   1.762222222    1.385802469    2.174382716    0.5679012346   0.2168787195   
308      I1         0.625308642    1.766049383    2.586419753    0.5604938272   0.3427160494   0.7722222222   1.635802469    2.174382716    0.5679012346   0.2512689088   
309      I1         0.625308642    1.766049383    2.586419753    0.5604938272   0.3427160494   0.7722222222   1.385802469    2.299382716    0.5679012346   0.197609748    
310      I1         0.625308642    1.766049383    2.586419753    0.5604938272   0.3427160494   0.7722222222   1.385802469    2.174382716    0.7679012346   0.2682942371   
311      I1         0.455308642    1.766049383    2.586419753    0.5604938272   0.3427160494   0.7722222222   1.385802469    2.174382716    0.5679012346   0.1801461611   
312      I1         0.625308642    1.596049383    2.586419753    0.5604938272   0.3427160494   0.7722222222   1.385802469    2.174382716    0.5679012346   0.1769233458   
313      I1         0.625308642    1.766049383    2.586419753    0.4624938272   0.3427160494   0.7722222222   1.385802469    2.174382716    0.5679012346   0.2753469241   
314      I1         0.625308642    1.766049383    2.586419753    0.5604938272   0.2447160494   0.7722222222   1.385802469    2.174382716    0.5679012346   0.1954876666   
315      I1         0.625308642    1.766049383    2.586419753    0.5604938272   0.3427160494   0.7722222222   1.135802469    2.174382716    0.5679012346   0.2473464623   
316      I1         0.625308642    1.766049383    2.586419753    0.5604938272   0.3427160494   0.7722222222   1.385802469    2.049382716    0.5679012346   0.1821016379   
317      I1         0.625308642    1.766049383    2.586419753    0.5604938272   0.3427160494   0.7722222222   1.385802469    2.174382716    0.3679012346   0.1577736461   
318      I1         0.795308642    1.766049383    2.586419753    0.5604938272   0.3427160494   0.7722222222   1.385802469    2.174382716    0.3679012346   0.1418613413   
319      I1         0.625308642    1.936049383    2.586419753    0.5604938272   0.3427160494   0.7722222222   1.385802469    2.174382716    0.3679012346   0.1476869697   
320      I1         0.625308642    1.766049383    2.786419753    0.5604938272   0.3427160494   0.7722222222   1.385802469    2.174382716    0.3679012346   0.1584097554   
321      I1         0.625308642    1.766049383    2.586419753    0.6584938272   0.3427160494   0.7722222222   1.385802469    2.174382716    0.3679012346   0.2878315636   
322      I1         0.625308642    1.766049383    2.586419753    0.5604938272   0.4407160494   0.7722222222   1.385802469    2.174382716    0.3679012346   0.1730824735   
323      I1         0.625308642    1.766049383    2.586419753    0.5604938272   0.3427160494   1.762222222    1.385802469    2.174382716    0.3679012346   0.16283753     
324      I1         0.625308642    1.766049383    2.586419753    0.5604938272   0.3427160494   0.7722222222   1.635802469    2.174382716    0.3679012346   0.1875272971   
325      I1         0.625308642    1.766049383    2.586419753    0.5604938272   0.3427160494   0.7722222222   1.385802469    2.299382716    0.3679012346   0.1515765663   
326      I1         0.455308642    1.766049383    2.586419753    0.5604938272   0.3427160494   0.7722222222   1.385802469    2.174382716    0.3679012346   0.1851380478   
327      I1         0.625308642    1.596049383    2.586419753    0.5604938272   0.3427160494   0.7722222222   1.385802469    2.174382716    0.3679012346   0.1766513556   
328      I1         0.625308642    1.766049383    2.586419753    0.4624938272   0.3427160494   0.7722222222   1.385802469    2.174382716    0.3679012346   0.2065263809   
329      I1         0.625308642    1.766049383    2.586419753    0.5604938272   0.2447160494   0.7722222222   1.385802469    2.174382716    0.3679012346   0.1482924178   
330      I1         0.625308642    1.766049383    2.586419753    0.5604938272   0.3427160494   0.7722222222   1.135802469    2.174382716    0.3679012346   0.3605001469   
331      I1         0.625308642    1.766049383    2.586419753    0.5604938272   0.3427160494   0.7722222222   1.385802469    2.049382716    0.3679012346   0.1568413784   
332      I1         0.625308642    1.766049383    2.586419753    0.5604938272   0.3427160494   0.7722222222   1.385802469    2.174382716    0.1679012346   0.2209968406   
333      I1         0.965308642    1.766049383    2.586419753    0.5604938272   0.3427160494   0.7722222222   1.385802469    2.174382716    0.3679012346   0.1349392735   
334      I1         0.795308642    1.936049383    2.586419753    0.5604938272   0.3427160494   0.7722222222   1.385802469    2.174382716    0.3679012346   0.1487371222   
335      I1         0.795308642    1.766049383    2.786419753    0.5604938272   0.3427160494   0.7722222222   1.385802469    2.174382716    0.3679012346   0.1414637822   
336      I1         0.795308642    1.766049383    2.586419753    0.6584938272   0.3427160494   0.7722222222   1.385802469    2.174382716    0.3679012346   0.2308429848   
337      I1         0.795308642    1.766049383    2.586419753    0.5604938272   0.4407160494   0.7722222222   1.385802469    2.174382716    0.3679012346   0.1476625686   
338      I1         0.795308642    1.766049383    2.586419753    0.5604938272   0.3427160494   1.762222222    1.385802469    2.174382716    0.3679012346   0.1675667148   
339      I1         0.795308642    1.766049383    2.586419753    0.5604938272   0.3427160494   0.7722222222   1.635802469    2.174382716    0.3679012346   0.2291213038   
340      I1         0.795308642    1.766049383    2.586419753    0.5604938272   0.3427160494   0.7722222222   1.385802469    2.299382716    0.3679012346   0.1508027564   
341      I1         0.795308642    1.596049383    2.586419753    0.5604938272   0.3427160494   0.7722222222   1.385802469    2.174382716    0.3679012346   0.1497661517   
342      I1         0.795308642    1.766049383    2.586419753    0.4624938272   0.3427160494   0.7722222222   1.385802469    2.174382716    0.3679012346   0.2185181487   
343      I1         0.795308642    1.766049383    2.586419753    0.5604938272   0.2447160494   0.7722222222   1.385802469    2.174382716    0.3679012346   0.1472159491   
344      I1         0.795308642    1.766049383    2.586419753    0.5604938272   0.3427160494   0.7722222222   1.135802469    2.174382716    0.3679012346   0.3842629689   
345      I1         0.795308642    1.766049383    2.586419753    0.5604938272   0.3427160494   0.7722222222   1.385802469    2.049382716    0.3679012346   0.1398628718   
346      I1         0.795308642    1.766049383    2.586419753    0.5604938272   0.3427160494   0.7722222222   1.385802469    2.174382716    0.1679012346   0.1741399268   
347      I1         0.880308642    1.766049383    2.586419753    0.5604938272   0.3427160494   0.7722222222   1.385802469    2.174382716    0.3679012346   0.1396271339   
348      I1         0.795308642    1.851049383    2.586419753    0.5604938272   0.3427160494   0.7722222222   1.385802469    2.174382716    0.3679012346   0.1444114017   
349      I1         0.795308642    1.766049383    2.686419753    0.5604938272   0.3427160494   0.7722222222   1.385802469    2.174382716    0.3679012346   0.1415512323   
350      I1         0.795308642    1.766049383    2.586419753    0.6094938272   0.3427160494   0.7722222222   1.385802469    2.174382716    0.3679012346   0.1705984074   
351      I1         0.795308642    1.766049383    2.586419753    0.5604938272   0.3917160494   0.7722222222   1.385802469    2.174382716    0.3679012346   0.1432781611   
352      I1         0.795308642    1.766049383    2.586419753    0.5604938272   0.3427160494   1.267222222    1.385802469    2.174382716    0.3679012346   0.153570937    
353      I1         0.795308642    1.766049383    2.586419753    0.5604938272   0.3427160494   0.7722222222   1.510802469    2.174382716    0.3679012346   0.188728673    
354      I1         0.795308642    1.766049383    2.586419753    0.5604938272   0.3427160494   0.7722222222   1.385802469    2.236882716    0.3679012346   0.145599317    
355      I1         0.795308642    1.766049383    2.586419753    0.5604938272   0.3427160494   0.7722222222   1.385802469    2.174382716    0.4679012346   0.1624414016   
356      I1         0.710308642    1.766049383    2.586419753    0.5604938272   0.3427160494   0.7722222222   1.385802469    2.174382716    0.3679012346   0.1465313643   
357      I1         0.795308642    1.681049383    2.586419753    0.5604938272   0.3427160494   0.7722222222   1.385802469    2.174382716    0.3679012346   0.1437301522   
358      I1         0.795308642    1.766049383    2.586419753    0.5114938272   0.3427160494   0.7722222222   1.385802469    2.174382716    0.3679012346   0.1733500238   
359      I1         0.795308642    1.766049383    2.586419753    0.5604938272   0.2937160494   0.7722222222   1.385802469    2.174382716    0.3679012346   0.1434968635   
360      I1         0.795308642    1.766049383    2.586419753    0.5604938272   0.3427160494   0.2772222222   1.385802469    2.174382716    0.3679012346   0.1631332558   
361      I1         0.795308642    1.766049383    2.586419753    0.5604938272   0.3427160494   0.7722222222   1.260802469    2.174382716    0.3679012346   0.2060302182   
362      I1         0.795308642    1.766049383    2.586419753    0.5604938272   0.3427160494   0.7722222222   1.385802469    2.111882716    0.3679012346   0.1404292308   
363      I1         0.795308642    1.766049383    2.586419753    0.5604938272   0.3427160494   0.7722222222   1.385802469    2.174382716    0.2679012346   0.1467824269   
364      I1         0.837808642    1.766049383    2.586419753    0.5604938272   0.3427160494   0.7722222222   1.385802469    2.174382716    0.3679012346   0.1407166448   
365      I1         0.795308642    1.808549383    2.586419753    0.5604938272   0.3427160494   0.7722222222   1.385802469    2.174382716    0.3679012346   0.1427326677   
366      I1         0.795308642    1.766049383    2.636419753    0.5604938272   0.3427160494   0.7722222222   1.385802469    2.174382716    0.3679012346   0.1416817176   
367      I1         0.795308642    1.766049383    2.586419753    0.5849938272   0.3427160494   0.7722222222   1.385802469    2.174382716    0.3679012346   0.1499608521   
368      I1         0.795308642    1.766049383    2.586419753    0.5604938272   0.3672160494   0.7722222222   1.385802469    2.174382716    0.3679012346   0.1421637031   
369      I1         0.795308642    1.766049383    2.586419753    0.5604938272   0.3427160494   1.019722222    1.385802469    2.174382716    0.3679012346   0.1436436067   
370      I1         0.795308642    1.766049383    2.586419753    0.5604938272   0.3427160494   0.7722222222   1.448302469    2.174382716    0.3679012346   0.1615982194   
371      I1         0.795308642    1.766049383    2.586419753    0.5604938272   0.3427160494   0.7722222222   1.385802469    2.205632716    0.3679012346   0.143719608    
372      I1         0.795308642    1.766049383    2.586419753    0.5604938272   0.3427160494   0.7722222222   1.385802469    2.174382716    0.4179012346   0.1498306528   
373      I1         0.752808642    1.766049383    2.586419753    0.5604938272   0.3427160494   0.7722222222   1.385802469    2.174382716    0.3679012346   0.1433659347   
374      I1         0.795308642    1.723549383    2.586419753    0.5604938272   0.3427160494   0.7722222222   1.385802469    2.174382716    0.3679012346   0.1421597146   
375      I1         0.795308642    1.766049383    2.536419753    0.5604938272   0.3427160494   0.7722222222   1.385802469    2.174382716    0.3679012346   0.1420865444   
376      I1         0.795308642    1.766049383    2.586419753    0.5359938272   0.3427160494   0.7722222222   1.385802469    2.174382716    0.3679012346   0.1537208814   
377      I1         0.795308642    1.766049383    2.586419753    0.5604938272   0.3182160494   0.7722222222   1.385802469    2.174382716    0.3679012346   0.1423440576   
378      I1         0.795308642    1.766049383    2.586419753    0.5604938272   0.3427160494   0.5247222222   1.385802469    2.174382716    0.3679012346   0.1475633198   
379      I1         0.795308642    1.766049383    2.586419753    0.5604938272   0.3427160494   0.7722222222   1.323302469    2.174382716    0.3679012346   0.1540953437   
380      I1         0.795308642    1.766049383    2.586419753    0.5604938272   0.3427160494   0.7722222222   1.385802469    2.143132716    0.3679012346   0.1412589032   
381      I1         0.795308642    1.766049383    2.586419753    0.5604938272   0.3427160494   0.7722222222   1.385802469    2.174382716    0.3179012346   0.1406545735   
382      I1         0.837808642    1.766049383    2.586419753    0.5604938272   0.3427160494   0.7722222222   1.385802469    2.174382716    0.3179012346   0.1371870879   
383      I1         0.795308642    1.808549383    2.586419753    0.5604938272   0.3427160494   0.7722222222   1.385802469    2.174382716    0.3179012346   0.139251361    
384      I1         0.795308642    1.766049383    2.636419753    0.5604938272   0.3427160494   0.7722222222   1.385802469    2.174382716    0.3179012346   0.1406340274   
385      I1         0.795308642    1.766049383    2.586419753    0.5849938272   0.3427160494   0.7722222222   1.385802469    2.174382716    0.3179012346   0.1564613165   
386      I1         0.795308642    1.766049383    2.586419753    0.5604938272   0.3672160494   0.7722222222   1.385802469    2.174382716    0.3179012346   0.1427427664   
387      I1         0.795308642    1.766049383    2.586419753    0.5604938272   0.3427160494   1.019722222    1.385802469    2.174382716    0.3179012346   0.1395895109   
388      I1         0.795308642    1.766049383    2.586419753    0.5604938272   0.3427160494   0.7722222222   1.448302469    2.174382716    0.3179012346   0.1519739466   
389      I1         0.795308642    1.766049383    2.586419753    0.5604938272   0.3427160494   0.7722222222   1.385802469    2.205632716    0.3179012346   0.1403313342   
390      I1         0.752808642    1.766049383    2.586419753    0.5604938272   0.3427160494   0.7722222222   1.385802469    2.174382716    0.3179012346   0.145318876    
391      I1         0.795308642    1.723549383    2.586419753    0.5604938272   0.3427160494   0.7722222222   1.385802469    2.174382716    0.3179012346   0.1431846703   
392      I1         0.795308642    1.766049383    2.536419753    0.5604938272   0.3427160494   0.7722222222   1.385802469    2.174382716    0.3179012346   0.1407554275   
393      I1         0.795308642    1.766049383    2.586419753    0.5359938272   0.3427160494   0.7722222222   1.385802469    2.174382716    0.3179012346   0.1455175377   
394      I1         0.795308642    1.766049383    2.586419753    0.5604938272   0.3182160494   0.7722222222   1.385802469    2.174382716    0.3179012346   0.1392949086   
395      I1         0.795308642    1.766049383    2.586419753    0.5604938272   0.3427160494   0.5247222222   1.385802469    2.174382716    0.3179012346   0.1504260647   
396      I1         0.795308642    1.766049383    2.586419753    0.5604938272   0.3427160494   0.7722222222   1.323302469    2.174382716    0.3179012346   0.1672375751   
397      I1         0.795308642    1.766049383    2.586419753    0.5604938272   0.3427160494   0.7722222222   1.385802469    2.143132716    0.3179012346   0.1404193189   
398      I1         0.795308642    1.766049383    2.586419753    0.5604938272   0.3427160494   0.7722222222   1.385802469    2.174382716    0.2679012346   0.1467824269   
399      I1         0.880308642    1.766049383    2.586419753    0.5604938272   0.3427160494   0.7722222222   1.385802469    2.174382716    0.3179012346   0.1346894032   
400      I1         0.837808642    1.808549383    2.586419753    0.5604938272   0.3427160494   0.7722222222   1.385802469    2.174382716    0.3179012346   0.1370950994   
401      I1         0.837808642    1.766049383    2.636419753    0.5604938272   0.3427160494   0.7722222222   1.385802469    2.174382716    0.3179012346   0.1370948016   
402      I1         0.837808642    1.766049383    2.586419753    0.5849938272   0.3427160494   0.7722222222   1.385802469    2.174382716    0.3179012346   0.1494414296   
403      I1         0.837808642    1.766049383    2.586419753    0.5604938272   0.3672160494   0.7722222222   1.385802469    2.174382716    0.3179012346   0.1383910947   
404      I1         0.837808642    1.766049383    2.586419753    0.5604938272   0.3427160494   1.019722222    1.385802469    2.174382716    0.3179012346   0.1379738996   
405      I1         0.837808642    1.766049383    2.586419753    0.5604938272   0.3427160494   0.7722222222   1.448302469    2.174382716    0.3179012346   0.1566577545   
406      I1         0.837808642    1.766049383    2.586419753    0.5604938272   0.3427160494   0.7722222222   1.385802469    2.205632716    0.3179012346   0.1381407452   
407      I1         0.837808642    1.723549383    2.586419753    0.5604938272   0.3427160494   0.7722222222   1.385802469    2.174382716    0.3179012346   0.1386310777   
408      I1         0.837808642    1.766049383    2.536419753    0.5604938272   0.3427160494   0.7722222222   1.385802469    2.174382716    0.3179012346   0.1373407107   
409      I1         0.837808642    1.766049383    2.586419753    0.5359938272   0.3427160494   0.7722222222   1.385802469    2.174382716    0.3179012346   0.1462787365   
410      I1         0.837808642    1.766049383    2.586419753    0.5604938272   0.3182160494   0.7722222222   1.385802469    2.174382716    0.3179012346   0.13687505     
411      I1         0.837808642    1.766049383    2.586419753    0.5604938272   0.3427160494   0.5247222222   1.385802469    2.174382716    0.3179012346   0.1454380539   
412      I1         0.837808642    1.766049383    2.586419753    0.5604938272   0.3427160494   0.7722222222   1.323302469    2.174382716    0.3179012346   0.1640772653   
413      I1         0.837808642    1.766049383    2.586419753    0.5604938272   0.3427160494   0.7722222222   1.385802469    2.143132716    0.3179012346   0.1367951794   
414      I1         0.837808642    1.766049383    2.586419753    0.5604938272   0.3427160494   0.7722222222   1.385802469    2.174382716    0.2679012346   0.141106717    
415      I1         0.922808642    1.766049383    2.586419753    0.5604938272   0.3427160494   0.7722222222   1.385802469    2.174382716    0.3179012346   0.1325927994   
416      I1         0.880308642    1.808549383    2.586419753    0.5604938272   0.3427160494   0.7722222222   1.385802469    2.174382716    0.3179012346   0.1356556438   
417      I1         0.880308642    1.766049383    2.636419753    0.5604938272   0.3427160494   0.7722222222   1.385802469    2.174382716    0.3179012346   0.1345184125   
418      I1         0.880308642    1.766049383    2.586419753    0.5849938272   0.3427160494   0.7722222222   1.385802469    2.174382716    0.3179012346   0.1433310111   
419      I1         0.880308642    1.766049383    2.586419753    0.5604938272   0.3672160494   0.7722222222   1.385802469    2.174382716    0.3179012346   0.1350097395   
420      I1         0.880308642    1.766049383    2.586419753    0.5604938272   0.3427160494   1.019722222    1.385802469    2.174382716    0.3179012346   0.1368603666   
421      I1         0.880308642    1.766049383    2.586419753    0.5604938272   0.3427160494   0.7722222222   1.448302469    2.174382716    0.3179012346   0.1612629747   
422      I1         0.880308642    1.766049383    2.586419753    0.5604938272   0.3427160494   0.7722222222   1.385802469    2.205632716    0.3179012346   0.1366196207   
423      I1         0.880308642    1.723549383    2.586419753    0.5604938272   0.3427160494   0.7722222222   1.385802469    2.174382716    0.3179012346   0.1350255032   
424      I1         0.880308642    1.766049383    2.536419753    0.5604938272   0.3427160494   0.7722222222   1.385802469    2.174382716    0.3179012346   0.134905917    
425      I1         0.880308642    1.766049383    2.586419753    0.5359938272   0.3427160494   0.7722222222   1.385802469    2.174382716    0.3179012346   0.1463512279   
426      I1         0.880308642    1.766049383    2.586419753    0.5604938272   0.3182160494   0.7722222222   1.385802469    2.174382716    0.3179012346   0.1352409638   
427      I1         0.880308642    1.766049383    2.586419753    0.5604938272   0.3427160494   0.5247222222   1.385802469    2.174382716    0.3179012346   0.1411525708   
428      I1         0.880308642    1.766049383    2.586419753    0.5604938272   0.3427160494   0.7722222222   1.323302469    2.174382716    0.3179012346   0.162809239    
429      I1         0.880308642    1.766049383    2.586419753    0.5604938272   0.3427160494   0.7722222222   1.385802469    2.143132716    0.3179012346   0.1341089496   
430      I1         0.880308642    1.766049383    2.586419753    0.5604938272   0.3427160494   0.7722222222   1.385802469    2.174382716    0.2679012346   0.1367083794   
431      I1         0.965308642    1.766049383    2.586419753    0.5604938272   0.3427160494   0.7722222222   1.385802469    2.174382716    0.3179012346   0.1304346863   
432      I1         0.922808642    1.808549383    2.586419753    0.5604938272   0.3427160494   0.7722222222   1.385802469    2.174382716    0.3179012346   0.1339721844   
433      I1         0.922808642    1.766049383    2.636419753    0.5604938272   0.3427160494   0.7722222222   1.385802469    2.174382716    0.3179012346   0.1323814092   
434      I1         0.922808642    1.766049383    2.586419753    0.5849938272   0.3427160494   0.7722222222   1.385802469    2.174382716    0.3179012346   0.1393620932   
435      I1         0.922808642    1.766049383    2.586419753    0.5604938272   0.3672160494   0.7722222222   1.385802469    2.174382716    0.3179012346   0.132508473    
436      I1         0.922808642    1.766049383    2.586419753    0.5604938272   0.3427160494   1.019722222    1.385802469    2.174382716    0.3179012346   0.1359199093   
437      I1         0.922808642    1.766049383    2.586419753    0.5604938272   0.3427160494   0.7722222222   1.448302469    2.174382716    0.3179012346   0.1653651975   
438      I1         0.922808642    1.766049383    2.586419753    0.5604938272   0.3427160494   0.7722222222   1.385802469    2.205632716    0.3179012346   0.1348534165   
439      I1         0.922808642    1.766049383    2.586419753    0.5604938272   0.3427160494   0.7722222222   1.385802469    2.174382716    0.3679012346   0.1377097233   
440      I1         0.922808642    1.723549383    2.586419753    0.5604938272   0.3427160494   0.7722222222   1.385802469    2.174382716    0.3179012346   0.132418071    
441      I1         0.922808642    1.766049383    2.536419753    0.5604938272   0.3427160494   0.7722222222   1.385802469    2.174382716    0.3179012346   0.1328443778   
442      I1         0.922808642    1.766049383    2.586419753    0.5359938272   0.3427160494   0.7722222222   1.385802469    2.174382716    0.3179012346   0.1448887799   
443      I1         0.922808642    1.766049383    2.586419753    0.5604938272   0.3182160494   0.7722222222   1.385802469    2.174382716    0.3179012346   0.1334836476   
444      I1         0.922808642    1.766049383    2.586419753    0.5604938272   0.3427160494   0.5247222222   1.385802469    2.174382716    0.3179012346   0.13855314     
445      I1         0.922808642    1.766049383    2.586419753    0.5604938272   0.3427160494   0.7722222222   1.323302469    2.174382716    0.3179012346   0.1643032638   
446      I1         0.922808642    1.766049383    2.586419753    0.5604938272   0.3427160494   0.7722222222   1.385802469    2.143132716    0.3179012346   0.131931514    
447      I1         0.922808642    1.766049383    2.586419753    0.5604938272   0.3427160494   0.7722222222   1.385802469    2.174382716    0.2679012346   0.1341640345   
448      I1         1.050308642    1.766049383    2.586419753    0.5604938272   0.3427160494   0.7722222222   1.385802469    2.174382716    0.3179012346   0.1276827607   
449      I1         0.965308642    1.851049383    2.586419753    0.5604938272   0.3427160494   0.7722222222   1.385802469    2.174382716    0.3179012346   0.1338576853   
450      I1         0.965308642    1.766049383    2.686419753    0.5604938272   0.3427160494   0.7722222222   1.385802469    2.174382716    0.3179012346   0.1300623069   
451      I1         0.965308642    1.766049383    2.586419753    0.6094938272   0.3427160494   0.7722222222   1.385802469    2.174382716    0.3179012346   0.1557197845   
452      I1         0.965308642    1.766049383    2.586419753    0.5604938272   0.3917160494   0.7722222222   1.385802469    2.174382716    0.3179012346   0.1312200306   
453      I1         0.965308642    1.766049383    2.586419753    0.5604938272   0.3427160494   1.267222222    1.385802469    2.174382716    0.3179012346   0.1441543658   
454      I1         0.965308642    1.766049383    2.586419753    0.5604938272   0.3427160494   0.7722222222   1.510802469    2.174382716    0.3179012346   0.207971529    
455      I1         0.965308642    1.766049383    2.586419753    0.5604938272   0.3427160494   0.7722222222   1.385802469    2.236882716    0.3179012346   0.13503664     
456      I1         0.965308642    1.766049383    2.586419753    0.5604938272   0.3427160494   0.7722222222   1.385802469    2.174382716    0.4179012346   0.1445191614   
457      I1         0.965308642    1.681049383    2.586419753    0.5604938272   0.3427160494   0.7722222222   1.385802469    2.174382716    0.3179012346   0.1316595751   
458      I1         0.965308642    1.766049383    2.586419753    0.5114938272   0.3427160494   0.7722222222   1.385802469    2.174382716    0.3179012346   0.1592335277   
459      I1         0.965308642    1.766049383    2.586419753    0.5604938272   0.2937160494   0.7722222222   1.385802469    2.174382716    0.3179012346   0.1328055421   
460      I1         0.965308642    1.766049383    2.586419753    0.5604938272   0.3427160494   0.2772222222   1.385802469    2.174382716    0.3179012346   0.1606454672   
461      I1         0.965308642    1.766049383    2.586419753    0.5604938272   0.3427160494   0.7722222222   1.260802469    2.174382716    0.3179012346   0.2555467491   
462      I1         0.965308642    1.766049383    2.586419753    0.5604938272   0.3427160494   0.7722222222   1.385802469    2.111882716    0.3179012346   0.1292696399   
463      I1         0.965308642    1.766049383    2.586419753    0.5604938272   0.3427160494   0.7722222222   1.385802469    2.174382716    0.2179012346   0.1434212397   
464      I1         1.135308642    1.766049383    2.586419753    0.5604938272   0.3427160494   0.7722222222   1.385802469    2.174382716    0.3179012346   0.1347770069   
465      I1         1.050308642    1.851049383    2.586419753    0.5604938272   0.3427160494   0.7722222222   1.385802469    2.174382716    0.3179012346   0.1293500887   
466      I1         1.050308642    1.766049383    2.686419753    0.5604938272   0.3427160494   0.7722222222   1.385802469    2.174382716    0.3179012346   0.1276728146   
467      I1         1.050308642    1.766049383    2.586419753    0.6094938272   0.3427160494   0.7722222222   1.385802469    2.174382716    0.3179012346   0.1565697228   
468      I1         1.050308642    1.766049383    2.586419753    0.5604938272   0.3917160494   0.7722222222   1.385802469    2.174382716    0.3179012346   0.1308436702   
469      I1         1.050308642    1.766049383    2.586419753    0.5604938272   0.3427160494   1.267222222    1.385802469    2.174382716    0.3179012346   0.139254052    
470      I1         1.050308642    1.766049383    2.586419753    0.5604938272   0.3427160494   0.7722222222   1.510802469    2.174382716    0.3179012346   0.2186922107   
471      I1         1.050308642    1.766049383    2.586419753    0.5604938272   0.3427160494   0.7722222222   1.385802469    2.236882716    0.3179012346   0.1308859728   
472      I1         1.050308642    1.766049383    2.586419753    0.5604938272   0.3427160494   0.7722222222   1.385802469    2.174382716    0.4179012346   0.1363599681   
473      I1         1.050308642    1.681049383    2.586419753    0.5604938272   0.3427160494   0.7722222222   1.385802469    2.174382716    0.3179012346   0.1319938599   
474      I1         1.050308642    1.766049383    2.586419753    0.5114938272   0.3427160494   0.7722222222   1.385802469    2.174382716    0.3179012346   0.1508361883   
475      I1         1.050308642    1.766049383    2.586419753    0.5604938272   0.2937160494   0.7722222222   1.385802469    2.174382716    0.3179012346   0.1284761472   
476      I1         1.050308642    1.766049383    2.586419753    0.5604938272   0.3427160494   0.2772222222   1.385802469    2.174382716    0.3179012346   0.1685418999   
477      I1         1.050308642    1.766049383    2.586419753    0.5604938272   0.3427160494   0.7722222222   1.260802469    2.174382716    0.3179012346   0.2820301995   
478      I1         1.050308642    1.766049383    2.586419753    0.5604938272   0.3427160494   0.7722222222   1.385802469    2.111882716    0.3179012346   0.1264229478   
479      I1         1.050308642    1.766049383    2.586419753    0.5604938272   0.3427160494   0.7722222222   1.385802469    2.174382716    0.2179012346   0.1515376122   
480      I1         1.092808642    1.766049383    2.586419753    0.5604938272   0.3427160494   0.7722222222   1.385802469    2.174382716    0.3179012346   0.129283898    
481      I1         1.050308642    1.808549383    2.586419753    0.5604938272   0.3427160494   0.7722222222   1.385802469    2.174382716    0.3179012346   0.1279380759   
482      I1         1.050308642    1.766049383    2.636419753    0.5604938272   0.3427160494   0.7722222222   1.385802469    2.174382716    0.3179012346   0.1276498551   
483      I1         1.050308642    1.766049383    2.586419753    0.5849938272   0.3427160494   0.7722222222   1.385802469    2.174382716    0.3179012346   0.1384739658   
484      I1         1.050308642    1.766049383    2.586419753    0.5604938272   0.3672160494   0.7722222222   1.385802469    2.174382716    0.3179012346   0.1288290129   
485      I1         1.050308642    1.766049383    2.586419753    0.5604938272   0.3427160494   1.019722222    1.385802469    2.174382716    0.3179012346   0.1295590211   
486      I1         1.050308642    1.766049383    2.586419753    0.5604938272   0.3427160494   0.7722222222   1.448302469    2.174382716    0.3179012346   0.1657333533   
487      I1         1.050308642    1.766049383    2.586419753    0.5604938272   0.3427160494   0.7722222222   1.385802469    2.205632716    0.3179012346   0.1289508101   
488      I1         1.050308642    1.766049383    2.586419753    0.5604938272   0.3427160494   0.7722222222   1.385802469    2.174382716    0.3679012346   0.1288727696   
489      I1         1.007808642    1.766049383    2.586419753    0.5604938272   0.3427160494   0.7722222222   1.385802469    2.174382716    0.3179012346   0.1285494512   
490      I1         1.050308642    1.723549383    2.586419753    0.5604938272   0.3427160494   0.7722222222   1.385802469    2.174382716    0.3179012346   0.1291776838   
491      I1         1.050308642    1.766049383    2.536419753    0.5604938272   0.3427160494   0.7722222222   1.385802469    2.174382716    0.3179012346   0.1277759625   
492      I1         1.050308642    1.766049383    2.586419753    0.5359938272   0.3427160494   0.7722222222   1.385802469    2.174382716    0.3179012346   0.1364487087   
493      I1         1.050308642    1.766049383    2.586419753    0.5604938272   0.3182160494   0.7722222222   1.385802469    2.174382716    0.3179012346   0.127622371    
494      I1         1.050308642    1.766049383    2.586419753    0.5604938272   0.3427160494   0.5247222222   1.385802469    2.174382716    0.3179012346   0.1395049619   
495      I1         1.050308642    1.766049383    2.586419753    0.5604938272   0.3427160494   0.7722222222   1.323302469    2.174382716    0.3179012346   0.184794706    
496      I1         1.050308642    1.766049383    2.586419753    0.5604938272   0.3427160494   0.7722222222   1.385802469    2.143132716    0.3179012346   0.1273751865   
497      I1         1.050308642    1.766049383    2.586419753    0.5604938272   0.3427160494   0.7722222222   1.385802469    2.174382716    0.2679012346   0.1357440815   
498      I1         1.071558642    1.766049383    2.586419753    0.5604938272   0.3427160494   0.7722222222   1.385802469    2.174382716    0.3179012346   0.1280211117   
499      I1         1.050308642    1.787299383    2.586419753    0.5604938272   0.3427160494   0.7722222222   1.385802469    2.174382716    0.3179012346   0.1276084527   
500      I1         1.050308642    1.766049383    2.611419753    0.5604938272   0.3427160494   0.7722222222   1.385802469    2.174382716    0.3179012346   0.1276590038   
501      I1         1.050308642    1.766049383    2.586419753    0.5727438272   0.3427160494   0.7722222222   1.385802469    2.174382716    0.3179012346   0.131438419    
502      I1         1.050308642    1.766049383    2.586419753    0.5604938272   0.3549660494   0.7722222222   1.385802469    2.174382716    0.3179012346   0.128127101    
503      I1         1.050308642    1.766049383    2.586419753    0.5604938272   0.3427160494   0.8959722222   1.385802469    2.174382716    0.3179012346   0.1272093661   
504      I1         1.050308642    1.766049383    2.586419753    0.5604938272   0.3427160494   0.7722222222   1.417052469    2.174382716    0.3179012346   0.1418743986   
505      I1         1.050308642    1.766049383    2.586419753    0.5604938272   0.3427160494   0.7722222222   1.385802469    2.190007716    0.3179012346   0.1279754318   
506      I1         1.050308642    1.766049383    2.586419753    0.5604938272   0.3427160494   0.7722222222   1.385802469    2.174382716    0.3429012346   0.1273327858   
507      I1         1.029058642    1.766049383    2.586419753    0.5604938272   0.3427160494   0.7722222222   1.385802469    2.174382716    0.3179012346   0.1279414143   
508      I1         1.050308642    1.744799383    2.586419753    0.5604938272   0.3427160494   0.7722222222   1.385802469    2.174382716    0.3179012346   0.1282175587   
509      I1         1.050308642    1.766049383    2.561419753    0.5604938272   0.3427160494   0.7722222222   1.385802469    2.174382716    0.3179012346   0.1277216431   
510      I1         1.050308642    1.766049383    2.586419753    0.5482438272   0.3427160494   0.7722222222   1.385802469    2.174382716    0.3179012346   0.1304894542   
511      I1         1.050308642    1.766049383    2.586419753    0.5604938272   0.3304660494   0.7722222222   1.385802469    2.174382716    0.3179012346   0.1275178284   
512      I1         1.050308642    1.766049383    2.586419753    0.5604938272   0.3427160494   0.6484722222   1.385802469    2.174382716    0.3179012346   0.131325453    
513      I1         1.050308642    1.766049383    2.586419753    0.5604938272   0.3427160494   0.7722222222   1.354552469    2.174382716    0.3179012346   0.1483729164   
514      I1         1.050308642    1.766049383    2.586419753    0.5604938272   0.3427160494   0.7722222222   1.385802469    2.158757716    0.3179012346   0.1276889378   
515      I1         1.050308642    1.766049383    2.586419753    0.5604938272   0.3427160494   0.7722222222   1.385802469    2.174382716    0.2929012346   0.1304432192   
516      I1         1.071558642    1.766049383    2.586419753    0.5604938272   0.3427160494   0.8959722222   1.385802469    2.174382716    0.3179012346   0.1267382497   
517      I1         1.050308642    1.787299383    2.586419753    0.5604938272   0.3427160494   0.8959722222   1.385802469    2.174382716    0.3179012346   0.1278444448   
518      I1         1.050308642    1.766049383    2.611419753    0.5604938272   0.3427160494   0.8959722222   1.385802469    2.174382716    0.3179012346   0.1270909213   
519      I1         1.050308642    1.766049383    2.586419753    0.5727438272   0.3427160494   0.8959722222   1.385802469    2.174382716    0.3179012346   0.1282117578   
520      I1         1.050308642    1.766049383    2.586419753    0.5604938272   0.3549660494   0.8959722222   1.385802469    2.174382716    0.3179012346   0.1270347351   
521      I1         1.050308642    1.766049383    2.586419753    0.5604938272   0.3427160494   0.8959722222   1.417052469    2.174382716    0.3179012346   0.1436404176   
522      I1         1.050308642    1.766049383    2.586419753    0.5604938272   0.3427160494   0.8959722222   1.385802469    2.190007716    0.3179012346   0.1290074163   
523      I1         1.050308642    1.766049383    2.586419753    0.5604938272   0.3427160494   0.8959722222   1.385802469    2.174382716    0.3429012346   0.1275362078   
524      I1         1.029058642    1.766049383    2.586419753    0.5604938272   0.3427160494   0.8959722222   1.385802469    2.174382716    0.3179012346   0.1279521469   
525      I1         1.050308642    1.744799383    2.586419753    0.5604938272   0.3427160494   0.8959722222   1.385802469    2.174382716    0.3179012346   0.1269188131   
526      I1         1.050308642    1.766049383    2.561419753    0.5604938272   0.3427160494   0.8959722222   1.385802469    2.174382716    0.3179012346   0.1273399625   
527      I1         1.050308642    1.766049383    2.586419753    0.5482438272   0.3427160494   0.8959722222   1.385802469    2.174382716    0.3179012346   0.1319160021   
528      I1         1.050308642    1.766049383    2.586419753    0.5604938272   0.3304660494   0.8959722222   1.385802469    2.174382716    0.3179012346   0.1276049821   
529      I1         1.050308642    1.766049383    2.586419753    0.5604938272   0.3427160494   0.8959722222   1.354552469    2.174382716    0.3179012346   0.1441932092   
530      I1         1.050308642    1.766049383    2.586419753    0.5604938272   0.3427160494   0.8959722222   1.385802469    2.158757716    0.3179012346   0.127043607    
531      I1         1.050308642    1.766049383    2.586419753    0.5604938272   0.3427160494   0.8959722222   1.385802469    2.174382716    0.2929012346   0.1287864143   
532      I1         1.092808642    1.766049383    2.586419753    0.5604938272   0.3427160494   0.8959722222   1.385802469    2.174382716    0.3179012346   0.1269143486   
533      I1         1.071558642    1.787299383    2.586419753    0.5604938272   0.3427160494   0.8959722222   1.385802469    2.174382716    0.3179012346   0.1270841927   
534      I1         1.071558642    1.766049383    2.611419753    0.5604938272   0.3427160494   0.8959722222   1.385802469    2.174382716    0.3179012346   0.1266610809   
535      I1         1.071558642    1.766049383    2.586419753    0.5727438272   0.3427160494   0.8959722222   1.385802469    2.174382716    0.3179012346   0.1293820082   
536      I1         1.071558642    1.766049383    2.586419753    0.5604938272   0.3549660494   0.8959722222   1.385802469    2.174382716    0.3179012346   0.1268680254   
537      I1         1.071558642    1.766049383    2.586419753    0.5604938272   0.3427160494   1.019722222    1.385802469    2.174382716    0.3179012346   0.128709547    
538      I1         1.071558642    1.766049383    2.586419753    0.5604938272   0.3427160494   0.8959722222   1.417052469    2.174382716    0.3179012346   0.1424201423   
539      I1         1.071558642    1.766049383    2.586419753    0.5604938272   0.3427160494   0.8959722222   1.385802469    2.190007716    0.3179012346   0.1282025233   
540      I1         1.071558642    1.766049383    2.586419753    0.5604938272   0.3427160494   0.8959722222   1.385802469    2.174382716    0.3429012346   0.1264004064   
541      I1         1.071558642    1.744799383    2.586419753    0.5604938272   0.3427160494   0.8959722222   1.385802469    2.174382716    0.3179012346   0.1268621218   
542      I1         1.071558642    1.766049383    2.561419753    0.5604938272   0.3427160494   0.8959722222   1.385802469    2.174382716    0.3179012346   0.1268305639   
543      I1         1.071558642    1.766049383    2.586419753    0.5482438272   0.3427160494   0.8959722222   1.385802469    2.174382716    0.3179012346   0.130705128    
544      I1         1.071558642    1.766049383    2.586419753    0.5604938272   0.3304660494   0.8959722222   1.385802469    2.174382716    0.3179012346   0.1268985661   
545      I1         1.071558642    1.766049383    2.586419753    0.5604938272   0.3427160494   0.8959722222   1.354552469    2.174382716    0.3179012346   0.1477107428   
546      I1         1.071558642    1.766049383    2.586419753    0.5604938272   0.3427160494   0.8959722222   1.385802469    2.158757716    0.3179012346   0.1266508355   
547      I1         1.071558642    1.766049383    2.586419753    0.5604938272   0.3427160494   0.8959722222   1.385802469    2.174382716    0.2929012346   0.1294545222   
548      I1         1.092808642    1.766049383    2.586419753    0.5604938272   0.3427160494   0.8959722222   1.385802469    2.174382716    0.3429012346   0.1256427006   
549      I1         1.071558642    1.787299383    2.586419753    0.5604938272   0.3427160494   0.8959722222   1.385802469    2.174382716    0.3429012346   0.1271465817   
550      I1         1.071558642    1.766049383    2.611419753    0.5604938272   0.3427160494   0.8959722222   1.385802469    2.174382716    0.3429012346   0.1262588855   
551      I1         1.071558642    1.766049383    2.586419753    0.5727438272   0.3427160494   0.8959722222   1.385802469    2.174382716    0.3429012346   0.1260812856   
552      I1         1.071558642    1.766049383    2.586419753    0.5604938272   0.3549660494   0.8959722222   1.385802469    2.174382716    0.3429012346   0.126080945    
553      I1         1.071558642    1.766049383    2.586419753    0.5604938272   0.3427160494   1.019722222    1.385802469    2.174382716    0.3429012346   0.1287231839   
554      I1         1.071558642    1.766049383    2.586419753    0.5604938272   0.3427160494   0.8959722222   1.417052469    2.174382716    0.3429012346   0.1447632101   
555      I1         1.071558642    1.766049383    2.586419753    0.5604938272   0.3427160494   0.8959722222   1.385802469    2.190007716    0.3429012346   0.128316063    
556      I1         1.071558642    1.766049383    2.586419753    0.5604938272   0.3427160494   0.8959722222   1.385802469    2.174382716    0.3679012346   0.1278175715   
557      I1         1.071558642    1.744799383    2.586419753    0.5604938272   0.3427160494   0.8959722222   1.385802469    2.174382716    0.3429012346   0.1259073073   
558      I1         1.071558642    1.766049383    2.561419753    0.5604938272   0.3427160494   0.8959722222   1.385802469    2.174382716    0.3429012346   0.1265532757   
559      I1         1.071558642    1.766049383    2.586419753    0.5482438272   0.3427160494   0.8959722222   1.385802469    2.174382716    0.3429012346   0.1312871253   
560      I1         1.071558642    1.766049383    2.586419753    0.5604938272   0.3304660494   0.8959722222   1.385802469    2.174382716    0.3429012346   0.1268851126   
561      I1         1.071558642    1.766049383    2.586419753    0.5604938272   0.3427160494   0.7722222222   1.385802469    2.174382716    0.3429012346   0.1266669418   
562      I1         1.071558642    1.766049383    2.586419753    0.5604938272   0.3427160494   0.8959722222   1.354552469    2.174382716    0.3429012346   0.1399687704   
563      I1         1.071558642    1.766049383    2.586419753    0.5604938272   0.3427160494   0.8959722222   1.385802469    2.158757716    0.3429012346   0.1262038791   
564      I1         1.114058642    1.766049383    2.586419753    0.5604938272   0.3427160494   0.8959722222   1.385802469    2.174382716    0.3429012346   0.1253711836   
565      I1         1.092808642    1.787299383    2.586419753    0.5604938272   0.3427160494   0.8959722222   1.385802469    2.174382716    0.3429012346   0.126163496    
566      I1         1.092808642    1.766049383    2.611419753    0.5604938272   0.3427160494   0.8959722222   1.385802469    2.174382716    0.3429012346   0.125533161    
567      I1         1.092808642    1.766049383    2.586419753    0.5727438272   0.3427160494   0.8959722222   1.385802469    2.174382716    0.3429012346   0.1268688219   
568      I1         1.092808642    1.766049383    2.586419753    0.5604938272   0.3549660494   0.8959722222   1.385802469    2.174382716    0.3429012346   0.1255582002   
569      I1         1.092808642    1.766049383    2.586419753    0.5604938272   0.3427160494   1.019722222    1.385802469    2.174382716    0.3429012346   0.1277044284   
570      I1         1.092808642    1.766049383    2.586419753    0.5604938272   0.3427160494   0.8959722222   1.417052469    2.174382716    0.3429012346   0.143194267    
571      I1         1.092808642    1.766049383    2.586419753    0.5604938272   0.3427160494   0.8959722222   1.385802469    2.190007716    0.3429012346   0.1273016846   
572      I1         1.092808642    1.766049383    2.586419753    0.5604938272   0.3427160494   0.8959722222   1.385802469    2.174382716    0.3679012346   0.1264708588   
573      I1         1.092808642    1.744799383    2.586419753    0.5604938272   0.3427160494   0.8959722222   1.385802469    2.174382716    0.3429012346   0.1254739262   
574      I1         1.092808642    1.766049383    2.561419753    0.5604938272   0.3427160494   0.8959722222   1.385802469    2.174382716    0.3429012346   0.1257658803   
575      I1         1.092808642    1.766049383    2.586419753    0.5482438272   0.3427160494   0.8959722222   1.385802469    2.174382716    0.3429012346   0.1298992352   
576      I1         1.092808642    1.766049383    2.586419753    0.5604938272   0.3304660494   0.8959722222   1.385802469    2.174382716    0.3429012346   0.1259459515   
577      I1         1.092808642    1.766049383    2.586419753    0.5604938272   0.3427160494   0.7722222222   1.385802469    2.174382716    0.3429012346   0.1266260203   
578      I1         1.092808642    1.766049383    2.586419753    0.5604938272   0.3427160494   0.8959722222   1.354552469    2.174382716    0.3429012346   0.1433146552   
579      I1         1.092808642    1.766049383    2.586419753    0.5604938272   0.3427160494   0.8959722222   1.385802469    2.158757716    0.3429012346   0.1255058158   
580      I1         1.156558642    1.766049383    2.586419753    0.5604938272   0.3427160494   0.8959722222   1.385802469    2.174382716    0.3429012346   0.1279929156   
581      I1         1.114058642    1.808549383    2.586419753    0.5604938272   0.3427160494   0.8959722222   1.385802469    2.174382716    0.3429012346   0.1260524449   
582      I1         1.114058642    1.766049383    2.636419753    0.5604938272   0.3427160494   0.8959722222   1.385802469    2.174382716    0.3429012346   0.1252813847   
583      I1         1.114058642    1.766049383    2.586419753    0.5849938272   0.3427160494   0.8959722222   1.385802469    2.174382716    0.3429012346   0.1346842982   
584      I1         1.114058642    1.766049383    2.586419753    0.5604938272   0.3672160494   0.8959722222   1.385802469    2.174382716    0.3429012346   0.1262116537   
585      I1         1.114058642    1.766049383    2.586419753    0.5604938272   0.3427160494   1.143472222    1.385802469    2.174382716    0.3429012346   0.1308318426   
586      I1         1.114058642    1.766049383    2.586419753    0.5604938272   0.3427160494   0.8959722222   1.448302469    2.174382716    0.3429012346   0.1661133906   
587      I1         1.114058642    1.766049383    2.586419753    0.5604938272   0.3427160494   0.8959722222   1.385802469    2.205632716    0.3429012346   0.1276654801   
588      I1         1.114058642    1.766049383    2.586419753    0.5604938272   0.3427160494   0.8959722222   1.385802469    2.174382716    0.3929012346   0.1273438145   
589      I1         1.114058642    1.723549383    2.586419753    0.5604938272   0.3427160494   0.8959722222   1.385802469    2.174382716    0.3429012346   0.1265059634   
590      I1         1.114058642    1.766049383    2.536419753    0.5604938272   0.3427160494   0.8959722222   1.385802469    2.174382716    0.3429012346   0.1255283409   
591      I1         1.114058642    1.766049383    2.586419753    0.5359938272   0.3427160494   0.8959722222   1.385802469    2.174382716    0.3429012346   0.1343683604   
592      I1         1.114058642    1.766049383    2.586419753    0.5604938272   0.3182160494   0.8959722222   1.385802469    2.174382716    0.3429012346   0.1256484124   
593      I1         1.114058642    1.766049383    2.586419753    0.5604938272   0.3427160494   0.6484722222   1.385802469    2.174382716    0.3429012346   0.1330650451   
594      I1         1.114058642    1.766049383    2.586419753    0.5604938272   0.3427160494   0.8959722222   1.323302469    2.174382716    0.3429012346   0.1849057531   
595      I1         1.114058642    1.766049383    2.586419753    0.5604938272   0.3427160494   0.8959722222   1.385802469    2.143132716    0.3429012346   0.1253309157   
596      I1         1.114058642    1.766049383    2.586419753    0.5604938272   0.3427160494   0.8959722222   1.385802469    2.174382716    0.2929012346   0.1341887766   
597      I1         1.135308642    1.766049383    2.586419753    0.5604938272   0.3427160494   0.8959722222   1.385802469    2.174382716    0.3429012346   0.1259022556   
598      I1         1.114058642    1.787299383    2.586419753    0.5604938272   0.3427160494   0.8959722222   1.385802469    2.174382716    0.3429012346   0.1255320822   
599      I1         1.114058642    1.766049383    2.611419753    0.5604938272   0.3427160494   0.8959722222   1.385802469    2.174382716    0.3429012346   0.1253178218   
600      I1         1.114058642    1.766049383    2.586419753    0.5727438272   0.3427160494   0.8959722222   1.385802469    2.174382716    0.3429012346   0.1283785818   
601      I1         1.114058642    1.766049383    2.586419753    0.5604938272   0.3549660494   0.8959722222   1.385802469    2.174382716    0.3429012346   0.1256477471   
602      I1         1.114058642    1.766049383    2.586419753    0.5604938272   0.3427160494   1.019722222    1.385802469    2.174382716    0.3429012346   0.1269882275   
603      I1         1.114058642    1.766049383    2.586419753    0.5604938272   0.3427160494   0.8959722222   1.417052469    2.174382716    0.3429012346   0.1418433698   
604      I1         1.114058642    1.766049383    2.586419753    0.5604938272   0.3427160494   0.8959722222   1.385802469    2.190007716    0.3429012346   0.126623776    
605      I1         1.114058642    1.766049383    2.586419753    0.5604938272   0.3427160494   0.8959722222   1.385802469    2.174382716    0.3679012346   0.1254107729   
606      I1         1.114058642    1.744799383    2.586419753    0.5604938272   0.3427160494   0.8959722222   1.385802469    2.174382716    0.3429012346   0.1256955064   
607      I1         1.114058642    1.766049383    2.561419753    0.5604938272   0.3427160494   0.8959722222   1.385802469    2.174382716    0.3429012346   0.1254414631   
608      I1         1.114058642    1.766049383    2.586419753    0.5482438272   0.3427160494   0.8959722222   1.385802469    2.174382716    0.3429012346   0.1287475201   
609      I1         1.114058642    1.766049383    2.586419753    0.5604938272   0.3304660494   0.8959722222   1.385802469    2.174382716    0.3429012346   0.1253853012   
610      I1         1.114058642    1.766049383    2.586419753    0.5604938272   0.3427160494   0.7722222222   1.385802469    2.174382716    0.3429012346   0.1274329955   
611      I1         1.114058642    1.766049383    2.586419753    0.5604938272   0.3427160494   0.8959722222   1.354552469    2.174382716    0.3429012346   0.1472098276   
612      I1         1.114058642    1.766049383    2.586419753    0.5604938272   0.3427160494   0.8959722222   1.385802469    2.158757716    0.3429012346   0.1253349186   
613      I1         1.114058642    1.766049383    2.586419753    0.5604938272   0.3427160494   0.8959722222   1.385802469    2.174382716    0.3179012346   0.1281174223   
614      I1         1.124683642    1.766049383    2.586419753    0.5604938272   0.3427160494   0.8959722222   1.385802469    2.174382716    0.3429012346   0.125518238    
615      I1         1.114058642    1.776674383    2.586419753    0.5604938272   0.3427160494   0.8959722222   1.385802469    2.174382716    0.3429012346   0.1253970232   
616      I1         1.114058642    1.766049383    2.598919753    0.5604938272   0.3427160494   0.8959722222   1.385802469    2.174382716    0.3429012346   0.1253423698   
617      I1         1.114058642    1.766049383    2.586419753    0.5666188272   0.3427160494   0.8959722222   1.385802469    2.174382716    0.3429012346   0.126132718    
618      I1         1.114058642    1.766049383    2.586419753    0.5604938272   0.3488410494   0.8959722222   1.385802469    2.174382716    0.3429012346   0.12547216     
619      I1         1.114058642    1.766049383    2.586419753    0.5604938272   0.3427160494   0.9578472222   1.385802469    2.174382716    0.3429012346   0.1255067556   
620      I1         1.114058642    1.766049383    2.586419753    0.5604938272   0.3427160494   0.8959722222   1.401427469    2.174382716    0.3429012346   0.13177766     
621      I1         1.114058642    1.766049383    2.586419753    0.5604938272   0.3427160494   0.8959722222   1.385802469    2.182195216    0.3429012346   0.125830875    
622      I1         1.114058642    1.766049383    2.586419753    0.5604938272   0.3427160494   0.8959722222   1.385802469    2.174382716    0.3554012346   0.1251179683   
623      I1         1.103433642    1.766049383    2.586419753    0.5604938272   0.3427160494   0.8959722222   1.385802469    2.174382716    0.3429012346   0.1254299307   
624      I1         1.114058642    1.755424383    2.586419753    0.5604938272   0.3427160494   0.8959722222   1.385802469    2.174382716    0.3429012346   0.12546896     
625      I1         1.114058642    1.766049383    2.573919753    0.5604938272   0.3427160494   0.8959722222   1.385802469    2.174382716    0.3429012346   0.1254042221   
626      I1         1.114058642    1.766049383    2.586419753    0.5543688272   0.3427160494   0.8959722222   1.385802469    2.174382716    0.3429012346   0.1265173031   
627      I1         1.114058642    1.766049383    2.586419753    0.5604938272   0.3365910494   0.8959722222   1.385802469    2.174382716    0.3429012346   0.1253436694   
628      I1         1.114058642    1.766049383    2.586419753    0.5604938272   0.3427160494   0.8340972222   1.385802469    2.174382716    0.3429012346   0.1259709447   
629      I1         1.114058642    1.766049383    2.586419753    0.5604938272   0.3427160494   0.8959722222   1.370177469    2.174382716    0.3429012346   0.1330550297   
630      I1         1.114058642    1.766049383    2.586419753    0.5604938272   0.3427160494   0.8959722222   1.385802469    2.166570216    0.3429012346   0.1253711542   
631      I1         1.114058642    1.766049383    2.586419753    0.5604938272   0.3427160494   0.8959722222   1.385802469    2.174382716    0.3304012346   0.1263144995   
632      I1         1.124683642    1.766049383    2.586419753    0.5604938272   0.3427160494   0.8959722222   1.385802469    2.174382716    0.3554012346   0.1249484321   
633      I1         1.114058642    1.776674383    2.586419753    0.5604938272   0.3427160494   0.8959722222   1.385802469    2.174382716    0.3554012346   0.1253008907   
634      I1         1.114058642    1.766049383    2.598919753    0.5604938272   0.3427160494   0.8959722222   1.385802469    2.174382716    0.3554012346   0.1250654753   
635      I1         1.114058642    1.766049383    2.586419753    0.5666188272   0.3427160494   0.8959722222   1.385802469    2.174382716    0.3554012346   0.1250132027   
636      I1         1.114058642    1.766049383    2.586419753    0.5604938272   0.3488410494   0.8959722222   1.385802469    2.174382716    0.3554012346   0.1250785846   
637      I1         1.114058642    1.766049383    2.586419753    0.5604938272   0.3427160494   0.9578472222   1.385802469    2.174382716    0.3554012346   0.1254262595   
638      I1         1.114058642    1.766049383    2.586419753    0.5604938272   0.3427160494   0.8959722222   1.401427469    2.174382716    0.3554012346   0.1325243044   
639      I1         1.114058642    1.766049383    2.586419753    0.5604938272   0.3427160494   0.8959722222   1.385802469    2.182195216    0.3554012346   0.1257611967   
640      I1         1.103433642    1.766049383    2.586419753    0.5604938272   0.3427160494   0.8959722222   1.385802469    2.174382716    0.3554012346   0.1254227742   
641      I1         1.114058642    1.755424383    2.586419753    0.5604938272   0.3427160494   0.8959722222   1.385802469    2.174382716    0.3554012346   0.1250259042   
642      I1         1.114058642    1.766049383    2.573919753    0.5604938272   0.3427160494   0.8959722222   1.385802469    2.174382716    0.3554012346   0.1251740925   
643      I1         1.114058642    1.766049383    2.586419753    0.5543688272   0.3427160494   0.8959722222   1.385802469    2.174382716    0.3554012346   0.1267168761   
644      I1         1.114058642    1.766049383    2.586419753    0.5604938272   0.3365910494   0.8959722222   1.385802469    2.174382716    0.3554012346   0.1252128353   
645      I1         1.114058642    1.766049383    2.586419753    0.5604938272   0.3427160494   0.8340972222   1.385802469    2.174382716    0.3554012346   0.1254039859   
646      I1         1.114058642    1.766049383    2.586419753    0.5604938272   0.3427160494   0.8959722222   1.370177469    2.174382716    0.3554012346   0.1301545727   
647      I1         1.114058642    1.766049383    2.586419753    0.5604938272   0.3427160494   0.8959722222   1.385802469    2.166570216    0.3554012346   0.1251179249   
648      I1         1.135308642    1.766049383    2.586419753    0.5604938272   0.3427160494   0.8959722222   1.385802469    2.174382716    0.3554012346   0.124859226    
649      I1         1.124683642    1.776674383    2.586419753    0.5604938272   0.3427160494   0.8959722222   1.385802469    2.174382716    0.3554012346   0.1250320608   
650      I1         1.124683642    1.766049383    2.598919753    0.5604938272   0.3427160494   0.8959722222   1.385802469    2.174382716    0.3554012346   0.1249101499   
651      I1         1.124683642    1.766049383    2.586419753    0.5666188272   0.3427160494   0.8959722222   1.385802469    2.174382716    0.3554012346   0.1253614225   
652      I1         1.124683642    1.766049383    2.586419753    0.5604938272   0.3488410494   0.8959722222   1.385802469    2.174382716    0.3554012346   0.1249955686   
653      I1         1.124683642    1.766049383    2.586419753    0.5604938272   0.3427160494   0.9578472222   1.385802469    2.174382716    0.3554012346   0.1251048876   
654      I1         1.124683642    1.766049383    2.586419753    0.5604938272   0.3427160494   0.8959722222   1.401427469    2.174382716    0.3554012346   0.1318288232   
655      I1         1.124683642    1.766049383    2.586419753    0.5604938272   0.3427160494   0.8959722222   1.385802469    2.182195216    0.3554012346   0.1254768542   
656      I1         1.124683642    1.766049383    2.586419753    0.5604938272   0.3427160494   0.8959722222   1.385802469    2.174382716    0.3679012346   0.1250175625   
657      I1         1.124683642    1.755424383    2.586419753    0.5604938272   0.3427160494   0.8959722222   1.385802469    2.174382716    0.3554012346   0.1249735755   
658      I1         1.124683642    1.766049383    2.573919753    0.5604938272   0.3427160494   0.8959722222   1.385802469    2.174382716    0.3554012346   0.1249907221   
659      I1         1.124683642    1.766049383    2.586419753    0.5543688272   0.3427160494   0.8959722222   1.385802469    2.174382716    0.3554012346   0.1262447938   
660      I1         1.124683642    1.766049383    2.586419753    0.5604938272   0.3365910494   0.8959722222   1.385802469    2.174382716    0.3554012346   0.1249661544   
661      I1         1.124683642    1.766049383    2.586419753    0.5604938272   0.3427160494   0.8340972222   1.385802469    2.174382716    0.3554012346   0.1254801028   
662      I1         1.124683642    1.766049383    2.586419753    0.5604938272   0.3427160494   0.8959722222   1.370177469    2.174382716    0.3554012346   0.1316107626   
663      I1         1.124683642    1.766049383    2.586419753    0.5604938272   0.3427160494   0.8959722222   1.385802469    2.166570216    0.3554012346   0.1249483967   
664      I1         1.145933642    1.766049383    2.586419753    0.5604938272   0.3427160494   0.8959722222   1.385802469    2.174382716    0.3554012346   0.1251289118   
665      I1         1.135308642    1.776674383    2.586419753    0.5604938272   0.3427160494   0.8959722222   1.385802469    2.174382716    0.3554012346   0.1247799161   
666      I1         1.135308642    1.766049383    2.598919753    0.5604938272   0.3427160494   0.8959722222   1.385802469    2.174382716    0.3554012346   0.124844815    
667      I1         1.135308642    1.766049383    2.586419753    0.5666188272   0.3427160494   0.8959722222   1.385802469    2.174382716    0.3554012346   0.1259550205   
668      I1         1.135308642    1.766049383    2.586419753    0.5604938272   0.3488410494   0.8959722222   1.385802469    2.174382716    0.3554012346   0.1250387907   
669      I1         1.135308642    1.766049383    2.586419753    0.5604938272   0.3427160494   0.9578472222   1.385802469    2.174382716    0.3554012346   0.1247637216   
670      I1         1.135308642    1.766049383    2.586419753    0.5604938272   0.3427160494   0.8959722222   1.401427469    2.174382716    0.3554012346   0.131204195    
671      I1         1.135308642    1.766049383    2.586419753    0.5604938272   0.3427160494   0.8959722222   1.385802469    2.182195216    0.3554012346   0.1251991554   
672      I1         1.135308642    1.766049383    2.586419753    0.5604938272   0.3427160494   0.8959722222   1.385802469    2.174382716    0.3679012346   0.1245965213   
673      I1         1.135308642    1.755424383    2.586419753    0.5604938272   0.3427160494   0.8959722222   1.385802469    2.174382716    0.3554012346   0.1250622248   
674      I1         1.135308642    1.766049383    2.573919753    0.5604938272   0.3427160494   0.8959722222   1.385802469    2.174382716    0.3554012346   0.1248780046   
675      I1         1.135308642    1.766049383    2.586419753    0.5543688272   0.3427160494   0.8959722222   1.385802469    2.174382716    0.3554012346   0.1256429534   
676      I1         1.135308642    1.766049383    2.586419753    0.5604938272   0.3365910494   0.8959722222   1.385802469    2.174382716    0.3554012346   0.1247519336   
677      I1         1.135308642    1.766049383    2.586419753    0.5604938272   0.3427160494   0.8340972222   1.385802469    2.174382716    0.3554012346   0.1257545793   
678      I1         1.135308642    1.766049383    2.586419753    0.5604938272   0.3427160494   0.8959722222   1.370177469    2.174382716    0.3554012346   0.1332529228   
679      I1         1.135308642    1.766049383    2.586419753    0.5604938272   0.3427160494   0.8959722222   1.385802469    2.166570216    0.3554012346   0.1248592053   
680      I1         1.135308642    1.766049383    2.586419753    0.5604938272   0.3427160494   0.8959722222   1.385802469    2.174382716    0.3429012346   0.1259022556   
681      I1         1.145933642    1.766049383    2.586419753    0.5604938272   0.3427160494   0.8959722222   1.385802469    2.174382716    0.3679012346   0.1244191923   
682      I1         1.135308642    1.776674383    2.586419753    0.5604938272   0.3427160494   0.8959722222   1.385802469    2.174382716    0.3679012346   0.1247017724   
683      I1         1.135308642    1.766049383    2.598919753    0.5604938272   0.3427160494   0.8959722222   1.385802469    2.174382716    0.3679012346   0.1245537716   
684      I1         1.135308642    1.766049383    2.586419753    0.5666188272   0.3427160494   0.8959722222   1.385802469    2.174382716    0.3679012346   0.1248052016   
685      I1         1.135308642    1.766049383    2.586419753    0.5604938272   0.3488410494   0.8959722222   1.385802469    2.174382716    0.3679012346   0.1246195705   
686      I1         1.135308642    1.766049383    2.586419753    0.5604938272   0.3427160494   0.9578472222   1.385802469    2.174382716    0.3679012346   0.1247378769   
687      I1         1.135308642    1.766049383    2.586419753    0.5604938272   0.3427160494   0.8959722222   1.401427469    2.174382716    0.3679012346   0.1320689115   
688      I1         1.135308642    1.766049383    2.586419753    0.5604938272   0.3427160494   0.8959722222   1.385802469    2.182195216    0.3679012346   0.1251502186   
689      I1         1.135308642    1.766049383    2.586419753    0.5604938272   0.3427160494   0.8959722222   1.385802469    2.174382716    0.3804012346   0.12494366     
690      I1         1.135308642    1.755424383    2.586419753    0.5604938272   0.3427160494   0.8959722222   1.385802469    2.174382716    0.3679012346   0.1245883043   
691      I1         1.135308642    1.766049383    2.573919753    0.5604938272   0.3427160494   0.8959722222   1.385802469    2.174382716    0.3679012346   0.1246431655   
692      I1         1.135308642    1.766049383    2.586419753    0.5543688272   0.3427160494   0.8959722222   1.385802469    2.174382716    0.3679012346   0.1259282329   
693      I1         1.135308642    1.766049383    2.586419753    0.5604938272   0.3365910494   0.8959722222   1.385802469    2.174382716    0.3679012346   0.1246313535   
694      I1         1.135308642    1.766049383    2.586419753    0.5604938272   0.3427160494   0.8340972222   1.385802469    2.174382716    0.3679012346   0.1251188346   
695      I1         1.135308642    1.766049383    2.586419753    0.5604938272   0.3427160494   0.8959722222   1.370177469    2.174382716    0.3679012346   0.1304061664   
696      I1         1.135308642    1.766049383    2.586419753    0.5604938272   0.3427160494   0.8959722222   1.385802469    2.166570216    0.3679012346   0.1245964831   
697      I1         1.167183642    1.766049383    2.586419753    0.5604938272   0.3427160494   0.8959722222   1.385802469    2.174382716    0.3679012346   0.1251711074   
698      I1         1.145933642    1.787299383    2.586419753    0.5604938272   0.3427160494   0.8959722222   1.385802469    2.174382716    0.3679012346   0.1244320939   
699      I1         1.145933642    1.766049383    2.611419753    0.5604938272   0.3427160494   0.8959722222   1.385802469    2.174382716    0.3679012346   0.1243830274   
700      I1         1.145933642    1.766049383    2.586419753    0.5727438272   0.3427160494   0.8959722222   1.385802469    2.174382716    0.3679012346   0.1274295413   
701      I1         1.145933642    1.766049383    2.586419753    0.5604938272   0.3549660494   0.8959722222   1.385802469    2.174382716    0.3679012346   0.124777481    
702      I1         1.145933642    1.766049383    2.586419753    0.5604938272   0.3427160494   1.019722222    1.385802469    2.174382716    0.3679012346   0.1255311008   
703      I1         1.145933642    1.766049383    2.586419753    0.5604938272   0.3427160494   0.8959722222   1.417052469    2.174382716    0.3679012346   0.1417800567   
704      I1         1.145933642    1.766049383    2.586419753    0.5604938272   0.3427160494   0.8959722222   1.385802469    2.190007716    0.3679012346   0.1255012866   
705      I1         1.145933642    1.766049383    2.586419753    0.5604938272   0.3427160494   0.8959722222   1.385802469    2.174382716    0.3929012346   0.1250719848   
706      I1         1.124683642    1.766049383    2.586419753    0.5604938272   0.3427160494   0.8959722222   1.385802469    2.174382716    0.3679012346   0.1250175625   
707      I1         1.145933642    1.744799383    2.586419753    0.5604938272   0.3427160494   0.8959722222   1.385802469    2.174382716    0.3679012346   0.1248502186   
708      I1         1.145933642    1.766049383    2.561419753    0.5604938272   0.3427160494   0.8959722222   1.385802469    2.174382716    0.3679012346   0.1244723465   
709      I1         1.145933642    1.766049383    2.586419753    0.5482438272   0.3427160494   0.8959722222   1.385802469    2.174382716    0.3679012346   0.1272369882   
710      I1         1.145933642    1.766049383    2.586419753    0.5604938272   0.3304660494   0.8959722222   1.385802469    2.174382716    0.3679012346   0.1243214106   
711      I1         1.145933642    1.766049383    2.586419753    0.5604938272   0.3427160494   0.7722222222   1.385802469    2.174382716    0.3679012346   0.1270191003   
712      I1         1.145933642    1.766049383    2.586419753    0.5604938272   0.3427160494   0.8959722222   1.354552469    2.174382716    0.3679012346   0.1463983668   
713      I1         1.145933642    1.766049383    2.586419753    0.5604938272   0.3427160494   0.8959722222   1.385802469    2.158757716    0.3679012346   0.1244218725   
714      I1         1.145933642    1.766049383    2.586419753    0.5604938272   0.3427160494   0.8959722222   1.385802469    2.174382716    0.3429012346   0.1267346914   
715      I1         1.156558642    1.766049383    2.586419753    0.5604938272   0.3427160494   0.8959722222   1.385802469    2.174382716    0.3679012346   0.1245790215   
716      I1         1.145933642    1.776674383    2.586419753    0.5604938272   0.3427160494   0.8959722222   1.385802469    2.174382716    0.3679012346   0.1243733317   
717      I1         1.145933642    1.766049383    2.598919753    0.5604938272   0.3427160494   0.8959722222   1.385802469    2.174382716    0.3679012346   0.1243989947   
718      I1         1.145933642    1.766049383    2.586419753    0.5666188272   0.3427160494   0.8959722222   1.385802469    2.174382716    0.3679012346   0.125290584    
719      I1         1.145933642    1.766049383    2.586419753    0.5604938272   0.3488410494   0.8959722222   1.385802469    2.174382716    0.3679012346   0.1245657842   
720      I1         1.145933642    1.766049383    2.586419753    0.5604938272   0.3427160494   0.9578472222   1.385802469    2.174382716    0.3679012346   0.1243072101   
721      I1         1.145933642    1.766049383    2.586419753    0.5604938272   0.3427160494   0.8959722222   1.401427469    2.174382716    0.3679012346   0.1313832879   
722      I1         1.145933642    1.766049383    2.586419753    0.5604938272   0.3427160494   0.8959722222   1.385802469    2.182195216    0.3679012346   0.1248000672   
723      I1         1.145933642    1.766049383    2.586419753    0.5604938272   0.3427160494   0.8959722222   1.385802469    2.174382716    0.3804012346   0.1244529002   
724      I1         1.145933642    1.755424383    2.586419753    0.5604938272   0.3427160494   0.8959722222   1.385802469    2.174382716    0.3679012346   0.1245780777   
725      I1         1.145933642    1.766049383    2.573919753    0.5604938272   0.3427160494   0.8959722222   1.385802469    2.174382716    0.3679012346   0.1244436386   
726      I1         1.145933642    1.766049383    2.586419753    0.5543688272   0.3427160494   0.8959722222   1.385802469    2.174382716    0.3679012346   0.1252700811   
727      I1         1.145933642    1.766049383    2.586419753    0.5604938272   0.3365910494   0.8959722222   1.385802469    2.174382716    0.3679012346   0.1243383569   
728      I1         1.145933642    1.766049383    2.586419753    0.5604938272   0.3427160494   0.8340972222   1.385802469    2.174382716    0.3679012346   0.1252974468   
729      I1         1.145933642    1.766049383    2.586419753    0.5604938272   0.3427160494   0.8959722222   1.370177469    2.174382716    0.3679012346   0.1320028016   
730      I1         1.145933642    1.766049383    2.586419753    0.5604938272   0.3427160494   0.8959722222   1.385802469    2.166570216    0.3679012346   0.1244191675   
731      I1         1.156558642    1.766049383    2.586419753    0.5604938272   0.3427160494   0.9578472222   1.385802469    2.174382716    0.3679012346   0.1241283591   
732      I1         1.145933642    1.776674383    2.586419753    0.5604938272   0.3427160494   0.9578472222   1.385802469    2.174382716    0.3679012346   0.1244547882   
733      I1         1.145933642    1.766049383    2.598919753    0.5604938272   0.3427160494   0.9578472222   1.385802469    2.174382716    0.3679012346   0.1242578437   
734      I1         1.145933642    1.766049383    2.586419753    0.5666188272   0.3427160494   0.9578472222   1.385802469    2.174382716    0.3679012346   0.1243993781   
735      I1         1.145933642    1.766049383    2.586419753    0.5604938272   0.3488410494   0.9578472222   1.385802469    2.174382716    0.3679012346   0.1243006699   
736      I1         1.145933642    1.766049383    2.586419753    0.5604938272   0.3427160494   0.9578472222   1.401427469    2.174382716    0.3679012346   0.1322170075   
737      I1         1.145933642    1.766049383    2.586419753    0.5604938272   0.3427160494   0.9578472222   1.385802469    2.182195216    0.3679012346   0.1251795195   
738      I1         1.145933642    1.766049383    2.586419753    0.5604938272   0.3427160494   0.9578472222   1.385802469    2.174382716    0.3804012346   0.1245599223   
739      I1         1.145933642    1.755424383    2.586419753    0.5604938272   0.3427160494   0.9578472222   1.385802469    2.174382716    0.3679012346   0.1242587666   
740      I1         1.145933642    1.766049383    2.573919753    0.5604938272   0.3427160494   0.9578472222   1.385802469    2.174382716    0.3679012346   0.124360562    
741      I1         1.145933642    1.766049383    2.586419753    0.5543688272   0.3427160494   0.9578472222   1.385802469    2.174382716    0.3679012346   0.1257843726   
742      I1         1.145933642    1.766049383    2.586419753    0.5604938272   0.3365910494   0.9578472222   1.385802469    2.174382716    0.3679012346   0.1243731313   
743      I1         1.145933642    1.766049383    2.586419753    0.5604938272   0.3427160494   0.9578472222   1.370177469    2.174382716    0.3679012346   0.130476581    
744      I1         1.145933642    1.766049383    2.586419753    0.5604938272   0.3427160494   0.9578472222   1.385802469    2.166570216    0.3679012346   0.1243071692   
745      I1         1.145933642    1.766049383    2.586419753    0.5604938272   0.3427160494   0.9578472222   1.385802469    2.174382716    0.3554012346   0.1246770904   
746      I1         1.167183642    1.766049383    2.586419753    0.5604938272   0.3427160494   0.9578472222   1.385802469    2.174382716    0.3679012346   0.1243342856   
747      I1         1.156558642    1.776674383    2.586419753    0.5604938272   0.3427160494   0.9578472222   1.385802469    2.174382716    0.3679012346   0.1241183028   
748      I1         1.156558642    1.766049383    2.598919753    0.5604938272   0.3427160494   0.9578472222   1.385802469    2.174382716    0.3679012346   0.1241029988   
749      I1         1.156558642    1.766049383    2.586419753    0.5666188272   0.3427160494   0.9578472222   1.385802469    2.174382716    0.3679012346   0.1249566544   
750      I1         1.156558642    1.766049383    2.586419753    0.5604938272   0.3488410494   0.9578472222   1.385802469    2.174382716    0.3679012346   0.1242555976   
751      I1         1.156558642    1.766049383    2.586419753    0.5604938272   0.3427160494   1.019722222    1.385802469    2.174382716    0.3679012346   0.1249902415   
752      I1         1.156558642    1.766049383    2.586419753    0.5604938272   0.3427160494   0.9578472222   1.401427469    2.174382716    0.3679012346   0.1315326076   
753      I1         1.156558642    1.766049383    2.586419753    0.5604938272   0.3427160494   0.9578472222   1.385802469    2.182195216    0.3679012346   0.1247873884   
754      I1         1.156558642    1.766049383    2.586419753    0.5604938272   0.3427160494   0.9578472222   1.385802469    2.174382716    0.3804012346   0.1240600734   
755      I1         1.156558642    1.755424383    2.586419753    0.5604938272   0.3427160494   0.9578472222   1.385802469    2.174382716    0.3679012346   0.1242615083   
756      I1         1.156558642    1.766049383    2.573919753    0.5604938272   0.3427160494   0.9578472222   1.385802469    2.174382716    0.3679012346   0.1241582681   
757      I1         1.156558642    1.766049383    2.586419753    0.5543688272   0.3427160494   0.9578472222   1.385802469    2.174382716    0.3679012346   0.1251330609   
758      I1         1.156558642    1.766049383    2.586419753    0.5604938272   0.3365910494   0.9578472222   1.385802469    2.174382716    0.3679012346   0.1240727509   
759      I1         1.156558642    1.766049383    2.586419753    0.5604938272   0.3427160494   0.9578472222   1.370177469    2.174382716    0.3679012346   0.1324054482   
760      I1         1.156558642    1.766049383    2.586419753    0.5604938272   0.3427160494   0.9578472222   1.385802469    2.166570216    0.3679012346   0.1241283321   
761      I1         1.156558642    1.766049383    2.586419753    0.5604938272   0.3427160494   0.9578472222   1.385802469    2.174382716    0.3554012346   0.1249951077   
762      I1         1.167183642    1.766049383    2.586419753    0.5604938272   0.3427160494   0.9578472222   1.385802469    2.174382716    0.3804012346   0.1238086233   
763      I1         1.156558642    1.776674383    2.586419753    0.5604938272   0.3427160494   0.9578472222   1.385802469    2.174382716    0.3804012346   0.1242192983   
764      I1         1.156558642    1.766049383    2.598919753    0.5604938272   0.3427160494   0.9578472222   1.385802469    2.174382716    0.3804012346   0.1240072002   
765      I1         1.156558642    1.766049383    2.586419753    0.5666188272   0.3427160494   0.9578472222   1.385802469    2.174382716    0.3804012346   0.1239799223   
766      I1         1.156558642    1.766049383    2.586419753    0.5604938272   0.3488410494   0.9578472222   1.385802469    2.174382716    0.3804012346   0.1240372804   
767      I1         1.156558642    1.766049383    2.586419753    0.5604938272   0.3427160494   1.019722222    1.385802469    2.174382716    0.3804012346   0.1252239226   
768      I1         1.156558642    1.766049383    2.586419753    0.5604938272   0.3427160494   0.9578472222   1.401427469    2.174382716    0.3804012346   0.1324897968   
769      I1         1.156558642    1.766049383    2.586419753    0.5604938272   0.3427160494   0.9578472222   1.385802469    2.182195216    0.3804012346   0.1249438736   
770      I1         1.156558642    1.766049383    2.586419753    0.5604938272   0.3427160494   0.9578472222   1.385802469    2.174382716    0.3929012346   0.124587009    
771      I1         1.156558642    1.755424383    2.586419753    0.5604938272   0.3427160494   0.9578472222   1.385802469    2.174382716    0.3804012346   0.1239883649   
772      I1         1.156558642    1.766049383    2.573919753    0.5604938272   0.3427160494   0.9578472222   1.385802469    2.174382716    0.3804012346   0.1241168079   
773      I1         1.156558642    1.766049383    2.586419753    0.5543688272   0.3427160494   0.9578472222   1.385802469    2.174382716    0.3804012346   0.125540975    
774      I1         1.156558642    1.766049383    2.586419753    0.5604938272   0.3365910494   0.9578472222   1.385802469    2.174382716    0.3804012346   0.1241353756   
775      I1         1.156558642    1.766049383    2.586419753    0.5604938272   0.3427160494   0.8959722222   1.385802469    2.174382716    0.3804012346   0.1241933976   
776      I1         1.156558642    1.766049383    2.586419753    0.5604938272   0.3427160494   0.9578472222   1.370177469    2.174382716    0.3804012346   0.1295608599   
777      I1         1.156558642    1.766049383    2.586419753    0.5604938272   0.3427160494   0.9578472222   1.385802469    2.166570216    0.3804012346   0.1240600303   
778      I1         1.177808642    1.766049383    2.586419753    0.5604938272   0.3427160494   0.9578472222   1.385802469    2.174382716    0.3804012346   0.1238957588   
779      I1         1.167183642    1.776674383    2.586419753    0.5604938272   0.3427160494   0.9578472222   1.385802469    2.174382716    0.3804012346   0.1238251681   
780      I1         1.167183642    1.766049383    2.598919753    0.5604938272   0.3427160494   0.9578472222   1.385802469    2.174382716    0.3804012346   0.1237777595   
781      I1         1.167183642    1.766049383    2.586419753    0.5666188272   0.3427160494   0.9578472222   1.385802469    2.174382716    0.3804012346   0.1244163424   
782      I1         1.167183642    1.766049383    2.586419753    0.5604938272   0.3488410494   0.9578472222   1.385802469    2.174382716    0.3804012346   0.1239067229   
783      I1         1.167183642    1.766049383    2.586419753    0.5604938272   0.3427160494   1.019722222    1.385802469    2.174382716    0.3804012346   0.1246381634   
784      I1         1.167183642    1.766049383    2.586419753    0.5604938272   0.3427160494   0.9578472222   1.401427469    2.174382716    0.3804012346   0.1317514353   
785      I1         1.167183642    1.766049383    2.586419753    0.5604938272   0.3427160494   0.9578472222   1.385802469    2.182195216    0.3804012346   0.1245006901   
786      I1         1.167183642    1.766049383    2.586419753    0.5604938272   0.3427160494   0.9578472222   1.385802469    2.174382716    0.3929012346   0.1240340911   
787      I1         1.167183642    1.755424383    2.586419753    0.5604938272   0.3427160494   0.9578472222   1.385802469    2.174382716    0.3804012346   0.1239014518   
788      I1         1.167183642    1.766049383    2.573919753    0.5604938272   0.3427160494   0.9578472222   1.385802469    2.174382716    0.3804012346   0.1238438219   
789      I1         1.167183642    1.766049383    2.586419753    0.5543688272   0.3427160494   0.9578472222   1.385802469    2.174382716    0.3804012346   0.1248531801   
790      I1         1.167183642    1.766049383    2.586419753    0.5604938272   0.3365910494   0.9578472222   1.385802469    2.174382716    0.3804012346   0.1237742468   
791      I1         1.167183642    1.766049383    2.586419753    0.5604938272   0.3427160494   0.8959722222   1.385802469    2.174382716    0.3804012346   0.124261533    
792      I1         1.167183642    1.766049383    2.586419753    0.5604938272   0.3427160494   0.9578472222   1.370177469    2.174382716    0.3804012346   0.1313938307   
793      I1         1.167183642    1.766049383    2.586419753    0.5604938272   0.3427160494   0.9578472222   1.385802469    2.166570216    0.3804012346   0.1238085927   
794      I1         1.172496142    1.766049383    2.586419753    0.5604938272   0.3427160494   0.9578472222   1.385802469    2.174382716    0.3804012346   0.1238036968   
795      I1         1.167183642    1.771361883    2.586419753    0.5604938272   0.3427160494   0.9578472222   1.385802469    2.174382716    0.3804012346   0.1238039      
796      I1         1.167183642    1.766049383    2.592669753    0.5604938272   0.3427160494   0.9578472222   1.385802469    2.174382716    0.3804012346   0.1237926449   
797      I1         1.167183642    1.766049383    2.586419753    0.5635563272   0.3427160494   0.9578472222   1.385802469    2.174382716    0.3804012346   0.1238961581   
798      I1         1.167183642    1.766049383    2.586419753    0.5604938272   0.3457785494   0.9578472222   1.385802469    2.174382716    0.3804012346   0.1238495631   
799      I1         1.167183642    1.766049383    2.586419753    0.5604938272   0.3427160494   0.9887847222   1.385802469    2.174382716    0.3804012346   0.1243892703   
800      I1         1.167183642    1.766049383    2.586419753    0.5604938272   0.3427160494   0.9578472222   1.393614969    2.174382716    0.3804012346   0.1268653614   
801      I1         1.167183642    1.766049383    2.586419753    0.5604938272   0.3427160494   0.9578472222   1.385802469    2.178288966    0.3804012346   0.1242606298   
802      I1         1.167183642    1.766049383    2.586419753    0.5604938272   0.3427160494   0.9578472222   1.385802469    2.174382716    0.3866512346   0.1238410946   
803      I1         1.161871142    1.766049383    2.586419753    0.5604938272   0.3427160494   0.9578472222   1.385802469    2.174382716    0.3804012346   0.1238923945   
804      I1         1.167183642    1.760736883    2.586419753    0.5604938272   0.3427160494   0.9578472222   1.385802469    2.174382716    0.3804012346   0.1238408114   
805      I1         1.167183642    1.766049383    2.580169753    0.5604938272   0.3427160494   0.9578472222   1.385802469    2.174382716    0.3804012346   0.1238256857   
806      I1         1.167183642    1.766049383    2.586419753    0.5574313272   0.3427160494   0.9578472222   1.385802469    2.174382716    0.3804012346   0.1241586897   
807      I1         1.167183642    1.766049383    2.586419753    0.5604938272   0.3396535494   0.9578472222   1.385802469    2.174382716    0.3804012346   0.1237836548   
808      I1         1.167183642    1.766049383    2.586419753    0.5604938272   0.3427160494   0.9269097222   1.385802469    2.174382716    0.3804012346   0.1239348062   
809      I1         1.167183642    1.766049383    2.586419753    0.5604938272   0.3427160494   0.9578472222   1.377989969    2.174382716    0.3804012346   0.1259063821   
810      I1         1.167183642    1.766049383    2.586419753    0.5604938272   0.3427160494   0.9578472222   1.385802469    2.170476466    0.3804012346   0.1238086151   
811      I1         1.167183642    1.766049383    2.586419753    0.5604938272   0.3427160494   0.9578472222   1.385802469    2.174382716    0.3741512346   0.1239624946   
