%eval_id interface log__t_efold_shallow log__t_efold_soil log__t_efold_karst f_exfiltration_shallow f_exfiltration_soil PDD_melt_factor log__Hmax_shallow log__fdd_threshold snow_insulation_k baseflow_Q     log__routing_K neg_kge        
1        I1         1.696146187    2.159405959    2.932351306    0.3825326016   0.9796752624   8.445035646    1.51539879     2.263476683    0.08826771987  0.03282092442  0.2840585365   0.2397595509   
2        I1         0.3665247071   2.68783041     3.242283537    0.3718642419   0.0289882697   5.122869491    2.925735374    0.7446692734   0.0640142716   0.09218920628  0.6543002893   0.5699228297   
3        I1         0.3810226623   1.111207504    2.922492251    0.04624513343  0.1419592755   4.359482509    2.597056382    2.137298854    0.04957619494  0.1405515093   -0.8086439485  0.6930489835   
4        I1         0.6855942515   2.069102264    2.654786181    0.5854851737   0.6585332783   4.795533659    2.369755719    1.635147656    0.03139018999  0.2291701667   -0.8244566219  0.5228030241   
5        I1         1.52698874     1.147302869    3.42561734     0.2285896653   0.2963966409   0.6736454139   1.584984229    0.7096477183   0.06817328631  0.1335102862   0.6696602998   0.5822814796   
6        I1         0.6291513254   1.361384978    4.094441589    0.8183059822   0.5218425283   1.578773868    1.857330859    1.174406162    0.09356310369  0.2877266686   0.5593391395   0.5900365109   
7        I1         1.134513451    1.019503261    3.837321156    0.1755136478   0.7372736794   4.333426039    1.076624096    1.355170059    0.1436205629   0.118446131    -0.7161601975  0.6519145603   
8        I1         0.7737662192   2.152574619    4.297784858    0.8681825689   0.3268439017   8.89327451     1.455073717    0.8215461351   0.02116777632  0.2366690096   0.2342803905   0.5137367464   
9        I1         1.078928625    2.668124379    3.044128049    0.1046475444   0.2299757445   8.796494637    1.988281074    1.257883007    0.03287626055  0.2996785484   0.3576381975   0.9646062738   
10       I1         1.638273917    1.886373824    2.538179608    0.7759797059   0.08092113079  9.856190522    1.596636268    0.2471834899   0.1101631627   0.1675234303   0.9739091175   0.576252258    
11       I1         1.749238512    2.695719894    3.690887563    0.8731720152   0.7319429299   4.452162135    2.56921467     2.688801086    0.126375047    0.07600387483  0.7740339214   0.628672347    
12       I1         1.23627656     2.616901197    3.773679828    0.8252154038   0.5389951992   2.919820596    1.106618721    1.653781299    0.1356136066   0.169051677    -0.3194070331  0.5944645467   
13       I1         1.389069653    1.083198933    4.034865254    0.04281589581  0.7642913539   9.507725647    2.585269133    1.021453014    0.1291446451   0.03477513039  -0.8772595746  0.4955129546   
14       I1         0.7312023572   1.883261704    3.01046998     0.365279752    0.5057330862   5.978678452    1.30241882     0.7789885138   0.09937468518  0.05500719663  -0.6087949966  0.4182387131   
15       I1         1.102904672    1.305017817    2.644512462    0.382103955    0.8974859361   6.860116878    3.361107015    2.358990998    0.04136965574  0.2603451011   0.6273333389   0.6759088822   
16       I1         0.8102282188   2.110709864    3.501041045    0.5464695878   0.1919118726   9.841775118    2.109549846    1.431614803    0.08887906592  0.160248983    -0.0920954362  0.5521580712   
17       I1         0.6553529962   1.224759496    2.571287427    0.9612380033   0.4246184373   8.097781065    2.827058448    0.8575615895   0.120523845    0.06283499333  -0.9519910905  0.9270521045   
18       I1         0.8821798522   1.712974657    4.429994142    0.4681276703   0.3414622524   6.138323028    1.747056741    0.9443455124   0.09687939109  0.1588523885   -0.05789034453 0.6444337046   
19       I1         1.754165204    2.299507961    2.994224371    0.1365093359   0.1898148325   1.285742782    1.91254571     2.055934242    0.06145809899  0.1544377625   -0.331226698   0.7424295728   
20       I1         1.410844564    2.407561628    3.266249106    0.1476893845   0.02994830241  7.112600664    1.149856099    2.768673585    0.09153581866  0.05880899688  0.5618529663   0.2948858824   
21       I1         1.705715745    2.488288281    2.847328631    0.8315033959   0.0484617857   2.551934855    3.016951563    2.55376601     0.1485310072   0.02422403007  -0.2130201417  0.5012010359   
22       I1         0.8338031471   2.000293527    3.215936495    0.3100129122   0.4610069183   0.4799825509   3.166076141    0.9165776792   0.02643219719  0.04910119415  0.270269134    0.4252618313   
23       I1         1.956024234    1.901547742    3.091685818    0.06347138941  0.3368864109   2.829426214    1.375566622    1.37273744     0.06710045953  0.07711858737  0.722789629    0.2260270882   
24       I1         1.853645615    1.866032498    4.445073272    0.6682522869   0.1090620174   4.124568675    3.271262121    2.179021285    0.07298436433  0.0312210054   0.04473927255  0.729080297    
25       I1         1.02088661     1.772377062    2.881948345    0.3952466911   0.1531534745   3.84481336     1.659801522    2.344272776    0.1280760708   0.02604609715  0.07249794206  0.5160720872   
26       I1         1.55234451     1.91308261     3.804717974    0.4088656905   0.2769640907   4.728388251    2.693995187    0.6234492863   0.1216214533   0.2846777108   -0.1711711146  0.9978845004   
27       I1         1.489386704    1.016417413    4.478365765    0.5327328235   0.07422057778  0.4232596352   2.245780458    1.41437727     0.04737993652  0.1440161838   -0.9920235546  0.770158919    
28       I1         1.922741166    1.293362253    3.937910057    0.9538877546   0.2451389809   2.017122039    3.284479811    0.894750979    0.08250384046  0.08540032218  -0.04557088007 0.6655886906   
29       I1         0.9869559751   1.625971422    3.086598135    0.4723098789   0.9066224618   4.936652069    3.217602306    2.171711927    0.07790360766  0.06641283458  0.08861374577  0.3001796815   
30       I1         1.323262714    1.234350195    2.915510221    0.176803382    0.8718494731   6.776723139    1.038891193    0.1934143029   0.1465815045   0.2930016291   0.155087912    0.5478345174   
31       I1         1.980969714    1.967639135    3.053189839    0.4037020077   0.2249136607   2.04783647     3.120827288    1.301082103    0.06008628404  0.161542796    -0.5710018159  0.9590127174   
32       I1         0.6630983557   1.809580411    4.200932026    0.4131563162   0.5615971726   7.267569472    1.646961503    2.460068593    0.04069295183  0.1466942612   -0.9302831726  0.5555603213   
33       I1         1.280693964    1.819858956    3.527121202    0.1381101293   0.4883536824   1.188839618    1.257138806    1.927537981    0.1274157622   0.008292317452 -0.5916193209  0.6383453636   
34       I1         1.028443506    2.341796621    3.921895255    0.8233939192   0.7866513945   8.336986464    1.070727581    0.4414138806   0.04359658885  0.01633862299  -0.2630892355  1.032779335    
35       I1         0.3079017367   1.723872528    3.896774347    0.2840264418   0.5722213742   7.873275089    1.440257593    1.035189702    0.02013986903  0.2173426013   0.4789876932   0.7191829248   
36       I1         1.438799716    2.553750709    3.448172915    0.3600863832   0.8643014036   4.009172571    2.166619707    0.3749216878   0.1056830911   0.1126883419   -0.9007004512  0.745736504    
37       I1         0.4016286348   1.857502393    2.724693147    0.2525859039   0.8862407109   0.610352996    2.640794539    1.164832077    0.04337993949  0.2802500748   -0.7833879862  0.6309415998   
38       I1         1.607192346    2.264217556    3.908262726    0.6439829026   0.6440832183   8.590859009    2.457894546    0.518172534    0.124862094    0.181076174    0.6985175133   0.8205950826   
39       I1         0.8994731689   1.872888018    3.103053777    0.1522689735   0.9849853431   7.140130212    1.192543659    1.724630396    0.07350079917  0.004767447902 -0.6405967086  0.6720476147   
40       I1         0.9112346406   1.097353254    2.553667634    0.9884591002   0.03605611256  6.452092482    1.80580799     1.451545956    0.1105673606   0.2778164568   0.5210925952   0.5040724307   
41       I1         1.717127327    2.563298341    4.172514511    0.2363858541   0.1170697451   6.155527653    2.790834008    2.225697083    0.118836443    0.1713180064   -0.3969240461  1.025216854    
42       I1         0.560579495    2.133984655    4.054003948    0.4415317787   0.6777095541   1.859937277    3.343020981    1.810897742    0.07522853988  0.2653119366   0.6029548605   0.7690223407   
43       I1         1.310744326    1.784465805    4.068925653    0.05664595001  0.9658664552   9.21027408     3.395639015    0.405509442    0.09240085246  0.006697346642 0.9910281888   0.5547215324   
44       I1         0.7053730573   2.614324739    3.288925612    0.09303893924  0.49233943     0.9808256413   1.669623209    0.01885421188  0.03737434396  0.1026287745   0.5462182917   0.6594538258   
45       I1         0.5219047772   1.641290698    4.260009646    0.08296031287  0.9181502093   1.914269064    2.808883335    0.3989029848   0.142922279    0.04670810447  0.7435927634   0.4126544275   
46       I1         1.594082283    1.126281319    3.409354918    0.1845211468   0.2796770395   7.787279063    1.290537531    2.824513642    0.04926247615  0.2638377711   -0.2937604624  0.7973512892   
47       I1         1.615738806    1.513949634    4.136342117    0.9796379121   0.3286958889   4.014965611    2.052768736    0.7302003434   0.1341345003   0.2539578543   0.5350828349   0.7323888775   
48       I1         1.096953965    1.74734508     3.956057599    0.7495471175   0.2633067763   0.1113407298   1.760686845    1.688878128    0.1373312794   0.2062023429   0.3154873159   0.5323290847   
49       I1         1.960481221    1.283430578    3.1970064      0.3225876825   0.7255757899   6.331887949    2.677691111    0.301226491    0.02068969248  0.1208854727   -0.7955555696  0.806075329    
50       I1         1.763925888    1.803974027    3.536263838    0.541778606    0.2394207409   3.242695856    2.275823257    2.117338985    0.07265439387  0.1904267767   -0.8939315861  0.8865487024   
51       I1         1.256161827    2.5130866      3.317980748    0.8367118221   0.1718932345   1.047536079    1.132739572    2.776725789    0.01495497178  0.2966634001   0.06456505267  0.5823038557   
52       I1         1.47259        1.636726289    3.918206436    0.4982750828   0.3176662589   0.1807719634   1.005840887    0.3400980331   0.0219333705   0.04008129986  -0.5435073799  0.8659146434   
53       I1         1.247219238    1.185621855    3.294143353    0.6169280782   0.8789850653   7.31854531     2.04077936     1.229174108    0.04006171947  0.150252421    0.3373427054   0.4299263804   
54       I1         1.73112323     1.051732896    2.523780995    0.2955854276   0.9266990333   2.099368541    2.466265489    0.1659144012   0.1456170064   0.04271269872  0.4867087369   0.531429133    
55       I1         0.8045915082   1.028271672    3.363630834    0.9076708301   0.0202472069   3.635699302    2.486941031    0.4931421236   0.05129234746  0.0934377225   0.42181485     0.264261141    
56       I1         1.20888945     2.093133211    2.568326192    0.9161871134   0.9455688395   7.427433249    1.322500014    2.441694162    0.03488479031  0.1998440506   -0.810481556   0.5704790353   
57       I1         0.5964134953   1.942919303    4.385810799    0.1643987006   0.6984740392   7.726871273    2.673346641    2.487139301    0.02797458266  0.2834676722   -0.491347181   0.867316046    
58       I1         1.650778296    1.487714046    4.011008415    0.1991829632   0.1369696217   4.691825391    2.630282138    1.072711507    0.00981164144  0.121580978    0.577996286    0.9615366702   
59       I1         1.81565993     1.56709405     3.494053802    0.2227157457   0.7478827292   1.39817282     1.736800534    1.668822826    0.004870288585 0.09629449376  0.8462298488   0.5090430348   
60       I1         0.7117369792   2.232408175    3.763815005    0.8478317      0.6035568613   4.260571914    2.91675701     0.2732341874   0.01343576109  0.08998920798  0.03246602149  0.3304126939   
61       I1         1.805055113    2.451447862    3.39532452     0.5010571741   0.7654600043   4.87901256     1.036660246    0.04022089047  0.01647353346  0.2921276697   -0.6344821817  0.8509961261   
62       I1         0.9723733239   1.497129676    4.343964989    0.7424456046   0.4135150461   2.62875419     2.658951036    2.088028708    0.018586782    0.1282945478   0.637250079    0.4557199111   
63       I1         0.7827219914   1.107859401    3.239729348    0.1431957361   0.3711483416   4.106631229    1.764824294    1.792017861    0.1227171527   0.1474448342   -0.1332041096  0.6578556521   
64       I1         1.001251893    1.476827842    2.583711319    0.09484864392  0.7023414344   5.936447582    1.502462651    1.897622279    0.147568301    0.1750365594   -0.5117192041  0.6158935687   
65       I1         1.212039554    2.05260005     3.983472701    0.5822604601   0.2024594346   2.245178107    2.896475106    1.730171856    0.02297019193  0.1037072661   -0.02486007686 0.5745479868   
66       I1         0.3160663151   1.89441514     4.285975636    0.5146591661   0.7203558098   0.208209793    1.204150956    0.2981488567   0.09975719641  0.0726637103   0.1371337249   0.294161586    
67       I1         0.5328893243   1.959262515    3.967034914    0.1097605279   0.09676746852  4.81531904     2.818549392    0.601396248    0.02509708657  0.2077514615   0.5036395973   0.9288963498   
68       I1         0.9294416391   2.402460187    2.600405533    0.5279647682   0.5414871675   0.5881341888   3.368654007    1.476364732    0.09512350073  0.06482990557  -0.2808197618  0.35770487     
69       I1         1.794343393    2.085767437    4.390373804    0.2147362467   0.3536942089   9.178860468    2.501488129    0.3837209791   0.07007622819  0.1145719985   0.7152595511   1.029007026    
70       I1         0.4423657064   1.196024326    3.556788171    0.713796795    0.676343048    6.513782869    2.617147676    1.98959652     0.008722708975 0.1014779428   -0.4072692744  0.5917395957   
71       I1         1.871245481    2.014978683    3.200341316    0.4397966583   0.8448070479   1.724995369    3.156593598    1.504328578    0.05397412103  0.1792661406   -0.4667220138  0.8895803776   
72       I1         0.8414370897   2.506003395    3.514350809    0.7974454449   0.1317473279   5.606839782    3.14079486     1.819704135    0.1348235245   0.2659571122   -0.2431710826  0.5587989019   
73       I1         0.6141995046   2.057175774    2.625546715    0.5375843765   0.5544735924   3.295380328    2.416570064    1.328780551    0.1043252701   0.192605922    -0.5017822379  0.5032589562   
74       I1         0.8252572498   1.985281329    3.177042209    0.7065451786   0.8368809941   0.2658313869   2.255467775    2.955752295    0.1241357541   0.2220806454   -0.1061365239  0.4605214915   
75       I1         1.725021871    2.45621537     3.549174485    0.8862005328   0.3741970611   2.998884002    2.001481473    2.744544277    0.03185246026  0.2130755652   -0.3539649293  0.6868046963   
76       I1         0.44767833     2.441534055    3.066677678    0.7006101316   0.5753240014   1.29660512     2.084853484    0.05217774912  0.08421151708  0.1157254476   0.245910656    0.256640024    
77       I1         1.223180696    1.58737199     4.214466027    0.2022170083   0.9654515445   8.731779812    1.622142185    2.987323265    0.05808351088  0.2553238178   0.4341217125   0.7089952621   
78       I1         0.3355633099   1.128098203    2.63633544     0.7643641493   0.2101655837   7.928094173    2.159048172    2.446880534    0.06192180875  0.2945850672   0.9863965661   0.7206542024   
79       I1         1.782005308    2.179753498    3.026651672    0.03813466218  0.544416591    8.123806979    2.291507961    2.219610289    0.01082768836  0.2582003247   0.1265346684   1.076557255    
80       I1         0.9691902626   2.594635822    4.145300529    0.8420744192   0.4506584715   2.745035188    2.205949187    2.859379984    0.1318089021   0.2416631677   0.1600216106   0.5159833522   
81       I1         1.182617716    2.223409274    4.230808878    0.7223955554   0.5114201736   8.826475595    2.861752951    2.976354299    0.1178208831   0.2128149756   -0.6995304017  0.6249979764   
82       I1         0.953608261    2.204986631    4.126820906    0.617714539    0.4057471772   3.510819458    2.062803635    0.5975805961   0.1300318976   0.2437909869   -0.4234546257  0.6756958327   
83       I1         1.154517324    1.141502574    3.451950994    0.9694566188   0.151121497    5.80948257     3.454779949    2.519815896    0.1448517014   0.0101842645   0.3783589419   0.395683037    
84       I1         1.934856469    2.379669596    3.161199709    0.8073782172   0.4213703107   9.005140482    2.96451766     0.6845887361   0.007862350739 0.003780384401 -0.7220416001  0.6388065443   
85       I1         1.497551585    2.278022308    3.416947156    0.4330385135   0.0188045118   9.036374273    1.332058821    1.261119775    0.01926088922  0.1326731813   0.4471354503   0.4692587576   
86       I1         1.372596453    1.250427937    2.784622419    0.5779265914   0.8943826397   0.8439711334   2.443266495    1.833760868    0.03373371824  0.2403865097   0.8698789191   0.680437878    
87       I1         1.085978899    2.536586003    4.364753591    0.8533427611   0.687578367    7.20546421     1.34939073     2.404277565    0.03635259849  0.01998529102  0.09652809674  0.3687000163   
88       I1         1.369271837    2.170776757    3.074430617    0.08766672647  0.3475508259   9.915759666    1.818605578    0.1985755591   0.03827675159  0.1978669227   -0.9644884272  0.8166613883   
89       I1         1.688565927    1.527252954    2.50846943     0.8872960347   0.5959419406   4.188251874    1.463704901    1.189815824    0.009378475582 0.1646911938   0.1090151029   0.3960250576   
90       I1         1.924432175    1.039329499    3.727471997    0.2707709073   0.6859801251   2.517408922    3.230032266    2.673580145    0.04663118394  0.239851397    0.4685879183   0.9628452731   
91       I1         0.3428379557   2.499987905    2.877630711    0.3293674977   0.9560722305   3.172767327    2.351854157    2.818122399    0.09664952539  0.1319335686   -0.6713948816  0.6430766619   
92       I1         0.5405389815   1.457003444    4.453154615    0.1959069276   0.1464932831   8.1829479      2.014719743    0.4522946708   0.1422218189   0.1198976337   0.9111448851   0.8669279357   
93       I1         1.839793129    2.423392337    3.888234681    0.949850622    0.4360966493   1.655307686    3.499421442    1.533962724    0.1258041103   0.1292435492   -0.233224821   0.6733859871   
94       I1         1.478389462    2.145625973    2.692654783    0.4492392441   0.3786067364   5.154428555    1.15780769     1.545851775    0.137179929    0.1093861231   -0.7308262746  0.9115614869   
95       I1         0.6022293771   2.604477542    4.075871714    0.6347489478   0.6129824364   8.404803086    2.304546321    0.1506174106   0.1077187073   0.1355209459   -0.7705447428  0.4327171311   
96       I1         0.4144263736   1.061800788    4.336244821    0.5177268601   0.7426657893   3.731313954    2.313800446    0.2573387999   0.06582066675  0.1658409883   -0.0718794109  0.403074418    
97       I1         0.3196891923   1.717098167    3.381960818    0.9721338354   0.8574453403   9.446711023    2.554142808    1.617396896    0.1005065745   0.2257490202   0.4583150151   0.3581681108   
98       I1         1.681532474    1.584203397    2.738898102    0.4016370178   0.5879647622   5.383896754    2.757521514    2.660883043    0.05488479935  0.01826458815  0.7605917496   0.6615772721   
99       I1         1.067199112    2.462591002    2.952759793    0.6860621967   0.5019211353   1.450095686    2.186557027    1.383870048    0.09812008648  0.1124755036   0.1708686619   0.406338763    
100      I1         1.428796657    2.56527134     3.487997143    0.3277216254   0.7828581071   3.769961236    1.685179173    1.740061967    0.07943491215  0.08558548732  -0.321102038   0.5838002333   
101      I1         0.6216393137   2.523376056    3.477901424    0.2064273717   0.320789198    6.060494108    2.945800992    2.571361517    0.0683888669   0.1064374013   0.3034123706   0.7897054538   
102      I1         1.823406715    2.542529793    4.027680889    0.7913672041   0.9345541318   4.573599613    2.728509133    1.209745649    0.09108742021  0.09961651597  -0.4879331245  0.7028001563   
103      I1         1.943173811    2.24825311     3.864345957    0.113720066    0.6491970592   3.394123053    2.393268664    0.5547546341   0.05041932712  0.1726932053   0.8514384187   1.056413375    
104      I1         1.898912245    2.47746857     3.343104422    0.3521041237   0.8192303817   9.262748823    2.435221826    2.491270314    0.01741681244  0.1429316904   0.5954491473   0.9316208464   
105      I1         0.8516816416   1.61212834     2.967713737    0.1321148206   0.6400701768   6.909899875    3.0392257      1.097636174    0.08144251915  0.0952374947   -0.8885587664  0.5142598427   
106      I1         1.771281175    1.395823821    3.602551072    0.6610366424   0.8757510767   7.653929643    2.491389903    2.320806701    0.0256791906   0.1366490234   -0.08566258314 0.6950731753   
107      I1         1.630208966    1.189145543    2.66725301     0.6304719765   0.6010431956   0.7093392765   2.194619009    2.078921093    0.09597826708  0.1264231456   -0.1196759876  0.6084581673   
108      I1         0.4860849217   1.986444153    3.222304965    0.5638364349   0.6078054416   2.796858207    1.265648282    0.9699036579   0.08765395876  0.2342025802   -0.6525276902  0.5998308014   
109      I1         1.539037421    1.001664257    3.331379779    0.7525369395   0.5334932255   6.366329451    2.377638508    1.467986534    0.01228201179  0.09829410237  -0.1905552983  0.4949662516   
110      I1         1.397354438    2.239934853    2.982554117    0.01798505188  0.01450288372  0.5099906425   1.606807955    2.526620359    0.1067204685   0.1630616328   0.5141898021   0.7198070952   
111      I1         1.891687544    1.271565045    4.223294394    0.1715781143   0.8883612712   2.339326773    1.982000801    2.650747806    0.09396876236  0.1499891462   0.9507995359   0.6855815807   
112      I1         1.562283398    1.689175818    2.708406625    0.4886333168   0.4564087718   7.517247668    2.345952424    0.07751906206  0.04627603461  0.03328882449  -0.1859999716  0.5564215877   
113      I1         0.4763555759   2.652883391    3.827213992    0.1590168536   0.5163311147   8.004857896    2.539600155    2.949854696    0.03537210342  0.05024582537  -0.9480750681  0.7877267755   
114      I1         1.226553525    1.089384525    3.750492283    0.6915519842   0.635782298    0.3541249756   2.994583751    2.336997822    0.0903628085   0.2746766343   -0.8610594039  0.6114052155   
115      I1         1.98336308     2.369053499    4.357984449    0.6256104145   0.4379601099   6.727539677    2.700210411    1.579748189    0.04261812593  0.1861413801   -0.3677020813  0.975108304    
116      I1         0.326611012    1.793080032    2.683784505    0.7261567476   0.06154652329  5.526973876    2.719702949    1.337555709    0.03016327621  0.01433757887  0.2619529614   0.5129359906   
117      I1         0.9614019113   1.311800029    3.180371454    0.2415289168   0.2463200352   3.05496928     2.327368111    0.3197858511   0.1063776834   0.2532552349   -0.9864199783  0.8085409069   
118      I1         0.9170691111   2.360140599    3.664249371    0.4510187388   0.2130497318   6.790676587    2.517988877    1.517434438    0.001968471256 0.06828547268  0.7966137695   0.611297555    
119      I1         0.3527387624   1.927909829    3.352611263    0.558378643    0.4980782255   9.372141183    1.117540016    1.564153784    0.131244127    0.07948897005  0.9207430378   0.437263949    
120      I1         0.8935711441   2.030388091    4.004195038    0.6029956616   0.4776620772   2.198446692    2.120035492    1.850547656    0.1483962682   0.06134556823  -0.01212732159 0.3452746825   
121      I1         1.130394371    2.429422706    2.591971168    0.4219138684   0.70896935     3.326900484    3.47513158     0.1262265452   0.07155125084  0.2022559761   0.9477062294   0.8027877977   
122      I1         1.623598457    2.305676635    2.970168461    0.7568711672   0.7716847948   3.583289689    1.957670154    2.932410703    0.002415781961 0.2476636367   0.9032487203   0.8080901797   
123      I1         1.87357065     2.250487389    2.792456384    0.5888760907   0.7583853412   9.498619974    1.389500424    1.053967897    0.07644533892  0.2974629078   -0.5872783314  0.7840963653   
124      I1         1.889074199    2.129130358    4.168659817    0.5620416207   0.05804388927  9.566788489    1.572937828    1.936333729    0.1322439747   0.08289933768  0.7398747344   0.6239897846   
125      I1         0.9905189919   2.286075393    4.244123627    0.9833121046   0.4079067984   2.320547786    1.278774894    1.004257686    0.05426531385  0.261180363    -0.3479191095  0.588240841    
126      I1         0.5788834067   1.549901358    3.713125202    0.7310735944   0.8056751453   5.002589404    3.28990503     2.713879364    0.1112880508   0.2375828651   0.8881793251   0.6102546255   
127      I1         0.4101983734   2.316377652    4.464930667    0.217349812    0.8113767914   4.226906781    1.426296588    0.09999375941  0.01162022567  0.2502796706   -0.6208765253  0.7464990382   
128      I1         1.57691792     1.977115245    3.25662178     0.3084367129   0.754291487    2.691800039    1.72141094     2.01426454     0.1447175053   0.1387857835   0.005059092713 0.5848475613   
129      I1         1.674092136    1.163132893    4.481868748    0.9177468062   0.2729843773   3.14755921     2.743015731    1.773600242    0.1015553587   0.1557735301   -0.1583011778  0.6284619687   
130      I1         1.861285023    1.374613359    2.941521391    0.9335967232   0.4709062678   2.162021918    1.537824066    2.83750996     0.1144477317   0.2213342104   -0.4775272304  0.6683779997   
131      I1         1.736972913    2.037184526    2.822218806    0.9304729949   0.7983745614   2.417095971    3.19877864     0.0009784810385 0.0765216185   0.2732727281   -0.2267234481  0.8069038322   
132      I1         1.567202837    1.598521984    4.436933425    0.1260542698   0.3825561817   5.760776018    3.001111917    1.705075804    0.1284888647   0.2041959506   0.7826805766   1.021797839    
133      I1         0.39006213     1.557022881    2.819203554    0.02480656156  0.1635546553   7.073311939    3.056860529    1.312493302    0.1040550921   0.1563546476   -0.4555072582  0.7607498512   
134      I1         1.112238945    1.046126403    4.306825615    0.3397412588   0.0894577734   2.95335473     1.012927465    0.5391927832   0.00675804169  0.05708258753  0.4947618117   0.7074875882   
135      I1         1.910222725    1.847479596    3.327214513    0.5209092171   0.3976787274   9.991714094    1.421382374    0.5008992053   0.1208319425   0.02165232103  -0.1682531323  0.7788354552   
136      I1         1.043622035    1.263157119    2.806236369    0.9572451715   0.5510643014   9.643499685    3.109061162    0.4713771753   0.08660149955  0.1832290459   -0.9727722923  0.3331027487   
137      I1         0.4628172735   1.780322116    2.854658815    0.4603745082   0.2851291717   6.983583116    2.532528402    1.60263534     0.1022558956   0.03821069424  0.1480514182   0.3073661911   
138      I1         0.6937674698   2.103798969    3.940201022    0.7815431259   0.6275969085   0.7883891887   3.091278636    2.196188023    0.08542902613  0.2237406146   0.4020289255   0.4672831791   
139      I1         0.5882173616   1.176044486    3.113013275    0.6403466023   0.5659573334   8.467556951    3.317583316    2.112615225    0.05615738836  0.1768998632   -0.2072728166  0.3612087376   
140      I1         1.419750923    2.357674334    3.64413611     0.2856764246   0.9086691245   7.556041401    3.250847966    1.126898341    0.1194149804   0.1779324087   -0.6660303728  0.8486616893   
141      I1         1.266772467    2.412265176    4.081349423    0.7386928392   0.9145586888   1.53493775     3.239999224    1.960684558    0.1157424755   0.04141144298  -0.2716117608  0.3113608271   
142      I1         1.973633855    1.506790343    3.592951777    0.1211426688   0.041427187    1.350039983    3.132106181    2.003666432    0.02734482978  0.1418157446   -0.5389739954  1.04891633     
143      I1         0.4245520053   1.402946111    2.672124427    0.6011013242   0.265478951    1.811339385    1.369440362    0.6547736416   0.07097839637  0.05650211406  0.8262394375   0.2802324792   
144      I1         1.387476395    2.274721958    3.568035854    0.8663153199   0.7930541209   3.8669091      2.093105397    0.5610207874   0.1392290088   0.07377570764  0.6449255038   0.4131594965   
145      I1         1.992340235    1.43732954     3.735986787    0.09902767284  0.2320823149   6.934065212    1.870636091    0.1176097277   0.1497748745   0.2888397846   0.8799337468   1.00856523     
146      I1         1.158709209    2.580928054    3.142220271    0.7672713686   0.8399781579   1.001748151    1.886774861    0.2359845949   0.1129626796   0.285006374    -0.06178139925 0.6502707466   
147      I1         0.4951711073   2.07451978     3.432439771    0.05053750021  0.8481798991   6.396943043    3.176884412    1.622544334    0.08075162149  0.08025488314  0.6780633394   0.6286343221   
148      I1         1.591137745    2.318925935    3.706033907    0.4276016541   0.7229535531   5.440009602    3.073056107    1.873772372    0.001487679041 0.2186402212   -0.6841333417  0.8784804309   
149      I1         0.9287867655   2.675928452    4.374945498    0.03104441363  0.1678155591   5.705490445    1.787044704    2.245670059    0.1405389      0.2037516944   0.1132925225   1.048142309    
150      I1         0.553361954    1.069215033    3.841892127    0.9442640393   0.1826518913   9.1037054      3.083430849    0.4326027368   0.05943629023  0.2696678741   0.6865103848   0.5715280763   
151      I1         0.4957277127   2.389903838    3.631972749    0.06617458841  0.3016913849   5.329205753    2.886943105    0.7533708459   0.04479664531  0.09010057412  -0.5216930269  0.7057104106   
152      I1         1.060029389    2.581201481    3.372267971    0.3576384864   0.3072631867   1.109917954    1.483319489    2.634639258    0.08244848076  0.2812353556   0.1863946817   0.7905814088   
153      I1         0.9430770165   1.418938544    3.994306987    0.6501463064   0.8168480328   1.606485542    1.226427779    2.716936522    0.07963139354  0.2716862961   0.8916820488   0.6455786845   
154      I1         0.4353517743   2.121766347    4.112339234    0.651920224    0.5786699087   0.3232059656   1.692970203    0.6910674963   0.02899701193  0.06378246774  -0.7542721321  0.4028019423   
155      I1         0.8612097478   1.157943759    3.877114796    0.6088469602   0.09937325054  9.694709661    2.912259135    2.375098487    0.1397374954   0.2905105164   -0.001913281276 0.7438883385   
156      I1         1.122030833    1.836495014    3.122012242    0.18731588     0.1210128828   6.002778232    2.780756949    2.891697661    0.1410206686   0.2266093869   -0.8343110786  0.9692047632   
157      I1         1.008724434    1.373503888    2.517908039    0.07700316282  0.6257103703   5.557819973    1.932478028    2.916316551    0.07474756776  0.04482407092  0.9652715088   0.6022928686   
158      I1         0.8771454601   1.672796838    2.711888592    0.5692604473   0.7141551185   5.25479592     2.236411736    0.7954323962   0.06626250586  0.03686720849  0.5822012304   0.2592338554   
159      I1         0.7405778344   1.756530424    4.274627782    0.923528304    0.5912584852   8.246207784    1.973763582    2.753721959    0.1385545845   0.1704377504   -0.7687863937  0.3928301558   
160      I1         1.29869262     2.024084218    3.574314535    0.6653043869   0.8610236011   9.776148407    2.268349657    2.540658062    0.004219855167 0.1959651371   -0.2539313635  0.6350230595   
161      I1         0.6734119334   1.46124774     2.610208957    0.2612767029   0.9251221617   4.967030822    3.442628548    2.606592097    0.04512895783  0.05152381042  0.8039866818   0.3570000012   
162      I1         0.5149777703   1.664404193    3.810259928    0.3003703613   0.05025664172  6.197710501    2.608247359    2.86609213     0.08327369175  0.2090721666   -0.3858886557  0.8284880456   
163      I1         1.501985263    1.217210995    4.187532481    0.4766684494   0.6205541782   3.542413203    1.528022256    2.397014436    0.05310743582  0.1852474626   -0.6138258737  0.7325021208   
164      I1         0.7532060067   1.831029792    4.417192063    0.2339020498   0.8236293767   7.715318932    1.18308511     2.898819371    0.06284339989  0.01219208769  0.6182917958   0.3358052788   
165      I1         1.311619337    2.663067641    3.001275434    0.2681338213   0.07153671873  6.638751157    2.763191849    2.034827753    0.03939091535  0.1237515985   0.2101624065   0.7687306815   
166      I1         0.8594859709   2.640566316    3.30779728     0.784987453    0.1603355566   7.860261202    1.94753824     1.010252096    0.03395523655  0.1817220625   0.9313382408   0.5918448278   
167      I1         1.272207432    2.183767031    3.975040031    0.595768273    0.2931487373   5.489382569    2.848600231    0.5810355321   0.1361801927   0.08829319183  -0.1427065458  0.5827293698   
168      I1         1.511211025    1.919688301    3.583271132    0.3882659227   0.9710181614   8.552060966    1.16816521     0.9765149368   0.1121414619   0.2473540063   -0.5652320892  0.7270587838   
169      I1         1.339681715    1.238174427    3.852631937    0.2931131897   0.9486573197   4.472067808    3.425336835    0.9552385088   0.1174800274   0.1884824075   0.2946714694   0.5708513973   
170      I1         0.7647534265   1.749507082    4.490403984    0.6784136961   0.6658387523   2.46863673     1.831062441    2.298921494    0.1081400305   0.0002918229763 0.220408035    0.2188131714   
171      I1         1.190534918    1.445530588    3.46348914     0.3448198588   0.6946949651   9.337788661    2.410994495    1.277491723    0.05912904632  0.2449425044   0.2082641887   0.7285564332   
172      I1         0.789572542    1.327161093    3.680743783    0.8947151221   0.08719938606  9.715090123    1.412317196    1.913873397    0.08936173794  0.02803314686  -0.4453145108  0.7347288302   
173      I1         1.293213112    1.945292096    2.863816821    0.4927495471   0.3613541698   3.915869445    2.030036401    2.1564407      0.09890142707  0.04539292672  -0.8548122593  0.5371087134   
174      I1         0.7944527712   1.318163841    3.619972848    0.5086660562   0.2590210574   9.11421837     1.848556874    2.278743805    0.06515690131  0.231835422    0.369665564    0.6947641985   
175      I1         1.049861075    1.573901481    3.674731127    0.3745767377   0.2183877448   5.842297847    3.4632993      0.1470914168   0.1147556871   0.2302855093   0.3854786578   0.8356858006   
176      I1         0.6319291476   1.655148762    3.278778149    0.4189936291   0.4843905536   6.251763132    3.037366763    0.9053462594   0.113999897    0.1078834143   -0.7458897736  0.4200573613   
177      I1         1.35883135     1.355304279    3.655579597    0.6891905616   0.4663169356   5.215779391    1.221353719    0.8431757703   0.07841229713  0.05363371404  -0.4162237757  0.693923013    
178      I1         1.657882582    1.339953079    2.895323663    0.7165018842   0.6551352417   8.275041911    1.357631033    1.23631492     0.103457769    0.02886225275  0.01217128017  0.5850476907   
179      I1         1.836534251    1.543263755    2.757161432    0.551155623    0.4310794512   0.80618625     1.794421724    2.62321324     0.006039863006 0.1994407373   -0.1229344868  0.637577807    
180      I1         0.4585553439   2.334124015    3.154730813    0.9003524212   0.1267405837   8.042952388    1.627469842    2.593588089    0.05771912429  0.07067374135  0.3297641712   0.5301695698   
181      I1         1.34845065     1.682658681    3.624950022    0.3151516292   0.103980856    8.936209867    3.40923876     2.293450892    0.1089662073   0.2102725835   -0.8450384336  0.9046056797   
182      I1         1.453500029    2.007925509    4.199785706    0.9393210314   0.77690164     1.203283781    1.488318497    0.6640957225   0.1167926974   0.1937477418   0.8113180241   0.4868463505   
183      I1         1.330620213    2.209231162    3.030591996    0.2485902988   0.5252304942   4.621020402    2.127179725    0.8273058978   0.04828645542  0.2150966391   0.3986830698   0.8583098138   
184      I1         1.195757245    1.385725577    4.401371371    0.8580020919   0.2548298908   5.677937282    2.862540153    0.2206018046   0.005945549004 0.233017704    -0.03480208113 0.5767854131   
185      I1         0.750449124    2.197591557    4.152292324    0.8135260645   0.4543647245   2.584305403    1.904653541    1.492435792    0.003608623755 0.1107174775   0.0299123315   0.286047349    
186      I1         1.464272455    1.702193035    4.049628781    0.4610007422   0.3921249435   7.366692812    3.420496642    0.788272496    0.06308132851  0.07026525105  0.1957440408   0.6709381532   
187      I1         0.6454610403   1.413229567    4.323662808    0.2769810949   0.8292179932   5.070087836    2.982508151    1.976913885    0.03799960577  0.1247624232   -0.4335653199  0.3929702272   
188      I1         1.031815732    2.484996524    2.745626434    0.7728527275   0.3121974203   8.686609669    3.337371736    0.8743918281   0.02990656813  0.2671200426   -0.9112250011  0.5836069901   
189      I1         0.5040713005   1.732326328    2.766611993    0.01145083127  0.4426261578   3.445593885    1.244573648    2.417418012    0.1231465186   0.250895077    -0.7076005747  0.8627304262   
190      I1         0.7175991738   1.524782968    2.83204905     0.7031796      0.3955700382   1.782084131    1.557789656    2.794035414    0.000263794398 0.08227900358  0.7579311184   0.3008338552   
191      I1         1.168425809    1.472429143    4.107978047    0.4808505761   0.9851536558   7.393651079    2.222455318    1.889652792    0.05629736833  0.2576656315   0.8332722562   0.7099905118   
192      I1         0.5688303017   1.604534193    4.251197975    0.6727332147   0.9391876196   8.658035885    1.89847601     1.152192786    0.05187937117  0.2705841209   0.05117857487  0.5350667914   
193      I1         0.6779745915   1.211651357    3.747975762    0.7997784599   0.799860378    4.540652858    1.708886113    1.122526308    0.01651235957  0.002565833532 -0.9260060785  1.194561535    
194      I1         1.443875061    2.626616406    3.787971582    0.8782930763   0.9554539488   7.598144076    3.203003556    2.04014675     0.08606984844  0.01757564196  -0.3078218476  0.2867904193   
195      I1         1.518373807    1.652709719    2.770685731    0.3343624794   0.06669942403  3.110961491    2.959254627    1.765770963    0.01507505828  0.02389732434  -0.5555318853  0.6521451239   
196      I1         1.80153224     1.433003144    3.134494032    0.9046503801   0.1802341327   6.581371864    1.06137196     0.6343833602   0.01408340852  0.01170946507  0.7020075113   0.4256567942   
197      I1         1.149262703    1.277543916    3.791282322    0.07026284222  0.3635230936   1.944446759    3.304283651    1.401186994    0.02380100345  0.1917494791   0.3473174537   0.8394215839   
198      I1         1.547070958    2.343000912    2.544324651    0.8494940825   0.6711742736   3.708607551    1.098534421    1.08408207     0.1334908866   0.2193990554   0.4107358551   0.3699628039   
199      I1         1.668035661    1.347875166    4.313984944    0.02371272381  0.1980706214   6.606688437    2.137949191    0.3500372832   0.02404850272  0.2766167299   -0.3710648101  1.200462449    
200      I1         0.3728256627   2.634228482    2.902711628    0.2561986722   0.3508865161   0.9213748418   3.386731765    0.07479989212  0.06909313304  0.1526092526   0.25877566     0.5767222971   
201      I1         0.5203703704   1.535185185    3.574074074    0.669382716    0.9839506173   0.1611111111   2.712962963    0.9444444444   0.1027777778   0.03888888889  0.6666666667   0.3973918098   
202      I1         0.8351851852   1.598148148    3.203703704    0.9839506173   0.3548148148   0.1611111111   1.972222222    0.9444444444   0.05833333333  0.1388888889   0.3209876543   0.3266774123   
203      I1         0.8561728395   2.227777778    3.87037037     0.6814814815   0.8266666667   0.2833333333   1.416666667    2.981481481    0.08055555556  0.03518518519  0.6666666667   0.2333299787   
204      I1         0.8561728395   2.353703704    4.314814815    0.669382716    0.7903703704   7.983333333    2.25           2.944444444    0.1027777778   0.001851851852 0.1481481481   0.2180268905   
205      I1         0.8351851852   2.668518519    3.203703704    0.9839506173   0.7903703704   9.816666667    3.484567901    0.9814814815   0.1194444444   0.1055555556   0.07407407407  0.399174052    
206      I1         0.5833333333   2.416666667    4.487654321    0.9355555556   0.7540740741   2.483333333    2.157407407    1.981481481    0.09166666667  0.1388888889   0.04938271605  0.4245965605   
207      I1         0.6462962963   1.535185185    2.833333333    0.5            0.9839506173   0.1611111111   2.064814815    0.2777777778   0.05277777778  0.07592592593  0.3703703704   0.3164101239   
208      I1         1.590740741    2.164814815    2.981481481    0.669382716    0.4637037037   3.216666667    1.015432099    2.981481481    0.01944444444  0.05           0.8148148148   0.2255931547   
209      I1         1.422839506    1.787037037    2.907407407    0.5            0.3548148148   0.1611111111   1.015432099    1.611111111    0.002777777778 0.07222222222  0.8148148148   0.2444017308   
210      I1         0.7092592593   1.85           2.759259259    0.4637037037   0.9839506173   9.938888889    2.157407407    0.6111111111   0.1194444444   0.06851851852  0.5185185185   0.3496774425   
211      I1         0.6462962963   1.975925926    2.932098765    0.6572839506   0.3548148148   0.2833333333   2.25           0.01851851852  0.08055555556  0.06111111111  0.4444444444   0.1998405855   
212      I1         0.5833333333   1.975925926    2.833333333    0.5604938272   0.4637037037   0.1611111111   2.25           1.018518519    0.06944444444  0.06111111111  0.3703703704   0.2323434569   
213      I1         1.422839506    1.975925926    3.055555556    0.4637037037   0.9839506173   3.95           1.015432099    2.944444444    0.04722222222  0.06111111111  0.8148148148   0.1875227411   
214      I1         1.422839506    2.14382716     2.932098765    0.5725925926   0.9718518519   9.816666667    1.046296296    1.611111111    0.01388888889  0.06111111111  0.8888888889   0.2232744016   
215      I1         1.233950617    1.598148148    2.907407407    0.4637037037   0.3548148148   9.816666667    1.015432099    1.648148148    0.01388888889  0.07222222222  0.7407407407   0.1977718952   
216      I1         1.087037037    1.787037037    2.537037037    0.9839506173   0.9839506173   0.2833333333   1.015432099    2.944444444    0.002777777778 0.06111111111  0.8148148148   0.3652354476   
217      I1         0.7722222222   1.598148148    3.055555556    0.862962963    0.3427160494   9.816666667    1.601851852    0.01851851852  0.04166666667  0.09814814815  0.5925925926   0.2579165364   
218      I1         0.8561728395   2.164814815    2.932098765    0.6814814815   0.9718518519   0.1611111111   3.453703704    0.9444444444   0.1361111111   0.02777777778  0.3703703704   0.188534551    
219      I1         1.15           2.164814815    3.12962963     0.9839506173   0.9718518519   0.1611111111   3.453703704    0.6111111111   0.09722222222  0.03888888889  0.3456790123   0.4687094531   
220      I1         0.7722222222   1.975925926    2.907407407    0.4274074074   0.9718518519   1.383333333    3.453703704    0.9814814815   0.1490740741   0.02777777778  0.3456790123   0.2869509623   
221      I1         0.3104938272   2.038888889    3.277777778    0.4637037037   0.5            0.2833333333   2.12654321     0.01851851852  0.09166666667  0.02777777778  0              0.2328159239   
222      I1         0.7092592593   1.031481481    2.512345679    0.8992592593   0.6451851852   9.938888889    3.268518519    0.9444444444   0.1138888889   0.1981481481   -0.07407407407 0.3531249941   
223      I1         0.7722222222   1.472222222    2.537037037    0.7177777778   0.2822222222   9.938888889    1.87962963     0.2777777778   0.002777777778 0.1018518519   0.3209876543   0.2687381538   
224      I1         0.8561728395   1.975925926    3.5            0.6451851852   0.6451851852   3.216666667    1.138888889    2.944444444    0.01574074074  0.05           0.3209876543   0.2390623558   
225      I1         0.4574074074   2.668518519    3.203703704    0.6451851852   0.3911111111   0.1611111111   2.435185185    0.01851851852  0.002777777778 0.09814814815  -0.07407407407 0.2982430825   
226      I1         0.5833333333   1.010493827    2.685185185    0.3185185185   0.862962963    0.2833333333   3.453703704    0.9814814815   0.075          0.06481481481  0.2222222222   0.3645849387   
227      I1         1.401851852    1.724074074    3.203703704    0.6814814815   0.6088888889   9.938888889    1.015432099    2.388888889    0.025          0.06111111111  0.987654321    0.2697691008   
228      I1         0.7722222222   2.605555556    3.203703704    0.6814814815   0.6451851852   3.583333333    3.484567901    0.9444444444   0.09907407407  0.001851851852 0.4444444444   0.1782890982   
229      I1         0.4574074074   2.101851852    4.314814815    0.6451851852   0.5            0.2833333333   2.651234568    0.01851851852  0.09722222222  0.06111111111  0.3209876543   0.261296527    
230      I1         0.3944444444   1.85           3.425925926    0.5483950617   0.5            3.95           1.848765432    0.5            0.04722222222  0.05           0.3209876543   0.2458507052   
231      I1         0.8351851852   1.55617284     3.87037037     0.6451851852   0.7540740741   9.083333333    3.484567901    2.944444444    0.1472222222   0.001851851852 0.2962962963   0.2331815028   
232      I1         0.6462962963   1.157407407    3.944444444    0.3185185185   0.9839506173   0.2833333333   2.342592593    2.981481481    0.1490740741   0.005555555556 0.07407407407  0.6799965638   
233      I1         0.8351851852   2.101851852    3.845679012    0.6451851852   0.8266666667   9.083333333    3.484567901    1.944444444    0.09722222222  0.001851851852 0.2962962963   0.2067222963   
234      I1         0.6462962963   2.122839506    2.537037037    0.7177777778   0.330617284    1.383333333    3.453703704    0.9444444444   0.1490740741   0.01666666667  0.6666666667   0.1816686574   
235      I1         0.8351851852   2.605555556    2.537037037    0.7177777778   0.6572839506   0.2833333333   3.453703704    0.9814814815   0.1472222222   0.001851851852 0.5185185185   0.195654524    
236      I1         1.129012346    1.787037037    4.314814815    0.8266666667   0.5362962963   3.583333333    1.87962963     2.981481481    0.05833333333  0.01666666667  0.3209876543   0.2083371211   
237      I1         0.8351851852   1.010493827    2.512345679    0.8266666667   0.5725925926   3.583333333    1.87962963     0.05555555556  0.06944444444  0.1018518519   0.6666666667   0.251533826    
238      I1         1.087037037    2.101851852    2.907407407    0.7177777778   0.5483950617   1.016666667    1.694444444    1.981481481    0.04166666667  0.01296296296  0.5925925926   0.214312369    
239      I1         0.4574074074   2.038888889    2.537037037    0.7903703704   0.3185185185   5.783333333    3.484567901    0.01851851852  0.08611111111  0.1351851852   0.2962962963   0.2887934116   
240      I1         0.8561728395   1.283333333    2.512345679    0.8387654321   0.137037037    3.216666667    2.064814815    0.05555555556  0.1027777778   0.06111111111  0.8888888889   0.2899139148   
241      I1         1.275925926    2.101851852    3.203703704    0.7782716049   0.6088888889   3.216666667    1.447530864    2.944444444    0.008333333333 0.06851851852  0.3703703704   0.2030030204   
242      I1         0.9611111111   1.346296296    3.179012346    0.7903703704   0.4274074074   1.016666667    1.324074074    1.018518519    0.01944444444  0.09814814815  0.6666666667   0.2131094272   
243      I1         0.6672839506   2.101851852    2.907407407    0.6451851852   0.5362962963   2.483333333    3.484567901    0.9814814815   0.125          0.01666666667  0.5185185185   0.1970105661   
244      I1         0.6462962963   2.668518519    2.537037037    0.6088888889   0.5362962963   0.2833333333   2.651234568    0.05555555556  0.09907407407  0.01666666667  0.3209876543   0.1674774868   
245      I1         0.6462962963   2.689506173    2.537037037    0.6088888889   0.9839506173   0.2833333333   3.484567901    0.6111111111   0.04722222222  0.03888888889  0.2962962963   0.1752825551   
246      I1         0.8351851852   2.668518519    3.203703704    0.6088888889   0.9839506173   0.2833333333   3.484567901    0.6111111111   0.09166666667  0.001851851852 0.2962962963   0.1657899509   
247      I1         0.4783950617   2.47962963     2.512345679    0.7177777778   0.3185185185   1.383333333    2.898148148    0.01851851852  0.1472222222   0.05           0.5925925926   0.1957207866   
248      I1         0.3104938272   2.668518519    2.537037037    0.5            0.2096296296   0.2833333333   1.848765432    0.01851851852  0.09722222222  0.05           -0.3703703704  0.3155462478   
249      I1         0.6462962963   2.542592593    2.907407407    0.6451851852   0.4274074074   3.583333333    2.651234568    0.6111111111   0.09907407407  0.005555555556 0.3209876543   0.186743521    
250      I1         0.8561728395   2.227777778    4.462962963    0.6451851852   0.6088888889   0.2833333333   1.787037037    2.722222222    0.04907407407  0.001851851852 0.2962962963   0.2061789338   
251      I1         0.3104938272   2.164814815    4.462962963    0.4516049383   0.4274074074   0.2833333333   1.848765432    1.166666667    0.09722222222  0.02777777778  -0.5185185185  0.3786537968   
252      I1         0.7092592593   2.689506173    2.512345679    0.6088888889   0.7903703704   3.583333333    3.484567901    0.05555555556  0.08611111111  0.01666666667  0.2962962963   0.1975905977   
253      I1         0.8561728395   2.164814815    2.759259259    0.3911111111   0.9355555556   0.2833333333   1.015432099    0.2777777778   0.1361111111   0.03148148148  0.8888888889   0.2123664269   
254      I1         0.7092592593   2.290740741    2.981481481    0.5725925926   0.6814814815   0.1611111111   1.817901235    0.01851851852  0.1472222222   0.01666666667  0.6666666667   0.2637975382   
255      I1         0.8351851852   2.668518519    2.537037037    0.6451851852   0.9839506173   0.2833333333   3.484567901    0.9814814815   0.08611111111  0.005555555556 0.3703703704   0.1618118127   
256      I1         0.7722222222   2.689506173    3.055555556    0.6572839506   0.7903703704   0.2833333333   3.175925926    0.9814814815   0.08055555556  0.005555555556 0.2222222222   0.1795988059   
257      I1         0.8561728395   2.14382716     2.537037037    0.4637037037   0.862962963    2.116666667    1.015432099    0.9444444444   0.075          0.06111111111  0.8888888889   0.2541323786   
258      I1         0.5833333333   2.47962963     2.537037037    0.6209876543   0.3548148148   0.2833333333   2.651234568    0.01851851852  0.09722222222  0.03888888889  0.2962962963   0.1816014857   
259      I1         0.6462962963   2.689506173    3.055555556    0.6451851852   0.9839506173   0.2833333333   3.484567901    0.2777777778   0.09722222222  0.02777777778  0.6666666667   0.2184558555   
260      I1         0.7092592593   2.689506173    2.537037037    0.5362962963   0.6088888889   3.583333333    2.651234568    0.05555555556  0.08055555556  0.01666666667  0.3209876543   0.2574107631   
261      I1         0.5833333333   1.55617284     2.759259259    0.7903703704   0.02814814815  9.816666667    3.484567901    2.5            0.1490740741   0.07222222222  0.6666666667   0.2786957663   
262      I1         0.7722222222   1.010493827    3.203703704    0.7177777778   0.3185185185   9.938888889    1.972222222    1.055555556    0.05277777778  0.05           0.6913580247   0.2567456655   
263      I1         1.212962963    2.668518519    3.12962963     0.7903703704   0.6088888889   0.2833333333   2.157407407    2.981481481    0.04907407407  0.001851851852 0.07407407407  0.1910215065   
264      I1         1.15           2.101851852    3.055555556    0.7903703704   0.9839506173   9.816666667    3.484567901    2.981481481    0.1472222222   0.005555555556 0.07407407407  0.2039286732   
265      I1         0.8561728395   1.535185185    2.759259259    0.02814814815  0.9839506173   7.983333333    1.015432099    0.05555555556  0.1305555556   0.06111111111  0.6666666667   0.2243328584   
266      I1         0.8561728395   1.346296296    2.759259259    0.4637037037   0.9839506173   6.883333333    1.015432099    0.05555555556  0.1472222222   0.09444444444  0.8148148148   0.2421925322   
267      I1         0.3104938272   1.283333333    2.512345679    0.3548148148   0.6451851852   9.083333333    1.015432099    0.05555555556  0.1083333333   0.05           0.2962962963   0.3936982487   
268      I1         0.7092592593   1.22037037     2.537037037    0.8266666667   0.3548148148   0.2833333333   1.787037037    0.01851851852  0.0009259259259 0.09814814815  0.8888888889   0.2951806711   
269      I1         0.5833333333   1.55617284     2.907407407    0.7177777778   0.01604938272  0.2833333333   3.484567901    0.2777777778   0.1472222222   0.03888888889  0.6666666667   0.2001387754   
270      I1         0.6462962963   1.55617284     2.759259259    0.8992592593   0.01604938272  0.2833333333   3.484567901    0.9444444444   0.1472222222   0.09444444444  0.8148148148   0.2776728267   
271      I1         1.212962963    2.689506173    3.055555556    0.7540740741   0.9718518519   6.883333333    3.484567901    2.944444444    0.03055555556  0.005555555556 -0.3456790123  0.2497901279   
272      I1         1.212962963    2.605555556    3.722222222    0.7903703704   0.6088888889   9.816666667    2.157407407    2.981481481    0.04907407407  0.001851851852 0.2222222222   0.2442218305   
273      I1         1.401851852    2.668518519    3.425925926    0.669382716    0.9839506173   6.883333333    1.015432099    2.944444444    0.1472222222   0.05           0.6666666667   0.2390300141   
274      I1         1.401851852    2.122839506    4.092592593    0.669382716    0.9718518519   0.2833333333   1.231481481    2.944444444    0.1027777778   0.001851851852 0.5925925926   0.3386061168   
275      I1         0.8561728395   2.101851852    3.722222222    0.7903703704   0.5362962963   2.483333333    2.435185185    2.722222222    0.1342592593   0.001851851852 0.3703703704   0.2271798186   
276      I1         0.9611111111   1.787037037    3.648148148    0.8992592593   0.9718518519   9.816666667    1.848765432    2.981481481    0.1490740741   0.09444444444  0.2962962963   0.2498277595   
277      I1         0.9611111111   2.122839506    3.12962963     0.7177777778   0.5            9.816666667    3.484567901    2.944444444    0.125          0.001851851852 0              0.1984223975   
278      I1         0.9611111111   2.101851852    3.154320988    0.6814814815   0.6088888889   6.883333333    1.87962963     2.981481481    0.08425925926  0.005555555556 0.2222222222   0.2214989648   
279      I1         1.15           2.689506173    2.907407407    0.7540740741   0.9718518519   9.816666667    3.484567901    2.944444444    0.1194444444   0.001851851852 -0.3703703704  0.2219212368   
280      I1         1.401851852    2.689506173    2.907407407    0.9718518519   0.4274074074   6.883333333    3.484567901    2.944444444    0.04907407407  0.005555555556 -0.4444444444  0.273660343    
281      I1         1.212962963    2.689506173    3.648148148    0.9355555556   0.3185185185   0.2833333333   1.972222222    2.981481481    0.002777777778 0.03888888889  -0.3456790123  0.3067160776   
282      I1         0.7092592593   2.668518519    3.87037037     0.7782716049   0.02814814815  6.883333333    3.484567901    2.018518519    0.1472222222   0.005555555556 0.2962962963   0.232920434    
283      I1         0.7722222222   1.787037037    3.87037037     0.7903703704   0.9839506173   9.816666667    3.484567901    2.944444444    0.1490740741   0.09444444444  0              0.2755261604   
284      I1         1.087037037    2.038888889    4.462962963    0.7903703704   0.6814814815   9.938888889    2.62037037     2.981481481    0.1361111111   0.001851851852 0              0.2083733298   
285      I1         1.045061728    2.668518519    4.092592593    0.8266666667   0.6088888889   0.2833333333   2.157407407    2.981481481    0.08611111111  0.001851851852 0.07407407407  0.264852553    
286      I1         0.7722222222   1.031481481    3.179012346    0.6451851852   0.01604938272  3.216666667    3.484567901    0.9444444444   0.08055555556  0.05           0.6666666667   0.3375569991   
287      I1         0.7092592593   1.55617284     3.351851852    0.5362962963   0.4637037037   0.1611111111   2.25           0.2777777778   0.1083333333   0.005555555556 0.3209876543   0.1842523726   
288      I1         0.6672839506   1.22037037     2.537037037    0.6451851852   0.2822222222   0.2833333333   1.87962963     0.01851851852  0.06944444444  0.06111111111  0.3209876543   0.2007291321   
289      I1         0.8351851852   1.157407407    3.87037037     0.02814814815  0.9839506173   0.2833333333   2.157407407    0.01851851852  0.09907407407  0.06111111111  0.07407407407  0.3916431808   
290      I1         0.7722222222   1.031481481    2.981481481    0.862962963    0.3911111111   0.2833333333   1.015432099    0.01851851852  0.1027777778   0.09814814815  0.7407407407   0.2894197058   
291      I1         0.6462962963   1.55617284     3.87037037     0.7177777778   0.06444444444  6.883333333    3.175925926    0.9444444444   0.1490740741   0.001851851852 0.5185185185   0.2337457267   
292      I1         1.338888889    2.038888889    3.12962963     0.7177777778   0.9718518519   9.816666667    3.484567901    2.944444444    0.1027777778   0.001851851852 -0.3456790123  0.3012999639   
293      I1         1.15           2.689506173    3.12962963     0.8266666667   0.7903703704   0.2833333333   1.87962963     2.981481481    0.0009259259259 0.02777777778  0.2962962963   0.2078962862   
294      I1         1.275925926    2.47962963     3.12962963     0.7782716049   0.669382716    0.2833333333   2.25           2.833333333    0.002777777778 0.001851851852 0              0.1937675862   
295      I1         1.15           2.668518519    2.685185185    0.7782716049   0.9718518519   3.583333333    3.484567901    2.722222222    0.09166666667  0.001851851852 0.07407407407  0.1886999442   
296      I1         1.212962963    2.500617284    2.833333333    0.7903703704   0.9839506173   6.516666667    2.62037037     2.944444444    0.09722222222  0.001851851852 0              0.2105070069   
297      I1         0.9191358025   1.912962963    3.820987654    0.6814814815   0.6451851852   6.883333333    2.342592593    2.388888889    0.08240740741  0.005555555556 0.2962962963   0.2007649123   
298      I1         1.401851852    2.689506173    2.537037037    0.6814814815   0.5            0.2833333333   1.848765432    2.981481481    0.002777777778 0.005555555556 0.07407407407  0.3366711201   
299      I1         0.8981481481   2.101851852    2.685185185    0.8024691358   0.137037037    0.2833333333   3.484567901    0.05555555556  0.04722222222  0.01666666667  0.3209876543   0.3176414566   
300      I1         1.422839506    2.101851852    2.512345679    0.9355555556   0.5            1.383333333    1.87962963     2.981481481    0.008333333333 0.03888888889  0.07407407407  0.2202183365   
%eval_id interface log__t_efold_shallow log__t_efold_soil log__t_efold_karst f_exfiltration_shallow f_exfiltration_soil PDD_melt_factor log__Hmax_shallow log__fdd_threshold snow_insulation_k baseflow_Q     log__routing_K neg_kge        
301      I1         0.8351851852   2.668518519    2.537037037    0.6451851852   0.9839506173   0.2833333333   3.484567901    0.9814814815   0.08611111111  0.005555555556 0.3703703704   0.1618118127   
302      I1         1.005185185    2.668518519    2.537037037    0.6451851852   0.9839506173   0.2833333333   3.484567901    0.9814814815   0.08611111111  0.005555555556 0.3703703704   0.2031352677   
303      I1         0.8351851852   2.668518519    2.737037037    0.6451851852   0.9839506173   0.2833333333   3.484567901    0.9814814815   0.08611111111  0.005555555556 0.3703703704   0.1618048762   
304      I1         0.8351851852   2.668518519    2.537037037    0.7431851852   0.9839506173   0.2833333333   3.484567901    0.9814814815   0.08611111111  0.005555555556 0.3703703704   0.2418122966   
305      I1         0.8351851852   2.668518519    2.537037037    0.6451851852   0.9839506173   1.273333333    3.484567901    0.9814814815   0.08611111111  0.005555555556 0.3703703704   0.1717098811   
306      I1         0.8351851852   2.668518519    2.537037037    0.6451851852   0.9839506173   0.2833333333   3.484567901    1.281481481    0.08611111111  0.005555555556 0.3703703704   0.1612736653   
307      I1         0.8351851852   2.668518519    2.537037037    0.6451851852   0.9839506173   0.2833333333   3.484567901    0.9814814815   0.1011111111   0.005555555556 0.3703703704   0.1630278468   
308      I1         0.8351851852   2.668518519    2.537037037    0.6451851852   0.9839506173   0.2833333333   3.484567901    0.9814814815   0.08611111111  0.03555555556  0.3703703704   0.2040523435   
309      I1         0.8351851852   2.668518519    2.537037037    0.6451851852   0.9839506173   0.2833333333   3.484567901    0.9814814815   0.08611111111  0.005555555556 0.5703703704   0.1943972021   
310      I1         0.6651851852   2.668518519    2.537037037    0.6451851852   0.9839506173   0.2833333333   3.484567901    0.9814814815   0.08611111111  0.005555555556 0.3703703704   0.1752667516   
311      I1         0.8351851852   2.498518519    2.537037037    0.6451851852   0.9839506173   0.2833333333   3.484567901    0.9814814815   0.08611111111  0.005555555556 0.3703703704   0.1619249634   
312      I1         0.8351851852   2.668518519    2.537037037    0.5471851852   0.9839506173   0.2833333333   3.484567901    0.9814814815   0.08611111111  0.005555555556 0.3703703704   0.2335879028   
313      I1         0.8351851852   2.668518519    2.537037037    0.6451851852   0.8859506173   0.2833333333   3.484567901    0.9814814815   0.08611111111  0.005555555556 0.3703703704   0.1619715181   
314      I1         0.8351851852   2.668518519    2.537037037    0.6451851852   0.9839506173   0.2833333333   3.234567901    0.9814814815   0.08611111111  0.005555555556 0.3703703704   0.1618118127   
315      I1         0.8351851852   2.668518519    2.537037037    0.6451851852   0.9839506173   0.2833333333   3.484567901    0.6814814815   0.08611111111  0.005555555556 0.3703703704   0.1630563329   
316      I1         0.8351851852   2.668518519    2.537037037    0.6451851852   0.9839506173   0.2833333333   3.484567901    0.9814814815   0.07111111111  0.005555555556 0.3703703704   0.1604361424   
317      I1         0.8351851852   2.668518519    2.537037037    0.6451851852   0.9839506173   0.2833333333   3.484567901    0.9814814815   0.08611111111  0.005555555556 0.1703703704   0.1588480577   
318      I1         0.9201851852   2.668518519    2.537037037    0.6451851852   0.9839506173   0.2833333333   3.484567901    0.9814814815   0.08611111111  0.005555555556 0.3703703704   0.1753572956   
319      I1         0.8351851852   2.668518519    2.637037037    0.6451851852   0.9839506173   0.2833333333   3.484567901    0.9814814815   0.08611111111  0.005555555556 0.3703703704   0.1618071484   
320      I1         0.8351851852   2.668518519    2.537037037    0.6941851852   0.9839506173   0.2833333333   3.484567901    0.9814814815   0.08611111111  0.005555555556 0.3703703704   0.1824109081   
321      I1         0.8351851852   2.668518519    2.537037037    0.6451851852   0.9839506173   0.7783333333   3.484567901    0.9814814815   0.08611111111  0.005555555556 0.3703703704   0.1612869859   
322      I1         0.8351851852   2.668518519    2.537037037    0.6451851852   0.9839506173   0.2833333333   3.484567901    1.131481481    0.08611111111  0.005555555556 0.3703703704   0.1614943217   
323      I1         0.8351851852   2.668518519    2.537037037    0.6451851852   0.9839506173   0.2833333333   3.484567901    0.9814814815   0.09361111111  0.005555555556 0.3703703704   0.1626035679   
324      I1         0.8351851852   2.668518519    2.537037037    0.6451851852   0.9839506173   0.2833333333   3.484567901    0.9814814815   0.08611111111  0.02055555556  0.3703703704   0.1796389613   
325      I1         0.8351851852   2.668518519    2.537037037    0.6451851852   0.9839506173   0.2833333333   3.484567901    0.9814814815   0.08611111111  0.005555555556 0.4703703704   0.1736592689   
326      I1         0.7501851852   2.668518519    2.537037037    0.6451851852   0.9839506173   0.2833333333   3.484567901    0.9814814815   0.08611111111  0.005555555556 0.3703703704   0.1612634099   
327      I1         0.8351851852   2.583518519    2.537037037    0.6451851852   0.9839506173   0.2833333333   3.484567901    0.9814814815   0.08611111111  0.005555555556 0.3703703704   0.1617032433   
328      I1         0.8351851852   2.668518519    2.537037037    0.5961851852   0.9839506173   0.2833333333   3.484567901    0.9814814815   0.08611111111  0.005555555556 0.3703703704   0.1907895441   
329      I1         0.8351851852   2.668518519    2.537037037    0.6451851852   0.9349506173   0.2833333333   3.484567901    0.9814814815   0.08611111111  0.005555555556 0.3703703704   0.161885381    
330      I1         0.8351851852   2.668518519    2.537037037    0.6451851852   0.9839506173   0.2833333333   3.359567901    0.9814814815   0.08611111111  0.005555555556 0.3703703704   0.1618118127   
331      I1         0.8351851852   2.668518519    2.537037037    0.6451851852   0.9839506173   0.2833333333   3.484567901    0.8314814815   0.08611111111  0.005555555556 0.3703703704   0.1623736561   
332      I1         0.8351851852   2.668518519    2.537037037    0.6451851852   0.9839506173   0.2833333333   3.484567901    0.9814814815   0.07861111111  0.005555555556 0.3703703704   0.1604848547   
333      I1         0.8351851852   2.668518519    2.537037037    0.6451851852   0.9839506173   0.2833333333   3.484567901    0.9814814815   0.08611111111  0.005555555556 0.2703703704   0.1569680161   
334      I1         0.9201851852   2.668518519    2.537037037    0.6451851852   0.9839506173   0.2833333333   3.484567901    0.9814814815   0.08611111111  0.005555555556 0.2703703704   0.1648589472   
335      I1         0.8351851852   2.668518519    2.637037037    0.6451851852   0.9839506173   0.2833333333   3.484567901    0.9814814815   0.08611111111  0.005555555556 0.2703703704   0.1569645489   
336      I1         0.8351851852   2.668518519    2.537037037    0.6941851852   0.9839506173   0.2833333333   3.484567901    0.9814814815   0.08611111111  0.005555555556 0.2703703704   0.1909317472   
337      I1         0.8351851852   2.668518519    2.537037037    0.6451851852   0.9839506173   0.7783333333   3.484567901    0.9814814815   0.08611111111  0.005555555556 0.2703703704   0.1529586679   
338      I1         0.8351851852   2.668518519    2.537037037    0.6451851852   0.9839506173   0.2833333333   3.484567901    1.131481481    0.08611111111  0.005555555556 0.2703703704   0.1561565567   
339      I1         0.8351851852   2.668518519    2.537037037    0.6451851852   0.9839506173   0.2833333333   3.484567901    0.9814814815   0.09361111111  0.005555555556 0.2703703704   0.1569579928   
340      I1         0.8351851852   2.668518519    2.537037037    0.6451851852   0.9839506173   0.2833333333   3.484567901    0.9814814815   0.08611111111  0.02055555556  0.2703703704   0.168930102    
341      I1         0.7501851852   2.668518519    2.537037037    0.6451851852   0.9839506173   0.2833333333   3.484567901    0.9814814815   0.08611111111  0.005555555556 0.2703703704   0.1677531053   
342      I1         0.8351851852   2.583518519    2.537037037    0.6451851852   0.9839506173   0.2833333333   3.484567901    0.9814814815   0.08611111111  0.005555555556 0.2703703704   0.1578826546   
343      I1         0.8351851852   2.668518519    2.537037037    0.5961851852   0.9839506173   0.2833333333   3.484567901    0.9814814815   0.08611111111  0.005555555556 0.2703703704   0.1779806458   
344      I1         0.8351851852   2.668518519    2.537037037    0.6451851852   0.9349506173   0.2833333333   3.484567901    0.9814814815   0.08611111111  0.005555555556 0.2703703704   0.1568320785   
345      I1         0.8351851852   2.668518519    2.537037037    0.6451851852   0.9839506173   0.2833333333   3.359567901    0.9814814815   0.08611111111  0.005555555556 0.2703703704   0.1569680161   
346      I1         0.8351851852   2.668518519    2.537037037    0.6451851852   0.9839506173   0.2833333333   3.484567901    0.8314814815   0.08611111111  0.005555555556 0.2703703704   0.158907383    
347      I1         0.8351851852   2.668518519    2.537037037    0.6451851852   0.9839506173   0.2833333333   3.484567901    0.9814814815   0.07861111111  0.005555555556 0.2703703704   0.1583004444   
348      I1         0.8351851852   2.668518519    2.537037037    0.6451851852   0.9839506173   0.2833333333   3.484567901    0.9814814815   0.08611111111  0.005555555556 0.1703703704   0.1588480577   
349      I1         0.9201851852   2.668518519    2.537037037    0.6451851852   0.9839506173   0.7783333333   3.484567901    0.9814814815   0.08611111111  0.005555555556 0.2703703704   0.1686967247   
350      I1         0.8351851852   2.668518519    2.637037037    0.6451851852   0.9839506173   0.7783333333   3.484567901    0.9814814815   0.08611111111  0.005555555556 0.2703703704   0.1529541199   
351      I1         0.8351851852   2.668518519    2.537037037    0.6941851852   0.9839506173   0.7783333333   3.484567901    0.9814814815   0.08611111111  0.005555555556 0.2703703704   0.1719893789   
352      I1         0.8351851852   2.668518519    2.537037037    0.6451851852   0.9839506173   1.273333333    3.484567901    0.9814814815   0.08611111111  0.005555555556 0.2703703704   0.1616711803   
353      I1         0.8351851852   2.668518519    2.537037037    0.6451851852   0.9839506173   0.7783333333   3.484567901    1.131481481    0.08611111111  0.005555555556 0.2703703704   0.153259418    
354      I1         0.8351851852   2.668518519    2.537037037    0.6451851852   0.9839506173   0.7783333333   3.484567901    0.9814814815   0.09361111111  0.005555555556 0.2703703704   0.1560453818   
355      I1         0.8351851852   2.668518519    2.537037037    0.6451851852   0.9839506173   0.7783333333   3.484567901    0.9814814815   0.08611111111  0.02055555556  0.2703703704   0.1717424123   
356      I1         0.7501851852   2.668518519    2.537037037    0.6451851852   0.9839506173   0.7783333333   3.484567901    0.9814814815   0.08611111111  0.005555555556 0.2703703704   0.1557490315   
357      I1         0.8351851852   2.583518519    2.537037037    0.6451851852   0.9839506173   0.7783333333   3.484567901    0.9814814815   0.08611111111  0.005555555556 0.2703703704   0.1527119131   
358      I1         0.8351851852   2.668518519    2.537037037    0.5961851852   0.9839506173   0.7783333333   3.484567901    0.9814814815   0.08611111111  0.005555555556 0.2703703704   0.184280596    
359      I1         0.8351851852   2.668518519    2.537037037    0.6451851852   0.9349506173   0.7783333333   3.484567901    0.9814814815   0.08611111111  0.005555555556 0.2703703704   0.1530735593   
360      I1         0.8351851852   2.668518519    2.537037037    0.6451851852   0.9839506173   0.7783333333   3.359567901    0.9814814815   0.08611111111  0.005555555556 0.2703703704   0.1529586679   
361      I1         0.8351851852   2.668518519    2.537037037    0.6451851852   0.9839506173   0.7783333333   3.484567901    0.8314814815   0.08611111111  0.005555555556 0.2703703704   0.1529652025   
362      I1         0.8351851852   2.668518519    2.537037037    0.6451851852   0.9839506173   0.7783333333   3.484567901    0.9814814815   0.07861111111  0.005555555556 0.2703703704   0.1519503919   
363      I1         0.8351851852   2.668518519    2.537037037    0.6451851852   0.9839506173   0.7783333333   3.484567901    0.9814814815   0.08611111111  0.005555555556 0.1703703704   0.1517667971   
364      I1         0.8776851852   2.668518519    2.537037037    0.6451851852   0.9839506173   0.7783333333   3.484567901    0.9814814815   0.08611111111  0.005555555556 0.2703703704   0.1591798175   
365      I1         0.8351851852   2.668518519    2.587037037    0.6451851852   0.9839506173   0.7783333333   3.484567901    0.9814814815   0.08611111111  0.005555555556 0.2703703704   0.1529561923   
366      I1         0.8351851852   2.668518519    2.537037037    0.6696851852   0.9839506173   0.7783333333   3.484567901    0.9814814815   0.08611111111  0.005555555556 0.2703703704   0.1551598663   
367      I1         0.8351851852   2.668518519    2.537037037    0.6451851852   0.9839506173   1.025833333    3.484567901    0.9814814815   0.08611111111  0.005555555556 0.2703703704   0.1556179013   
368      I1         0.8351851852   2.668518519    2.537037037    0.6451851852   0.9839506173   0.7783333333   3.484567901    1.056481481    0.08611111111  0.005555555556 0.2703703704   0.1530729729   
369      I1         0.8351851852   2.668518519    2.537037037    0.6451851852   0.9839506173   0.7783333333   3.484567901    0.9814814815   0.08986111111  0.005555555556 0.2703703704   0.1543634443   
370      I1         0.8351851852   2.668518519    2.537037037    0.6451851852   0.9839506173   0.7783333333   3.484567901    0.9814814815   0.08611111111  0.01305555556  0.2703703704   0.1611663904   
371      I1         0.8351851852   2.668518519    2.537037037    0.6451851852   0.9839506173   0.7783333333   3.484567901    0.9814814815   0.08611111111  0.005555555556 0.3203703704   0.1562198347   
372      I1         0.7926851852   2.668518519    2.537037037    0.6451851852   0.9839506173   0.7783333333   3.484567901    0.9814814815   0.08611111111  0.005555555556 0.2703703704   0.1513386651   
373      I1         0.8351851852   2.626018519    2.537037037    0.6451851852   0.9839506173   0.7783333333   3.484567901    0.9814814815   0.08611111111  0.005555555556 0.2703703704   0.1528048271   
374      I1         0.8351851852   2.668518519    2.537037037    0.6206851852   0.9839506173   0.7783333333   3.484567901    0.9814814815   0.08611111111  0.005555555556 0.2703703704   0.1652826664   
375      I1         0.8351851852   2.668518519    2.537037037    0.6451851852   0.9594506173   0.7783333333   3.484567901    0.9814814815   0.08611111111  0.005555555556 0.2703703704   0.1530141186   
376      I1         0.8351851852   2.668518519    2.537037037    0.6451851852   0.9839506173   0.5308333333   3.484567901    0.9814814815   0.08611111111  0.005555555556 0.2703703704   0.1525194863   
377      I1         0.8351851852   2.668518519    2.537037037    0.6451851852   0.9839506173   0.7783333333   3.422067901    0.9814814815   0.08611111111  0.005555555556 0.2703703704   0.1529586679   
378      I1         0.8351851852   2.668518519    2.537037037    0.6451851852   0.9839506173   0.7783333333   3.484567901    0.9064814815   0.08611111111  0.005555555556 0.2703703704   0.1527193529   
379      I1         0.8351851852   2.668518519    2.537037037    0.6451851852   0.9839506173   0.7783333333   3.484567901    0.9814814815   0.08236111111  0.005555555556 0.2703703704   0.1526004793   
380      I1         0.8351851852   2.668518519    2.537037037    0.6451851852   0.9839506173   0.7783333333   3.484567901    0.9814814815   0.08611111111  0.005555555556 0.2203703704   0.1514539828   
381      I1         0.7926851852   2.668518519    2.587037037    0.6451851852   0.9839506173   0.7783333333   3.484567901    0.9814814815   0.08611111111  0.005555555556 0.2703703704   0.151336797    
382      I1         0.7926851852   2.668518519    2.537037037    0.6696851852   0.9839506173   0.7783333333   3.484567901    0.9814814815   0.08611111111  0.005555555556 0.2703703704   0.1624003911   
383      I1         0.7926851852   2.668518519    2.537037037    0.6451851852   0.9839506173   1.025833333    3.484567901    0.9814814815   0.08611111111  0.005555555556 0.2703703704   0.1524537667   
384      I1         0.7926851852   2.668518519    2.537037037    0.6451851852   0.9839506173   0.7783333333   3.484567901    1.056481481    0.08611111111  0.005555555556 0.2703703704   0.1513064558   
385      I1         0.7926851852   2.668518519    2.537037037    0.6451851852   0.9839506173   0.7783333333   3.484567901    0.9814814815   0.08986111111  0.005555555556 0.2703703704   0.1515510591   
386      I1         0.7926851852   2.668518519    2.537037037    0.6451851852   0.9839506173   0.7783333333   3.484567901    0.9814814815   0.08611111111  0.01305555556  0.2703703704   0.1555090558   
387      I1         0.7926851852   2.668518519    2.537037037    0.6451851852   0.9839506173   0.7783333333   3.484567901    0.9814814815   0.08611111111  0.005555555556 0.3203703704   0.1519847171   
388      I1         0.7926851852   2.626018519    2.537037037    0.6451851852   0.9839506173   0.7783333333   3.484567901    0.9814814815   0.08611111111  0.005555555556 0.2703703704   0.1516893316   
389      I1         0.7926851852   2.668518519    2.537037037    0.6206851852   0.9839506173   0.7783333333   3.484567901    0.9814814815   0.08611111111  0.005555555556 0.2703703704   0.1569230683   
390      I1         0.7926851852   2.668518519    2.537037037    0.6451851852   0.9594506173   0.7783333333   3.484567901    0.9814814815   0.08611111111  0.005555555556 0.2703703704   0.1512785277   
391      I1         0.7926851852   2.668518519    2.537037037    0.6451851852   0.9839506173   0.5308333333   3.484567901    0.9814814815   0.08611111111  0.005555555556 0.2703703704   0.1545759687   
392      I1         0.7926851852   2.668518519    2.537037037    0.6451851852   0.9839506173   0.7783333333   3.422067901    0.9814814815   0.08611111111  0.005555555556 0.2703703704   0.1513386651   
393      I1         0.7926851852   2.668518519    2.537037037    0.6451851852   0.9839506173   0.7783333333   3.484567901    0.9064814815   0.08611111111  0.005555555556 0.2703703704   0.1519709648   
394      I1         0.7926851852   2.668518519    2.537037037    0.6451851852   0.9839506173   0.7783333333   3.484567901    0.9814814815   0.08236111111  0.005555555556 0.2703703704   0.1513412784   
395      I1         0.7926851852   2.668518519    2.537037037    0.6451851852   0.9839506173   0.7783333333   3.484567901    0.9814814815   0.08611111111  0.005555555556 0.2203703704   0.1531273717   
396      I1         0.8139351852   2.668518519    2.537037037    0.6451851852   0.9839506173   0.7783333333   3.484567901    0.9814814815   0.08611111111  0.005555555556 0.2703703704   0.1514863032   
397      I1         0.7926851852   2.689768519    2.537037037    0.6451851852   0.9839506173   0.7783333333   3.484567901    0.9814814815   0.08611111111  0.005555555556 0.2703703704   0.1512135044   
398      I1         0.7926851852   2.668518519    2.562037037    0.6451851852   0.9839506173   0.7783333333   3.484567901    0.9814814815   0.08611111111  0.005555555556 0.2703703704   0.1513377221   
399      I1         0.7926851852   2.668518519    2.537037037    0.6574351852   0.9839506173   0.7783333333   3.484567901    0.9814814815   0.08611111111  0.005555555556 0.2703703704   0.1550219604   
400      I1         0.7926851852   2.668518519    2.537037037    0.6451851852   0.9839506173   0.9020833333   3.484567901    0.9814814815   0.08611111111  0.005555555556 0.2703703704   0.1516525235   
401      I1         0.7926851852   2.668518519    2.537037037    0.6451851852   0.9839506173   0.7783333333   3.484567901    1.018981481    0.08611111111  0.005555555556 0.2703703704   0.1514028744   
402      I1         0.7926851852   2.668518519    2.537037037    0.6451851852   0.9839506173   0.7783333333   3.484567901    0.9814814815   0.08798611111  0.005555555556 0.2703703704   0.1515579997   
403      I1         0.7926851852   2.668518519    2.537037037    0.6451851852   0.9839506173   0.7783333333   3.484567901    0.9814814815   0.08611111111  0.009305555556 0.2703703704   0.1527804652   
404      I1         0.7926851852   2.668518519    2.537037037    0.6451851852   0.9839506173   0.7783333333   3.484567901    0.9814814815   0.08611111111  0.005555555556 0.2953703704   0.1513608352   
405      I1         0.7714351852   2.668518519    2.537037037    0.6451851852   0.9839506173   0.7783333333   3.484567901    0.9814814815   0.08611111111  0.005555555556 0.2703703704   0.1527786798   
406      I1         0.7926851852   2.647268519    2.537037037    0.6451851852   0.9839506173   0.7783333333   3.484567901    0.9814814815   0.08611111111  0.005555555556 0.2703703704   0.1514953793   
407      I1         0.7926851852   2.668518519    2.512037037    0.6451851852   0.9839506173   0.7783333333   3.484567901    0.9814814815   0.08611111111  0.005555555556 0.2703703704   0.1513396167   
408      I1         0.7926851852   2.668518519    2.537037037    0.6329351852   0.9839506173   0.7783333333   3.484567901    0.9814814815   0.08611111111  0.005555555556 0.2703703704   0.152138052    
409      I1         0.7926851852   2.668518519    2.537037037    0.6451851852   0.9717006173   0.7783333333   3.484567901    0.9814814815   0.08611111111  0.005555555556 0.2703703704   0.1513077592   
410      I1         0.7926851852   2.668518519    2.537037037    0.6451851852   0.9839506173   0.6545833333   3.484567901    0.9814814815   0.08611111111  0.005555555556 0.2703703704   0.1524063874   
411      I1         0.7926851852   2.668518519    2.537037037    0.6451851852   0.9839506173   0.7783333333   3.453317901    0.9814814815   0.08611111111  0.005555555556 0.2703703704   0.1513386651   
412      I1         0.7926851852   2.668518519    2.537037037    0.6451851852   0.9839506173   0.7783333333   3.484567901    0.9439814815   0.08611111111  0.005555555556 0.2703703704   0.1519709648   
413      I1         0.7926851852   2.668518519    2.537037037    0.6451851852   0.9839506173   0.7783333333   3.484567901    0.9814814815   0.08423611111  0.005555555556 0.2703703704   0.1514368681   
414      I1         0.7926851852   2.668518519    2.537037037    0.6451851852   0.9839506173   0.7783333333   3.484567901    0.9814814815   0.08611111111  0.001805555556 0.2703703704   0.151448094    
415      I1         0.7926851852   2.668518519    2.537037037    0.6451851852   0.9839506173   0.7783333333   3.484567901    0.9814814815   0.08611111111  0.005555555556 0.2453703704   0.1519542276   
416      I1         0.8033101852   2.668518519    2.537037037    0.6451851852   0.9839506173   0.7783333333   3.484567901    0.9814814815   0.08611111111  0.005555555556 0.2703703704   0.1512345354   
417      I1         0.7926851852   2.679143519    2.537037037    0.6451851852   0.9839506173   0.7783333333   3.484567901    0.9814814815   0.08611111111  0.005555555556 0.2703703704   0.1512725174   
418      I1         0.7926851852   2.668518519    2.549537037    0.6451851852   0.9839506173   0.7783333333   3.484567901    0.9814814815   0.08611111111  0.005555555556 0.2703703704   0.1513381919   
419      I1         0.7926851852   2.668518519    2.537037037    0.6513101852   0.9839506173   0.7783333333   3.484567901    0.9814814815   0.08611111111  0.005555555556 0.2703703704   0.1526517387   
420      I1         0.7926851852   2.668518519    2.537037037    0.6451851852   0.9839506173   0.8402083333   3.484567901    0.9814814815   0.08611111111  0.005555555556 0.2703703704   0.1515481743   
421      I1         0.7926851852   2.668518519    2.537037037    0.6451851852   0.9839506173   0.7783333333   3.484567901    1.000231481    0.08611111111  0.005555555556 0.2703703704   0.1513362772   
422      I1         0.7926851852   2.668518519    2.537037037    0.6451851852   0.9839506173   0.7783333333   3.484567901    0.9814814815   0.08704861111  0.005555555556 0.2703703704   0.1514055511   
423      I1         0.7926851852   2.668518519    2.537037037    0.6451851852   0.9839506173   0.7783333333   3.484567901    0.9814814815   0.08611111111  0.007430555556 0.2703703704   0.1518796515   
424      I1         0.7926851852   2.668518519    2.537037037    0.6451851852   0.9839506173   0.7783333333   3.484567901    0.9814814815   0.08611111111  0.005555555556 0.2828703704   0.1512776102   
425      I1         0.7820601852   2.668518519    2.537037037    0.6451851852   0.9839506173   0.7783333333   3.484567901    0.9814814815   0.08611111111  0.005555555556 0.2703703704   0.15185109     
426      I1         0.7926851852   2.657893519    2.537037037    0.6451851852   0.9839506173   0.7783333333   3.484567901    0.9814814815   0.08611111111  0.005555555556 0.2703703704   0.1514124534   
427      I1         0.7926851852   2.668518519    2.524537037    0.6451851852   0.9839506173   0.7783333333   3.484567901    0.9814814815   0.08611111111  0.005555555556 0.2703703704   0.1513391403   
428      I1         0.7926851852   2.668518519    2.537037037    0.6390601852   0.9839506173   0.7783333333   3.484567901    0.9814814815   0.08611111111  0.005555555556 0.2703703704   0.1511729384   
429      I1         0.7926851852   2.668518519    2.537037037    0.6451851852   0.9778256173   0.7783333333   3.484567901    0.9814814815   0.08611111111  0.005555555556 0.2703703704   0.1513230016   
430      I1         0.7926851852   2.668518519    2.537037037    0.6451851852   0.9839506173   0.7164583333   3.484567901    0.9814814815   0.08611111111  0.005555555556 0.2703703704   0.1516722853   
431      I1         0.7926851852   2.668518519    2.537037037    0.6451851852   0.9839506173   0.7783333333   3.468942901    0.9814814815   0.08611111111  0.005555555556 0.2703703704   0.1513386651   
432      I1         0.7926851852   2.668518519    2.537037037    0.6451851852   0.9839506173   0.7783333333   3.484567901    0.9627314815   0.08611111111  0.005555555556 0.2703703704   0.1518335053   
433      I1         0.7926851852   2.668518519    2.537037037    0.6451851852   0.9839506173   0.7783333333   3.484567901    0.9814814815   0.08517361111  0.005555555556 0.2703703704   0.1514368681   
434      I1         0.7926851852   2.668518519    2.537037037    0.6451851852   0.9839506173   0.7783333333   3.484567901    0.9814814815   0.08611111111  0.003680555556 0.2703703704   0.1511882016   
435      I1         0.7926851852   2.668518519    2.537037037    0.6451851852   0.9839506173   0.7783333333   3.484567901    0.9814814815   0.08611111111  0.005555555556 0.2578703704   0.1515699007   
436      I1         0.8033101852   2.668518519    2.537037037    0.6390601852   0.9839506173   0.7783333333   3.484567901    0.9814814815   0.08611111111  0.005555555556 0.2703703704   0.1516748746   
437      I1         0.7926851852   2.679143519    2.537037037    0.6390601852   0.9839506173   0.7783333333   3.484567901    0.9814814815   0.08611111111  0.005555555556 0.2703703704   0.1511630446   
438      I1         0.7926851852   2.668518519    2.549537037    0.6390601852   0.9839506173   0.7783333333   3.484567901    0.9814814815   0.08611111111  0.005555555556 0.2703703704   0.1511723784   
439      I1         0.7926851852   2.668518519    2.537037037    0.6390601852   0.9839506173   0.8402083333   3.484567901    0.9814814815   0.08611111111  0.005555555556 0.2703703704   0.1515608817   
440      I1         0.7926851852   2.668518519    2.537037037    0.6390601852   0.9839506173   0.7783333333   3.484567901    1.000231481    0.08611111111  0.005555555556 0.2703703704   0.1512048163   
441      I1         0.7926851852   2.668518519    2.537037037    0.6390601852   0.9839506173   0.7783333333   3.484567901    0.9814814815   0.08704861111  0.005555555556 0.2703703704   0.151229151    
442      I1         0.7926851852   2.668518519    2.537037037    0.6390601852   0.9839506173   0.7783333333   3.484567901    0.9814814815   0.08611111111  0.007430555556 0.2703703704   0.1523309137   
443      I1         0.7926851852   2.668518519    2.537037037    0.6390601852   0.9839506173   0.7783333333   3.484567901    0.9814814815   0.08611111111  0.005555555556 0.2828703704   0.1514467769   
444      I1         0.7820601852   2.668518519    2.537037037    0.6390601852   0.9839506173   0.7783333333   3.484567901    0.9814814815   0.08611111111  0.005555555556 0.2703703704   0.1510660889   
445      I1         0.7926851852   2.657893519    2.537037037    0.6390601852   0.9839506173   0.7783333333   3.484567901    0.9814814815   0.08611111111  0.005555555556 0.2703703704   0.1511882018   
446      I1         0.7926851852   2.668518519    2.524537037    0.6390601852   0.9839506173   0.7783333333   3.484567901    0.9814814815   0.08611111111  0.005555555556 0.2703703704   0.1511735068   
447      I1         0.7926851852   2.668518519    2.537037037    0.6329351852   0.9839506173   0.7783333333   3.484567901    0.9814814815   0.08611111111  0.005555555556 0.2703703704   0.152138052    
448      I1         0.7926851852   2.668518519    2.537037037    0.6390601852   0.9778256173   0.7783333333   3.484567901    0.9814814815   0.08611111111  0.005555555556 0.2703703704   0.1511719922   
449      I1         0.7926851852   2.668518519    2.537037037    0.6390601852   0.9839506173   0.7164583333   3.484567901    0.9814814815   0.08611111111  0.005555555556 0.2703703704   0.1511746823   
450      I1         0.7926851852   2.668518519    2.537037037    0.6390601852   0.9839506173   0.7783333333   3.468942901    0.9814814815   0.08611111111  0.005555555556 0.2703703704   0.1511729384   
451      I1         0.7926851852   2.668518519    2.537037037    0.6390601852   0.9839506173   0.7783333333   3.484567901    0.9627314815   0.08611111111  0.005555555556 0.2703703704   0.1512871731   
452      I1         0.7926851852   2.668518519    2.537037037    0.6390601852   0.9839506173   0.7783333333   3.484567901    0.9814814815   0.08517361111  0.005555555556 0.2703703704   0.1510753097   
453      I1         0.7926851852   2.668518519    2.537037037    0.6390601852   0.9839506173   0.7783333333   3.484567901    0.9814814815   0.08611111111  0.003680555556 0.2703703704   0.1503624228   
454      I1         0.7926851852   2.668518519    2.537037037    0.6390601852   0.9839506173   0.7783333333   3.484567901    0.9814814815   0.08611111111  0.005555555556 0.2578703704   0.151069189    
455      I1         0.8033101852   2.668518519    2.537037037    0.6390601852   0.9839506173   0.7783333333   3.484567901    0.9814814815   0.08611111111  0.003680555556 0.2703703704   0.1505350134   
456      I1         0.7926851852   2.679143519    2.537037037    0.6390601852   0.9839506173   0.7783333333   3.484567901    0.9814814815   0.08611111111  0.003680555556 0.2703703704   0.1503184775   
457      I1         0.7926851852   2.668518519    2.549537037    0.6390601852   0.9839506173   0.7783333333   3.484567901    0.9814814815   0.08611111111  0.003680555556 0.2703703704   0.1503619005   
458      I1         0.7926851852   2.668518519    2.537037037    0.6390601852   0.9839506173   0.8402083333   3.484567901    0.9814814815   0.08611111111  0.003680555556 0.2703703704   0.1506563384   
459      I1         0.7926851852   2.668518519    2.537037037    0.6390601852   0.9839506173   0.7783333333   3.484567901    1.000231481    0.08611111111  0.003680555556 0.2703703704   0.1503752506   
460      I1         0.7926851852   2.668518519    2.537037037    0.6390601852   0.9839506173   0.7783333333   3.484567901    0.9814814815   0.08704861111  0.003680555556 0.2703703704   0.1504257209   
461      I1         0.7926851852   2.668518519    2.537037037    0.6390601852   0.9839506173   0.7783333333   3.484567901    0.9814814815   0.08611111111  0.003680555556 0.2828703704   0.150452843    
462      I1         0.7820601852   2.668518519    2.537037037    0.6390601852   0.9839506173   0.7783333333   3.484567901    0.9814814815   0.08611111111  0.003680555556 0.2703703704   0.1506059122   
463      I1         0.7926851852   2.657893519    2.537037037    0.6390601852   0.9839506173   0.7783333333   3.484567901    0.9814814815   0.08611111111  0.003680555556 0.2703703704   0.1504134008   
464      I1         0.7926851852   2.668518519    2.524537037    0.6390601852   0.9839506173   0.7783333333   3.484567901    0.9814814815   0.08611111111  0.003680555556 0.2703703704   0.1503629503   
465      I1         0.7926851852   2.668518519    2.537037037    0.6329351852   0.9839506173   0.7783333333   3.484567901    0.9814814815   0.08611111111  0.003680555556 0.2703703704   0.1507259678   
466      I1         0.7926851852   2.668518519    2.537037037    0.6390601852   0.9778256173   0.7783333333   3.484567901    0.9814814815   0.08611111111  0.003680555556 0.2703703704   0.1503525869   
467      I1         0.7926851852   2.668518519    2.537037037    0.6390601852   0.9839506173   0.7164583333   3.484567901    0.9814814815   0.08611111111  0.003680555556 0.2703703704   0.15054932     
468      I1         0.7926851852   2.668518519    2.537037037    0.6390601852   0.9839506173   0.7783333333   3.468942901    0.9814814815   0.08611111111  0.003680555556 0.2703703704   0.1503624228   
469      I1         0.7926851852   2.668518519    2.537037037    0.6390601852   0.9839506173   0.7783333333   3.484567901    0.9627314815   0.08611111111  0.003680555556 0.2703703704   0.1506943878   
470      I1         0.7926851852   2.668518519    2.537037037    0.6390601852   0.9839506173   0.7783333333   3.484567901    0.9814814815   0.08517361111  0.003680555556 0.2703703704   0.1503743041   
471      I1         0.7926851852   2.668518519    2.537037037    0.6390601852   0.9839506173   0.7783333333   3.484567901    0.9814814815   0.08611111111  0.001805555556 0.2703703704   0.1499414249   
472      I1         0.7926851852   2.668518519    2.537037037    0.6390601852   0.9839506173   0.7783333333   3.484567901    0.9814814815   0.08611111111  0.003680555556 0.2578703704   0.1504462913   
473      I1         0.8033101852   2.668518519    2.537037037    0.6390601852   0.9839506173   0.7783333333   3.484567901    0.9814814815   0.08611111111  0.001805555556 0.2703703704   0.1497531279   
474      I1         0.7926851852   2.679143519    2.537037037    0.6390601852   0.9839506173   0.7783333333   3.484567901    0.9814814815   0.08611111111  0.001805555556 0.2703703704   0.1498613749   
475      I1         0.7926851852   2.668518519    2.549537037    0.6390601852   0.9839506173   0.7783333333   3.484567901    0.9814814815   0.08611111111  0.001805555556 0.2703703704   0.1499409441   
476      I1         0.7926851852   2.668518519    2.537037037    0.6390601852   0.9839506173   0.8402083333   3.484567901    0.9814814815   0.08611111111  0.001805555556 0.2703703704   0.1501332543   
477      I1         0.7926851852   2.668518519    2.537037037    0.6390601852   0.9839506173   0.7783333333   3.484567901    1.000231481    0.08611111111  0.001805555556 0.2703703704   0.1499341703   
478      I1         0.7926851852   2.668518519    2.537037037    0.6390601852   0.9839506173   0.7783333333   3.484567901    0.9814814815   0.08704861111  0.001805555556 0.2703703704   0.1500121607   
479      I1         0.7926851852   2.668518519    2.537037037    0.6390601852   0.9839506173   0.7783333333   3.484567901    0.9814814815   0.08611111111  0.001805555556 0.2828703704   0.149832413    
480      I1         0.7820601852   2.668518519    2.537037037    0.6390601852   0.9839506173   0.7783333333   3.484567901    0.9814814815   0.08611111111  0.001805555556 0.2703703704   0.1505563823   
481      I1         0.7926851852   2.657893519    2.537037037    0.6390601852   0.9839506173   0.7783333333   3.484567901    0.9814814815   0.08611111111  0.001805555556 0.2703703704   0.1500301937   
482      I1         0.7926851852   2.668518519    2.524537037    0.6390601852   0.9839506173   0.7783333333   3.484567901    0.9814814815   0.08611111111  0.001805555556 0.2703703704   0.1499419074   
483      I1         0.7926851852   2.668518519    2.537037037    0.6329351852   0.9839506173   0.7783333333   3.484567901    0.9814814815   0.08611111111  0.001805555556 0.2703703704   0.1496408567   
484      I1         0.7926851852   2.668518519    2.537037037    0.6390601852   0.9778256173   0.7783333333   3.484567901    0.9814814815   0.08611111111  0.001805555556 0.2703703704   0.1499221828   
485      I1         0.7926851852   2.668518519    2.537037037    0.6390601852   0.9839506173   0.7164583333   3.484567901    0.9814814815   0.08611111111  0.001805555556 0.2703703704   0.1503251502   
486      I1         0.7926851852   2.668518519    2.537037037    0.6390601852   0.9839506173   0.7783333333   3.468942901    0.9814814815   0.08611111111  0.001805555556 0.2703703704   0.1499414249   
487      I1         0.7926851852   2.668518519    2.537037037    0.6390601852   0.9839506173   0.7783333333   3.484567901    0.9627314815   0.08611111111  0.001805555556 0.2703703704   0.1505030936   
488      I1         0.7926851852   2.668518519    2.537037037    0.6390601852   0.9839506173   0.7783333333   3.484567901    0.9814814815   0.08517361111  0.001805555556 0.2703703704   0.1500700883   
489      I1         0.7926851852   2.668518519    2.537037037    0.6390601852   0.9839506173   0.7783333333   3.484567901    0.9814814815   0.08611111111  0.001805555556 0.2578703704   0.1502256875   
490      I1         0.8033101852   2.668518519    2.537037037    0.6329351852   0.9839506173   0.7783333333   3.484567901    0.9814814815   0.08611111111  0.001805555556 0.2703703704   0.1500995918   
491      I1         0.7926851852   2.679143519    2.537037037    0.6329351852   0.9839506173   0.7783333333   3.484567901    0.9814814815   0.08611111111  0.001805555556 0.2703703704   0.149623873    
492      I1         0.7926851852   2.668518519    2.549537037    0.6329351852   0.9839506173   0.7783333333   3.484567901    0.9814814815   0.08611111111  0.001805555556 0.2703703704   0.1496402877   
493      I1         0.7926851852   2.668518519    2.537037037    0.6329351852   0.9839506173   0.8402083333   3.484567901    0.9814814815   0.08611111111  0.001805555556 0.2703703704   0.1500218192   
494      I1         0.7926851852   2.668518519    2.537037037    0.6329351852   0.9839506173   0.7783333333   3.484567901    1.000231481    0.08611111111  0.001805555556 0.2703703704   0.1496703995   
495      I1         0.7926851852   2.668518519    2.537037037    0.6329351852   0.9839506173   0.7783333333   3.484567901    0.9814814815   0.08704861111  0.001805555556 0.2703703704   0.149699894    
496      I1         0.7926851852   2.668518519    2.537037037    0.6329351852   0.9839506173   0.7783333333   3.484567901    0.9814814815   0.08611111111  0.001805555556 0.2828703704   0.1498866926   
497      I1         0.7820601852   2.668518519    2.537037037    0.6329351852   0.9839506173   0.7783333333   3.484567901    0.9814814815   0.08611111111  0.001805555556 0.2703703704   0.1496012325   
498      I1         0.7926851852   2.657893519    2.537037037    0.6329351852   0.9839506173   0.7783333333   3.484567901    0.9814814815   0.08611111111  0.001805555556 0.2703703704   0.1496640672   
499      I1         0.7926851852   2.668518519    2.524537037    0.6329351852   0.9839506173   0.7783333333   3.484567901    0.9814814815   0.08611111111  0.001805555556 0.2703703704   0.1496414338   
500      I1         0.7926851852   2.668518519    2.537037037    0.6268101852   0.9839506173   0.7783333333   3.484567901    0.9814814815   0.08611111111  0.001805555556 0.2703703704   0.1505529854   
501      I1         0.7926851852   2.668518519    2.537037037    0.6329351852   0.9778256173   0.7783333333   3.484567901    0.9814814815   0.08611111111  0.001805555556 0.2703703704   0.1496380819   
502      I1         0.7926851852   2.668518519    2.537037037    0.6329351852   0.9839506173   0.7164583333   3.484567901    0.9814814815   0.08611111111  0.001805555556 0.2703703704   0.1496708418   
503      I1         0.7926851852   2.668518519    2.537037037    0.6329351852   0.9839506173   0.7783333333   3.468942901    0.9814814815   0.08611111111  0.001805555556 0.2703703704   0.1496408567   
504      I1         0.7926851852   2.668518519    2.537037037    0.6329351852   0.9839506173   0.7783333333   3.484567901    0.9627314815   0.08611111111  0.001805555556 0.2703703704   0.1497925414   
505      I1         0.7926851852   2.668518519    2.537037037    0.6329351852   0.9839506173   0.7783333333   3.484567901    0.9814814815   0.08517361111  0.001805555556 0.2703703704   0.1495575239   
506      I1         0.7926851852   2.668518519    2.537037037    0.6329351852   0.9839506173   0.7783333333   3.484567901    0.9814814815   0.08611111111  0.001805555556 0.2578703704   0.1495691255   
507      I1         0.8139351852   2.668518519    2.537037037    0.6329351852   0.9839506173   0.7783333333   3.484567901    0.9814814815   0.08517361111  0.001805555556 0.2703703704   0.1506102721   
508      I1         0.7926851852   2.689768519    2.537037037    0.6329351852   0.9839506173   0.7783333333   3.484567901    0.9814814815   0.08517361111  0.001805555556 0.2703703704   0.1495057203   
509      I1         0.7926851852   2.668518519    2.562037037    0.6329351852   0.9839506173   0.7783333333   3.484567901    0.9814814815   0.08517361111  0.001805555556 0.2703703704   0.1495564208   
510      I1         0.7926851852   2.668518519    2.537037037    0.6451851852   0.9839506173   0.7783333333   3.484567901    0.9814814815   0.08517361111  0.001805555556 0.2703703704   0.1517667178   
511      I1         0.7926851852   2.668518519    2.537037037    0.6329351852   0.9839506173   0.9020833333   3.484567901    0.9814814815   0.08517361111  0.001805555556 0.2703703704   0.1503214411   
512      I1         0.7926851852   2.668518519    2.537037037    0.6329351852   0.9839506173   0.7783333333   3.484567901    1.018981481    0.08517361111  0.001805555556 0.2703703704   0.1495806703   
513      I1         0.7926851852   2.668518519    2.537037037    0.6329351852   0.9839506173   0.7783333333   3.484567901    0.9814814815   0.08704861111  0.001805555556 0.2703703704   0.149699894    
514      I1         0.7926851852   2.668518519    2.537037037    0.6329351852   0.9839506173   0.7783333333   3.484567901    0.9814814815   0.08517361111  0.005555555556 0.2703703704   0.1518485747   
515      I1         0.7926851852   2.668518519    2.537037037    0.6329351852   0.9839506173   0.7783333333   3.484567901    0.9814814815   0.08517361111  0.001805555556 0.2953703704   0.1500732492   
516      I1         0.7714351852   2.668518519    2.537037037    0.6329351852   0.9839506173   0.7783333333   3.484567901    0.9814814815   0.08517361111  0.001805555556 0.2703703704   0.1501397604   
517      I1         0.7926851852   2.647268519    2.537037037    0.6329351852   0.9839506173   0.7783333333   3.484567901    0.9814814815   0.08517361111  0.001805555556 0.2703703704   0.1496372821   
518      I1         0.7926851852   2.668518519    2.512037037    0.6329351852   0.9839506173   0.7783333333   3.484567901    0.9814814815   0.08517361111  0.001805555556 0.2703703704   0.1495586556   
519      I1         0.7926851852   2.668518519    2.537037037    0.6206851852   0.9839506173   0.7783333333   3.484567901    0.9814814815   0.08517361111  0.001805555556 0.2703703704   0.1520702541   
520      I1         0.7926851852   2.668518519    2.537037037    0.6329351852   0.9717006173   0.7783333333   3.484567901    0.9814814815   0.08517361111  0.001805555556 0.2703703704   0.1495460623   
521      I1         0.7926851852   2.668518519    2.537037037    0.6329351852   0.9839506173   0.6545833333   3.484567901    0.9814814815   0.08517361111  0.001805555556 0.2703703704   0.1497038562   
522      I1         0.7926851852   2.668518519    2.537037037    0.6329351852   0.9839506173   0.7783333333   3.453317901    0.9814814815   0.08517361111  0.001805555556 0.2703703704   0.1495575239   
523      I1         0.7926851852   2.668518519    2.537037037    0.6329351852   0.9839506173   0.7783333333   3.484567901    0.9439814815   0.08517361111  0.001805555556 0.2703703704   0.1498900676   
524      I1         0.7926851852   2.668518519    2.537037037    0.6329351852   0.9839506173   0.7783333333   3.484567901    0.9814814815   0.08329861111  0.001805555556 0.2703703704   0.1495136405   
525      I1         0.7926851852   2.668518519    2.537037037    0.6329351852   0.9839506173   0.7783333333   3.484567901    0.9814814815   0.08517361111  0.001805555556 0.2453703704   0.1497068011   
526      I1         0.8033101852   2.668518519    2.537037037    0.6329351852   0.9839506173   0.7783333333   3.484567901    0.9814814815   0.08517361111  0.001805555556 0.2703703704   0.1499118396   
527      I1         0.7926851852   2.679143519    2.537037037    0.6329351852   0.9839506173   0.7783333333   3.484567901    0.9814814815   0.08517361111  0.001805555556 0.2703703704   0.1495283982   
528      I1         0.7926851852   2.668518519    2.549537037    0.6329351852   0.9839506173   0.7783333333   3.484567901    0.9814814815   0.08517361111  0.001805555556 0.2703703704   0.149556968    
529      I1         0.7926851852   2.668518519    2.537037037    0.6329351852   0.9839506173   0.8402083333   3.484567901    0.9814814815   0.08517361111  0.001805555556 0.2703703704   0.1497488447   
530      I1         0.7926851852   2.668518519    2.537037037    0.6329351852   0.9839506173   0.7783333333   3.484567901    1.000231481    0.08517361111  0.001805555556 0.2703703704   0.1495806703   
531      I1         0.7926851852   2.668518519    2.537037037    0.6329351852   0.9839506173   0.7783333333   3.484567901    0.9814814815   0.08517361111  0.003680555556 0.2703703704   0.1505329384   
532      I1         0.7926851852   2.668518519    2.537037037    0.6329351852   0.9839506173   0.7783333333   3.484567901    0.9814814815   0.08517361111  0.001805555556 0.2828703704   0.1497474572   
533      I1         0.7820601852   2.668518519    2.537037037    0.6329351852   0.9839506173   0.7783333333   3.484567901    0.9814814815   0.08517361111  0.001805555556 0.2703703704   0.1496307203   
534      I1         0.7926851852   2.657893519    2.537037037    0.6329351852   0.9839506173   0.7783333333   3.484567901    0.9814814815   0.08517361111  0.001805555556 0.2703703704   0.1495934441   
535      I1         0.7926851852   2.668518519    2.524537037    0.6329351852   0.9839506173   0.7783333333   3.484567901    0.9814814815   0.08517361111  0.001805555556 0.2703703704   0.149558087    
536      I1         0.7926851852   2.668518519    2.537037037    0.6268101852   0.9839506173   0.7783333333   3.484567901    0.9814814815   0.08517361111  0.001805555556 0.2703703704   0.1502603427   
537      I1         0.7926851852   2.668518519    2.537037037    0.6329351852   0.9778256173   0.7783333333   3.484567901    0.9814814815   0.08517361111  0.001805555556 0.2703703704   0.1495515792   
538      I1         0.7926851852   2.668518519    2.537037037    0.6329351852   0.9839506173   0.7164583333   3.484567901    0.9814814815   0.08517361111  0.001805555556 0.2703703704   0.1495860768   
539      I1         0.7926851852   2.668518519    2.537037037    0.6329351852   0.9839506173   0.7783333333   3.468942901    0.9814814815   0.08517361111  0.001805555556 0.2703703704   0.1495575239   
540      I1         0.7926851852   2.668518519    2.537037037    0.6329351852   0.9839506173   0.7783333333   3.484567901    0.9627314815   0.08517361111  0.001805555556 0.2703703704   0.1497925414   
541      I1         0.7926851852   2.668518519    2.537037037    0.6329351852   0.9839506173   0.7783333333   3.484567901    0.9814814815   0.08423611111  0.001805555556 0.2703703704   0.1495575239   
542      I1         0.7926851852   2.668518519    2.537037037    0.6329351852   0.9839506173   0.7783333333   3.484567901    0.9814814815   0.08517361111  0.001805555556 0.2578703704   0.1495483998   
543      I1         0.7979976852   2.668518519    2.537037037    0.6329351852   0.9839506173   0.7783333333   3.484567901    0.9814814815   0.08517361111  0.001805555556 0.2703703704   0.1496891166   
544      I1         0.7926851852   2.673831019    2.537037037    0.6329351852   0.9839506173   0.7783333333   3.484567901    0.9814814815   0.08517361111  0.001805555556 0.2703703704   0.1495421458   
545      I1         0.7926851852   2.668518519    2.543287037    0.6329351852   0.9839506173   0.7783333333   3.484567901    0.9814814815   0.08517361111  0.001805555556 0.2703703704   0.1495572449   
546      I1         0.7926851852   2.668518519    2.537037037    0.6359976852   0.9839506173   0.7783333333   3.484567901    0.9814814815   0.08517361111  0.001805555556 0.2703703704   0.1496609636   
547      I1         0.7926851852   2.668518519    2.537037037    0.6329351852   0.9870131173   0.7783333333   3.484567901    0.9814814815   0.08517361111  0.001805555556 0.2703703704   0.1495606576   
548      I1         0.7926851852   2.668518519    2.537037037    0.6329351852   0.9839506173   0.8092708333   3.484567901    0.9814814815   0.08517361111  0.001805555556 0.2703703704   0.1496375552   
549      I1         0.7926851852   2.668518519    2.537037037    0.6329351852   0.9839506173   0.7783333333   3.492380401    0.9814814815   0.08517361111  0.001805555556 0.2703703704   0.1495575239   
550      I1         0.7926851852   2.668518519    2.537037037    0.6329351852   0.9839506173   0.7783333333   3.484567901    0.9908564815   0.08517361111  0.001805555556 0.2703703704   0.1495575239   
551      I1         0.7926851852   2.668518519    2.537037037    0.6329351852   0.9839506173   0.7783333333   3.484567901    0.9814814815   0.08564236111  0.001805555556 0.2703703704   0.1495575239   
552      I1         0.7926851852   2.668518519    2.537037037    0.6329351852   0.9839506173   0.7783333333   3.484567901    0.9814814815   0.08517361111  0.002743055556 0.2703703704   0.1499995086   
553      I1         0.7926851852   2.668518519    2.537037037    0.6329351852   0.9839506173   0.7783333333   3.484567901    0.9814814815   0.08517361111  0.001805555556 0.2766203704   0.1496351467   
554      I1         0.7873726852   2.668518519    2.537037037    0.6329351852   0.9839506173   0.7783333333   3.484567901    0.9814814815   0.08517361111  0.001805555556 0.2703703704   0.1495437512   
555      I1         0.7926851852   2.663206019    2.537037037    0.6329351852   0.9839506173   0.7783333333   3.484567901    0.9814814815   0.08517361111  0.001805555556 0.2703703704   0.1495746047   
556      I1         0.7926851852   2.668518519    2.530787037    0.6329351852   0.9839506173   0.7783333333   3.484567901    0.9814814815   0.08517361111  0.001805555556 0.2703703704   0.1495578047   
557      I1         0.7926851852   2.668518519    2.537037037    0.6298726852   0.9839506173   0.7783333333   3.484567901    0.9814814815   0.08517361111  0.001805555556 0.2703703704   0.1497598588   
558      I1         0.7926851852   2.668518519    2.537037037    0.6329351852   0.9808881173   0.7783333333   3.484567901    0.9814814815   0.08517361111  0.001805555556 0.2703703704   0.1495544979   
559      I1         0.7926851852   2.668518519    2.537037037    0.6329351852   0.9839506173   0.7473958333   3.484567901    0.9814814815   0.08517361111  0.001805555556 0.2703703704   0.149541859    
560      I1         0.7926851852   2.668518519    2.537037037    0.6329351852   0.9839506173   0.7783333333   3.476755401    0.9814814815   0.08517361111  0.001805555556 0.2703703704   0.1495575239   
561      I1         0.7926851852   2.668518519    2.537037037    0.6329351852   0.9839506173   0.7783333333   3.484567901    0.9721064815   0.08517361111  0.001805555556 0.2703703704   0.1496239937   
562      I1         0.7926851852   2.668518519    2.537037037    0.6329351852   0.9839506173   0.7783333333   3.484567901    0.9814814815   0.08470486111  0.001805555556 0.2703703704   0.1495575239   
563      I1         0.7926851852   2.668518519    2.537037037    0.6329351852   0.9839506173   0.7783333333   3.484567901    0.9814814815   0.08517361111  0.0008680555556 0.2703703704   0.1492132457   
564      I1         0.7926851852   2.668518519    2.537037037    0.6329351852   0.9839506173   0.7783333333   3.484567901    0.9814814815   0.08517361111  0.001805555556 0.2641203704   0.1495286076   
565      I1         0.7979976852   2.668518519    2.537037037    0.6329351852   0.9839506173   0.7783333333   3.484567901    0.9814814815   0.08517361111  0.0008680555556 0.2703703704   0.149254018    
566      I1         0.7926851852   2.673831019    2.537037037    0.6329351852   0.9839506173   0.7783333333   3.484567901    0.9814814815   0.08517361111  0.0008680555556 0.2703703704   0.1491882525   
567      I1         0.7926851852   2.668518519    2.543287037    0.6329351852   0.9839506173   0.7783333333   3.484567901    0.9814814815   0.08517361111  0.0008680555556 0.2703703704   0.1492129763   
568      I1         0.7926851852   2.668518519    2.537037037    0.6359976852   0.9839506173   0.7783333333   3.484567901    0.9814814815   0.08517361111  0.0008680555556 0.2703703704   0.1494915404   
569      I1         0.7926851852   2.668518519    2.537037037    0.6329351852   0.9870131173   0.7783333333   3.484567901    0.9814814815   0.08517361111  0.0008680555556 0.2703703704   0.1492188643   
570      I1         0.7926851852   2.668518519    2.537037037    0.6329351852   0.9839506173   0.8092708333   3.484567901    0.9814814815   0.08517361111  0.0008680555556 0.2703703704   0.1492512104   
571      I1         0.7926851852   2.668518519    2.537037037    0.6329351852   0.9839506173   0.7783333333   3.492380401    0.9814814815   0.08517361111  0.0008680555556 0.2703703704   0.1492132457   
572      I1         0.7926851852   2.668518519    2.537037037    0.6329351852   0.9839506173   0.7783333333   3.484567901    0.9908564815   0.08517361111  0.0008680555556 0.2703703704   0.1492132457   
573      I1         0.7926851852   2.668518519    2.537037037    0.6329351852   0.9839506173   0.7783333333   3.484567901    0.9814814815   0.08564236111  0.0008680555556 0.2703703704   0.1492132457   
574      I1         0.7926851852   2.668518519    2.537037037    0.6329351852   0.9839506173   0.7783333333   3.484567901    0.9814814815   0.08517361111  0.0008680555556 0.2766203704   0.1492409458   
575      I1         0.7873726852   2.668518519    2.537037037    0.6329351852   0.9839506173   0.7783333333   3.484567901    0.9814814815   0.08517361111  0.0008680555556 0.2703703704   0.1492924832   
576      I1         0.7926851852   2.663206019    2.537037037    0.6329351852   0.9839506173   0.7783333333   3.484567901    0.9814814815   0.08517361111  0.0008680555556 0.2703703704   0.1492401597   
577      I1         0.7926851852   2.668518519    2.530787037    0.6329351852   0.9839506173   0.7783333333   3.484567901    0.9814814815   0.08517361111  0.0008680555556 0.2703703704   0.1492135164   
578      I1         0.7926851852   2.668518519    2.537037037    0.6298726852   0.9839506173   0.7783333333   3.484567901    0.9814814815   0.08517361111  0.0008680555556 0.2703703704   0.1492473677   
579      I1         0.7926851852   2.668518519    2.537037037    0.6329351852   0.9808881173   0.7783333333   3.484567901    0.9814814815   0.08517361111  0.0008680555556 0.2703703704   0.1492077414   
580      I1         0.7926851852   2.668518519    2.537037037    0.6329351852   0.9839506173   0.7473958333   3.484567901    0.9814814815   0.08517361111  0.0008680555556 0.2703703704   0.1492433907   
581      I1         0.7926851852   2.668518519    2.537037037    0.6329351852   0.9839506173   0.7783333333   3.476755401    0.9814814815   0.08517361111  0.0008680555556 0.2703703704   0.1492132457   
582      I1         0.7926851852   2.668518519    2.537037037    0.6329351852   0.9839506173   0.7783333333   3.484567901    0.9721064815   0.08517361111  0.0008680555556 0.2703703704   0.1492884721   
583      I1         0.7926851852   2.668518519    2.537037037    0.6329351852   0.9839506173   0.7783333333   3.484567901    0.9814814815   0.08470486111  0.0008680555556 0.2703703704   0.1492132457   
584      I1         0.7926851852   2.668518519    2.537037037    0.6329351852   0.9839506173   0.7783333333   3.484567901    0.9814814815   0.08517361111  0.0008680555556 0.2641203704   0.1492342913   
585      I1         0.7979976852   2.673831019    2.537037037    0.6329351852   0.9839506173   0.7783333333   3.484567901    0.9814814815   0.08517361111  0.0008680555556 0.2703703704   0.1492367467   
586      I1         0.7926851852   2.679143519    2.537037037    0.6329351852   0.9839506173   0.7783333333   3.484567901    0.9814814815   0.08517361111  0.0008680555556 0.2703703704   0.1491650993   
587      I1         0.7926851852   2.673831019    2.543287037    0.6329351852   0.9839506173   0.7783333333   3.484567901    0.9814814815   0.08517361111  0.0008680555556 0.2703703704   0.1491879889   
588      I1         0.7926851852   2.673831019    2.537037037    0.6359976852   0.9839506173   0.7783333333   3.484567901    0.9814814815   0.08517361111  0.0008680555556 0.2703703704   0.1494503455   
589      I1         0.7926851852   2.673831019    2.537037037    0.6329351852   0.9870131173   0.7783333333   3.484567901    0.9814814815   0.08517361111  0.0008680555556 0.2703703704   0.1491933854   
590      I1         0.7926851852   2.673831019    2.537037037    0.6329351852   0.9839506173   0.8092708333   3.484567901    0.9814814815   0.08517361111  0.0008680555556 0.2703703704   0.1492305861   
591      I1         0.7926851852   2.673831019    2.537037037    0.6329351852   0.9839506173   0.7783333333   3.492380401    0.9814814815   0.08517361111  0.0008680555556 0.2703703704   0.1491882525   
592      I1         0.7926851852   2.673831019    2.537037037    0.6329351852   0.9839506173   0.7783333333   3.484567901    0.9908564815   0.08517361111  0.0008680555556 0.2703703704   0.1491882525   
593      I1         0.7926851852   2.673831019    2.537037037    0.6329351852   0.9839506173   0.7783333333   3.484567901    0.9814814815   0.08564236111  0.0008680555556 0.2703703704   0.1491882525   
594      I1         0.7926851852   2.673831019    2.537037037    0.6329351852   0.9839506173   0.7783333333   3.484567901    0.9814814815   0.08517361111  0.0008680555556 0.2766203704   0.149220249    
595      I1         0.7873726852   2.673831019    2.537037037    0.6329351852   0.9839506173   0.7783333333   3.484567901    0.9814814815   0.08517361111  0.0008680555556 0.2703703704   0.1492588364   
596      I1         0.7926851852   2.673831019    2.530787037    0.6329351852   0.9839506173   0.7783333333   3.484567901    0.9814814815   0.08517361111  0.0008680555556 0.2703703704   0.1491885175   
597      I1         0.7926851852   2.673831019    2.537037037    0.6298726852   0.9839506173   0.7783333333   3.484567901    0.9814814815   0.08517361111  0.0008680555556 0.2703703704   0.1492392152   
598      I1         0.7926851852   2.673831019    2.537037037    0.6329351852   0.9808881173   0.7783333333   3.484567901    0.9814814815   0.08517361111  0.0008680555556 0.2703703704   0.1491832288   
599      I1         0.7926851852   2.673831019    2.537037037    0.6329351852   0.9839506173   0.7473958333   3.484567901    0.9814814815   0.08517361111  0.0008680555556 0.2703703704   0.1492137095   
600      I1         0.7926851852   2.673831019    2.537037037    0.6329351852   0.9839506173   0.7783333333   3.476755401    0.9814814815   0.08517361111  0.0008680555556 0.2703703704   0.1491882525   
601      I1         0.7926851852   2.673831019    2.537037037    0.6329351852   0.9839506173   0.7783333333   3.484567901    0.9721064815   0.08517361111  0.0008680555556 0.2703703704   0.1492623505   
602      I1         0.7926851852   2.673831019    2.537037037    0.6329351852   0.9839506173   0.7783333333   3.484567901    0.9814814815   0.08470486111  0.0008680555556 0.2703703704   0.1491882525   
603      I1         0.7926851852   2.673831019    2.537037037    0.6329351852   0.9839506173   0.7783333333   3.484567901    0.9814814815   0.08517361111  0.0008680555556 0.2641203704   0.1492042984   
604      I1         0.7979976852   2.679143519    2.537037037    0.6329351852   0.9839506173   0.7783333333   3.484567901    0.9814814815   0.08517361111  0.0008680555556 0.2703703704   0.1492211466   
605      I1         0.7926851852   2.684456019    2.537037037    0.6329351852   0.9839506173   0.7783333333   3.484567901    0.9814814815   0.08517361111  0.0008680555556 0.2703703704   0.1491437676   
606      I1         0.7926851852   2.679143519    2.543287037    0.6329351852   0.9839506173   0.7783333333   3.484567901    0.9814814815   0.08517361111  0.0008680555556 0.2703703704   0.1491648412   
607      I1         0.7926851852   2.679143519    2.537037037    0.6359976852   0.9839506173   0.7783333333   3.484567901    0.9814814815   0.08517361111  0.0008680555556 0.2703703704   0.149411271    
608      I1         0.7926851852   2.679143519    2.537037037    0.6329351852   0.9870131173   0.7783333333   3.484567901    0.9814814815   0.08517361111  0.0008680555556 0.2703703704   0.1491697727   
609      I1         0.7926851852   2.679143519    2.537037037    0.6329351852   0.9839506173   0.8092708333   3.484567901    0.9814814815   0.08517361111  0.0008680555556 0.2703703704   0.149211716    
610      I1         0.7926851852   2.679143519    2.537037037    0.6329351852   0.9839506173   0.7783333333   3.492380401    0.9814814815   0.08517361111  0.0008680555556 0.2703703704   0.1491650993   
611      I1         0.7926851852   2.679143519    2.537037037    0.6329351852   0.9839506173   0.7783333333   3.484567901    0.9908564815   0.08517361111  0.0008680555556 0.2703703704   0.1491650993   
612      I1         0.7926851852   2.679143519    2.537037037    0.6329351852   0.9839506173   0.7783333333   3.484567901    0.9814814815   0.08564236111  0.0008680555556 0.2703703704   0.1491650993   
613      I1         0.7926851852   2.679143519    2.537037037    0.6329351852   0.9839506173   0.7783333333   3.484567901    0.9814814815   0.08517361111  0.0008680555556 0.2766203704   0.1492012865   
614      I1         0.7873726852   2.679143519    2.537037037    0.6329351852   0.9839506173   0.7783333333   3.484567901    0.9814814815   0.08517361111  0.0008680555556 0.2703703704   0.1492272116   
615      I1         0.7926851852   2.679143519    2.530787037    0.6329351852   0.9839506173   0.7783333333   3.484567901    0.9814814815   0.08517361111  0.0008680555556 0.2703703704   0.1491653587   
616      I1         0.7926851852   2.679143519    2.537037037    0.6298726852   0.9839506173   0.7783333333   3.484567901    0.9814814815   0.08517361111  0.0008680555556 0.2703703704   0.1492326533   
617      I1         0.7926851852   2.679143519    2.537037037    0.6329351852   0.9808881173   0.7783333333   3.484567901    0.9814814815   0.08517361111  0.0008680555556 0.2703703704   0.1491605308   
618      I1         0.7926851852   2.679143519    2.537037037    0.6329351852   0.9839506173   0.7473958333   3.484567901    0.9814814815   0.08517361111  0.0008680555556 0.2703703704   0.1491859625   
619      I1         0.7926851852   2.679143519    2.537037037    0.6329351852   0.9839506173   0.7783333333   3.476755401    0.9814814815   0.08517361111  0.0008680555556 0.2703703704   0.1491650993   
620      I1         0.7926851852   2.679143519    2.537037037    0.6329351852   0.9839506173   0.7783333333   3.484567901    0.9721064815   0.08517361111  0.0008680555556 0.2703703704   0.1492380921   
621      I1         0.7926851852   2.679143519    2.537037037    0.6329351852   0.9839506173   0.7783333333   3.484567901    0.9814814815   0.08470486111  0.0008680555556 0.2703703704   0.1491650993   
622      I1         0.7926851852   2.679143519    2.537037037    0.6329351852   0.9839506173   0.7783333333   3.484567901    0.9814814815   0.08517361111  0.0008680555556 0.2641203704   0.1491762828   
623      I1         0.7979976852   2.684456019    2.537037037    0.6329351852   0.9839506173   0.7783333333   3.484567901    0.9814814815   0.08517361111  0.0008680555556 0.2703703704   0.1492071448   
624      I1         0.7926851852   2.689768519    2.537037037    0.6329351852   0.9839506173   0.7783333333   3.484567901    0.9814814815   0.08517361111  0.0008680555556 0.2703703704   0.1491242042   
625      I1         0.7926851852   2.684456019    2.543287037    0.6329351852   0.9839506173   0.7783333333   3.484567901    0.9814814815   0.08517361111  0.0008680555556 0.2703703704   0.1491435154   
626      I1         0.7926851852   2.684456019    2.537037037    0.6359976852   0.9839506173   0.7783333333   3.484567901    0.9814814815   0.08517361111  0.0008680555556 0.2703703704   0.1493742873   
627      I1         0.7926851852   2.684456019    2.537037037    0.6329351852   0.9870131173   0.7783333333   3.484567901    0.9814814815   0.08517361111  0.0008680555556 0.2703703704   0.1491479728   
628      I1         0.7926851852   2.684456019    2.537037037    0.6329351852   0.9839506173   0.8092708333   3.484567901    0.9814814815   0.08517361111  0.0008680555556 0.2703703704   0.1491945895   
629      I1         0.7926851852   2.684456019    2.537037037    0.6329351852   0.9839506173   0.7783333333   3.492380401    0.9814814815   0.08517361111  0.0008680555556 0.2703703704   0.1491437676   
630      I1         0.7926851852   2.684456019    2.537037037    0.6329351852   0.9839506173   0.7783333333   3.484567901    0.9908564815   0.08517361111  0.0008680555556 0.2703703704   0.1491437676   
631      I1         0.7926851852   2.684456019    2.537037037    0.6329351852   0.9839506173   0.7783333333   3.484567901    0.9814814815   0.08564236111  0.0008680555556 0.2703703704   0.1491437676   
632      I1         0.7926851852   2.684456019    2.537037037    0.6329351852   0.9839506173   0.7783333333   3.484567901    0.9814814815   0.08517361111  0.001805555556 0.2703703704   0.1495163047   
633      I1         0.7926851852   2.684456019    2.537037037    0.6329351852   0.9839506173   0.7783333333   3.484567901    0.9814814815   0.08517361111  0.0008680555556 0.2766203704   0.1491840024   
634      I1         0.7873726852   2.684456019    2.537037037    0.6329351852   0.9839506173   0.7783333333   3.484567901    0.9814814815   0.08517361111  0.0008680555556 0.2703703704   0.1491976591   
635      I1         0.7926851852   2.684456019    2.530787037    0.6329351852   0.9839506173   0.7783333333   3.484567901    0.9814814815   0.08517361111  0.0008680555556 0.2703703704   0.1491440211   
636      I1         0.7926851852   2.684456019    2.537037037    0.6298726852   0.9839506173   0.7783333333   3.484567901    0.9814814815   0.08517361111  0.0008680555556 0.2703703704   0.1492275725   
637      I1         0.7926851852   2.684456019    2.537037037    0.6329351852   0.9808881173   0.7783333333   3.484567901    0.9814814815   0.08517361111  0.0008680555556 0.2703703704   0.1491396643   
638      I1         0.7926851852   2.684456019    2.537037037    0.6329351852   0.9839506173   0.7473958333   3.484567901    0.9814814815   0.08517361111  0.0008680555556 0.2703703704   0.1491601283   
639      I1         0.7926851852   2.684456019    2.537037037    0.6329351852   0.9839506173   0.7783333333   3.476755401    0.9814814815   0.08517361111  0.0008680555556 0.2703703704   0.1491437676   
640      I1         0.7926851852   2.684456019    2.537037037    0.6329351852   0.9839506173   0.7783333333   3.484567901    0.9721064815   0.08517361111  0.0008680555556 0.2703703704   0.149215672    
641      I1         0.7926851852   2.684456019    2.537037037    0.6329351852   0.9839506173   0.7783333333   3.484567901    0.9814814815   0.08470486111  0.0008680555556 0.2703703704   0.1491437676   
642      I1         0.7926851852   2.684456019    2.537037037    0.6329351852   0.9839506173   0.7783333333   3.484567901    0.9814814815   0.08517361111  0.0008680555556 0.2641203704   0.1491503905   
643      I1         0.8033101852   2.689768519    2.537037037    0.6329351852   0.9839506173   0.7783333333   3.484567901    0.9814814815   0.08517361111  0.0008680555556 0.2703703704   0.1493640965   
644      I1         0.7926851852   2.689768519    2.549537037    0.6329351852   0.9839506173   0.7783333333   3.484567901    0.9814814815   0.08517361111  0.0008680555556 0.2703703704   0.1491237124   
645      I1         0.7926851852   2.689768519    2.537037037    0.6390601852   0.9839506173   0.7783333333   3.484567901    0.9814814815   0.08517361111  0.0008680555556 0.2703703704   0.1498672009   
646      I1         0.7926851852   2.689768519    2.537037037    0.6329351852   0.9839506173   0.8402083333   3.484567901    0.9814814815   0.08517361111  0.0008680555556 0.2703703704   0.149268104    
647      I1         0.7926851852   2.689768519    2.537037037    0.6329351852   0.9839506173   0.7783333333   3.484567901    1.000231481    0.08517361111  0.0008680555556 0.2703703704   0.1491416411   
648      I1         0.7926851852   2.689768519    2.537037037    0.6329351852   0.9839506173   0.7783333333   3.484567901    0.9814814815   0.08611111111  0.0008680555556 0.2703703704   0.1491725832   
649      I1         0.7926851852   2.689768519    2.537037037    0.6329351852   0.9839506173   0.7783333333   3.484567901    0.9814814815   0.08517361111  0.002743055556 0.2703703704   0.1499833559   
650      I1         0.7926851852   2.689768519    2.537037037    0.6329351852   0.9839506173   0.7783333333   3.484567901    0.9814814815   0.08517361111  0.0008680555556 0.2828703704   0.1492519575   
651      I1         0.7820601852   2.689768519    2.537037037    0.6329351852   0.9839506173   0.7783333333   3.484567901    0.9814814815   0.08517361111  0.0008680555556 0.2703703704   0.1493189315   
652      I1         0.7926851852   2.689768519    2.524537037    0.6329351852   0.9839506173   0.7783333333   3.484567901    0.9814814815   0.08517361111  0.0008680555556 0.2703703704   0.1491247016   
653      I1         0.7926851852   2.689768519    2.537037037    0.6268101852   0.9839506173   0.7783333333   3.484567901    0.9814814815   0.08517361111  0.0008680555556 0.2703703704   0.1496317507   
654      I1         0.7926851852   2.689768519    2.537037037    0.6329351852   0.9778256173   0.7783333333   3.484567901    0.9814814815   0.08517361111  0.0008680555556 0.2703703704   0.1491169303   
655      I1         0.7926851852   2.689768519    2.537037037    0.6329351852   0.9839506173   0.7164583333   3.484567901    0.9814814815   0.08517361111  0.0008680555556 0.2703703704   0.1492111373   
656      I1         0.7926851852   2.689768519    2.537037037    0.6329351852   0.9839506173   0.7783333333   3.468942901    0.9814814815   0.08517361111  0.0008680555556 0.2703703704   0.1491242042   
657      I1         0.7926851852   2.689768519    2.537037037    0.6329351852   0.9839506173   0.7783333333   3.484567901    0.9627314815   0.08517361111  0.0008680555556 0.2703703704   0.1493930538   
658      I1         0.7926851852   2.689768519    2.537037037    0.6329351852   0.9839506173   0.7783333333   3.484567901    0.9814814815   0.08423611111  0.0008680555556 0.2703703704   0.1491242042   
659      I1         0.7926851852   2.689768519    2.537037037    0.6329351852   0.9839506173   0.7783333333   3.484567901    0.9814814815   0.08517361111  0.0008680555556 0.2578703704   0.1491780022   
660      I1         0.7979976852   2.689768519    2.537037037    0.6329351852   0.9839506173   0.7783333333   3.484567901    0.9814814815   0.08517361111  0.0008680555556 0.2703703704   0.1491947924   
661      I1         0.7926851852   2.695081019    2.537037037    0.6329351852   0.9839506173   0.7783333333   3.484567901    0.9814814815   0.08517361111  0.0008680555556 0.2703703704   0.149106281    
662      I1         0.7926851852   2.689768519    2.543287037    0.6329351852   0.9839506173   0.7783333333   3.484567901    0.9814814815   0.08517361111  0.0008680555556 0.2703703704   0.1491239575   
663      I1         0.7926851852   2.689768519    2.537037037    0.6359976852   0.9839506173   0.7783333333   3.484567901    0.9814814815   0.08517361111  0.0008680555556 0.2703703704   0.1493393536   
664      I1         0.7926851852   2.689768519    2.537037037    0.6329351852   0.9870131173   0.7783333333   3.484567901    0.9814814815   0.08517361111  0.0008680555556 0.2703703704   0.1491279862   
665      I1         0.7926851852   2.689768519    2.537037037    0.6329351852   0.9839506173   0.8092708333   3.484567901    0.9814814815   0.08517361111  0.0008680555556 0.2703703704   0.1491791517   
666      I1         0.7926851852   2.689768519    2.537037037    0.6329351852   0.9839506173   0.7783333333   3.492380401    0.9814814815   0.08517361111  0.0008680555556 0.2703703704   0.1491242042   
667      I1         0.7926851852   2.689768519    2.537037037    0.6329351852   0.9839506173   0.7783333333   3.484567901    0.9908564815   0.08517361111  0.0008680555556 0.2703703704   0.1491242042   
668      I1         0.7926851852   2.689768519    2.537037037    0.6329351852   0.9839506173   0.7783333333   3.484567901    0.9814814815   0.08564236111  0.0008680555556 0.2703703704   0.1491242042   
669      I1         0.7926851852   2.689768519    2.537037037    0.6329351852   0.9839506173   0.7783333333   3.484567901    0.9814814815   0.08517361111  0.0008680555556 0.2766203704   0.1491683191   
670      I1         0.7873726852   2.689768519    2.537037037    0.6329351852   0.9839506173   0.7783333333   3.484567901    0.9814814815   0.08517361111  0.0008680555556 0.2703703704   0.1491700323   
671      I1         0.7926851852   2.689768519    2.530787037    0.6329351852   0.9839506173   0.7783333333   3.484567901    0.9814814815   0.08517361111  0.0008680555556 0.2703703704   0.1491244523   
672      I1         0.7926851852   2.689768519    2.537037037    0.6298726852   0.9839506173   0.7783333333   3.484567901    0.9814814815   0.08517361111  0.0008680555556 0.2703703704   0.1492238898   
673      I1         0.7926851852   2.689768519    2.537037037    0.6329351852   0.9808881173   0.7783333333   3.484567901    0.9814814815   0.08517361111  0.0008680555556 0.2703703704   0.1491205181   
674      I1         0.7926851852   2.689768519    2.537037037    0.6329351852   0.9839506173   0.7473958333   3.484567901    0.9814814815   0.08517361111  0.0008680555556 0.2703703704   0.1491361366   
675      I1         0.7926851852   2.689768519    2.537037037    0.6329351852   0.9839506173   0.7783333333   3.476755401    0.9814814815   0.08517361111  0.0008680555556 0.2703703704   0.1491242042   
676      I1         0.7926851852   2.689768519    2.537037037    0.6329351852   0.9839506173   0.7783333333   3.484567901    0.9721064815   0.08517361111  0.0008680555556 0.2703703704   0.1491950479   
677      I1         0.7926851852   2.689768519    2.537037037    0.6329351852   0.9839506173   0.7783333333   3.484567901    0.9814814815   0.08470486111  0.0008680555556 0.2703703704   0.1491242042   
678      I1         0.7926851852   2.689768519    2.537037037    0.6329351852   0.9839506173   0.7783333333   3.484567901    0.9814814815   0.08517361111  0.0008680555556 0.2641203704   0.1491267824   
679      I1         0.7979976852   2.695081019    2.537037037    0.6329351852   0.9839506173   0.7783333333   3.484567901    0.9814814815   0.08517361111  0.0008680555556 0.2703703704   0.1491839365   
680      I1         0.7926851852   2.695081019    2.543287037    0.6329351852   0.9839506173   0.7783333333   3.484567901    0.9814814815   0.08517361111  0.0008680555556 0.2703703704   0.1491060397   
681      I1         0.7926851852   2.695081019    2.537037037    0.6359976852   0.9839506173   0.7783333333   3.484567901    0.9814814815   0.08517361111  0.0008680555556 0.2703703704   0.1493064038   
682      I1         0.7926851852   2.695081019    2.537037037    0.6329351852   0.9870131173   0.7783333333   3.484567901    0.9814814815   0.08517361111  0.0008680555556 0.2703703704   0.1491096609   
683      I1         0.7926851852   2.695081019    2.537037037    0.6329351852   0.9839506173   0.8092708333   3.484567901    0.9814814815   0.08517361111  0.0008680555556 0.2703703704   0.1491652818   
684      I1         0.7926851852   2.695081019    2.537037037    0.6329351852   0.9839506173   0.7783333333   3.492380401    0.9814814815   0.08517361111  0.0008680555556 0.2703703704   0.149106281    
685      I1         0.7926851852   2.695081019    2.537037037    0.6329351852   0.9839506173   0.7783333333   3.484567901    0.9908564815   0.08517361111  0.0008680555556 0.2703703704   0.149106281    
686      I1         0.7926851852   2.695081019    2.537037037    0.6329351852   0.9839506173   0.7783333333   3.484567901    0.9814814815   0.08564236111  0.0008680555556 0.2703703704   0.149106281    
687      I1         0.7926851852   2.695081019    2.537037037    0.6329351852   0.9839506173   0.7783333333   3.484567901    0.9814814815   0.08517361111  0.001805555556 0.2703703704   0.1494965923   
688      I1         0.7926851852   2.695081019    2.537037037    0.6329351852   0.9839506173   0.7783333333   3.484567901    0.9814814815   0.08517361111  0.0008680555556 0.2766203704   0.149154177    
689      I1         0.7873726852   2.695081019    2.537037037    0.6329351852   0.9839506173   0.7783333333   3.484567901    0.9814814815   0.08517361111  0.0008680555556 0.2703703704   0.1491442233   
690      I1         0.7926851852   2.695081019    2.530787037    0.6329351852   0.9839506173   0.7783333333   3.484567901    0.9814814815   0.08517361111  0.0008680555556 0.2703703704   0.1491065238   
691      I1         0.7926851852   2.695081019    2.537037037    0.6298726852   0.9839506173   0.7783333333   3.484567901    0.9814814815   0.08517361111  0.0008680555556 0.2703703704   0.1492215853   
692      I1         0.7926851852   2.695081019    2.537037037    0.6329351852   0.9808881173   0.7783333333   3.484567901    0.9814814815   0.08517361111  0.0008680555556 0.2703703704   0.1491029944   
693      I1         0.7926851852   2.695081019    2.537037037    0.6329351852   0.9839506173   0.7473958333   3.484567901    0.9814814815   0.08517361111  0.0008680555556 0.2703703704   0.1491138735   
694      I1         0.7926851852   2.695081019    2.537037037    0.6329351852   0.9839506173   0.7783333333   3.476755401    0.9814814815   0.08517361111  0.0008680555556 0.2703703704   0.149106281    
695      I1         0.7926851852   2.695081019    2.537037037    0.6329351852   0.9839506173   0.7783333333   3.484567901    0.9721064815   0.08517361111  0.0008680555556 0.2703703704   0.1491760895   
696      I1         0.7926851852   2.695081019    2.537037037    0.6329351852   0.9839506173   0.7783333333   3.484567901    0.9814814815   0.08470486111  0.0008680555556 0.2703703704   0.149106281    
697      I1         0.7926851852   2.695081019    2.537037037    0.6329351852   0.9839506173   0.7783333333   3.484567901    0.9814814815   0.08517361111  0.0008680555556 0.2641203704   0.1491049148   
698      I1         0.7953414352   2.695081019    2.537037037    0.6329351852   0.9839506173   0.7783333333   3.484567901    0.9814814815   0.08517361111  0.0008680555556 0.2703703704   0.1491293792   
699      I1         0.7926851852   2.697737269    2.537037037    0.6329351852   0.9839506173   0.7783333333   3.484567901    0.9814814815   0.08517361111  0.0008680555556 0.2703703704   0.1490979264   
700      I1         0.7926851852   2.695081019    2.540162037    0.6329351852   0.9839506173   0.7783333333   3.484567901    0.9814814815   0.08517361111  0.0008680555556 0.2703703704   0.1491061602   
701      I1         0.7926851852   2.695081019    2.537037037    0.6344664352   0.9839506173   0.7783333333   3.484567901    0.9814814815   0.08517361111  0.0008680555556 0.2703703704   0.1491668966   
702      I1         0.7926851852   2.695081019    2.537037037    0.6329351852   0.9854818673   0.7783333333   3.484567901    0.9814814815   0.08517361111  0.0008680555556 0.2703703704   0.1491079592   
703      I1         0.7926851852   2.695081019    2.537037037    0.6329351852   0.9839506173   0.7938020833   3.484567901    0.9814814815   0.08517361111  0.0008680555556 0.2703703704   0.149130341    
704      I1         0.7926851852   2.695081019    2.537037037    0.6329351852   0.9839506173   0.7783333333   3.488474151    0.9814814815   0.08517361111  0.0008680555556 0.2703703704   0.149106281    
705      I1         0.7926851852   2.695081019    2.537037037    0.6329351852   0.9839506173   0.7783333333   3.484567901    0.9861689815   0.08517361111  0.0008680555556 0.2703703704   0.149106281    
706      I1         0.7926851852   2.695081019    2.537037037    0.6329351852   0.9839506173   0.7783333333   3.484567901    0.9814814815   0.08540798611  0.0008680555556 0.2703703704   0.149106281    
707      I1         0.7926851852   2.695081019    2.537037037    0.6329351852   0.9839506173   0.7783333333   3.484567901    0.9814814815   0.08517361111  0.001336805556 0.2703703704   0.1492890678   
708      I1         0.7926851852   2.695081019    2.537037037    0.6329351852   0.9839506173   0.7783333333   3.484567901    0.9814814815   0.08517361111  0.0008680555556 0.2734953704   0.1491221459   
709      I1         0.7900289352   2.695081019    2.537037037    0.6329351852   0.9839506173   0.7783333333   3.484567901    0.9814814815   0.08517361111  0.0008680555556 0.2703703704   0.1491127575   
710      I1         0.7926851852   2.692424769    2.537037037    0.6329351852   0.9839506173   0.7783333333   3.484567901    0.9814814815   0.08517361111  0.0008680555556 0.2703703704   0.1491150408   
711      I1         0.7926851852   2.695081019    2.533912037    0.6329351852   0.9839506173   0.7783333333   3.484567901    0.9814814815   0.08517361111  0.0008680555556 0.2703703704   0.1491064022   
712      I1         0.7926851852   2.695081019    2.537037037    0.6314039352   0.9839506173   0.7783333333   3.484567901    0.9814814815   0.08517361111  0.0008680555556 0.2703703704   0.1491246935   
713      I1         0.7926851852   2.695081019    2.537037037    0.6329351852   0.9824193673   0.7783333333   3.484567901    0.9814814815   0.08517361111  0.0008680555556 0.2703703704   0.149104626    
714      I1         0.7926851852   2.695081019    2.537037037    0.6329351852   0.9839506173   0.7628645833   3.484567901    0.9814814815   0.08517361111  0.0008680555556 0.2703703704   0.1491029489   
715      I1         0.7926851852   2.695081019    2.537037037    0.6329351852   0.9839506173   0.7783333333   3.480661651    0.9814814815   0.08517361111  0.0008680555556 0.2703703704   0.149106281    
716      I1         0.7926851852   2.695081019    2.537037037    0.6329351852   0.9839506173   0.7783333333   3.484567901    0.9767939815   0.08517361111  0.0008680555556 0.2703703704   0.149106281    
717      I1         0.7926851852   2.695081019    2.537037037    0.6329351852   0.9839506173   0.7783333333   3.484567901    0.9814814815   0.08493923611  0.0008680555556 0.2703703704   0.149106281    
718      I1         0.7926851852   2.695081019    2.537037037    0.6329351852   0.9839506173   0.7783333333   3.484567901    0.9814814815   0.08517361111  0.0003993055556 0.2703703704   0.1489489903   
719      I1         0.7926851852   2.695081019    2.537037037    0.6329351852   0.9839506173   0.7783333333   3.484567901    0.9814814815   0.08517361111  0.0008680555556 0.2672453704   0.1491003314   
720      I1         0.7953414352   2.695081019    2.537037037    0.6329351852   0.9839506173   0.7783333333   3.484567901    0.9814814815   0.08517361111  0.0003993055556 0.2703703704   0.1489485126   
721      I1         0.7926851852   2.697737269    2.537037037    0.6329351852   0.9839506173   0.7783333333   3.484567901    0.9814814815   0.08517361111  0.0003993055556 0.2703703704   0.1489384248   
722      I1         0.7926851852   2.695081019    2.540162037    0.6329351852   0.9839506173   0.7783333333   3.484567901    0.9814814815   0.08517361111  0.0003993055556 0.2703703704   0.148948872    
723      I1         0.7926851852   2.695081019    2.537037037    0.6344664352   0.9839506173   0.7783333333   3.484567901    0.9814814815   0.08517361111  0.0003993055556 0.2703703704   0.1490542083   
724      I1         0.7926851852   2.695081019    2.537037037    0.6329351852   0.9854818673   0.7783333333   3.484567901    0.9814814815   0.08517361111  0.0003993055556 0.2703703704   0.1489512353   
725      I1         0.7926851852   2.695081019    2.537037037    0.6329351852   0.9839506173   0.7938020833   3.484567901    0.9814814815   0.08517361111  0.0003993055556 0.2703703704   0.1489620078   
726      I1         0.7926851852   2.695081019    2.537037037    0.6329351852   0.9839506173   0.7783333333   3.488474151    0.9814814815   0.08517361111  0.0003993055556 0.2703703704   0.1489489903   
727      I1         0.7926851852   2.695081019    2.537037037    0.6329351852   0.9839506173   0.7783333333   3.484567901    0.9861689815   0.08517361111  0.0003993055556 0.2703703704   0.1489489903   
728      I1         0.7926851852   2.695081019    2.537037037    0.6329351852   0.9839506173   0.7783333333   3.484567901    0.9814814815   0.08540798611  0.0003993055556 0.2703703704   0.1489489903   
729      I1         0.7926851852   2.695081019    2.537037037    0.6329351852   0.9839506173   0.7783333333   3.484567901    0.9814814815   0.08517361111  0.0003993055556 0.2734953704   0.1489520241   
730      I1         0.7900289352   2.695081019    2.537037037    0.6329351852   0.9839506173   0.7783333333   3.484567901    0.9814814815   0.08517361111  0.0003993055556 0.2703703704   0.1489792132   
731      I1         0.7926851852   2.692424769    2.537037037    0.6329351852   0.9839506173   0.7783333333   3.484567901    0.9814814815   0.08517361111  0.0003993055556 0.2703703704   0.1489599963   
732      I1         0.7926851852   2.695081019    2.533912037    0.6329351852   0.9839506173   0.7783333333   3.484567901    0.9814814815   0.08517361111  0.0003993055556 0.2703703704   0.1489491089   
733      I1         0.7926851852   2.695081019    2.537037037    0.6314039352   0.9839506173   0.7783333333   3.484567901    0.9814814815   0.08517361111  0.0003993055556 0.2703703704   0.1489235585   
734      I1         0.7926851852   2.695081019    2.537037037    0.6329351852   0.9824193673   0.7783333333   3.484567901    0.9814814815   0.08517361111  0.0003993055556 0.2703703704   0.1489467691   
735      I1         0.7926851852   2.695081019    2.537037037    0.6329351852   0.9839506173   0.7628645833   3.484567901    0.9814814815   0.08517361111  0.0003993055556 0.2703703704   0.1489570861   
736      I1         0.7926851852   2.695081019    2.537037037    0.6329351852   0.9839506173   0.7783333333   3.480661651    0.9814814815   0.08517361111  0.0003993055556 0.2703703704   0.1489489903   
737      I1         0.7926851852   2.695081019    2.537037037    0.6329351852   0.9839506173   0.7783333333   3.484567901    0.9767939815   0.08517361111  0.0003993055556 0.2703703704   0.1489489903   
738      I1         0.7926851852   2.695081019    2.537037037    0.6329351852   0.9839506173   0.7783333333   3.484567901    0.9814814815   0.08493923611  0.0003993055556 0.2703703704   0.1489489903   
739      I1         0.7926851852   2.695081019    2.537037037    0.6329351852   0.9839506173   0.7783333333   3.484567901    0.9814814815   0.08517361111  0.0003993055556 0.2672453704   0.1489557964   
740      I1         0.7953414352   2.695081019    2.537037037    0.6314039352   0.9839506173   0.7783333333   3.484567901    0.9814814815   0.08517361111  0.0003993055556 0.2703703704   0.1489660507   
741      I1         0.7926851852   2.697737269    2.537037037    0.6314039352   0.9839506173   0.7783333333   3.484567901    0.9814814815   0.08517361111  0.0003993055556 0.2703703704   0.1489168466   
742      I1         0.7926851852   2.695081019    2.540162037    0.6314039352   0.9839506173   0.7783333333   3.484567901    0.9814814815   0.08517361111  0.0003993055556 0.2703703704   0.1489234348   
743      I1         0.7926851852   2.695081019    2.537037037    0.6314039352   0.9854818673   0.7783333333   3.484567901    0.9814814815   0.08517361111  0.0003993055556 0.2703703704   0.1489248114   
744      I1         0.7926851852   2.695081019    2.537037037    0.6314039352   0.9839506173   0.7938020833   3.484567901    0.9814814815   0.08517361111  0.0003993055556 0.2703703704   0.1489567811   
745      I1         0.7926851852   2.695081019    2.537037037    0.6314039352   0.9839506173   0.7783333333   3.488474151    0.9814814815   0.08517361111  0.0003993055556 0.2703703704   0.1489235585   
746      I1         0.7926851852   2.695081019    2.537037037    0.6314039352   0.9839506173   0.7783333333   3.484567901    0.9861689815   0.08517361111  0.0003993055556 0.2703703704   0.1489235585   
747      I1         0.7926851852   2.695081019    2.537037037    0.6314039352   0.9839506173   0.7783333333   3.484567901    0.9814814815   0.08540798611  0.0003993055556 0.2703703704   0.1489235585   
748      I1         0.7926851852   2.695081019    2.537037037    0.6314039352   0.9839506173   0.7783333333   3.484567901    0.9814814815   0.08517361111  0.0003993055556 0.2734953704   0.1489502767   
749      I1         0.7900289352   2.695081019    2.537037037    0.6314039352   0.9839506173   0.7783333333   3.484567901    0.9814814815   0.08517361111  0.0003993055556 0.2703703704   0.1489118086   
750      I1         0.7926851852   2.692424769    2.537037037    0.6314039352   0.9839506173   0.7783333333   3.484567901    0.9814814815   0.08517361111  0.0003993055556 0.2703703704   0.1489306652   
751      I1         0.7926851852   2.695081019    2.533912037    0.6314039352   0.9839506173   0.7783333333   3.484567901    0.9814814815   0.08517361111  0.0003993055556 0.2703703704   0.1489236825   
752      I1         0.7926851852   2.695081019    2.537037037    0.6298726852   0.9839506173   0.7783333333   3.484567901    0.9814814815   0.08517361111  0.0003993055556 0.2703703704   0.1489777802   
753      I1         0.7926851852   2.695081019    2.537037037    0.6314039352   0.9824193673   0.7783333333   3.484567901    0.9814814815   0.08517361111  0.0003993055556 0.2703703704   0.1489223283   
754      I1         0.7926851852   2.695081019    2.537037037    0.6314039352   0.9839506173   0.7628645833   3.484567901    0.9814814815   0.08517361111  0.0003993055556 0.2703703704   0.1489108925   
755      I1         0.7926851852   2.695081019    2.537037037    0.6314039352   0.9839506173   0.7783333333   3.480661651    0.9814814815   0.08517361111  0.0003993055556 0.2703703704   0.1489235585   
756      I1         0.7926851852   2.695081019    2.537037037    0.6314039352   0.9839506173   0.7783333333   3.484567901    0.9767939815   0.08517361111  0.0003993055556 0.2703703704   0.1489235585   
757      I1         0.7926851852   2.695081019    2.537037037    0.6314039352   0.9839506173   0.7783333333   3.484567901    0.9814814815   0.08493923611  0.0003993055556 0.2703703704   0.1489235585   
758      I1         0.7926851852   2.695081019    2.537037037    0.6314039352   0.9839506173   0.7783333333   3.484567901    0.9814814815   0.08517361111  0.0003993055556 0.2672453704   0.1489078877   
759      I1         0.7953414352   2.695081019    2.537037037    0.6314039352   0.9839506173   0.7783333333   3.484567901    0.9814814815   0.08517361111  0.0003993055556 0.2672453704   0.1489306278   
760      I1         0.7926851852   2.697737269    2.537037037    0.6314039352   0.9839506173   0.7783333333   3.484567901    0.9814814815   0.08517361111  0.0003993055556 0.2672453704   0.1489000583   
761      I1         0.7926851852   2.695081019    2.540162037    0.6314039352   0.9839506173   0.7783333333   3.484567901    0.9814814815   0.08517361111  0.0003993055556 0.2672453704   0.1489077656   
762      I1         0.7926851852   2.695081019    2.537037037    0.6314039352   0.9854818673   0.7783333333   3.484567901    0.9814814815   0.08517361111  0.0003993055556 0.2672453704   0.1489094287   
763      I1         0.7926851852   2.695081019    2.537037037    0.6314039352   0.9839506173   0.7938020833   3.484567901    0.9814814815   0.08517361111  0.0003993055556 0.2672453704   0.148936182    
764      I1         0.7926851852   2.695081019    2.537037037    0.6314039352   0.9839506173   0.7783333333   3.488474151    0.9814814815   0.08517361111  0.0003993055556 0.2672453704   0.1489078877   
765      I1         0.7926851852   2.695081019    2.537037037    0.6314039352   0.9839506173   0.7783333333   3.484567901    0.9861689815   0.08517361111  0.0003993055556 0.2672453704   0.1489078877   
766      I1         0.7926851852   2.695081019    2.537037037    0.6314039352   0.9839506173   0.7783333333   3.484567901    0.9814814815   0.08540798611  0.0003993055556 0.2672453704   0.1489078877   
767      I1         0.7926851852   2.695081019    2.537037037    0.6314039352   0.9839506173   0.7783333333   3.484567901    0.9814814815   0.08517361111  0.0008680555556 0.2672453704   0.1490965866   
768      I1         0.7900289352   2.695081019    2.537037037    0.6314039352   0.9839506173   0.7783333333   3.484567901    0.9814814815   0.08517361111  0.0003993055556 0.2672453704   0.1489102122   
769      I1         0.7926851852   2.692424769    2.537037037    0.6314039352   0.9839506173   0.7783333333   3.484567901    0.9814814815   0.08517361111  0.0003993055556 0.2672453704   0.1489161179   
770      I1         0.7926851852   2.695081019    2.533912037    0.6314039352   0.9839506173   0.7783333333   3.484567901    0.9814814815   0.08517361111  0.0003993055556 0.2672453704   0.1489080103   
771      I1         0.7926851852   2.695081019    2.537037037    0.6298726852   0.9839506173   0.7783333333   3.484567901    0.9814814815   0.08517361111  0.0003993055556 0.2672453704   0.1489397704   
772      I1         0.7926851852   2.695081019    2.537037037    0.6314039352   0.9824193673   0.7783333333   3.484567901    0.9814814815   0.08517361111  0.0003993055556 0.2672453704   0.1489063705   
773      I1         0.7926851852   2.695081019    2.537037037    0.6314039352   0.9839506173   0.7628645833   3.484567901    0.9814814815   0.08517361111  0.0003993055556 0.2672453704   0.1489004181   
774      I1         0.7926851852   2.695081019    2.537037037    0.6314039352   0.9839506173   0.7783333333   3.480661651    0.9814814815   0.08517361111  0.0003993055556 0.2672453704   0.1489078877   
775      I1         0.7926851852   2.695081019    2.537037037    0.6314039352   0.9839506173   0.7783333333   3.484567901    0.9767939815   0.08517361111  0.0003993055556 0.2672453704   0.1489078877   
776      I1         0.7926851852   2.695081019    2.537037037    0.6314039352   0.9839506173   0.7783333333   3.484567901    0.9814814815   0.08493923611  0.0003993055556 0.2672453704   0.1489078877   
777      I1         0.7926851852   2.695081019    2.537037037    0.6314039352   0.9839506173   0.7783333333   3.484567901    0.9814814815   0.08517361111  0.0003993055556 0.2641203704   0.1489016575   
778      I1         0.7953414352   2.697737269    2.537037037    0.6314039352   0.9839506173   0.7783333333   3.484567901    0.9814814815   0.08517361111  0.0003993055556 0.2672453704   0.1489247495   
779      I1         0.7926851852   2.697737269    2.540162037    0.6314039352   0.9839506173   0.7783333333   3.484567901    0.9814814815   0.08517361111  0.0003993055556 0.2672453704   0.1488999375   
780      I1         0.7926851852   2.697737269    2.537037037    0.6329351852   0.9839506173   0.7783333333   3.484567901    0.9814814815   0.08517361111  0.0003993055556 0.2672453704   0.1489441544   
781      I1         0.7926851852   2.697737269    2.537037037    0.6314039352   0.9854818673   0.7783333333   3.484567901    0.9814814815   0.08517361111  0.0003993055556 0.2672453704   0.1489015009   
782      I1         0.7926851852   2.697737269    2.537037037    0.6314039352   0.9839506173   0.7938020833   3.484567901    0.9814814815   0.08517361111  0.0003993055556 0.2672453704   0.1489293995   
783      I1         0.7926851852   2.697737269    2.537037037    0.6314039352   0.9839506173   0.7783333333   3.488474151    0.9814814815   0.08517361111  0.0003993055556 0.2672453704   0.1489000583   
784      I1         0.7926851852   2.697737269    2.537037037    0.6314039352   0.9839506173   0.7783333333   3.484567901    0.9861689815   0.08517361111  0.0003993055556 0.2672453704   0.1489000583   
785      I1         0.7926851852   2.697737269    2.537037037    0.6314039352   0.9839506173   0.7783333333   3.484567901    0.9814814815   0.08540798611  0.0003993055556 0.2672453704   0.1489000583   
786      I1         0.7926851852   2.697737269    2.537037037    0.6314039352   0.9839506173   0.7783333333   3.484567901    0.9814814815   0.08517361111  0.0008680555556 0.2672453704   0.1490909785   
787      I1         0.7900289352   2.697737269    2.537037037    0.6314039352   0.9839506173   0.7783333333   3.484567901    0.9814814815   0.08517361111  0.0003993055556 0.2672453704   0.1489003549   
788      I1         0.7926851852   2.697737269    2.533912037    0.6314039352   0.9839506173   0.7783333333   3.484567901    0.9814814815   0.08517361111  0.0003993055556 0.2672453704   0.1489001795   
789      I1         0.7926851852   2.697737269    2.537037037    0.6298726852   0.9839506173   0.7783333333   3.484567901    0.9814814815   0.08517361111  0.0003993055556 0.2672453704   0.1489358322   
790      I1         0.7926851852   2.697737269    2.537037037    0.6314039352   0.9824193673   0.7783333333   3.484567901    0.9814814815   0.08517361111  0.0003993055556 0.2672453704   0.1488986386   
791      I1         0.7926851852   2.697737269    2.537037037    0.6314039352   0.9839506173   0.7628645833   3.484567901    0.9814814815   0.08517361111  0.0003993055556 0.2672453704   0.1488915223   
792      I1         0.7926851852   2.697737269    2.537037037    0.6314039352   0.9839506173   0.7783333333   3.480661651    0.9814814815   0.08517361111  0.0003993055556 0.2672453704   0.1489000583   
793      I1         0.7926851852   2.697737269    2.537037037    0.6314039352   0.9839506173   0.7783333333   3.484567901    0.9767939815   0.08517361111  0.0003993055556 0.2672453704   0.1489000583   
794      I1         0.7926851852   2.697737269    2.537037037    0.6314039352   0.9839506173   0.7783333333   3.484567901    0.9814814815   0.08493923611  0.0003993055556 0.2672453704   0.1489000583   
795      I1         0.7926851852   2.697737269    2.537037037    0.6314039352   0.9839506173   0.7783333333   3.484567901    0.9814814815   0.08517361111  0.0003993055556 0.2641203704   0.1488929737   
796      I1         0.7979976852   2.697737269    2.537037037    0.6314039352   0.9839506173   0.7628645833   3.484567901    0.9814814815   0.08517361111  0.0003993055556 0.2672453704   0.1489545673   
797      I1         0.7926851852   2.697737269    2.543287037    0.6314039352   0.9839506173   0.7628645833   3.484567901    0.9814814815   0.08517361111  0.0003993055556 0.2672453704   0.1488912815   
798      I1         0.7926851852   2.697737269    2.537037037    0.6344664352   0.9839506173   0.7628645833   3.484567901    0.9814814815   0.08517361111  0.0003993055556 0.2672453704   0.1491020896   
799      I1         0.7926851852   2.697737269    2.537037037    0.6314039352   0.9870131173   0.7628645833   3.484567901    0.9814814815   0.08517361111  0.0003993055556 0.2672453704   0.1488949614   
800      I1         0.7926851852   2.697737269    2.537037037    0.6314039352   0.9839506173   0.7938020833   3.484567901    0.9814814815   0.08517361111  0.0003993055556 0.2672453704   0.1489293995   
801      I1         0.7926851852   2.697737269    2.537037037    0.6314039352   0.9839506173   0.7628645833   3.492380401    0.9814814815   0.08517361111  0.0003993055556 0.2672453704   0.1488915223   
802      I1         0.7926851852   2.697737269    2.537037037    0.6314039352   0.9839506173   0.7628645833   3.484567901    0.9908564815   0.08517361111  0.0003993055556 0.2672453704   0.1488915223   
803      I1         0.7926851852   2.697737269    2.537037037    0.6314039352   0.9839506173   0.7628645833   3.484567901    0.9814814815   0.08564236111  0.0003993055556 0.2672453704   0.1488915223   
804      I1         0.7926851852   2.697737269    2.537037037    0.6314039352   0.9839506173   0.7628645833   3.484567901    0.9814814815   0.08517361111  0.001336805556 0.2672453704   0.1492759553   
805      I1         0.7926851852   2.697737269    2.537037037    0.6314039352   0.9839506173   0.7628645833   3.484567901    0.9814814815   0.08517361111  0.0003993055556 0.2734953704   0.1489253883   
806      I1         0.7873726852   2.697737269    2.537037037    0.6314039352   0.9839506173   0.7628645833   3.484567901    0.9814814815   0.08517361111  0.0003993055556 0.2672453704   0.1489392871   
807      I1         0.7926851852   2.692424769    2.537037037    0.6314039352   0.9839506173   0.7628645833   3.484567901    0.9814814815   0.08517361111  0.0003993055556 0.2672453704   0.1489097278   
808      I1         0.7926851852   2.697737269    2.530787037    0.6314039352   0.9839506173   0.7628645833   3.484567901    0.9814814815   0.08517361111  0.0003993055556 0.2672453704   0.1488917645   
809      I1         0.7926851852   2.697737269    2.537037037    0.6283414352   0.9839506173   0.7628645833   3.484567901    0.9814814815   0.08517361111  0.0003993055556 0.2672453704   0.1490012555   
810      I1         0.7926851852   2.697737269    2.537037037    0.6314039352   0.9808881173   0.7628645833   3.484567901    0.9814814815   0.08517361111  0.0003993055556 0.2672453704   0.1488881756   
811      I1         0.7926851852   2.697737269    2.537037037    0.6314039352   0.9839506173   0.7319270833   3.484567901    0.9814814815   0.08517361111  0.0003993055556 0.2672453704   0.1489197645   
812      I1         0.7926851852   2.697737269    2.537037037    0.6314039352   0.9839506173   0.7628645833   3.476755401    0.9814814815   0.08517361111  0.0003993055556 0.2672453704   0.1488915223   
813      I1         0.7926851852   2.697737269    2.537037037    0.6314039352   0.9839506173   0.7628645833   3.484567901    0.9721064815   0.08517361111  0.0003993055556 0.2672453704   0.1489619248   
814      I1         0.7926851852   2.697737269    2.537037037    0.6314039352   0.9839506173   0.7628645833   3.484567901    0.9814814815   0.08470486111  0.0003993055556 0.2672453704   0.1488915223   
815      I1         0.7926851852   2.697737269    2.537037037    0.6314039352   0.9839506173   0.7628645833   3.484567901    0.9814814815   0.08517361111  0.0003993055556 0.2609953704   0.1489016726   
