%eval_id interface log__t_efold_shallow log__t_efold_soil log__t_efold_karst f_exfiltration_shallow f_exfiltration_soil PDD_melt_factor log__Hmax_shallow log__routing_K neg_kge        
1        I1         1.861285023    2.334124015    2.711888592    0.05053750021  0.7654600043   0.208209793    2.342152889    0.3173196288   1.299545406    
2        I1         1.008724434    2.305676635    4.034865254    0.382103955    0.8610236011   3.583289689    2.556640794    -0.08311956606 0.6167849927   
3        I1         0.3728256627   2.47746857     3.583271132    0.4330385135   0.151121497    2.099368541    1.061299277    -0.9500031203  1.258532947    
4        I1         1.55234451     2.24825311     2.625546715    0.06347138941  0.2463200352   6.060494108    2.312635631    0.4778761474   1.254400871    
5        I1         1.049861075    1.283430578    3.177042209    0.5854851737   0.4426261578   2.198446692    2.226022722    0.4122568209   0.4598827744   
6        I1         0.8414370897   1.689175818    4.357984449    0.4982750828   0.8883612712   4.795533659    2.327160829    -0.8299509834  0.3782193812   
7        I1         1.591137745    2.56527134     4.390373804    0.9304729949   0.8168480328   1.944446759    1.977964255    -0.5526245105  0.4262612075   
8        I1         0.553361954    2.318925935    3.690887563    0.6915519842   0.6010431956   1.29660512     2.081483326    -0.7792930597  0.4814946596   
9        I1         1.674092136    1.433003144    4.075871714    0.1522689735   0.6400701768   8.246207784    2.173012391    -0.1376848021  0.8796429867   
10       I1         0.9170691111   1.128098203    4.285975636    0.176803382    0.3786067364   4.124568675    1.258000011    0.05866949235  0.5250309963   
11       I1         1.539037421    1.524782968    4.445073272    0.9393210314   0.7319429299   1.724995369    1.785600641    -0.8896990977  0.6804612052   
12       I1         1.736972913    1.089384525    3.294143353    0.6727332147   0.2299757445   0.7093392765   1.467987384    0.356939682    0.3854174023   
13       I1         0.7944527712   2.085767437    4.401371371    0.9721338354   0.6205541782   4.967030822    2.014679725    -0.515048171   0.4350546436   
14       I1         1.607192346    2.536586003    3.487997143    0.2681338213   0.1603355566   8.123806979    1.887639876    0.1494607469   0.5376046948   
15       I1         1.973633855    2.626616406    3.664249371    0.3151516292   0.8943826397   7.393651079    1.56710889     -0.8764082551  1.675166823    
16       I1         0.4016286348   2.542529793    2.610208957    0.8663153199   0.6129824364   1.782084131    1.996624366    -0.3080649762  0.7330823153   
17       I1         0.3160663151   1.097353254    4.136342117    0.7031796      0.4883536824   9.1037054      2.725274879    -0.6105057431  0.7539142741   
18       I1         1.57691792     2.506003395    3.574314535    0.4219138684   0.1718932345   8.552060966    2.375762359    -0.2841925987  0.812800762    
19       I1         0.7312023572   1.557022881    3.735986787    0.5327328235   0.7426657893   9.856190522    2.154613196    -0.5417111604  0.4044101346   
20       I1         1.223180696    2.462591002    2.553667634    0.2285896653   0.2963966409   1.350039983    1.195658919    -0.657705632   1.532666465    
21       I1         0.5688303017   1.919688301    4.297784858    0.2485902988   0.1170697451   5.489382569    1.094032013    -0.5223807456  1.206991707    
22       I1         0.6779745915   2.652883391    2.784622419    0.113720066    0.9849853431   3.769961236    1.497713748    -0.7226226829  0.7868680421   
23       I1         1.943173811    1.126281319    3.30779728     0.4766684494   0.9266990333   8.445035646    1.90174378     -0.03183313532 0.6733766407   
24       I1         0.7827219914   1.836495014    3.827213992    0.3397412588   0.1464932831   2.245178107    2.817009697    -0.5863470511  0.6319690607   
25       I1         1.98336308     1.872888018    3.180371454    0.18731588     0.6859801251   1.859937277    1.364058973    -0.6348998283  1.784484934    
26       I1         0.5149777703   2.057175774    4.336244821    0.8580020919   0.1678155591   4.359482509    1.730036568    -0.7738526646  0.6696611586   
27       I1         0.7737662192   1.780322116    3.1970064      0.558378643    0.02994830241  4.728388251    2.936397314    0.198507218    0.452059239    
28       I1         1.771281175    1.402946111    3.39532452     0.8731720152   0.5879647622   0.1807719634   1.874484318    0.2435696504   0.4173854356   
29       I1         1.272207432    2.110709864    3.103053777    0.217349812    0.7642913539   0.5881341888   2.490032122    -0.8820077025  0.7996904104   
30       I1         0.6141995046   1.56709405     3.122012242    0.9796379121   0.8113767914   2.829426214    1.311600339    -0.03623100944 0.7215398752   
31       I1         1.182617716    1.513949634    2.854658815    0.3293674977   0.8574453403   6.934065212    1.223019915    -0.2928113648  1.163681138    
32       I1         1.154517324    1.43732954     3.713125202    0.07026284222  0.687578367    3.05496928     2.784025813    -0.9368867274  0.6773048974   
33       I1         1.043622035    1.163132893    4.199785706    0.2525859039   0.3635230936   0.7883891887   2.629893411    -0.9032928485  0.6472825072   
34       I1         1.096953965    1.250427937    2.63633544     0.2561986722   0.8789850653   6.251763132    1.031112954    0.2300342965   0.5632042374   
35       I1         1.87357065     1.89441514     3.864345957    0.01798505188  0.09937325054  8.336986464    2.043637057    0.4749273479   0.6631807217   
36       I1         1.389069653    2.000293527    2.941521391    0.7568711672   0.8757510767   5.705490445    1.577128752    -0.3694401124  0.7931649264   
37       I1         1.464272455    1.942919303    4.126820906    0.1590168536   0.6551352417   0.9808256413   2.762402845    -0.8509255716  0.8965822666   
38       I1         0.8102282188   1.732326328    3.288925612    0.7525369395   0.5389951992   3.295380328    2.63138056     -0.01965772103 0.3061736192   
39       I1         1.190534918    2.129130358    3.134494032    0.3003703613   0.0484617857   4.936652069    1.163320765    0.2599079478   0.4491394582   
40       I1         0.5328893243   1.847479596    2.922492251    0.3882659227   0.9345541318   3.635699302    1.390654797    -0.2618176342  0.5200284276   
41       I1         0.3810226623   1.147302869    3.908262726    0.2415289168   0.3508865161   1.047536079    1.824029121    -0.5473268703  0.5220830754   
42       I1         1.839793129    2.412265176    3.994306987    0.8862005328   0.3286958889   2.796858207    1.527841217    -0.3854129459  1.414784402    
43       I1         0.3355633099   1.497129676    3.556788171    0.8478317      0.5414871675   2.95335473     1.177082975    -0.182426172   1.074160391    
44       I1         0.7532060067   1.977115245    2.994224371    0.923528304    0.3268439017   6.452092482    2.432667207    -0.7836986316  0.4418377729   
45       I1         1.330620213    1.211651357    3.877114796    0.8135260645   0.2130497318   9.694709661    1.056582065    -0.2478357112  1.420213378    
46       I1         0.4245520053   1.487714046    3.215936495    0.4681276703   0.5057330862   7.928094173    2.954102839    -0.5892269325  0.4904031978   
47       I1         1.980969714    2.204986631    3.448172915    0.4415317787   0.3921249435   2.017122039    2.00437422     -0.497871157   0.9175527143   
48       I1         0.5405389815   2.232408175    4.223294394    0.7165018842   0.2851291717   5.122869491    1.337105899    0.4090611996   0.273072999    
49       I1         1.681532474    1.019503261    4.172514511    0.2022170083   0.4079067984   8.89327451     1.422417805    0.2234402671   0.5037151117   
50       I1         1.266772467    1.598521984    2.770685731    0.7913672041   0.9851536558   6.581371864    2.394412585    -0.4387368462  0.3824282091   
51       I1         0.8516816416   1.293362253    3.477901424    0.7997784599   0.5114201736   2.517408922    1.535698567    0.1794954991   0.3040385509   
52       I1         0.4628172735   1.355304279    3.363630834    0.1046475444   0.7866513945   1.285742782    1.96475935     -0.1731093503  0.4487025067   
53       I1         1.372596453    2.668124379    3.680743783    0.7643641493   0.9251221617   3.172767327    1.718780808    -0.4824051491  0.539219357    
54       I1         0.7053730573   2.553750709    3.810259928    0.07700316282  0.2729843773   5.760776018    2.033206369    -0.233018638   0.9774433649   
55       I1         0.953608261    2.179753498    4.214466027    0.8420744192   0.8192303817   1.606485542    1.329853756    0.3970177072   0.2342645405   
56       I1         1.853645615    2.640566316    3.066677678    0.6784136961   0.6275969085   9.841775118    1.896028394    -0.4127969188  0.880891809    
57       I1         1.891687544    1.069215033    2.895323663    0.3745767377   0.9391876196   8.042952388    1.611859435    -0.1887278328  1.10961245     
58       I1         0.44767833     1.664404193    2.571287427    0.784987453    0.3825561817   0.1113407298   2.732860913    -0.4948739521  0.6444654677   
59       I1         0.7175991738   1.604534193    3.918206436    0.7386928392   0.4543647245   1.203283781    2.268215307    -0.06311381401 0.2778603671   
60       I1         1.226553525    1.74734508     3.451950994    0.8533427611   0.07153671873  7.267569472    2.586006521    0.3883628944   0.4735981738   
61       I1         0.3527387624   1.819858956    2.544324651    0.1991829632   0.8481798991   4.87901256     2.201190503    0.4187549801   0.5913667252   
62       I1         1.387476395    2.103798969    3.381960818    0.651920224    0.0188045118   0.5099906425   1.085294977    0.3584682608   0.4707363082   
63       I1         0.8821798522   2.5130866      2.523780995    0.7974454449   0.1419592755   4.014965611    1.232430025    -0.5712192052  1.217405061    
64       I1         1.638273917    1.58737199     4.385810799    0.02480656156  0.3368864109   4.452162135    1.352206074    -0.3818425402  1.4223755      
65       I1         0.5219047772   1.185621855    3.161199709    0.7261567476   0.3741970611   7.556041401    1.850242908    -0.2412827812  0.4782782667   
66       I1         1.29869262     2.429422706    4.152292324    0.4276016541   0.7023414344   4.260571914    2.243314246    0.07822034977  0.6908277628   
67       I1         1.060029389    2.024084218    3.940201022    0.4723098789   0.3711483416   0.6736454139   2.114614931    -0.5117425316  0.5317121362   
68       I1         0.5882173616   2.389903838    4.429994142    0.4603745082   0.5019211353   4.226906781    1.709419889    0.0071322698   0.4896408207   
69       I1         0.8045915082   1.986444153    2.757161432    0.4131563162   0.1317473279   2.919820596    2.741507529    -0.8005485076  0.573925481    
70       I1         1.688565927    1.46124774     2.932351306    0.2147362467   0.0202472069   6.983583116    1.548143338    0.2856807585   0.3747940449   
71       I1         0.9869559751   1.967639135    4.068925653    0.4886333168   0.3536942089   9.991714094    1.00467271     -0.155560936   1.168613496    
72       I1         1.293213112    1.945292096    4.417192063    0.2955854276   0.041427187    0.80618625     2.231680124    -0.7012097019  0.9297951056   
73       I1         1.992340235    2.441534055    2.819203554    0.7495471175   0.6777095541   4.540652858    1.446231725    -0.1299690163  1.191279393    
74       I1         1.547070958    2.379669596    3.747975762    0.551155623    0.3976787274   8.004857896    2.29371814     -0.7094822339  0.7182768017   
75       I1         0.4860849217   1.234350195    3.750492283    0.2840264418   0.2101655837   7.787279063    1.154034928    0.4881771494   0.4069166463   
76       I1         1.001251893    1.901547742    4.343964989    0.4016370178   0.9796752624   8.796494637    2.489402361    -0.8249813584  0.5304978642   
77       I1         1.889074199    1.756530424    4.081349423    0.6347489478   0.4135150461   6.860116878    2.447106668    0.2456351568   0.8632669608   
78       I1         0.326611012    2.402460187    4.436933425    0.2227157457   0.6984740392   7.726871273    2.909385412    -0.7304036084  0.7841569835   
79       I1         0.6022293771   1.749507082    3.222304965    0.5464695878   0.1826518913   4.621020402    1.79062486     -0.3437533489  0.4469865209   
80       I1         1.754165204    1.083198933    2.583711319    0.1097605279   0.4843905536   3.915869445    2.999537154    -0.961240469   0.9121206488   
81       I1         1.280693964    1.549901358    3.239729348    0.2612767029   0.6658387523   9.566788489    1.629635763    -0.9739111254  0.6535949391   
82       I1         1.836534251    2.604477542    4.094441589    0.541778606    0.1635546553   6.396943043    1.608549476    0.2967940444   0.3948441838   
83       I1         0.789572542    1.584203397    3.086598135    0.5177268601   0.08092113079  9.372141183    1.644646392    -0.3136312802  0.4598292239   
84       I1         0.9287867655   2.121766347    3.631972749    0.03104441363  0.7583853412   1.001748151    1.430259253    -0.2994065032  0.6883355513   
85       I1         1.247219238    1.723872528    3.527121202    0.6403466023   0.8718494731   6.197710501    2.874416785    -0.3224149705  0.4932467955   
86       I1         0.8594859709   1.395823821    4.313984944    0.1755136478   0.4506584715   2.998884002    2.214391102    0.0200733749   0.6909537467   
87       I1         0.9691902626   2.484996524    3.791282322    0.2363858541   0.5659573334   2.745035188    1.134532168    0.08585596354  0.6260278703   
88       I1         1.794343393    2.299507961    3.727471997    0.9442640393   0.265478951    9.178860468    2.869897388    -0.165588587   0.7017177931   
89       I1         1.478389462    2.343000912    3.317980748    0.4610007422   0.5912584852   6.790676587    2.355196149    0.2703290309   0.7725151765   
90       I1         1.934856469    2.030388091    4.306825615    0.2931131897   0.08719938606  5.606839782    1.654884462    -0.457958965   1.428382268    
91       I1         1.122030833    1.217210995    2.600405533    0.2339020498   0.544416591    7.715318932    2.666744679    -0.8633829063  0.5910148624   
92       I1         1.956024234    2.239934853    4.260009646    0.7006101316   0.5722213742   6.727539677    2.102110806    -0.8493867545  0.7172402109   
93       I1         0.8338031471   1.028271672    3.01046998     0.3448198588   0.9455688395   5.25479592     2.020658605    -0.0511888607  0.2868053879   
94       I1         0.4423657064   1.91308261     2.683784505    0.5779265914   0.7229535531   8.686609669    1.370963921    -0.1171145183  0.5355181597   
95       I1         1.031815732    2.634228482    3.501041045    0.5279647682   0.9554539488   0.4232596352   2.051040357    0.4494096856   0.6027800821   
96       I1         0.750449124    2.594635822    2.863816821    0.7672713686   0.2796770395   6.638751157    2.854066653    0.3032960487   0.3062147697   
97       I1         1.02088661     1.543263755    3.372267971    0.8681825689   0.9710181614   0.610352996    2.831924024    -0.2270741123  0.3064426657   
98       I1         1.805055113    2.695719894    3.343104422    0.8872960347   0.7716847948   2.339326773    2.705684945    -0.6882753569  0.7005486424   
99       I1         1.871245481    1.016417413    3.352611263    0.3952466911   0.3121974203   3.542413203    2.800678373    -0.04306330152 0.8968837431   
100      I1         1.511211025    1.046126403    3.624950022    0.1365093359   0.5615971726   0.9213748418   1.300453298    -0.699301876   1.624954228    
101      I1         1.397354438    1.784465805    2.970168461    0.1431957361   0.8862407109   7.073311939    1.049097568    -0.4239036071  1.645179511    
102      I1         0.3079017367   2.614324739    4.251197975    0.02371272381  0.6946949651   9.498619974    1.635537379    0.2087090059   1.104978399    
103      I1         0.5788834067   1.682658681    3.053189839    0.08296031287  0.2451389809   9.11421837     1.910359353    0.1317383413   0.8674866952   
104      I1         1.067199112    1.305017817    2.50846943     0.5638364349   0.5753240014   7.31854531     2.360168329    -0.605863752   0.4070785811   
105      I1         1.615738806    1.361384978    3.921895255    0.1643987006   0.103980856    6.366329451    2.277645106    -0.6679521388  1.011471683    
106      I1         0.8771454601   1.189145543    4.112339234    0.1715781143   0.2931487373   1.450095686    2.133256051    -0.9995107595  0.7326124577   
107      I1         0.6937674698   2.581201481    3.142220271    0.3576384864   0.8399781579   7.112600664    1.696508872    -0.797245279   0.6317836773   
108      I1         1.782005308    2.250487389    3.074430617    0.7815431259   0.0894577734   8.658035885    1.146468088    -0.9798895548  1.914379938    
109      I1         0.4763555759   1.476827842    4.027680889    0.9335967232   0.3955700382   3.394123053    1.279512584    0.4581582753   0.3579832465   
110      I1         1.134513451    2.563298341    3.956057599    0.09303893924  0.3475508259   7.427433249    1.181142223    -0.6022838019  1.426721368    
111      I1         1.630208966    1.985281329    3.432439771    0.3600863832   0.7372736794   5.154428555    1.34103727     -0.0747261722  1.010446246    
112      I1         1.705715745    2.499987905    4.481868748    0.5209092171   0.7255757899   5.557819973    2.193111923    0.429689992    0.8560088199   
113      I1         1.028443506    1.655148762    3.536263838    0.05664595001  0.4610069183   2.551934855    2.567403702    0.3768609797   0.8742788153   
114      I1         1.567202837    1.717098167    3.763815005    0.9076708301   0.3176662589   5.383896754    2.406017211    -0.01154305754 0.55393607     
115      I1         1.696146187    1.311800029    3.655579597    0.7728527275   0.4246184373   6.909899875    2.410553479    -0.9411951362  0.6695800718   
116      I1         0.4101983734   1.263157119    3.200341316    0.8947151221   0.7828581071   4.333426039    1.485446364    0.4936616325   0.3061177789   
117      I1         1.443875061    1.418938544    3.888234681    0.9572451715   0.8368809941   1.39817282     2.645488423    0.1393719026   0.4472390474   
118      I1         0.8612097478   2.274721958    4.230808878    0.1211426688   0.6585332783   2.584305403    2.478880185    -0.562804086   0.8666617959   
119      I1         1.256161827    2.152574619    2.692654783    0.3100129122   0.1210128828   7.366692812    2.69666183     -0.3494589486  0.7961706227   
120      I1         1.438799716    2.407561628    3.967034914    0.03813466218  0.5510643014   9.776148407    1.078827536    -0.3356097246  1.525524819    
121      I1         1.428796657    2.145625973    3.549174485    0.949850622    0.1980706214   6.002778232    1.801185179    -0.623314577   0.5117013552   
122      I1         1.668035661    1.445530588    3.266249106    0.04624513343  0.8643014036   3.510819458    1.955695207    0.344400543    0.5659170558   
123      I1         0.7647534265   2.675928452    3.841892127    0.1321148206   0.5959419406   9.036374273    2.963823959    0.06864942689  0.8858748236   
124      I1         1.518373807    1.107859401    3.592951777    0.9177468062   0.6491970592   3.731313954    1.477309015    -0.8125391561  1.400583021    
125      I1         0.3665247071   1.636726289    4.187532481    0.08766672647  0.6440832183   5.329205753    2.461646759    0.03946054675  0.6610811839   
126      I1         1.23627656     1.803974027    2.708406625    0.9161871134   0.1090620174   7.653929643    1.010341972    -0.1349140719  1.208119277    
127      I1         1.410844564    1.573901481    2.792456384    0.7759797059   0.4360966493   9.337788661    2.980105264    0.00183321591  0.5065090212   
128      I1         0.6855942515   1.927909829    3.787971582    0.9884591002   0.4663169356   1.578773868    1.265647057    0.3843367926   0.4060499455   
129      I1         1.73112323     1.196024326    3.852631937    0.2769810949   0.70896935     4.472067808    2.061894489    -0.4730160514  0.6057916281   
130      I1         1.195757245    1.625971422    3.091685818    0.9538877546   0.9181502093   8.590859009    2.927391008    0.3304415213   0.3726480371   
131      I1         0.4951711073   1.238174427    2.915510221    0.09484864392  0.9086691245   9.915759666    1.029328197    -0.3612541383  1.072324117    
132      I1         1.650778296    1.702193035    2.847328631    0.8315033959   0.2024594346   5.936447582    1.842214989    0.4330460651   0.3527171461   
133      I1         0.560579495    1.652709719    2.881948345    0.8782930763   0.6078054416   3.110961491    1.832623488    -0.217923108   0.5275499034   
134      I1         0.4144263736   1.672796838    3.044128049    0.713796795    0.09676746852  8.936209867    2.916511212    0.1684989112   0.3641164663   
135      I1         1.085978899    1.472429143    2.982554117    0.3825326016   0.1919118726   1.109917954    2.128795596    -0.1474620979  0.6080092994   
136      I1         0.7405778344   1.886373824    2.952759793    0.8494940825   0.9066224618   8.1829479      2.255371736    -0.3710584963  0.3866498615   
137      I1         1.52698874     1.271565045    2.591971168    0.6256104145   0.6711742736   8.467556951    2.571614128    -0.09014793274 0.5858743633   
138      I1         1.489386704    2.357674334    3.602551072    0.9833121046   0.320789198    0.4799825509   1.241935056    -0.6451761408  1.700428523    
139      I1         1.130394371    1.641290698    2.724693147    0.3277216254   0.1369696217   7.860261202    1.867882787    -0.9905728941  0.7256917551   
140      I1         1.623598457    1.857502393    4.464930667    0.4927495471   0.6257103703   3.14755921     2.894923206    0.1721363881   0.7623040721   
141      I1         1.168425809    2.360140599    2.538179608    0.1476893845   0.7478827292   4.81531904     2.540588299    0.09809401143  0.9145108003   
142      I1         1.823406715    2.223409274    4.011008415    0.6304719765   0.8974859361   2.417095971    1.119884879    -0.4892734931  1.808150315    
143      I1         1.323262714    1.111207504    4.145300529    0.5010571741   0.2183877448   3.708607551    1.554376162    -0.09455112923 0.5300548908   
144      I1         1.310744326    2.663067641    2.738898102    0.4189936291   0.9658664552   9.005140482    1.29555229     0.4662053514   0.2533441808   
145      I1         0.4957277127   1.61212834     3.896774347    0.6891905616   0.635782298    6.513782869    2.888885612    0.2208470809   0.3199692569   
146      I1         0.6216393137   2.209231162    3.514350809    0.1260542698   0.3414622524   6.331887949    1.723722832    0.2633101795   0.8624940628   
147      I1         0.8252572498   2.45621537     3.113013275    0.365279752    0.7203558098   5.677937282    1.597645393    -0.8081395104  0.5671014651   
148      I1         1.717127327    2.093133211    2.766611993    0.2064273717   0.4564087718   3.84481336     1.501975874    -0.2742270219  1.1927567      
149      I1         0.3428379557   2.170776757    3.837321156    0.4808505761   0.06669942403  8.275041911    2.517180085    -0.6726131792  0.6142126181   
150      I1         1.149262703    2.423392337    3.327214513    0.7223955554   0.06154652329  2.46863673     2.68724893     -0.2101259055  0.4251099596   
151      I1         1.369271837    2.183767031    3.46348914     0.09902767284  0.9654515445   9.446711023    2.97063944     -0.1986823299  0.9916936319   
152      I1         0.9112346406   2.264217556    4.323662808    0.8252154038   0.4213703107   5.526973876    1.949245621    -0.8713306001  0.3162390444   
153      I1         0.5040713005   1.866032498    3.001275434    0.4510187388   0.8448070479   1.811339385    1.517569203    -0.9626000539  0.4922932232   
154      I1         0.9723733239   2.616901197    3.706033907    0.8073782172   0.7983745614   2.04783647     2.533405608    0.4458488306   0.3975576643   
155      I1         0.6630983557   1.039329499    4.049628781    0.617714539    0.8236293767   1.914269064    1.412319032    -0.5784121149  0.6889946162   
156      I1         1.594082283    1.347875166    4.107978047    0.5146591661   0.3072631867   9.715090123    1.386655591    0.1604033506   0.5838479748   
157      I1         1.419750923    1.373503888    3.154730813    0.8233939192   0.4057471772   5.002589404    1.212518626    -0.9170427994  1.690726865    
158      I1         0.9294416391   2.037184526    3.278778149    0.6011013242   0.5334932255   7.20546421     2.382807306    0.1098051444   0.445504835    
159      I1         1.453500029    2.014978683    4.244123627    0.2856764246   0.8056751453   2.691800039    1.779010866    0.1228350297   0.475001101    
160      I1         0.5964134953   2.133984655    2.517908039    0.6439829026   0.1802341327   7.140130212    1.758030592    -0.9246912947  0.4608355381   
161      I1         1.497551585    2.369053499    4.274627782    0.595768273    0.6035568613   4.188251874    2.529807308    0.08951064263  0.6605715639   
162      I1         1.212039554    1.176044486    3.64413611     0.8367118221   0.1531534745   9.262748823    2.791999379    0.3367900723   0.4640587986   
163      I1         0.7117369792   1.809580411    4.374945498    0.3343624794   0.4980782255   7.517247668    1.664849952    -0.9007122205  0.5856326312   
164      I1         0.9430770165   2.197591557    4.478365765    0.5375843765   0.9145586888   6.138323028    2.304225711    0.04401435416  0.4611633452   
165      I1         0.6454610403   1.157943759    3.674731127    0.9694566188   0.9486573197   8.097781065    2.076761939    -0.3951271755  0.6340724827   
166      I1         1.80153224     2.278022308    2.66725301     0.8183059822   0.2633067763   3.445593885    2.712635888    -0.5278272438  0.7119963913   
167      I1         0.9614019113   1.457003444    4.490403984    0.6029956616   0.3016913849   8.731779812    1.40197012     -0.8401070745  0.8401271359   
168      I1         1.924432175    1.527252954    4.168659817    0.4397966583   0.676343048    2.320547786    2.759022912    -0.7194896063  0.8880848903   
169      I1         1.35883135     2.05260005     2.672124427    0.1845211468   0.77690164     6.776723139    2.286597887    -0.4511819132  0.8651703459   
170      I1         1.20888945     2.07451978     4.200932026    0.5620416207   0.01450288372  5.440009602    2.774081845    0.2021387827   0.6233804936   
171      I1         0.6553529962   2.523376056    2.745626434    0.06617458841  0.03605611256  3.242695856    2.658444886    -0.05517360393 1.015540386    
172      I1         0.6291513254   2.286075393    3.42561734     0.5822604601   0.5163311147   7.598144076    2.940269468    0.2768830049   0.4281178236   
173      I1         1.158709209    2.451447862    3.619972848    0.3521041237   0.4709062678   5.215779391    2.424605559    -0.7495503974  0.7178828305   
174      I1         1.562283398    1.506790343    2.568326192    0.6860621967   0.5218425283   4.106631229    1.205711045    -0.7534289382  1.759182897    
175      I1         1.898912245    1.001664257    4.453154615    0.6088469602   0.49233943     4.691825391    2.095804575    0.02796712081  0.4780831918   
176      I1         1.47259        1.141502574    2.967713737    0.04281589581  0.2394207409   1.53493775     1.126246152    -0.2660067329  1.413519139    
177      I1         0.6319291476   2.341796621    3.983472701    0.6653043869   0.9560722305   9.21027408     2.189552825    -0.1131998791  0.3902974526   
178      I1         1.922741166    2.159405959    2.644512462    0.4037020077   0.3613541698   2.162021918    1.927238538    -0.1039910694  0.6678365124   
179      I1         1.763925888    1.339953079    3.494053802    0.3084367129   0.1267405837   3.326900484    2.61356125     -0.6544662519  0.9225058122   
180      I1         0.4585553439   1.413229567    3.937910057    0.6610366424   0.05025664172  5.978678452    2.454839513    -0.6828083199  0.5625176498   
181      I1         1.749238512    1.061800788    3.409354918    0.01145083127  0.7930541209   0.2658313869   2.338677313    0.1467254459   0.84506584     
182      I1         1.501985263    1.772377062    2.902711628    0.5086660562   0.05804388927  7.873275089    1.933295766    0.3116066201   0.6512797336   
183      I1         1.725021871    2.488288281    2.822218806    0.3225876825   0.07422057778  1.188839618    1.678845499    0.01741387653  0.6102122357   
184      I1         0.8935711441   1.318163841    4.364753591    0.1959069276   0.2548298908   4.009172571    2.595667001    -0.005201739785 0.8172871945   
185      I1         1.910222725    2.007925509    4.054003948    0.5692604473   0.5786699087   5.80948257     1.811775794    -0.4050920878  1.106200408    
186      I1         0.9905189919   1.051732896    2.806236369    0.5888760907   0.2769640907   0.8439711334   2.843426921    0.3253739029   0.4125600561   
187      I1         0.4353517743   1.712974657    3.331379779    0.1381101293   0.799860378    3.8669091      1.989129389    0.05630761237  0.5948084899   
188      I1         1.102904672    1.793080032    2.83204905     0.9046503801   0.1898148325   6.606688437    1.745982422    -0.9264542916  0.308171221    
189      I1         1.311619337    2.069102264    2.654786181    0.6501463064   0.754291487    2.62875419     1.685864687    -0.2537821042  0.4230364354   
190      I1         1.078928625    1.385725577    3.026651672    0.6682522869   0.2249136607   6.155527653    2.509554484    0.1128485417   0.4228342381   
191      I1         0.3196891923   2.68783041     3.242283537    0.2707709073   0.0289882697   0.3541249756   1.766136123    -0.7643114124  0.7289197121   
192      I1         0.39006213     1.327161093    3.25662178     0.6169280782   0.8292179932   1.655307686    2.148177461    -0.6276653633  0.5649291784   
193      I1         1.81565993     1.224759496    3.416947156    0.9612380033   0.7141551185   9.643499685    1.589440427    0.1875492437   0.5784997891   
194      I1         1.112238945    1.374613359    2.877630711    0.3718642419   0.4379601099   8.404803086    2.673022909    -0.4365508296  0.5763604161   
195      I1         1.339681715    1.831029792    3.975040031    0.7424456046   0.2320823149   9.507725647    2.166315637    -0.740913733   0.4983496736   
196      I1         1.657882582    2.580928054    4.004195038    0.4492392441   0.4776620772   5.842297847    2.827583849    -0.1913015522  0.8272173271   
197      I1         0.6734119334   1.277543916    3.568035854    0.7310735944   0.5544735924   5.070087836    1.106191658    -0.4175839614  1.306012466    
198      I1         1.34845065     1.883261704    3.773679828    0.9003524212   0.2590210574   4.573599613    1.458350263    -0.3312221453  0.9956866581   
199      I1         1.960481221    1.959262515    3.030591996    0.7065451786   0.4310794512   8.826475595    2.600889533    -0.4636442467  0.8683454211   
200      I1         0.8994731689   2.316377652    3.804717974    0.4088656905   0.5252304942   0.3232059656   1.286104827    0.3722721383   0.292587152    
201      I1         1.108024691    1.003497942    3.055555556    0.713744856    0.9879835391   1.505555556    1.925925926    -0.3549382716  0.2699081011   
202      I1         1.156995885    2.696502058    2.858024691    0.8871604938   0.6976131687   2.727777778    1.925925926    -0.3364197531  0.3011196418   
203      I1         1.143004115    1.003497942    3.179012346    0.9839506173   0.669382716    2.972222222    1.967078189    -0.9969135802  0.2963089021   
204      I1         1.122016461    2.696502058    3.179012346    0.9839506173   0.6653497942   3.338888889    1.934156379    -0.9907407407  0.2983593951   
205      I1         1.122016461    1.829012346    3.393004115    0.8347325103   0.883127572    2.972222222    1.901234568    -0.7685185185  0.3602640207   
206      I1         0.562345679    1.003497942    3.83744856     0.8790946502   0.7782716049   1.872222222    2.24691358     0.4969135802   0.3303277671   
207      I1         0.8701646091   1.003497942    4.487654321    0.669382716    0.6613168724   1.261111111    2.189300412    -0.1759259259  0.2340604289   
208      I1         0.5203703704   1.003497942    3.83744856     0.9879835391   0.669382716    2.238888889    2.913580247    0.4969135802   0.3720400289   
209      I1         1.059053498    1.003497942    4.487654321    0.883127572    0.5483950617   1.383333333    1.893004115    -0.009259259259 0.2377737607   
210      I1         1.059053498    1.003497942    4.487654321    0.7742386831   0.5483950617   1.261111111    1.893004115    -0.1759259259  0.2566235074   
211      I1         0.8631687243   1.003497942    2.512345679    0.9879835391   0.9597530864   2.361111111    1.87654321     0.4969135802   0.2549867107   
212      I1         1.247942387    1.003497942    3.845679012    0.9879835391   0.8871604938   2.361111111    2.049382716    -0.003086419753 0.349267464    
213      I1         1.115020576    2.696502058    3.919753086    0.8266666667   0.8145679012   2.361111111    1.744855967    -0.003086419753 0.3115433875   
214      I1         1.087037037    1.003497942    2.504115226    0.9839506173   0.1128395062   1.138888889    1.818930041    -0.003086419753 0.2079463563   
215      I1         0.8771604938   1.003497942    2.504115226    0.7177777778   0.3346502058   0.1611111111   1.810699588    -0.009259259259 0.2764676559   
216      I1         1.066049383    1.003497942    2.512345679    0.9718518519   0.01201646091  2.238888889    1.893004115    -0.9969135802  0.2521779999   
217      I1         1.129012346    1.003497942    2.512345679    0.9879835391   0.01604938272  1.872222222    1.967078189    -0.225308642   0.2372549924   
218      I1         0.8981481481   2.696502058    4.495884774    0.883127572    0.04024691358  2.972222222    2.255144033    -0.4907407407  0.29741271     
219      I1         1.129012346    2.696502058    4.495884774    0.9718518519   0.01201646091  1.138888889    1.950617284    -0.4969135802  0.2507598716   
220      I1         1.024074074    2.136831276    4.487654321    0.9879835391   0.01201646091  2.605555556    1.901234568    -0.003086419753 0.2502988005   
221      I1         1.024074074    1.003497942    3.820987654    0.9879835391   0.01604938272  2.116666667    1.893004115    -0.003086419753 0.3143369224   
222      I1         1.170987654    2.696502058    4.495884774    0.9839506173   0.01201646091  6.761111111    1.967078189    -0.3981481481  0.3039950244   
223      I1         1.366872428    1.003497942    2.504115226    0.9355555556   0.4395061728   0.1203703704   2.024691358    -0.3796296296  0.3790815019   
224      I1         1.024074074    1.003497942    2.504115226    0.9839506173   0.6653497942   9.938888889    1.901234568    -0.9969135802  0.2955891414   
225      I1         0.6043209877   1.003497942    2.504115226    0.669382716    0.9879835391   6.638888889    2.641975309    0.4969135802   0.2681537935   
226      I1         1.066049383    1.003497942    2.504115226    0.7903703704   0.6572839506   4.52037037     1.893004115    -0.1759259259  0.2788178204   
227      I1         0.6742798354   2.689506173    4.495884774    0.862962963    0.9839506173   0.1203703704   2.33744856     -0.0462962963  0.3712374961   
228      I1         1.087037037    2.696502058    4.043209877    0.9879835391   0.01201646091  0.1203703704   2.024691358    -0.08333333333 0.3274670163   
229      I1         1.129012346    2.689506173    3.829218107    0.9879835391   0.01201646091  4.805555556    1.975308642    -0.9969135802  0.349848358    
230      I1         0.3944444444   2.696502058    4.495884774    0.8871604938   0.01201646091  7.861111111    2.592592593    0.4969135802   0.2993858536   
231      I1         0.5413580247   2.136831276    4.495884774    0.8145679012   0.01201646091  0.1203703704   2.419753086    0.3240740741   0.2968733792   
232      I1         0.5203703704   2.689506173    4.495884774    0.9839506173   0.9879835391   9.97962963     2.765432099    0.4969135802   0.3423884999   
233      I1         0.6462962963   2.696502058    4.487654321    0.9879835391   0.01604938272  6.638888889    2.995884774    0.4969135802   0.3115183856   
234      I1         0.6742798354   2.696502058    4.495884774    0.9879835391   0.01604938272  5.661111111    2.592592593    0.1018518519   0.4040004099   
235      I1         0.8981481481   2.689506173    3.83744856     0.8145679012   0.9879835391   0.1611111111   2.995884774    -0.9969135802  0.3614440733   
236      I1         1.045061728    2.689506173    4.495884774    0.8992592593   0.9879835391   0.4055555556   2.33744856     -0.9969135802  0.2697471743   
237      I1         1.066049383    1.003497942    4.487654321    0.883127572    0.9839506173   0.1611111111   2.995884774    -0.9969135802  0.3050967291   
238      I1         0.4224279835   1.003497942    2.504115226    0.6653497942   0.6814814815   0.1611111111   2.419753086    0.1759259259   0.3159524045   
239      I1         1.108024691    1.003497942    4.495884774    0.9879835391   0.9839506173   0.1611111111   2.592592593    -0.5030864198  0.3026510173   
240      I1         0.9401234568   1.570164609    4.495884774    0.669382716    0.9879835391   0.1203703704   1.851851852    -0.08333333333 0.3044021977   
241      I1         1.191975309    2.122839506    4.495884774    0.9879835391   0.3548148148   0.1611111111   1.794238683    -0.003086419753 0.2810067844   
242      I1         1.087037037    2.689506173    2.504115226    0.883127572    0.9879835391   0.8944444444   2.716049383    -0.9969135802  0.2597772944   
243      I1         0.9401234568   1.003497942    2.504115226    0.669382716    0.9839506173   3.338888889    2.9218107      -0.9969135802  0.2556120295   
244      I1         1.129012346    1.003497942    2.504115226    0.862962963    0.3427160494   3.338888889    2.872427984    -0.9969135802  0.2956111549   
245      I1         1.108024691    1.003497942    2.504115226    0.7782716049   0.9879835391   0.1611111111   2.740740741    -0.9969135802  0.2923645127   
246      I1         0.9820987654   2.696502058    4.495884774    0.9355555556   0.7661728395   8.92037037     2.790123457    -0.5030864198  0.3129857012   
247      I1         1.129012346    2.696502058    2.504115226    0.7782716049   0.9839506173   8.92037037     2.987654321    -0.9969135802  0.3920932272   
248      I1         1.059053498    2.689506173    2.504115226    0.9597530864   0.6572839506   6.72037037     2.592592593    -0.5030864198  0.2847618306   
249      I1         1.066049383    2.122839506    4.495884774    0.8871604938   0.5524279835   3.461111111    2.773662551    -0.9969135802  0.286389195    
250      I1         0.8981481481   2.696502058    2.504115226    0.7782716049   0.9597530864   0.1203703704   2.345679012    -0.6635802469  0.3182868051   
251      I1         1.024074074    2.696502058    2.504115226    0.9718518519   0.3669135802   1.261111111    2.872427984    -0.5030864198  0.2401458774   
252      I1         0.4574074074   2.696502058    2.504115226    0.7298765432   0.6653497942   1.138888889    2.592592593    0.4969135802   0.2739103785   
253      I1         1.191975309    2.696502058    2.504115226    0.9879835391   0.4395061728   0.1611111111   2.814814815    -0.8364197531  0.2972591867   
254      I1         1.170987654    1.003497942    4.495884774    0.8024691358   0.9355555556   0.1611111111   1.572016461    0.4969135802   0.3088250188   
255      I1         0.3034979424   1.010493827    4.495884774    0.6653497942   0.669382716    3.338888889    2.740740741    0.4969135802   0.251123328    
256      I1         0.5553497942   1.003497942    4.495884774    0.669382716    0.7056790123   2.605555556    2.469135802    0.4969135802   0.2626748835   
257      I1         0.7932098765   1.003497942    4.495884774    0.669382716    0.9879835391   0.1611111111   2.049382716    0.3364197531   0.3102900161   
258      I1         0.6462962963   1.003497942    2.504115226    0.3790123457   0.9879835391   0.1203703704   2.049382716    -0.1759259259  0.2801536614   
259      I1         0.9191358025   1.570164609    4.495884774    0.818600823    0.4395061728   3.338888889    2.271604938    -0.4969135802  0.2889370976   
260      I1         0.9681069959   2.696502058    3.83744856     0.9113580247   0.01604938272  1.872222222    1.802469136    -0.1080246914  0.2895187504   
261      I1         0.8561728395   2.696502058    4.495884774    0.9879835391   0.330617284    3.338888889    1.802469136    0.4969135802   0.291694742    
262      I1         1.15           2.696502058    4.495884774    0.818600823    0.6653497942   1.872222222    1.975308642    -0.3981481481  0.3284604222   
263      I1         0.9401234568   1.003497942    2.504115226    0.3427160494   0.9879835391   1.872222222    1.769547325    -0.2685185185  0.2592539614   
264      I1         1.00308642     2.14382716     2.504115226    0.6653497942   0.6451851852   5.172222222    1.275720165    0.4969135802   0.2358170307   
265      I1         0.6462962963   2.696502058    4.495884774    0.9879835391   0.2217283951   4.683333333    2.12345679     0.4969135802   0.3008959064   
266      I1         0.499382716    1.003497942    2.504115226    0.7782716049   0.01201646091  3.338888889    2.592592593    0.4969135802   0.2743968941   
267      I1         0.8631687243   1.55617284     4.495884774    0.9879835391   0.9839506173   8.961111111    1.670781893    0.4907407407   0.3123950882   
268      I1         0.8631687243   2.689506173    4.495884774    0.9879835391   0.6572839506   6.72037037     1.901234568    0.25           0.2839726948   
269      I1         1.045061728    2.136831276    2.504115226    0.9879835391   0.9839506173   3.338888889    2.855967078    -0.712962963   0.2609508241   
270      I1         0.9820987654   1.003497942    2.504115226    0.9879835391   0.9597530864   3.094444444    2.674897119    -0.06481481481 0.2319242028   
271      I1         0.8771604938   1.003497942    2.504115226    0.9355555556   0.3548148148   3.37962963     2.995884774    -0.1759259259  0.2692206368   
272      I1         1.087037037    2.696502058    4.495884774    0.9879835391   0.8871604938   1.138888889    2.740740741    -0.5030864198  0.2523734083   
273      I1         0.9820987654   2.696502058    4.495884774    0.8266666667   0.9879835391   3.338888889    2.592592593    -0.6635802469  0.3040082143   
274      I1         1.087037037    1.003497942    2.504115226    0.9879835391   0.4516049383   1.17962963     2.765432099    -0.1944444444  0.2160989917   
275      I1         1.129012346    1.003497942    4.495884774    0.9839506173   0.9839506173   6.761111111    2.33744856     -0.9969135802  0.3026932116   
276      I1         0.3034979424   2.689506173    2.504115226    0.7903703704   0.1128395062   6.761111111    2.329218107    0.4969135802   0.2977970458   
277      I1         0.4923868313   1.570164609    4.495884774    0.7742386831   0.1128395062   6.761111111    2.296296296    0.06481481481  0.38958839     
278      I1         1.233950617    2.689506173    4.495884774    0.6653497942   0.3346502058   3.338888889    1.333333333    0.4969135802   0.2201389551   
279      I1         0.8631687243   2.689506173    2.504115226    0.9879835391   0.330617284    5.661111111    1.670781893    0.3425925926   0.2320950437   
280      I1         1.052057613    2.14382716     2.504115226    0.9839506173   0.01201646091  2.361111111    1.901234568    -0.5030864198  0.2486359179   
281      I1         0.6742798354   1.003497942    4.495884774    0.5725925926   0.9839506173   6.761111111    2.33744856     -0.1203703704  0.3083562161   
282      I1         1.087037037    1.003497942    3.672839506    0.9879835391   0.6653497942   3.461111111    2.913580247    -0.6697530864  0.3538286699   
283      I1         0.9401234568   1.003497942    2.504115226    0.883127572    0.669382716    0.1203703704   2.419753086    -0.0462962963  0.2729190443   
284      I1         1.059053498    1.55617284     2.504115226    0.9879835391   0.7782716049   3.338888889    2.773662551    -0.1759259259  0.2384180826   
285      I1         0.625308642    1.003497942    4.495884774    0.6209876543   0.9234567901   6.72037037     1.333333333    0.4969135802   0.2684906676   
286      I1         1.052057613    1.577160494    2.504115226    0.9879835391   0.330617284    0.1611111111   1.893004115    -0.0462962963  0.2636118104   
287      I1         1.087037037    2.696502058    3.820987654    0.9879835391   0.9879835391   3.827777778    2.765432099    -0.9969135802  0.3428799517   
288      I1         0.9401234568   1.003497942    4.495884774    0.9879835391   0.01604938272  1.138888889    2.995884774    -0.1388888889  0.2662485474   
289      I1         1.15           1.003497942    4.495884774    0.9839506173   0.01201646091  0.1611111111   2.33744856     -0.2685185185  0.2954877233   
290      I1         1.254938272    1.010493827    4.495884774    0.9839506173   0.01201646091  1.138888889    2.995884774    -0.9969135802  0.2860568329   
291      I1         0.3034979424   1.003497942    3.401234568    0.6653497942   0.9597530864   3.338888889    2.567901235    0.4969135802   0.3233786887   
292      I1         0.6742798354   1.003497942    2.504115226    0.7177777778   0.9879835391   3.338888889    2.790123457    0.009259259259 0.2738457525   
293      I1         0.8981481481   1.010493827    4.495884774    0.9839506173   0.01201646091  1.138888889    2.995884774    -0.6635802469  0.3337849512   
294      I1         1.233950617    1.003497942    4.495884774    0.9879835391   0.01604938272  1.261111111    2.773662551    -0.5092592593  0.2792129069   
295      I1         0.7512345679   1.003497942    2.504115226    0.883127572    0.9839506173   3.216666667    2.37037037     0.4969135802   0.2493645113   
296      I1         0.8002057613   1.003497942    3.83744856     0.5725925926   0.9879835391   1.138888889    2.24691358     -0.08333333333 0.3028540006   
297      I1         0.6672839506   1.003497942    4.495884774    0.3911111111   0.9879835391   3.094444444    2              -0.1512345679  0.2621562951   
298      I1         0.5833333333   1.003497942    2.504115226    0.5604938272   0.9879835391   6.72037037     1.62962963     0.009259259259 0.2751607927   
299      I1         0.4154320988   1.003497942    2.504115226    0.584691358    0.669382716    6.72037037     1.308641975    0.4969135802   0.2588668083   
300      I1         0.8631687243   1.010493827    2.504115226    0.9839506173   0.669382716    6.761111111    2.995884774    0.4969135802   0.2825417722   
%eval_id interface log__t_efold_shallow log__t_efold_soil log__t_efold_karst f_exfiltration_shallow f_exfiltration_soil PDD_melt_factor log__Hmax_shallow log__routing_K neg_kge        
301      I1         1.087037037    1.003497942    2.504115226    0.9839506173   0.1128395062   1.138888889    1.818930041    -0.003086419753 0.2079463563   
302      I1         1.257037037    1.003497942    2.504115226    0.9839506173   0.1128395062   1.138888889    1.818930041    -0.003086419753 0.2401918608   
303      I1         1.087037037    1.173497942    2.504115226    0.9839506173   0.1128395062   1.138888889    1.818930041    -0.003086419753 0.2079889269   
304      I1         1.087037037    1.003497942    2.704115226    0.9839506173   0.1128395062   1.138888889    1.818930041    -0.003086419753 0.2084393975   
305      I1         1.087037037    1.003497942    2.504115226    0.9839506173   0.2108395062   1.138888889    1.818930041    -0.003086419753 0.2078198947   
306      I1         1.087037037    1.003497942    2.504115226    0.9839506173   0.1128395062   2.128888889    1.818930041    -0.003086419753 0.2228010583   
307      I1         1.087037037    1.003497942    2.504115226    0.9839506173   0.1128395062   1.138888889    2.018930041    -0.003086419753 0.2123025558   
308      I1         1.087037037    1.003497942    2.504115226    0.9839506173   0.1128395062   1.138888889    1.818930041    0.1469135802   0.2177473273   
309      I1         0.917037037    1.003497942    2.504115226    0.9839506173   0.1128395062   1.138888889    1.818930041    -0.003086419753 0.2186297147   
310      I1         1.087037037    1.003497942    2.504115226    0.8859506173   0.1128395062   1.138888889    1.818930041    -0.003086419753 0.2401506665   
311      I1         1.087037037    1.003497942    2.504115226    0.9839506173   0.01483950617  1.138888889    1.818930041    -0.003086419753 0.2080848771   
312      I1         1.087037037    1.003497942    2.504115226    0.9839506173   0.1128395062   0.1488888889   1.818930041    -0.003086419753 0.2653925944   
313      I1         1.087037037    1.003497942    2.504115226    0.9839506173   0.1128395062   1.138888889    1.618930041    -0.003086419753 0.2346196127   
314      I1         1.087037037    1.003497942    2.504115226    0.9839506173   0.1128395062   1.138888889    1.818930041    -0.1530864198  0.210213593    
315      I1         1.172037037    1.003497942    2.504115226    0.9839506173   0.1128395062   1.138888889    1.818930041    -0.003086419753 0.2191956453   
316      I1         1.087037037    1.088497942    2.504115226    0.9839506173   0.1128395062   1.138888889    1.818930041    -0.003086419753 0.2079679973   
317      I1         1.087037037    1.003497942    2.604115226    0.9839506173   0.1128395062   1.138888889    1.818930041    -0.003086419753 0.2081362792   
318      I1         1.087037037    1.003497942    2.504115226    0.9839506173   0.1618395062   1.138888889    1.818930041    -0.003086419753 0.2078816246   
319      I1         1.087037037    1.003497942    2.504115226    0.9839506173   0.1128395062   1.633888889    1.818930041    -0.003086419753 0.2170417681   
320      I1         1.087037037    1.003497942    2.504115226    0.9839506173   0.1128395062   1.138888889    1.918930041    -0.003086419753 0.2123025558   
321      I1         1.087037037    1.003497942    2.504115226    0.9839506173   0.1128395062   1.138888889    1.818930041    0.07191358025  0.2109061591   
322      I1         1.002037037    1.003497942    2.504115226    0.9839506173   0.1128395062   1.138888889    1.818930041    -0.003086419753 0.2035083794   
323      I1         1.087037037    1.003497942    2.504115226    0.9349506173   0.1128395062   1.138888889    1.818930041    -0.003086419753 0.2220494381   
324      I1         1.087037037    1.003497942    2.504115226    0.9839506173   0.06383950617  1.138888889    1.818930041    -0.003086419753 0.2080141124   
325      I1         1.087037037    1.003497942    2.504115226    0.9839506173   0.1128395062   0.6438888889   1.818930041    -0.003086419753 0.2159335396   
326      I1         1.087037037    1.003497942    2.504115226    0.9839506173   0.1128395062   1.138888889    1.718930041    -0.003086419753 0.1997438894   
327      I1         1.087037037    1.003497942    2.504115226    0.9839506173   0.1128395062   1.138888889    1.818930041    -0.07808641975 0.2080334343   
328      I1         1.172037037    1.003497942    2.504115226    0.9839506173   0.1128395062   1.138888889    1.718930041    -0.003086419753 0.2156436966   
329      I1         1.087037037    1.088497942    2.504115226    0.9839506173   0.1128395062   1.138888889    1.718930041    -0.003086419753 0.1997435175   
330      I1         1.087037037    1.003497942    2.604115226    0.9839506173   0.1128395062   1.138888889    1.718930041    -0.003086419753 0.1998706245   
331      I1         1.087037037    1.003497942    2.504115226    0.9839506173   0.1618395062   1.138888889    1.718930041    -0.003086419753 0.1997880557   
332      I1         1.087037037    1.003497942    2.504115226    0.9839506173   0.1128395062   1.633888889    1.718930041    -0.003086419753 0.2072952739   
333      I1         1.087037037    1.003497942    2.504115226    0.9839506173   0.1128395062   1.138888889    1.718930041    0.07191358025  0.1947862939   
334      I1         1.002037037    1.003497942    2.504115226    0.9839506173   0.1128395062   1.138888889    1.718930041    -0.003086419753 0.2001457058   
335      I1         1.087037037    1.003497942    2.504115226    0.9349506173   0.1128395062   1.138888889    1.718930041    -0.003086419753 0.2049831115   
336      I1         1.087037037    1.003497942    2.504115226    0.9839506173   0.06383950617  1.138888889    1.718930041    -0.003086419753 0.19970276     
337      I1         1.087037037    1.003497942    2.504115226    0.9839506173   0.1128395062   0.6438888889   1.718930041    -0.003086419753 0.2092677954   
338      I1         1.087037037    1.003497942    2.504115226    0.9839506173   0.1128395062   1.138888889    1.618930041    -0.003086419753 0.2346196127   
339      I1         1.087037037    1.003497942    2.504115226    0.9839506173   0.1128395062   1.138888889    1.718930041    -0.07808641975 0.2086930024   
340      I1         1.172037037    1.003497942    2.504115226    0.9839506173   0.1128395062   1.138888889    1.718930041    0.07191358025  0.2102122533   
341      I1         1.087037037    1.088497942    2.504115226    0.9839506173   0.1128395062   1.138888889    1.718930041    0.07191358025  0.1947904467   
342      I1         1.087037037    1.003497942    2.604115226    0.9839506173   0.1128395062   1.138888889    1.718930041    0.07191358025  0.1949193594   
343      I1         1.087037037    1.003497942    2.504115226    0.9839506173   0.1618395062   1.138888889    1.718930041    0.07191358025  0.1948083601   
344      I1         1.087037037    1.003497942    2.504115226    0.9839506173   0.1128395062   1.633888889    1.718930041    0.07191358025  0.2022406362   
345      I1         1.087037037    1.003497942    2.504115226    0.9839506173   0.1128395062   1.138888889    1.718930041    0.1469135802   0.1951346201   
346      I1         1.002037037    1.003497942    2.504115226    0.9839506173   0.1128395062   1.138888889    1.718930041    0.07191358025  0.193042999    
347      I1         1.087037037    1.003497942    2.504115226    0.9349506173   0.1128395062   1.138888889    1.718930041    0.07191358025  0.2023250939   
348      I1         1.087037037    1.003497942    2.504115226    0.9839506173   0.06383950617  1.138888889    1.718930041    0.07191358025  0.1947672114   
349      I1         1.087037037    1.003497942    2.504115226    0.9839506173   0.1128395062   0.6438888889   1.718930041    0.07191358025  0.2045088987   
350      I1         1.087037037    1.003497942    2.504115226    0.9839506173   0.1128395062   1.138888889    1.618930041    0.07191358025  0.2128938249   
351      I1         1.129537037    1.003497942    2.504115226    0.9839506173   0.1128395062   1.138888889    1.718930041    0.07191358025  0.2010774938   
352      I1         1.087037037    1.045997942    2.504115226    0.9839506173   0.1128395062   1.138888889    1.718930041    0.07191358025  0.194788593    
353      I1         1.087037037    1.003497942    2.554115226    0.9839506173   0.1128395062   1.138888889    1.718930041    0.07191358025  0.194850869    
354      I1         1.087037037    1.003497942    2.504115226    0.9839506173   0.1373395062   1.138888889    1.718930041    0.07191358025  0.1947969533   
355      I1         1.087037037    1.003497942    2.504115226    0.9839506173   0.1128395062   1.386388889    1.718930041    0.07191358025  0.199152759    
356      I1         1.087037037    1.003497942    2.504115226    0.9839506173   0.1128395062   1.138888889    1.768930041    0.07191358025  0.1971686323   
357      I1         1.087037037    1.003497942    2.504115226    0.9839506173   0.1128395062   1.138888889    1.718930041    0.1094135802   0.1942279794   
358      I1         1.044537037    1.003497942    2.504115226    0.9839506173   0.1128395062   1.138888889    1.718930041    0.07191358025  0.1919108929   
359      I1         1.087037037    1.003497942    2.504115226    0.9594506173   0.1128395062   1.138888889    1.718930041    0.07191358025  0.1972122501   
360      I1         1.087037037    1.003497942    2.504115226    0.9839506173   0.08833950617  1.138888889    1.718930041    0.07191358025  0.1947763804   
361      I1         1.087037037    1.003497942    2.504115226    0.9839506173   0.1128395062   0.8913888889   1.718930041    0.07191358025  0.1970823479   
362      I1         1.087037037    1.003497942    2.504115226    0.9839506173   0.1128395062   1.138888889    1.668930041    0.07191358025  0.2016378455   
363      I1         1.087037037    1.003497942    2.504115226    0.9839506173   0.1128395062   1.138888889    1.718930041    0.03441358025  0.1966776165   
364      I1         1.044537037    1.045997942    2.504115226    0.9839506173   0.1128395062   1.138888889    1.718930041    0.07191358025  0.1919082106   
365      I1         1.044537037    1.003497942    2.554115226    0.9839506173   0.1128395062   1.138888889    1.718930041    0.07191358025  0.1919637718   
366      I1         1.044537037    1.003497942    2.504115226    0.9839506173   0.1373395062   1.138888889    1.718930041    0.07191358025  0.1919433711   
367      I1         1.044537037    1.003497942    2.504115226    0.9839506173   0.1128395062   1.386388889    1.718930041    0.07191358025  0.1961407975   
368      I1         1.044537037    1.003497942    2.504115226    0.9839506173   0.1128395062   1.138888889    1.768930041    0.07191358025  0.1943459367   
369      I1         1.044537037    1.003497942    2.504115226    0.9839506173   0.1128395062   1.138888889    1.718930041    0.1094135802   0.1908238303   
370      I1         1.044537037    1.003497942    2.504115226    0.9594506173   0.1128395062   1.138888889    1.718930041    0.07191358025  0.1924011364   
371      I1         1.044537037    1.003497942    2.504115226    0.9839506173   0.08833950617  1.138888889    1.718930041    0.07191358025  0.1918792313   
372      I1         1.044537037    1.003497942    2.504115226    0.9839506173   0.1128395062   0.8913888889   1.718930041    0.07191358025  0.194327833    
373      I1         1.044537037    1.003497942    2.504115226    0.9839506173   0.1128395062   1.138888889    1.668930041    0.07191358025  0.1991452835   
374      I1         1.044537037    1.003497942    2.504115226    0.9839506173   0.1128395062   1.138888889    1.718930041    0.03441358025  0.1942444696   
375      I1         1.044537037    1.045997942    2.504115226    0.9839506173   0.1128395062   1.138888889    1.718930041    0.1094135802   0.1908224813   
376      I1         1.044537037    1.003497942    2.554115226    0.9839506173   0.1128395062   1.138888889    1.718930041    0.1094135802   0.1908781582   
377      I1         1.044537037    1.003497942    2.504115226    0.9839506173   0.1373395062   1.138888889    1.718930041    0.1094135802   0.1908498986   
378      I1         1.044537037    1.003497942    2.504115226    0.9839506173   0.1128395062   1.386388889    1.718930041    0.1094135802   0.1950240636   
379      I1         1.044537037    1.003497942    2.504115226    0.9839506173   0.1128395062   1.138888889    1.768930041    0.1094135802   0.1954770114   
380      I1         1.044537037    1.003497942    2.504115226    0.9839506173   0.1128395062   1.138888889    1.718930041    0.1469135802   0.1911374587   
381      I1         1.002037037    1.003497942    2.504115226    0.9839506173   0.1128395062   1.138888889    1.718930041    0.1094135802   0.1911110996   
382      I1         1.044537037    1.003497942    2.504115226    0.9594506173   0.1128395062   1.138888889    1.718930041    0.1094135802   0.1919937059   
383      I1         1.044537037    1.003497942    2.504115226    0.9839506173   0.08833950617  1.138888889    1.718930041    0.1094135802   0.1907985674   
384      I1         1.044537037    1.003497942    2.504115226    0.9839506173   0.1128395062   0.8913888889   1.718930041    0.1094135802   0.1933493338   
385      I1         1.044537037    1.003497942    2.504115226    0.9839506173   0.1128395062   1.138888889    1.668930041    0.1094135802   0.1950054218   
386      I1         1.044537037    1.003497942    2.504115226    0.9839506173   0.1128395062   1.138888889    1.718930041    0.07191358025  0.1919108929   
387      I1         1.065787037    1.003497942    2.504115226    0.9839506173   0.1128395062   1.138888889    1.718930041    0.1094135802   0.1920964214   
388      I1         1.044537037    1.024747942    2.504115226    0.9839506173   0.1128395062   1.138888889    1.718930041    0.1094135802   0.1908232124   
389      I1         1.044537037    1.003497942    2.529115226    0.9839506173   0.1128395062   1.138888889    1.718930041    0.1094135802   0.1908500841   
390      I1         1.044537037    1.003497942    2.504115226    0.9839506173   0.1250895062   1.138888889    1.718930041    0.1094135802   0.1908367637   
391      I1         1.044537037    1.003497942    2.504115226    0.9839506173   0.1128395062   1.262638889    1.718930041    0.1094135802   0.1926783097   
392      I1         1.044537037    1.003497942    2.504115226    0.9839506173   0.1128395062   1.138888889    1.743930041    0.1094135802   0.1919565272   
393      I1         1.044537037    1.003497942    2.504115226    0.9839506173   0.1128395062   1.138888889    1.718930041    0.1281635802   0.1907970088   
394      I1         1.023287037    1.003497942    2.504115226    0.9839506173   0.1128395062   1.138888889    1.718930041    0.1094135802   0.1905244181   
395      I1         1.044537037    1.003497942    2.504115226    0.9717006173   0.1128395062   1.138888889    1.718930041    0.1094135802   0.1908101239   
396      I1         1.044537037    1.003497942    2.504115226    0.9839506173   0.1005895062   1.138888889    1.718930041    0.1094135802   0.1908110982   
397      I1         1.044537037    1.003497942    2.504115226    0.9839506173   0.1128395062   1.015138889    1.718930041    0.1094135802   0.1910838876   
398      I1         1.044537037    1.003497942    2.504115226    0.9839506173   0.1128395062   1.138888889    1.693930041    0.1094135802   0.1919067544   
399      I1         1.044537037    1.003497942    2.504115226    0.9839506173   0.1128395062   1.138888889    1.718930041    0.09066358025  0.1912013078   
400      I1         1.023287037    1.024747942    2.504115226    0.9839506173   0.1128395062   1.138888889    1.718930041    0.1094135802   0.1905225688   
401      I1         1.023287037    1.003497942    2.529115226    0.9839506173   0.1128395062   1.138888889    1.718930041    0.1094135802   0.1905478762   
402      I1         1.023287037    1.003497942    2.504115226    0.9839506173   0.1250895062   1.138888889    1.718930041    0.1094135802   0.190542299    
403      I1         1.023287037    1.003497942    2.504115226    0.9839506173   0.1128395062   1.262638889    1.718930041    0.1094135802   0.1923207702   
404      I1         1.023287037    1.003497942    2.504115226    0.9839506173   0.1128395062   1.138888889    1.743930041    0.1094135802   0.1916076391   
405      I1         1.023287037    1.003497942    2.504115226    0.9839506173   0.1128395062   1.138888889    1.718930041    0.1281635802   0.1902887978   
406      I1         1.023287037    1.003497942    2.504115226    0.9717006173   0.1128395062   1.138888889    1.718930041    0.1094135802   0.1898449361   
407      I1         1.023287037    1.003497942    2.504115226    0.9839506173   0.1005895062   1.138888889    1.718930041    0.1094135802   0.1905067162   
408      I1         1.023287037    1.003497942    2.504115226    0.9839506173   0.1128395062   1.015138889    1.718930041    0.1094135802   0.1908139809   
409      I1         1.023287037    1.003497942    2.504115226    0.9839506173   0.1128395062   1.138888889    1.693930041    0.1094135802   0.1916559358   
410      I1         1.023287037    1.003497942    2.504115226    0.9839506173   0.1128395062   1.138888889    1.718930041    0.09066358025  0.1911012054   
411      I1         1.023287037    1.024747942    2.504115226    0.9717006173   0.1128395062   1.138888889    1.718930041    0.1094135802   0.1898479096   
412      I1         1.023287037    1.003497942    2.529115226    0.9717006173   0.1128395062   1.138888889    1.718930041    0.1094135802   0.1899981704   
413      I1         1.023287037    1.003497942    2.504115226    0.9717006173   0.1250895062   1.138888889    1.718930041    0.1094135802   0.1898369184   
414      I1         1.023287037    1.003497942    2.504115226    0.9717006173   0.1128395062   1.262638889    1.718930041    0.1094135802   0.1917596353   
415      I1         1.023287037    1.003497942    2.504115226    0.9717006173   0.1128395062   1.138888889    1.743930041    0.1094135802   0.1914564976   
416      I1         1.023287037    1.003497942    2.504115226    0.9717006173   0.1128395062   1.138888889    1.718930041    0.1281635802   0.1898108418   
417      I1         1.002037037    1.003497942    2.504115226    0.9717006173   0.1128395062   1.138888889    1.718930041    0.1094135802   0.1898592427   
418      I1         1.023287037    1.003497942    2.504115226    0.9594506173   0.1128395062   1.138888889    1.718930041    0.1094135802   0.1906158554   
419      I1         1.023287037    1.003497942    2.504115226    0.9717006173   0.1005895062   1.138888889    1.718930041    0.1094135802   0.1898535199   
420      I1         1.023287037    1.003497942    2.504115226    0.9717006173   0.1128395062   1.015138889    1.718930041    0.1094135802   0.1900454192   
421      I1         1.023287037    1.003497942    2.504115226    0.9717006173   0.1128395062   1.138888889    1.693930041    0.1094135802   0.1904297202   
422      I1         1.023287037    1.003497942    2.504115226    0.9717006173   0.1128395062   1.138888889    1.718930041    0.09066358025  0.1902272234   
423      I1         1.033912037    1.003497942    2.504115226    0.9717006173   0.1128395062   1.138888889    1.718930041    0.1094135802   0.1902117297   
424      I1         1.023287037    1.014122942    2.504115226    0.9717006173   0.1128395062   1.138888889    1.718930041    0.1094135802   0.1898464184   
425      I1         1.023287037    1.003497942    2.516615226    0.9717006173   0.1128395062   1.138888889    1.718930041    0.1094135802   0.1899204657   
426      I1         1.023287037    1.003497942    2.504115226    0.9778256173   0.1128395062   1.138888889    1.718930041    0.1094135802   0.1900717501   
427      I1         1.023287037    1.003497942    2.504115226    0.9717006173   0.1189645062   1.138888889    1.718930041    0.1094135802   0.1898408564   
428      I1         1.023287037    1.003497942    2.504115226    0.9717006173   0.1128395062   1.200763889    1.718930041    0.1094135802   0.190735816    
429      I1         1.023287037    1.003497942    2.504115226    0.9717006173   0.1128395062   1.138888889    1.731430041    0.1094135802   0.1903653361   
430      I1         1.023287037    1.003497942    2.504115226    0.9717006173   0.1128395062   1.138888889    1.718930041    0.1187885802   0.1897832411   
431      I1         1.012662037    1.003497942    2.504115226    0.9717006173   0.1128395062   1.138888889    1.718930041    0.1094135802   0.1897090873   
432      I1         1.023287037    1.003497942    2.504115226    0.9655756173   0.1128395062   1.138888889    1.718930041    0.1094135802   0.1901393869   
433      I1         1.023287037    1.003497942    2.504115226    0.9717006173   0.1067145062   1.138888889    1.718930041    0.1094135802   0.1898491573   
434      I1         1.023287037    1.003497942    2.504115226    0.9717006173   0.1128395062   1.077013889    1.718930041    0.1094135802   0.1892991896   
435      I1         1.023287037    1.003497942    2.504115226    0.9717006173   0.1128395062   1.138888889    1.706430041    0.1094135802   0.1898739983   
436      I1         1.023287037    1.003497942    2.504115226    0.9717006173   0.1128395062   1.138888889    1.718930041    0.1000385802   0.1899937095   
437      I1         1.033912037    1.003497942    2.504115226    0.9717006173   0.1128395062   1.077013889    1.718930041    0.1094135802   0.1896536595   
438      I1         1.023287037    1.014122942    2.504115226    0.9717006173   0.1128395062   1.077013889    1.718930041    0.1094135802   0.1893005143   
439      I1         1.023287037    1.003497942    2.516615226    0.9717006173   0.1128395062   1.077013889    1.718930041    0.1094135802   0.1893748259   
440      I1         1.023287037    1.003497942    2.504115226    0.9778256173   0.1128395062   1.077013889    1.718930041    0.1094135802   0.1895526728   
441      I1         1.023287037    1.003497942    2.504115226    0.9717006173   0.1189645062   1.077013889    1.718930041    0.1094135802   0.1892958876   
442      I1         1.023287037    1.003497942    2.504115226    0.9717006173   0.1128395062   1.077013889    1.731430041    0.1094135802   0.1897912682   
443      I1         1.023287037    1.003497942    2.504115226    0.9717006173   0.1128395062   1.077013889    1.718930041    0.1187885802   0.189245668    
444      I1         1.012662037    1.003497942    2.504115226    0.9717006173   0.1128395062   1.077013889    1.718930041    0.1094135802   0.1891719088   
445      I1         1.023287037    1.003497942    2.504115226    0.9655756173   0.1128395062   1.077013889    1.718930041    0.1094135802   0.1895639524   
446      I1         1.023287037    1.003497942    2.504115226    0.9717006173   0.1067145062   1.077013889    1.718930041    0.1094135802   0.189302634    
447      I1         1.023287037    1.003497942    2.504115226    0.9717006173   0.1128395062   1.015138889    1.718930041    0.1094135802   0.1900454192   
448      I1         1.023287037    1.003497942    2.504115226    0.9717006173   0.1128395062   1.077013889    1.706430041    0.1094135802   0.1893582065   
449      I1         1.023287037    1.003497942    2.504115226    0.9717006173   0.1128395062   1.077013889    1.718930041    0.1000385802   0.1894397182   
450      I1         1.012662037    1.014122942    2.504115226    0.9717006173   0.1128395062   1.077013889    1.718930041    0.1094135802   0.1891726366   
451      I1         1.012662037    1.003497942    2.516615226    0.9717006173   0.1128395062   1.077013889    1.718930041    0.1094135802   0.1892485646   
452      I1         1.012662037    1.003497942    2.504115226    0.9778256173   0.1128395062   1.077013889    1.718930041    0.1094135802   0.1896360962   
453      I1         1.012662037    1.003497942    2.504115226    0.9717006173   0.1189645062   1.077013889    1.718930041    0.1094135802   0.1891818662   
454      I1         1.012662037    1.003497942    2.504115226    0.9717006173   0.1128395062   1.077013889    1.731430041    0.1094135802   0.1896465984   
455      I1         1.012662037    1.003497942    2.504115226    0.9717006173   0.1128395062   1.077013889    1.718930041    0.1187885802   0.1890622      
456      I1         1.002037037    1.003497942    2.504115226    0.9717006173   0.1128395062   1.077013889    1.718930041    0.1094135802   0.1893343204   
457      I1         1.012662037    1.003497942    2.504115226    0.9655756173   0.1128395062   1.077013889    1.718930041    0.1094135802   0.1893215912   
458      I1         1.012662037    1.003497942    2.504115226    0.9717006173   0.1067145062   1.077013889    1.718930041    0.1094135802   0.1891731837   
459      I1         1.012662037    1.003497942    2.504115226    0.9717006173   0.1128395062   1.015138889    1.718930041    0.1094135802   0.1899178475   
460      I1         1.012662037    1.003497942    2.504115226    0.9717006173   0.1128395062   1.077013889    1.706430041    0.1094135802   0.1892516688   
461      I1         1.012662037    1.003497942    2.504115226    0.9717006173   0.1128395062   1.077013889    1.718930041    0.1000385802   0.1893675696   
462      I1         1.012662037    1.014122942    2.504115226    0.9717006173   0.1128395062   1.077013889    1.718930041    0.1187885802   0.1890630647   
463      I1         1.012662037    1.003497942    2.516615226    0.9717006173   0.1128395062   1.077013889    1.718930041    0.1187885802   0.1891381884   
464      I1         1.012662037    1.003497942    2.504115226    0.9778256173   0.1128395062   1.077013889    1.718930041    0.1187885802   0.1894744729   
465      I1         1.012662037    1.003497942    2.504115226    0.9717006173   0.1189645062   1.077013889    1.718930041    0.1187885802   0.1890713964   
466      I1         1.012662037    1.003497942    2.504115226    0.9717006173   0.1128395062   1.138888889    1.718930041    0.1187885802   0.1895910731   
467      I1         1.012662037    1.003497942    2.504115226    0.9717006173   0.1128395062   1.077013889    1.731430041    0.1187885802   0.1896811719   
468      I1         1.012662037    1.003497942    2.504115226    0.9717006173   0.1128395062   1.077013889    1.718930041    0.1281635802   0.1890407678   
469      I1         1.002037037    1.003497942    2.504115226    0.9717006173   0.1128395062   1.077013889    1.718930041    0.1187885802   0.189162455    
470      I1         1.012662037    1.003497942    2.504115226    0.9655756173   0.1128395062   1.077013889    1.718930041    0.1187885802   0.1892559327   
471      I1         1.012662037    1.003497942    2.504115226    0.9717006173   0.1067145062   1.077013889    1.718930041    0.1187885802   0.1890640366   
472      I1         1.012662037    1.003497942    2.504115226    0.9717006173   0.1128395062   1.015138889    1.718930041    0.1187885802   0.1898172829   
473      I1         1.012662037    1.003497942    2.504115226    0.9717006173   0.1128395062   1.077013889    1.706430041    0.1187885802   0.1889846449   
474      I1         1.023287037    1.003497942    2.504115226    0.9717006173   0.1128395062   1.077013889    1.706430041    0.1187885802   0.1891452723   
475      I1         1.012662037    1.014122942    2.504115226    0.9717006173   0.1128395062   1.077013889    1.706430041    0.1187885802   0.1889831672   
476      I1         1.012662037    1.003497942    2.516615226    0.9717006173   0.1128395062   1.077013889    1.706430041    0.1187885802   0.1890571443   
477      I1         1.012662037    1.003497942    2.504115226    0.9778256173   0.1128395062   1.077013889    1.706430041    0.1187885802   0.1895315365   
478      I1         1.012662037    1.003497942    2.504115226    0.9717006173   0.1189645062   1.077013889    1.706430041    0.1187885802   0.1889991837   
479      I1         1.012662037    1.003497942    2.504115226    0.9717006173   0.1128395062   1.138888889    1.706430041    0.1187885802   0.1894873521   
480      I1         1.012662037    1.003497942    2.504115226    0.9717006173   0.1128395062   1.077013889    1.706430041    0.1281635802   0.1888091755   
481      I1         1.002037037    1.003497942    2.504115226    0.9717006173   0.1128395062   1.077013889    1.706430041    0.1187885802   0.1891096466   
482      I1         1.012662037    1.003497942    2.504115226    0.9655756173   0.1128395062   1.077013889    1.706430041    0.1187885802   0.1890514528   
483      I1         1.012662037    1.003497942    2.504115226    0.9717006173   0.1067145062   1.077013889    1.706430041    0.1187885802   0.1889812348   
484      I1         1.012662037    1.003497942    2.504115226    0.9717006173   0.1128395062   1.015138889    1.706430041    0.1187885802   0.189750329    
485      I1         1.012662037    1.003497942    2.504115226    0.9717006173   0.1128395062   1.077013889    1.693930041    0.1187885802   0.189424828    
486      I1         1.033912037    1.003497942    2.504115226    0.9717006173   0.1128395062   1.077013889    1.706430041    0.1281635802   0.1894612571   
487      I1         1.012662037    1.024747942    2.504115226    0.9717006173   0.1128395062   1.077013889    1.706430041    0.1281635802   0.1888073801   
488      I1         1.012662037    1.003497942    2.529115226    0.9717006173   0.1128395062   1.077013889    1.706430041    0.1281635802   0.1889581808   
489      I1         1.012662037    1.003497942    2.504115226    0.9839506173   0.1128395062   1.077013889    1.706430041    0.1281635802   0.1899198335   
490      I1         1.012662037    1.003497942    2.504115226    0.9717006173   0.1250895062   1.077013889    1.706430041    0.1281635802   0.1888367039   
491      I1         1.012662037    1.003497942    2.504115226    0.9717006173   0.1128395062   1.200763889    1.706430041    0.1281635802   0.1901473089   
492      I1         1.012662037    1.003497942    2.504115226    0.9717006173   0.1128395062   1.077013889    1.731430041    0.1281635802   0.1898008128   
493      I1         1.012662037    1.003497942    2.504115226    0.9717006173   0.1128395062   1.077013889    1.706430041    0.1469135802   0.1887421854   
494      I1         0.991412037    1.003497942    2.504115226    0.9717006173   0.1128395062   1.077013889    1.706430041    0.1281635802   0.1891730422   
495      I1         1.012662037    1.003497942    2.504115226    0.9594506173   0.1128395062   1.077013889    1.706430041    0.1281635802   0.1892154345   
496      I1         1.012662037    1.003497942    2.504115226    0.9717006173   0.1005895062   1.077013889    1.706430041    0.1281635802   0.1888066568   
497      I1         1.012662037    1.003497942    2.504115226    0.9717006173   0.1128395062   0.9532638889   1.706430041    0.1281635802   0.1905772463   
498      I1         1.012662037    1.003497942    2.504115226    0.9717006173   0.1128395062   1.077013889    1.681430041    0.1281635802   0.1898373362   
499      I1         1.012662037    1.003497942    2.504115226    0.9717006173   0.1128395062   1.077013889    1.706430041    0.1094135802   0.1892516688   
500      I1         1.023287037    1.003497942    2.504115226    0.9717006173   0.1128395062   1.077013889    1.706430041    0.1281635802   0.1890250521   
501      I1         1.012662037    1.014122942    2.504115226    0.9717006173   0.1128395062   1.077013889    1.706430041    0.1281635802   0.1888078775   
502      I1         1.012662037    1.003497942    2.516615226    0.9717006173   0.1128395062   1.077013889    1.706430041    0.1281635802   0.1888810742   
503      I1         1.012662037    1.003497942    2.504115226    0.9778256173   0.1128395062   1.077013889    1.706430041    0.1281635802   0.1893018802   
504      I1         1.012662037    1.003497942    2.504115226    0.9717006173   0.1189645062   1.077013889    1.706430041    0.1281635802   0.1888228567   
505      I1         1.012662037    1.003497942    2.504115226    0.9717006173   0.1128395062   1.138888889    1.706430041    0.1281635802   0.1893042366   
506      I1         1.012662037    1.003497942    2.504115226    0.9717006173   0.1128395062   1.077013889    1.706430041    0.1375385802   0.1887276165   
507      I1         1.002037037    1.003497942    2.504115226    0.9717006173   0.1128395062   1.077013889    1.706430041    0.1281635802   0.1888729243   
508      I1         1.012662037    1.003497942    2.504115226    0.9655756173   0.1128395062   1.077013889    1.706430041    0.1281635802   0.1889221918   
509      I1         1.012662037    1.003497942    2.504115226    0.9717006173   0.1067145062   1.077013889    1.706430041    0.1281635802   0.1888064216   
510      I1         1.012662037    1.003497942    2.504115226    0.9717006173   0.1128395062   1.015138889    1.706430041    0.1281635802   0.1895837064   
511      I1         1.012662037    1.003497942    2.504115226    0.9717006173   0.1128395062   1.077013889    1.693930041    0.1281635802   0.1890835073   
512      I1         1.023287037    1.003497942    2.504115226    0.9717006173   0.1128395062   1.077013889    1.706430041    0.1375385802   0.1889997796   
513      I1         1.012662037    1.014122942    2.504115226    0.9717006173   0.1128395062   1.077013889    1.706430041    0.1375385802   0.1887265033   
514      I1         1.012662037    1.003497942    2.516615226    0.9717006173   0.1128395062   1.077013889    1.706430041    0.1375385802   0.1887989113   
515      I1         1.012662037    1.003497942    2.504115226    0.9778256173   0.1128395062   1.077013889    1.706430041    0.1375385802   0.1891651559   
516      I1         1.012662037    1.003497942    2.504115226    0.9717006173   0.1189645062   1.077013889    1.706430041    0.1375385802   0.188740411    
517      I1         1.012662037    1.003497942    2.504115226    0.9717006173   0.1128395062   1.138888889    1.706430041    0.1375385802   0.1892151409   
518      I1         1.012662037    1.003497942    2.504115226    0.9717006173   0.1128395062   1.077013889    1.718930041    0.1375385802   0.1891098116   
519      I1         1.002037037    1.003497942    2.504115226    0.9717006173   0.1128395062   1.077013889    1.706430041    0.1375385802   0.1887289601   
520      I1         1.012662037    1.003497942    2.504115226    0.9655756173   0.1128395062   1.077013889    1.706430041    0.1375385802   0.1888874798   
521      I1         1.012662037    1.003497942    2.504115226    0.9717006173   0.1067145062   1.077013889    1.706430041    0.1375385802   0.1887255422   
522      I1         1.012662037    1.003497942    2.504115226    0.9717006173   0.1128395062   1.015138889    1.706430041    0.1375385802   0.1895104693   
523      I1         1.012662037    1.003497942    2.504115226    0.9717006173   0.1128395062   1.077013889    1.693930041    0.1375385802   0.1888395434   
524      I1         1.017974537    1.003497942    2.504115226    0.9717006173   0.1128395062   1.077013889    1.706430041    0.1375385802   0.1888350798   
525      I1         1.012662037    1.008810442    2.504115226    0.9717006173   0.1128395062   1.077013889    1.706430041    0.1375385802   0.1887270654   
526      I1         1.012662037    1.003497942    2.510365226    0.9717006173   0.1128395062   1.077013889    1.706430041    0.1375385802   0.1887615735   
527      I1         1.012662037    1.003497942    2.504115226    0.9747631173   0.1128395062   1.077013889    1.706430041    0.1375385802   0.1889290322   
528      I1         1.012662037    1.003497942    2.504115226    0.9717006173   0.1159020062   1.077013889    1.706430041    0.1375385802   0.1887339929   
529      I1         1.012662037    1.003497942    2.504115226    0.9717006173   0.1128395062   1.107951389    1.706430041    0.1375385802   0.1887985569   
530      I1         1.012662037    1.003497942    2.504115226    0.9717006173   0.1128395062   1.077013889    1.712680041    0.1375385802   0.1888546367   
531      I1         1.012662037    1.003497942    2.504115226    0.9717006173   0.1128395062   1.077013889    1.706430041    0.1422260802   0.1887227521   
532      I1         1.007349537    1.003497942    2.504115226    0.9717006173   0.1128395062   1.077013889    1.706430041    0.1375385802   0.1887004794   
533      I1         1.012662037    1.003497942    2.504115226    0.9686381173   0.1128395062   1.077013889    1.706430041    0.1375385802   0.1887877767   
534      I1         1.012662037    1.003497942    2.504115226    0.9717006173   0.1097770062   1.077013889    1.706430041    0.1375385802   0.1887251676   
535      I1         1.012662037    1.003497942    2.504115226    0.9717006173   0.1128395062   1.046076389    1.706430041    0.1375385802   0.1890869317   
536      I1         1.012662037    1.003497942    2.504115226    0.9717006173   0.1128395062   1.077013889    1.700180041    0.1375385802   0.1887235125   
537      I1         1.012662037    1.003497942    2.504115226    0.9717006173   0.1128395062   1.077013889    1.706430041    0.1328510802   0.1887565152   
538      I1         1.007349537    1.008810442    2.504115226    0.9717006173   0.1128395062   1.077013889    1.706430041    0.1375385802   0.1886997814   
539      I1         1.007349537    1.003497942    2.510365226    0.9717006173   0.1128395062   1.077013889    1.706430041    0.1375385802   0.1887114814   
540      I1         1.007349537    1.003497942    2.504115226    0.9747631173   0.1128395062   1.077013889    1.706430041    0.1375385802   0.1889345341   
541      I1         1.007349537    1.003497942    2.504115226    0.9717006173   0.1159020062   1.077013889    1.706430041    0.1375385802   0.1887075928   
542      I1         1.007349537    1.003497942    2.504115226    0.9717006173   0.1128395062   1.107951389    1.706430041    0.1375385802   0.1887684106   
543      I1         1.007349537    1.003497942    2.504115226    0.9717006173   0.1128395062   1.077013889    1.712680041    0.1375385802   0.1888210226   
544      I1         1.007349537    1.003497942    2.504115226    0.9717006173   0.1128395062   1.077013889    1.706430041    0.1422260802   0.1886801357   
545      I1         1.007349537    1.003497942    2.504115226    0.9686381173   0.1128395062   1.077013889    1.706430041    0.1375385802   0.1887019225   
546      I1         1.007349537    1.003497942    2.504115226    0.9717006173   0.1097770062   1.077013889    1.706430041    0.1375385802   0.188693409    
547      I1         1.007349537    1.003497942    2.504115226    0.9717006173   0.1128395062   1.046076389    1.706430041    0.1375385802   0.1890594973   
548      I1         1.007349537    1.003497942    2.504115226    0.9717006173   0.1128395062   1.077013889    1.700180041    0.1375385802   0.1887028051   
549      I1         1.007349537    1.003497942    2.504115226    0.9717006173   0.1128395062   1.077013889    1.706430041    0.1328510802   0.1887447327   
550      I1         1.007349537    1.008810442    2.504115226    0.9717006173   0.1128395062   1.077013889    1.706430041    0.1422260802   0.1886794848   
551      I1         1.007349537    1.003497942    2.510365226    0.9717006173   0.1128395062   1.077013889    1.706430041    0.1422260802   0.1886912247   
552      I1         1.007349537    1.003497942    2.504115226    0.9747631173   0.1128395062   1.077013889    1.706430041    0.1422260802   0.188900068    
553      I1         1.007349537    1.003497942    2.504115226    0.9717006173   0.1159020062   1.077013889    1.706430041    0.1422260802   0.1886870218   
554      I1         1.007349537    1.003497942    2.504115226    0.9717006173   0.1128395062   1.107951389    1.706430041    0.1422260802   0.1887460639   
555      I1         1.007349537    1.003497942    2.504115226    0.9717006173   0.1128395062   1.077013889    1.712680041    0.1422260802   0.1888382338   
556      I1         1.007349537    1.003497942    2.504115226    0.9717006173   0.1128395062   1.077013889    1.706430041    0.1469135802   0.1886839733   
557      I1         1.002037037    1.003497942    2.504115226    0.9717006173   0.1128395062   1.077013889    1.706430041    0.1422260802   0.1886925019   
558      I1         1.007349537    1.003497942    2.504115226    0.9686381173   0.1128395062   1.077013889    1.706430041    0.1422260802   0.188693823    
559      I1         1.007349537    1.003497942    2.504115226    0.9717006173   0.1097770062   1.077013889    1.706430041    0.1422260802   0.1886732924   
560      I1         1.007349537    1.003497942    2.504115226    0.9717006173   0.1128395062   1.046076389    1.706430041    0.1422260802   0.1890412481   
561      I1         1.007349537    1.003497942    2.504115226    0.9717006173   0.1128395062   1.077013889    1.700180041    0.1422260802   0.1886434538   
562      I1         1.012662037    1.003497942    2.504115226    0.9717006173   0.1128395062   1.077013889    1.700180041    0.1422260802   0.1886794175   
563      I1         1.007349537    1.008810442    2.504115226    0.9717006173   0.1128395062   1.077013889    1.700180041    0.1422260802   0.1886426726   
564      I1         1.007349537    1.003497942    2.510365226    0.9717006173   0.1128395062   1.077013889    1.700180041    0.1422260802   0.1886540716   
565      I1         1.007349537    1.003497942    2.504115226    0.9747631173   0.1128395062   1.077013889    1.700180041    0.1422260802   0.188895457    
566      I1         1.007349537    1.003497942    2.504115226    0.9717006173   0.1159020062   1.077013889    1.700180041    0.1422260802   0.1886510014   
567      I1         1.007349537    1.003497942    2.504115226    0.9717006173   0.1128395062   1.107951389    1.700180041    0.1422260802   0.1887032901   
568      I1         1.007349537    1.003497942    2.504115226    0.9717006173   0.1128395062   1.077013889    1.700180041    0.1469135802   0.188608732    
569      I1         1.002037037    1.003497942    2.504115226    0.9717006173   0.1128395062   1.077013889    1.700180041    0.1422260802   0.1886625206   
570      I1         1.007349537    1.003497942    2.504115226    0.9686381173   0.1128395062   1.077013889    1.700180041    0.1422260802   0.1886239626   
571      I1         1.007349537    1.003497942    2.504115226    0.9717006173   0.1097770062   1.077013889    1.700180041    0.1422260802   0.1886359489   
572      I1         1.007349537    1.003497942    2.504115226    0.9717006173   0.1128395062   1.046076389    1.700180041    0.1422260802   0.1890082413   
573      I1         1.007349537    1.003497942    2.504115226    0.9717006173   0.1128395062   1.077013889    1.693930041    0.1422260802   0.1887253955   
574      I1         1.012662037    1.003497942    2.504115226    0.9717006173   0.1128395062   1.077013889    1.700180041    0.1469135802   0.1886600821   
575      I1         1.007349537    1.008810442    2.504115226    0.9717006173   0.1128395062   1.077013889    1.700180041    0.1469135802   0.1886079992   
576      I1         1.007349537    1.003497942    2.510365226    0.9717006173   0.1128395062   1.077013889    1.700180041    0.1469135802   0.1886194423   
577      I1         1.007349537    1.003497942    2.504115226    0.9747631173   0.1128395062   1.077013889    1.700180041    0.1469135802   0.188846331    
578      I1         1.007349537    1.003497942    2.504115226    0.9717006173   0.1159020062   1.077013889    1.700180041    0.1469135802   0.1886160461   
579      I1         1.007349537    1.003497942    2.504115226    0.9717006173   0.1128395062   1.107951389    1.700180041    0.1469135802   0.188666651    
580      I1         1.007349537    1.003497942    2.504115226    0.9717006173   0.1128395062   1.077013889    1.700180041    0.1516010802   0.188598912    
581      I1         1.002037037    1.003497942    2.504115226    0.9717006173   0.1128395062   1.077013889    1.700180041    0.1469135802   0.1886117769   
582      I1         1.007349537    1.003497942    2.504115226    0.9686381173   0.1128395062   1.077013889    1.700180041    0.1469135802   0.1886017779   
583      I1         1.007349537    1.003497942    2.504115226    0.9717006173   0.1097770062   1.077013889    1.700180041    0.1469135802   0.1886014605   
584      I1         1.007349537    1.003497942    2.504115226    0.9717006173   0.1128395062   1.046076389    1.700180041    0.1469135802   0.1889755559   
585      I1         1.007349537    1.003497942    2.504115226    0.9717006173   0.1128395062   1.077013889    1.693930041    0.1469135802   0.1886507332   
586      I1         1.017974537    1.003497942    2.504115226    0.9717006173   0.1128395062   1.077013889    1.700180041    0.1516010802   0.1888081568   
587      I1         1.007349537    1.014122942    2.504115226    0.9717006173   0.1128395062   1.077013889    1.700180041    0.1516010802   0.1885975351   
588      I1         1.007349537    1.003497942    2.516615226    0.9717006173   0.1128395062   1.077013889    1.700180041    0.1516010802   0.1886341597   
589      I1         1.007349537    1.003497942    2.504115226    0.9778256173   0.1128395062   1.077013889    1.700180041    0.1516010802   0.1890838889   
590      I1         1.007349537    1.003497942    2.504115226    0.9717006173   0.1189645062   1.077013889    1.700180041    0.1516010802   0.1886131083   
591      I1         1.007349537    1.003497942    2.504115226    0.9717006173   0.1128395062   1.138888889    1.700180041    0.1516010802   0.1890543148   
592      I1         1.007349537    1.003497942    2.504115226    0.9717006173   0.1128395062   1.077013889    1.712680041    0.1516010802   0.1889441134   
593      I1         1.007349537    1.003497942    2.504115226    0.9717006173   0.1128395062   1.077013889    1.700180041    0.1609760802   0.1886550164   
594      I1         0.996724537    1.003497942    2.504115226    0.9717006173   0.1128395062   1.077013889    1.700180041    0.1516010802   0.188628623    
595      I1         1.007349537    1.003497942    2.504115226    0.9655756173   0.1128395062   1.077013889    1.700180041    0.1516010802   0.1886868237   
596      I1         1.007349537    1.003497942    2.504115226    0.9717006173   0.1067145062   1.077013889    1.700180041    0.1516010802   0.1885848857   
597      I1         1.007349537    1.003497942    2.504115226    0.9717006173   0.1128395062   1.015138889    1.700180041    0.1516010802   0.1893878613   
598      I1         1.007349537    1.003497942    2.504115226    0.9717006173   0.1128395062   1.077013889    1.687680041    0.1516010802   0.1887170852   
599      I1         1.007349537    1.003497942    2.504115226    0.9717006173   0.1128395062   1.077013889    1.700180041    0.1422260802   0.1886434538   
600      I1         1.012662037    1.003497942    2.504115226    0.9717006173   0.1128395062   1.077013889    1.700180041    0.1516010802   0.1886657698   
601      I1         1.007349537    1.008810442    2.504115226    0.9717006173   0.1128395062   1.077013889    1.700180041    0.1516010802   0.1885982282   
602      I1         1.007349537    1.003497942    2.510365226    0.9717006173   0.1128395062   1.077013889    1.700180041    0.1516010802   0.1886097178   
603      I1         1.007349537    1.003497942    2.504115226    0.9747631173   0.1128395062   1.077013889    1.700180041    0.1516010802   0.1888219925   
604      I1         1.007349537    1.003497942    2.504115226    0.9717006173   0.1159020062   1.077013889    1.700180041    0.1516010802   0.1886059889   
605      I1         1.007349537    1.003497942    2.504115226    0.9717006173   0.1128395062   1.107951389    1.700180041    0.1516010802   0.188654949    
606      I1         1.007349537    1.003497942    2.504115226    0.9717006173   0.1128395062   1.077013889    1.706430041    0.1516010802   0.1887122544   
607      I1         1.007349537    1.003497942    2.504115226    0.9717006173   0.1128395062   1.077013889    1.700180041    0.1562885802   0.1886142561   
608      I1         1.002037037    1.003497942    2.504115226    0.9717006173   0.1128395062   1.077013889    1.700180041    0.1516010802   0.188585808    
609      I1         1.007349537    1.003497942    2.504115226    0.9686381173   0.1128395062   1.077013889    1.700180041    0.1516010802   0.1886045767   
610      I1         1.007349537    1.003497942    2.504115226    0.9717006173   0.1097770062   1.077013889    1.700180041    0.1516010802   0.1885918776   
611      I1         1.007349537    1.003497942    2.504115226    0.9717006173   0.1128395062   1.046076389    1.700180041    0.1516010802   0.1889676987   
612      I1         1.007349537    1.003497942    2.504115226    0.9717006173   0.1128395062   1.077013889    1.693930041    0.1516010802   0.1886014309   
613      I1         1.002037037    1.008810442    2.504115226    0.9717006173   0.1128395062   1.077013889    1.700180041    0.1516010802   0.1885849442   
614      I1         1.002037037    1.003497942    2.510365226    0.9717006173   0.1128395062   1.077013889    1.700180041    0.1516010802   0.1885959175   
615      I1         1.002037037    1.003497942    2.504115226    0.9747631173   0.1128395062   1.077013889    1.700180041    0.1516010802   0.1888409351   
616      I1         1.002037037    1.003497942    2.504115226    0.9717006173   0.1159020062   1.077013889    1.700180041    0.1516010802   0.1885937056   
617      I1         1.002037037    1.003497942    2.504115226    0.9717006173   0.1128395062   1.107951389    1.700180041    0.1516010802   0.1886388405   
618      I1         1.002037037    1.003497942    2.504115226    0.9717006173   0.1128395062   1.077013889    1.706430041    0.1516010802   0.1886920345   
619      I1         1.002037037    1.003497942    2.504115226    0.9717006173   0.1128395062   1.077013889    1.700180041    0.1562885802   0.1885848854   
620      I1         0.996724537    1.003497942    2.504115226    0.9717006173   0.1128395062   1.077013889    1.700180041    0.1516010802   0.188628623    
621      I1         1.002037037    1.003497942    2.504115226    0.9686381173   0.1128395062   1.077013889    1.700180041    0.1516010802   0.1885245232   
622      I1         1.002037037    1.003497942    2.504115226    0.9717006173   0.1097770062   1.077013889    1.700180041    0.1516010802   0.1885779532   
623      I1         1.002037037    1.003497942    2.504115226    0.9717006173   0.1128395062   1.046076389    1.700180041    0.1516010802   0.1889555605   
624      I1         1.002037037    1.003497942    2.504115226    0.9717006173   0.1128395062   1.077013889    1.693930041    0.1516010802   0.1885953612   
625      I1         1.002037037    1.008810442    2.504115226    0.9686381173   0.1128395062   1.077013889    1.700180041    0.1516010802   0.188524882    
626      I1         1.002037037    1.003497942    2.510365226    0.9686381173   0.1128395062   1.077013889    1.700180041    0.1516010802   0.1885683599   
627      I1         1.002037037    1.003497942    2.504115226    0.9686381173   0.1159020062   1.077013889    1.700180041    0.1516010802   0.1885238816   
628      I1         1.002037037    1.003497942    2.504115226    0.9686381173   0.1128395062   1.107951389    1.700180041    0.1516010802   0.1885812482   
629      I1         1.002037037    1.003497942    2.504115226    0.9686381173   0.1128395062   1.077013889    1.706430041    0.1516010802   0.1886637725   
630      I1         1.002037037    1.003497942    2.504115226    0.9686381173   0.1128395062   1.077013889    1.700180041    0.1562885802   0.1885368065   
631      I1         0.996724537    1.003497942    2.504115226    0.9686381173   0.1128395062   1.077013889    1.700180041    0.1516010802   0.18850189     
632      I1         1.002037037    1.003497942    2.504115226    0.9655756173   0.1128395062   1.077013889    1.700180041    0.1516010802   0.1885856127   
633      I1         1.002037037    1.003497942    2.504115226    0.9686381173   0.1097770062   1.077013889    1.700180041    0.1516010802   0.1885252106   
634      I1         1.002037037    1.003497942    2.504115226    0.9686381173   0.1128395062   1.046076389    1.700180041    0.1516010802   0.188892881    
635      I1         1.002037037    1.003497942    2.504115226    0.9686381173   0.1128395062   1.077013889    1.693930041    0.1516010802   0.1885009039   
636      I1         1.002037037    1.003497942    2.504115226    0.9686381173   0.1128395062   1.077013889    1.700180041    0.1469135802   0.1885373745   
637      I1         1.007349537    1.003497942    2.504115226    0.9686381173   0.1128395062   1.077013889    1.693930041    0.1516010802   0.1885741899   
638      I1         1.002037037    1.008810442    2.504115226    0.9686381173   0.1128395062   1.077013889    1.693930041    0.1516010802   0.1885011328   
639      I1         1.002037037    1.003497942    2.510365226    0.9686381173   0.1128395062   1.077013889    1.693930041    0.1516010802   0.1885445975   
640      I1         1.002037037    1.003497942    2.504115226    0.9686381173   0.1159020062   1.077013889    1.693930041    0.1516010802   0.1885008912   
641      I1         1.002037037    1.003497942    2.504115226    0.9686381173   0.1128395062   1.107951389    1.693930041    0.1516010802   0.1885515572   
642      I1         1.002037037    1.003497942    2.504115226    0.9686381173   0.1128395062   1.077013889    1.693930041    0.1562885802   0.1884745812   
643      I1         0.996724537    1.003497942    2.504115226    0.9686381173   0.1128395062   1.077013889    1.693930041    0.1516010802   0.1884851211   
644      I1         1.002037037    1.003497942    2.504115226    0.9655756173   0.1128395062   1.077013889    1.693930041    0.1516010802   0.1885324506   
645      I1         1.002037037    1.003497942    2.504115226    0.9686381173   0.1097770062   1.077013889    1.693930041    0.1516010802   0.1885009625   
646      I1         1.002037037    1.003497942    2.504115226    0.9686381173   0.1128395062   1.046076389    1.693930041    0.1516010802   0.1888729405   
647      I1         1.002037037    1.003497942    2.504115226    0.9686381173   0.1128395062   1.077013889    1.687680041    0.1516010802   0.188590207    
648      I1         1.002037037    1.003497942    2.504115226    0.9686381173   0.1128395062   1.077013889    1.693930041    0.1469135802   0.1885528253   
649      I1         1.007349537    1.003497942    2.504115226    0.9686381173   0.1128395062   1.077013889    1.693930041    0.1562885802   0.1885634305   
650      I1         1.002037037    1.008810442    2.504115226    0.9686381173   0.1128395062   1.077013889    1.693930041    0.1562885802   0.188474855    
651      I1         1.002037037    1.003497942    2.510365226    0.9686381173   0.1128395062   1.077013889    1.693930041    0.1562885802   0.1885180655   
652      I1         1.002037037    1.003497942    2.504115226    0.9717006173   0.1128395062   1.077013889    1.693930041    0.1562885802   0.1885556274   
653      I1         1.002037037    1.003497942    2.504115226    0.9686381173   0.1159020062   1.077013889    1.693930041    0.1562885802   0.1884743813   
654      I1         1.002037037    1.003497942    2.504115226    0.9686381173   0.1128395062   1.107951389    1.693930041    0.1562885802   0.1885234421   
655      I1         1.002037037    1.003497942    2.504115226    0.9686381173   0.1128395062   1.077013889    1.693930041    0.1609760802   0.1884741226   
656      I1         0.996724537    1.003497942    2.504115226    0.9686381173   0.1128395062   1.077013889    1.693930041    0.1562885802   0.1884425572   
657      I1         1.002037037    1.003497942    2.504115226    0.9655756173   0.1128395062   1.077013889    1.693930041    0.1562885802   0.1885186617   
658      I1         1.002037037    1.003497942    2.504115226    0.9686381173   0.1097770062   1.077013889    1.693930041    0.1562885802   0.1884748268   
659      I1         1.002037037    1.003497942    2.504115226    0.9686381173   0.1128395062   1.046076389    1.693930041    0.1562885802   0.1888485378   
660      I1         1.002037037    1.003497942    2.504115226    0.9686381173   0.1128395062   1.077013889    1.687680041    0.1562885802   0.1885239647   
661      I1         0.996724537    1.014122942    2.504115226    0.9686381173   0.1128395062   1.077013889    1.693930041    0.1562885802   0.188442784    
662      I1         0.996724537    1.003497942    2.516615226    0.9686381173   0.1128395062   1.077013889    1.693930041    0.1562885802   0.1885305352   
663      I1         0.996724537    1.003497942    2.504115226    0.9747631173   0.1128395062   1.077013889    1.693930041    0.1562885802   0.1888954541   
664      I1         0.996724537    1.003497942    2.504115226    0.9686381173   0.1189645062   1.077013889    1.693930041    0.1562885802   0.1884433067   
665      I1         0.996724537    1.003497942    2.504115226    0.9686381173   0.1128395062   1.138888889    1.693930041    0.1562885802   0.1888750135   
666      I1         0.996724537    1.003497942    2.504115226    0.9686381173   0.1128395062   1.077013889    1.706430041    0.1562885802   0.1886671055   
667      I1         0.996724537    1.003497942    2.504115226    0.9686381173   0.1128395062   1.077013889    1.693930041    0.1656635802   0.1884349385   
668      I1         0.986099537    1.003497942    2.504115226    0.9686381173   0.1128395062   1.077013889    1.693930041    0.1562885802   0.1885368538   
669      I1         0.996724537    1.003497942    2.504115226    0.9625131173   0.1128395062   1.077013889    1.693930041    0.1562885802   0.1885132398   
670      I1         0.996724537    1.003497942    2.504115226    0.9686381173   0.1067145062   1.077013889    1.693930041    0.1562885802   0.1884419301   
671      I1         0.996724537    1.003497942    2.504115226    0.9686381173   0.1128395062   1.015138889    1.693930041    0.1562885802   0.1892479459   
672      I1         0.996724537    1.003497942    2.504115226    0.9686381173   0.1128395062   1.077013889    1.681430041    0.1562885802   0.188663867    
673      I1         0.996724537    1.003497942    2.504115226    0.9686381173   0.1128395062   1.077013889    1.693930041    0.1469135802   0.1885531583   
674      I1         0.996724537    1.008810442    2.504115226    0.9686381173   0.1128395062   1.077013889    1.693930041    0.1562885802   0.1884426704   
675      I1         0.996724537    1.003497942    2.510365226    0.9686381173   0.1128395062   1.077013889    1.693930041    0.1562885802   0.1884861885   
676      I1         0.996724537    1.003497942    2.504115226    0.9717006173   0.1128395062   1.077013889    1.693930041    0.1562885802   0.1885887673   
677      I1         0.996724537    1.003497942    2.504115226    0.9686381173   0.1159020062   1.077013889    1.693930041    0.1562885802   0.1884429127   
678      I1         0.996724537    1.003497942    2.504115226    0.9686381173   0.1128395062   1.107951389    1.693930041    0.1562885802   0.1884885551   
679      I1         0.996724537    1.003497942    2.504115226    0.9686381173   0.1128395062   1.077013889    1.700180041    0.1562885802   0.1884977347   
680      I1         0.996724537    1.003497942    2.504115226    0.9686381173   0.1128395062   1.077013889    1.693930041    0.1609760802   0.1884257416   
681      I1         0.991412037    1.003497942    2.504115226    0.9686381173   0.1128395062   1.077013889    1.693930041    0.1562885802   0.1884600615   
682      I1         0.996724537    1.003497942    2.504115226    0.9655756173   0.1128395062   1.077013889    1.693930041    0.1562885802   0.1884581829   
683      I1         0.996724537    1.003497942    2.504115226    0.9686381173   0.1097770062   1.077013889    1.693930041    0.1562885802   0.1884422217   
684      I1         0.996724537    1.003497942    2.504115226    0.9686381173   0.1128395062   1.046076389    1.693930041    0.1562885802   0.188817316    
685      I1         0.996724537    1.003497942    2.504115226    0.9686381173   0.1128395062   1.077013889    1.687680041    0.1562885802   0.1884988574   
686      I1         0.996724537    1.008810442    2.504115226    0.9686381173   0.1128395062   1.077013889    1.693930041    0.1609760802   0.1884259006   
687      I1         0.996724537    1.003497942    2.510365226    0.9686381173   0.1128395062   1.077013889    1.693930041    0.1609760802   0.18846916     
688      I1         0.996724537    1.003497942    2.504115226    0.9717006173   0.1128395062   1.077013889    1.693930041    0.1609760802   0.1885580022   
689      I1         0.996724537    1.003497942    2.504115226    0.9686381173   0.1159020062   1.077013889    1.693930041    0.1609760802   0.188425908    
690      I1         0.996724537    1.003497942    2.504115226    0.9686381173   0.1128395062   1.107951389    1.693930041    0.1609760802   0.1884699497   
691      I1         0.996724537    1.003497942    2.504115226    0.9686381173   0.1128395062   1.077013889    1.700180041    0.1609760802   0.1885188669   
692      I1         0.996724537    1.003497942    2.504115226    0.9686381173   0.1128395062   1.077013889    1.693930041    0.1656635802   0.1884349385   
693      I1         0.991412037    1.003497942    2.504115226    0.9686381173   0.1128395062   1.077013889    1.693930041    0.1609760802   0.1884263126   
694      I1         0.996724537    1.003497942    2.504115226    0.9655756173   0.1128395062   1.077013889    1.693930041    0.1609760802   0.1884540995   
695      I1         0.996724537    1.003497942    2.504115226    0.9686381173   0.1097770062   1.077013889    1.693930041    0.1609760802   0.1884255952   
696      I1         0.996724537    1.003497942    2.504115226    0.9686381173   0.1128395062   1.046076389    1.693930041    0.1609760802   0.1888024573   
697      I1         0.996724537    1.003497942    2.504115226    0.9686381173   0.1128395062   1.077013889    1.687680041    0.1609760802   0.1884427948   
698      I1         0.999380787    1.003497942    2.504115226    0.9686381173   0.1128395062   1.077013889    1.693930041    0.1609760802   0.1884436094   
699      I1         0.996724537    1.006154192    2.504115226    0.9686381173   0.1128395062   1.077013889    1.693930041    0.1609760802   0.1884258221   
700      I1         0.996724537    1.003497942    2.507240226    0.9686381173   0.1128395062   1.077013889    1.693930041    0.1609760802   0.1884473623   
701      I1         0.996724537    1.003497942    2.504115226    0.9701693673   0.1128395062   1.077013889    1.693930041    0.1609760802   0.1884285334   
702      I1         0.996724537    1.003497942    2.504115226    0.9686381173   0.1143707562   1.077013889    1.693930041    0.1609760802   0.1884258207   
703      I1         0.996724537    1.003497942    2.504115226    0.9686381173   0.1128395062   1.092482639    1.693930041    0.1609760802   0.1882845434   
704      I1         0.996724537    1.003497942    2.504115226    0.9686381173   0.1128395062   1.077013889    1.697055041    0.1609760802   0.1884583658   
705      I1         0.996724537    1.003497942    2.504115226    0.9686381173   0.1128395062   1.077013889    1.693930041    0.1633198302   0.1884270724   
706      I1         0.994068287    1.003497942    2.504115226    0.9686381173   0.1128395062   1.077013889    1.693930041    0.1609760802   0.1884185631   
707      I1         0.996724537    1.000841692    2.504115226    0.9686381173   0.1128395062   1.077013889    1.693930041    0.1609760802   0.188425643    
708      I1         0.996724537    1.003497942    2.500990226    0.9686381173   0.1128395062   1.077013889    1.693930041    0.1609760802   0.1884042572   
709      I1         0.996724537    1.003497942    2.504115226    0.9671068673   0.1128395062   1.077013889    1.693930041    0.1609760802   0.1884339217   
710      I1         0.996724537    1.003497942    2.504115226    0.9686381173   0.1113082562   1.077013889    1.693930041    0.1609760802   0.188425664    
711      I1         0.996724537    1.003497942    2.504115226    0.9686381173   0.1128395062   1.061545139    1.693930041    0.1609760802   0.1885926676   
712      I1         0.996724537    1.003497942    2.504115226    0.9686381173   0.1128395062   1.077013889    1.690805041    0.1609760802   0.1884206626   
713      I1         0.996724537    1.003497942    2.504115226    0.9686381173   0.1128395062   1.077013889    1.693930041    0.1586323302   0.1884309141   
714      I1         0.999380787    1.003497942    2.504115226    0.9686381173   0.1128395062   1.092482639    1.693930041    0.1609760802   0.1883027292   
715      I1         0.996724537    1.006154192    2.504115226    0.9686381173   0.1128395062   1.092482639    1.693930041    0.1609760802   0.1882846385   
716      I1         0.996724537    1.003497942    2.507240226    0.9686381173   0.1128395062   1.092482639    1.693930041    0.1609760802   0.1883061655   
717      I1         0.996724537    1.003497942    2.504115226    0.9701693673   0.1128395062   1.092482639    1.693930041    0.1609760802   0.1882859049   
718      I1         0.996724537    1.003497942    2.504115226    0.9686381173   0.1143707562   1.092482639    1.693930041    0.1609760802   0.1882845781   
719      I1         0.996724537    1.003497942    2.504115226    0.9686381173   0.1128395062   1.107951389    1.693930041    0.1609760802   0.1884699497   
720      I1         0.996724537    1.003497942    2.504115226    0.9686381173   0.1128395062   1.092482639    1.697055041    0.1609760802   0.1883181724   
721      I1         0.996724537    1.003497942    2.504115226    0.9686381173   0.1128395062   1.092482639    1.693930041    0.1633198302   0.1882853285   
722      I1         0.994068287    1.003497942    2.504115226    0.9686381173   0.1128395062   1.092482639    1.693930041    0.1609760802   0.1882770746   
723      I1         0.996724537    1.000841692    2.504115226    0.9686381173   0.1128395062   1.092482639    1.693930041    0.1609760802   0.1882844359   
724      I1         0.996724537    1.003497942    2.500990226    0.9686381173   0.1128395062   1.092482639    1.693930041    0.1609760802   0.1882630632   
725      I1         0.996724537    1.003497942    2.504115226    0.9671068673   0.1128395062   1.092482639    1.693930041    0.1609760802   0.1882941695   
726      I1         0.996724537    1.003497942    2.504115226    0.9686381173   0.1113082562   1.092482639    1.693930041    0.1609760802   0.1882845158   
727      I1         0.996724537    1.003497942    2.504115226    0.9686381173   0.1128395062   1.092482639    1.690805041    0.1609760802   0.188278462    
728      I1         0.996724537    1.003497942    2.504115226    0.9686381173   0.1128395062   1.092482639    1.693930041    0.1586323302   0.1882902712   
729      I1         0.999380787    1.003497942    2.500990226    0.9686381173   0.1128395062   1.092482639    1.693930041    0.1609760802   0.1882813389   
730      I1         0.996724537    1.006154192    2.500990226    0.9686381173   0.1128395062   1.092482639    1.693930041    0.1609760802   0.1882631635   
731      I1         0.996724537    1.003497942    2.500990226    0.9701693673   0.1128395062   1.092482639    1.693930041    0.1609760802   0.1882778591   
732      I1         0.996724537    1.003497942    2.500990226    0.9686381173   0.1143707562   1.092482639    1.693930041    0.1609760802   0.188263158    
733      I1         0.996724537    1.003497942    2.500990226    0.9686381173   0.1128395062   1.107951389    1.693930041    0.1609760802   0.1884484759   
734      I1         0.996724537    1.003497942    2.500990226    0.9686381173   0.1128395062   1.092482639    1.697055041    0.1609760802   0.1882966546   
735      I1         0.996724537    1.003497942    2.500990226    0.9686381173   0.1128395062   1.092482639    1.693930041    0.1633198302   0.188263901    
736      I1         0.994068287    1.003497942    2.500990226    0.9686381173   0.1128395062   1.092482639    1.693930041    0.1609760802   0.1882555759   
737      I1         0.996724537    1.000841692    2.500990226    0.9686381173   0.1128395062   1.092482639    1.693930041    0.1609760802   0.1882629636   
738      I1         0.996724537    1.003497942    2.500990226    0.9671068673   0.1128395062   1.092482639    1.693930041    0.1609760802   0.1882710911   
739      I1         0.996724537    1.003497942    2.500990226    0.9686381173   0.1113082562   1.092482639    1.693930041    0.1609760802   0.1882629781   
740      I1         0.996724537    1.003497942    2.500990226    0.9686381173   0.1128395062   1.092482639    1.690805041    0.1609760802   0.1882570204   
741      I1         0.996724537    1.003497942    2.500990226    0.9686381173   0.1128395062   1.092482639    1.693930041    0.1586323302   0.1882687385   
742      I1         0.994068287    1.006154192    2.500990226    0.9686381173   0.1128395062   1.092482639    1.693930041    0.1609760802   0.1882556438   
743      I1         0.994068287    1.003497942    2.500990226    0.9701693673   0.1128395062   1.092482639    1.693930041    0.1609760802   0.1882964992   
744      I1         0.994068287    1.003497942    2.500990226    0.9686381173   0.1143707562   1.092482639    1.693930041    0.1609760802   0.1882558253   
745      I1         0.994068287    1.003497942    2.500990226    0.9686381173   0.1128395062   1.107951389    1.693930041    0.1609760802   0.1884398331   
746      I1         0.994068287    1.003497942    2.500990226    0.9686381173   0.1128395062   1.092482639    1.697055041    0.1609760802   0.1882873646   
747      I1         0.994068287    1.003497942    2.500990226    0.9686381173   0.1128395062   1.092482639    1.693930041    0.1633198302   0.1882521901   
748      I1         0.991412037    1.003497942    2.500990226    0.9686381173   0.1128395062   1.092482639    1.693930041    0.1609760802   0.1882630379   
749      I1         0.994068287    1.000841692    2.500990226    0.9686381173   0.1128395062   1.092482639    1.693930041    0.1609760802   0.1882555084   
750      I1         0.994068287    1.003497942    2.500990226    0.9671068673   0.1128395062   1.092482639    1.693930041    0.1609760802   0.1882573725   
751      I1         0.994068287    1.003497942    2.500990226    0.9686381173   0.1113082562   1.092482639    1.693930041    0.1609760802   0.1882553375   
752      I1         0.994068287    1.003497942    2.500990226    0.9686381173   0.1128395062   1.077013889    1.693930041    0.1609760802   0.1883970604   
753      I1         0.994068287    1.003497942    2.500990226    0.9686381173   0.1128395062   1.092482639    1.690805041    0.1609760802   0.1882513222   
754      I1         0.994068287    1.003497942    2.500990226    0.9686381173   0.1128395062   1.092482639    1.693930041    0.1586323302   0.188265461    
755      I1         0.994068287    1.006154192    2.500990226    0.9686381173   0.1128395062   1.092482639    1.690805041    0.1609760802   0.1882513585   
756      I1         0.994068287    1.003497942    2.504115226    0.9686381173   0.1128395062   1.092482639    1.690805041    0.1609760802   0.1882727817   
757      I1         0.994068287    1.003497942    2.500990226    0.9701693673   0.1128395062   1.092482639    1.690805041    0.1609760802   0.1883010907   
758      I1         0.994068287    1.003497942    2.500990226    0.9686381173   0.1143707562   1.092482639    1.690805041    0.1609760802   0.1882517243   
759      I1         0.994068287    1.003497942    2.500990226    0.9686381173   0.1128395062   1.107951389    1.690805041    0.1609760802   0.1884336011   
760      I1         0.994068287    1.003497942    2.500990226    0.9686381173   0.1128395062   1.092482639    1.690805041    0.1633198302   0.1882383145   
761      I1         0.991412037    1.003497942    2.500990226    0.9686381173   0.1128395062   1.092482639    1.690805041    0.1609760802   0.1882605828   
762      I1         0.994068287    1.000841692    2.500990226    0.9686381173   0.1128395062   1.092482639    1.690805041    0.1609760802   0.1882512863   
763      I1         0.994068287    1.003497942    2.500990226    0.9671068673   0.1128395062   1.092482639    1.690805041    0.1609760802   0.1882459383   
764      I1         0.994068287    1.003497942    2.500990226    0.9686381173   0.1113082562   1.092482639    1.690805041    0.1609760802   0.1882509311   
765      I1         0.994068287    1.003497942    2.500990226    0.9686381173   0.1128395062   1.077013889    1.690805041    0.1609760802   0.1883937952   
766      I1         0.994068287    1.003497942    2.500990226    0.9686381173   0.1128395062   1.092482639    1.687680041    0.1609760802   0.1882742642   
767      I1         0.994068287    1.003497942    2.500990226    0.9686381173   0.1128395062   1.092482639    1.690805041    0.1586323302   0.1882708872   
768      I1         0.999380787    1.003497942    2.500990226    0.9686381173   0.1128395062   1.092482639    1.690805041    0.1633198302   0.188268827    
769      I1         0.994068287    1.008810442    2.500990226    0.9686381173   0.1128395062   1.092482639    1.690805041    0.1633198302   0.1882384109   
770      I1         0.994068287    1.003497942    2.507240226    0.9686381173   0.1128395062   1.092482639    1.690805041    0.1633198302   0.1882813116   
771      I1         0.994068287    1.003497942    2.500990226    0.9717006173   0.1128395062   1.092482639    1.690805041    0.1633198302   0.1884322072   
772      I1         0.994068287    1.003497942    2.500990226    0.9686381173   0.1159020062   1.092482639    1.690805041    0.1633198302   0.1882390328   
773      I1         0.994068287    1.003497942    2.500990226    0.9686381173   0.1128395062   1.123420139    1.690805041    0.1633198302   0.1886070228   
774      I1         0.994068287    1.003497942    2.500990226    0.9686381173   0.1128395062   1.092482639    1.697055041    0.1633198302   0.1882934389   
775      I1         0.994068287    1.003497942    2.500990226    0.9686381173   0.1128395062   1.092482639    1.690805041    0.1680073302   0.1882321037   
776      I1         0.988755787    1.003497942    2.500990226    0.9686381173   0.1128395062   1.092482639    1.690805041    0.1633198302   0.1882624613   
777      I1         0.994068287    1.003497942    2.500990226    0.9655756173   0.1128395062   1.092482639    1.690805041    0.1633198302   0.1882449112   
778      I1         0.994068287    1.003497942    2.500990226    0.9686381173   0.1097770062   1.092482639    1.690805041    0.1633198302   0.1882376402   
779      I1         0.994068287    1.003497942    2.500990226    0.9686381173   0.1128395062   1.061545139    1.690805041    0.1633198302   0.1885500765   
780      I1         0.994068287    1.003497942    2.500990226    0.9686381173   0.1128395062   1.092482639    1.684555041    0.1633198302   0.1882913393   
781      I1         0.996724537    1.003497942    2.500990226    0.9686381173   0.1128395062   1.092482639    1.690805041    0.1633198302   0.1882482127   
782      I1         0.994068287    1.006154192    2.500990226    0.9686381173   0.1128395062   1.092482639    1.690805041    0.1633198302   0.1882383625   
783      I1         0.994068287    1.003497942    2.504115226    0.9686381173   0.1128395062   1.092482639    1.690805041    0.1633198302   0.1882597215   
784      I1         0.994068287    1.003497942    2.500990226    0.9701693673   0.1128395062   1.092482639    1.690805041    0.1633198302   0.1882846658   
785      I1         0.994068287    1.003497942    2.500990226    0.9686381173   0.1143707562   1.092482639    1.690805041    0.1633198302   0.1882386681   
786      I1         0.994068287    1.003497942    2.500990226    0.9686381173   0.1128395062   1.107951389    1.690805041    0.1633198302   0.1884202761   
787      I1         0.994068287    1.003497942    2.500990226    0.9686381173   0.1128395062   1.092482639    1.690805041    0.1656635802   0.1882318974   
788      I1         0.991412037    1.003497942    2.500990226    0.9686381173   0.1128395062   1.092482639    1.690805041    0.1633198302   0.1882432871   
789      I1         0.994068287    1.000841692    2.500990226    0.9686381173   0.1128395062   1.092482639    1.690805041    0.1633198302   0.1882382669   
790      I1         0.994068287    1.003497942    2.500990226    0.9671068673   0.1128395062   1.092482639    1.690805041    0.1633198302   0.188236169    
791      I1         0.994068287    1.003497942    2.500990226    0.9686381173   0.1113082562   1.092482639    1.690805041    0.1633198302   0.1882379718   
792      I1         0.994068287    1.003497942    2.500990226    0.9686381173   0.1128395062   1.077013889    1.690805041    0.1633198302   0.1883813468   
793      I1         0.994068287    1.003497942    2.500990226    0.9686381173   0.1128395062   1.092482639    1.687680041    0.1633198302   0.1882514771   
794      I1         0.996724537    1.003497942    2.500990226    0.9686381173   0.1128395062   1.092482639    1.690805041    0.1656635802   0.1882460097   
795      I1         0.994068287    1.006154192    2.500990226    0.9686381173   0.1128395062   1.092482639    1.690805041    0.1656635802   0.1882319572   
796      I1         0.994068287    1.003497942    2.504115226    0.9686381173   0.1128395062   1.092482639    1.690805041    0.1656635802   0.1882532519   
797      I1         0.994068287    1.003497942    2.500990226    0.9701693673   0.1128395062   1.092482639    1.690805041    0.1656635802   0.1882748196   
798      I1         0.994068287    1.003497942    2.500990226    0.9686381173   0.1143707562   1.092482639    1.690805041    0.1656635802   0.1882322022   
799      I1         0.994068287    1.003497942    2.500990226    0.9686381173   0.1128395062   1.107951389    1.690805041    0.1656635802   0.1884135421   
800      I1         0.994068287    1.003497942    2.500990226    0.9686381173   0.1128395062   1.092482639    1.693930041    0.1656635802   0.1882553363   
801      I1         0.991412037    1.003497942    2.500990226    0.9686381173   0.1128395062   1.092482639    1.690805041    0.1656635802   0.1882325677   
802      I1         0.994068287    1.000841692    2.500990226    0.9686381173   0.1128395062   1.092482639    1.690805041    0.1656635802   0.1882318381   
803      I1         0.994068287    1.003497942    2.500990226    0.9671068673   0.1128395062   1.092482639    1.690805041    0.1656635802   0.1882330008   
804      I1         0.994068287    1.003497942    2.500990226    0.9686381173   0.1113082562   1.092482639    1.690805041    0.1656635802   0.1882316036   
805      I1         0.994068287    1.003497942    2.500990226    0.9686381173   0.1128395062   1.077013889    1.690805041    0.1656635802   0.1883754791   
806      I1         0.994068287    1.003497942    2.500990226    0.9686381173   0.1128395062   1.092482639    1.687680041    0.1656635802   0.1882353392   
