%eval_id interface log__t_efold_shallow log__t_efold_soil log__t_efold_karst f_exfiltration_shallow f_exfiltration_soil PDD_melt_factor log__Hmax_shallow log__routing_K neg_kge        
1        I1         1.861285023    2.334124015    2.711888592    0.05053750021  0.7654600043   0.208209793    2.342152889    0.3173196288   1.032161627    
2        I1         1.008724434    2.305676635    4.034865254    0.382103955    0.8610236011   3.583289689    2.556640794    -0.08311956606 0.5556215806   
3        I1         0.3728256627   2.47746857     3.583271132    0.4330385135   0.151121497    2.099368541    1.061299277    -0.9500031203  4.100444565    
4        I1         1.55234451     2.24825311     2.625546715    0.06347138941  0.2463200352   6.060494108    2.312635631    0.4778761474   0.9891083532   
5        I1         1.049861075    1.283430578    3.177042209    0.5854851737   0.4426261578   2.198446692    2.226022722    0.4122568209   0.5219327478   
6        I1         0.8414370897   1.689175818    4.357984449    0.4982750828   0.8883612712   4.795533659    2.327160829    -0.8299509834  0.5341384133   
7        I1         1.591137745    2.56527134     4.390373804    0.9304729949   0.8168480328   1.944446759    1.977964255    -0.5526245105  0.6228248709   
8        I1         0.553361954    2.318925935    3.690887563    0.6915519842   0.6010431956   1.29660512     2.081483326    -0.7792930597  1.024493239    
9        I1         1.674092136    1.433003144    4.075871714    0.1522689735   0.6400701768   8.246207784    2.173012391    -0.1376848021  0.8717369375   
10       I1         0.9170691111   1.128098203    4.285975636    0.176803382    0.3786067364   4.124568675    1.258000011    0.05866949235  1.136901431    
11       I1         1.539037421    1.524782968    4.445073272    0.9393210314   0.7319429299   1.724995369    1.785600641    -0.8896990977  1.693256231    
12       I1         1.736972913    1.089384525    3.294143353    0.6727332147   0.2299757445   0.7093392765   1.467987384    0.356939682    0.7388684232   
13       I1         0.7944527712   2.085767437    4.401371371    0.9721338354   0.6205541782   4.967030822    2.014679725    -0.515048171   0.9274440431   
14       I1         1.607192346    2.536586003    3.487997143    0.2681338213   0.1603355566   8.123806979    1.887639876    0.1494607469   0.6365045346   
15       I1         1.973633855    2.626616406    3.664249371    0.3151516292   0.8943826397   7.393651079    1.56710889     -0.8764082551  6.102997794    
16       I1         0.4016286348   2.542529793    2.610208957    0.8663153199   0.6129824364   1.782084131    1.996624366    -0.3080649762  1.804562931    
17       I1         0.3160663151   1.097353254    4.136342117    0.7031796      0.4883536824   9.1037054      2.725274879    -0.6105057431  1.943351511    
18       I1         1.57691792     2.506003395    3.574314535    0.4219138684   0.1718932345   8.552060966    2.375762359    -0.2841925987  0.7358991197   
19       I1         0.7312023572   1.557022881    3.735986787    0.5327328235   0.7426657893   9.856190522    2.154613196    -0.5417111604  0.6362871293   
20       I1         1.223180696    2.462591002    2.553667634    0.2285896653   0.2963966409   1.350039983    1.195658919    -0.657705632   5.380472       
21       I1         0.5688303017   1.919688301    4.297784858    0.2485902988   0.1170697451   5.489382569    1.094032013    -0.5223807456  3.806147054    
22       I1         0.6779745915   2.652883391    2.784622419    0.113720066    0.9849853431   3.769961236    1.497713748    -0.7226226829  1.136112043    
23       I1         1.943173811    1.126281319    3.30779728     0.4766684494   0.9266990333   8.445035646    1.90174378     -0.03183313532 1.635561623    
24       I1         0.7827219914   1.836495014    3.827213992    0.3397412588   0.1464932831   2.245178107    2.817009697    -0.5863470511  0.5942847452   
25       I1         1.98336308     1.872888018    3.180371454    0.18731588     0.6859801251   1.859937277    1.364058973    -0.6348998283  6.662107966    
26       I1         0.5149777703   2.057175774    4.336244821    0.8580020919   0.1678155591   4.359482509    1.730036568    -0.7738526646  1.64022571     
27       I1         0.7737662192   1.780322116    3.1970064      0.558378643    0.02994830241  4.728388251    2.936397314    0.198507218    0.4655673543   
28       I1         1.771281175    1.402946111    3.39532452     0.8731720152   0.5879647622   0.1807719634   1.874484318    0.2435696504   0.7973787082   
29       I1         1.272207432    2.110709864    3.103053777    0.217349812    0.7642913539   0.5881341888   2.490032122    -0.8820077025  0.7494531522   
30       I1         0.6141995046   1.56709405     3.122012242    0.9796379121   0.8113767914   2.829426214    1.311600339    -0.03623100944 1.661246427    
31       I1         1.182617716    1.513949634    2.854658815    0.3293674977   0.8574453403   6.934065212    1.223019915    -0.2928113648  3.549747407    
32       I1         1.154517324    1.43732954     3.713125202    0.07026284222  0.687578367    3.05496928     2.784025813    -0.9368867274  0.7116381459   
33       I1         1.043622035    1.163132893    4.199785706    0.2525859039   0.3635230936   0.7883891887   2.629893411    -0.9032928485  0.5967353971   
34       I1         1.096953965    1.250427937    2.63633544     0.2561986722   0.8789850653   6.251763132    1.031112954    0.2300342965   1.238166525    
35       I1         1.87357065     1.89441514     3.864345957    0.01798505188  0.09937325054  8.336986464    2.043637057    0.4749273479   0.6958823002   
36       I1         1.389069653    2.000293527    2.941521391    0.7568711672   0.8757510767   5.705490445    1.577128752    -0.3694401124  2.094351807    
37       I1         1.464272455    1.942919303    4.126820906    0.1590168536   0.6551352417   0.9808256413   2.762402845    -0.8509255716  0.8458413253   
38       I1         0.8102282188   1.732326328    3.288925612    0.7525369395   0.5389951992   3.295380328    2.63138056     -0.01965772103 0.5069451833   
39       I1         1.190534918    2.129130358    3.134494032    0.3003703613   0.0484617857   4.936652069    1.163320765    0.2599079478   0.9719200813   
40       I1         0.5328893243   1.847479596    2.922492251    0.3882659227   0.9345541318   3.635699302    1.390654797    -0.2618176342  1.124192565    
41       I1         0.3810226623   1.147302869    3.908262726    0.2415289168   0.3508865161   1.047536079    1.824029121    -0.5473268703  0.5915466019   
42       I1         1.839793129    2.412265176    3.994306987    0.8862005328   0.3286958889   2.796858207    1.527841217    -0.3854129459  4.690112434    
43       I1         0.3355633099   1.497129676    3.556788171    0.8478317      0.5414871675   2.95335473     1.177082975    -0.182426172   3.016579731    
44       I1         0.7532060067   1.977115245    2.994224371    0.923528304    0.3268439017   6.452092482    2.432667207    -0.7836986316  0.9760007112   
45       I1         1.330620213    1.211651357    3.877114796    0.8135260645   0.2130497318   9.694709661    1.056582065    -0.2478357112  4.670291954    
46       I1         0.4245520053   1.487714046    3.215936495    0.4681276703   0.5057330862   7.928094173    2.954102839    -0.5892269325  0.9105237753   
47       I1         1.980969714    2.204986631    3.448172915    0.4415317787   0.3921249435   2.017122039    2.00437422     -0.497871157   2.548042941    
48       I1         0.5405389815   2.232408175    4.223294394    0.7165018842   0.2851291717   5.122869491    1.337105899    0.4090611996   0.5196726145   
49       I1         1.681532474    1.019503261    4.172514511    0.2022170083   0.4079067984   8.89327451     1.422417805    0.2234402671   1.107946417    
50       I1         1.266772467    1.598521984    2.770685731    0.7913672041   0.9851536558   6.581371864    2.394412585    -0.4387368462  0.5402886372   
51       I1         0.8516816416   1.293362253    3.477901424    0.7997784599   0.5114201736   2.517408922    1.535698567    0.1794954991   0.505942475    
52       I1         0.4628172735   1.355304279    3.363630834    0.1046475444   0.7866513945   1.285742782    1.96475935     -0.1731093503  0.4942982145   
53       I1         1.372596453    2.668124379    3.680743783    0.7643641493   0.9251221617   3.172767327    1.718780808    -0.4824051491  1.117615866    
54       I1         0.7053730573   2.553750709    3.810259928    0.07700316282  0.2729843773   5.760776018    2.033206369    -0.233018638   0.9011369299   
55       I1         0.953608261    2.179753498    4.214466027    0.8420744192   0.8192303817   1.606485542    1.329853756    0.3970177072   0.4434925385   
56       I1         1.853645615    2.640566316    3.066677678    0.6784136961   0.6275969085   9.841775118    1.896028394    -0.4127969188  2.426249057    
57       I1         1.891687544    1.069215033    2.895323663    0.3745767377   0.9391876196   8.042952388    1.611859435    -0.1887278328  3.289359815    
58       I1         0.44767833     1.664404193    2.571287427    0.784987453    0.3825561817   0.1113407298   2.732860913    -0.4948739521  1.557322421    
59       I1         0.7175991738   1.604534193    3.918206436    0.7386928392   0.4543647245   1.203283781    2.268215307    -0.06311381401 0.5295150612   
60       I1         1.226553525    1.74734508     3.451950994    0.8533427611   0.07153671873  7.267569472    2.586006521    0.3883628944   0.591494823    
61       I1         0.3527387624   1.819858956    2.544324651    0.1991829632   0.8481798991   4.87901256     2.201190503    0.4187549801   0.6080462156   
62       I1         1.387476395    2.103798969    3.381960818    0.651920224    0.0188045118   0.5099906425   1.085294977    0.3584682608   0.8730705699   
63       I1         0.8821798522   2.5130866      2.523780995    0.7974454449   0.1419592755   4.014965611    1.232430025    -0.5712192052  3.79354279     
64       I1         1.638273917    1.58737199     4.385810799    0.02480656156  0.3368864109   4.452162135    1.352206074    -0.3818425402  4.775052026    
65       I1         0.5219047772   1.185621855    3.161199709    0.7261567476   0.3741970611   7.556041401    1.850242908    -0.2412827812  1.060361863    
66       I1         1.29869262     2.429422706    4.152292324    0.4276016541   0.7023414344   4.260571914    2.243314246    0.07822034977  0.6255415247   
67       I1         1.060029389    2.024084218    3.940201022    0.4723098789   0.3711483416   0.6736454139   2.114614931    -0.5117425316  0.4878221278   
68       I1         0.5882173616   2.389903838    4.429994142    0.4603745082   0.5019211353   4.226906781    1.709419889    0.0071322698   0.5605347776   
69       I1         0.8045915082   1.986444153    2.757161432    0.4131563162   0.1317473279   2.919820596    2.741507529    -0.8005485076  0.5724380599   
70       I1         1.688565927    1.46124774     2.932351306    0.2147362467   0.0202472069   6.983583116    1.548143338    0.2856807585   0.8106139022   
71       I1         0.9869559751   1.967639135    4.068925653    0.4886333168   0.3536942089   9.991714094    1.00467271     -0.155560936   3.542714208    
72       I1         1.293213112    1.945292096    4.417192063    0.2955854276   0.041427187    0.80618625     2.231680124    -0.7012097019  0.9329284374   
73       I1         1.992340235    2.441534055    2.819203554    0.7495471175   0.6777095541   4.540652858    1.446231725    -0.1299690163  3.570554354    
74       I1         1.547070958    2.379669596    3.747975762    0.551155623    0.3976787274   8.004857896    2.29371814     -0.7094822339  0.6792822758   
75       I1         0.4860849217   1.234350195    3.750492283    0.2840264418   0.2101655837   7.787279063    1.154034928    0.4881771494   0.5525943625   
76       I1         1.001251893    1.901547742    4.343964989    0.4016370178   0.9796752624   8.796494637    2.489402361    -0.8249813584  0.5870117815   
77       I1         1.889074199    1.756530424    4.081349423    0.6347489478   0.4135150461   6.860116878    2.447106668    0.2456351568   0.8360441674   
78       I1         0.326611012    2.402460187    4.436933425    0.2227157457   0.6984740392   7.726871273    2.909385412    -0.7304036084  0.8313414858   
79       I1         0.6022293771   1.749507082    3.222304965    0.5464695878   0.1826518913   4.621020402    1.79062486     -0.3437533489  0.7126331262   
80       I1         1.754165204    1.083198933    2.583711319    0.1097605279   0.4843905536   3.915869445    2.999537154    -0.961240469   0.8578691951   
81       I1         1.280693964    1.549901358    3.239729348    0.2612767029   0.6658387523   9.566788489    1.629635763    -0.9739111254  1.448714142    
82       I1         1.836534251    2.604477542    4.094441589    0.541778606    0.1635546553   6.396943043    1.608549476    0.2967940444   0.851424288    
83       I1         0.789572542    1.584203397    3.086598135    0.5177268601   0.08092113079  9.372141183    1.644646392    -0.3136312802  0.6086948664   
84       I1         0.9287867655   2.121766347    3.631972749    0.03104441363  0.7583853412   1.001748151    1.430259253    -0.2994065032  1.426731034    
85       I1         1.247219238    1.723872528    3.527121202    0.6403466023   0.8718494731   6.197710501    2.874416785    -0.3224149705  0.5851354284   
86       I1         0.8594859709   1.395823821    4.313984944    0.1755136478   0.4506584715   2.998884002    2.214391102    0.0200733749   0.6503364649   
87       I1         0.9691902626   2.484996524    3.791282322    0.2363858541   0.5659573334   2.745035188    1.134532168    0.08585596354  1.497878909    
88       I1         1.794343393    2.299507961    3.727471997    0.9442640393   0.265478951    9.178860468    2.869897388    -0.165588587   0.7744071469   
89       I1         1.478389462    2.343000912    3.317980748    0.4610007422   0.5912584852   6.790676587    2.355196149    0.2703290309   0.7300072944   
90       I1         1.934856469    2.030388091    4.306825615    0.2931131897   0.08719938606  5.606839782    1.654884462    -0.457958965   4.825370154    
91       I1         1.122030833    1.217210995    2.600405533    0.2339020498   0.544416591    7.715318932    2.666744679    -0.8633829063  0.5965886129   
92       I1         1.956024234    2.239934853    4.260009646    0.7006101316   0.5722213742   6.727539677    2.102110806    -0.8493867545  1.693863449    
93       I1         0.8338031471   1.028271672    3.01046998     0.3448198588   0.9455688395   5.25479592     2.020658605    -0.0511888607  0.480535029    
94       I1         0.4423657064   1.91308261     2.683784505    0.5779265914   0.7229535531   8.686609669    1.370963921    -0.1171145183  1.2341248      
95       I1         1.031815732    2.634228482    3.501041045    0.5279647682   0.9554539488   0.4232596352   2.051040357    0.4494096856   0.5924419069   
96       I1         0.750449124    2.594635822    2.863816821    0.7672713686   0.2796770395   6.638751157    2.854066653    0.3032960487   0.4775544782   
97       I1         1.02088661     1.543263755    3.372267971    0.8681825689   0.9710181614   0.610352996    2.831924024    -0.2270741123  0.5021960604   
98       I1         1.805055113    2.695719894    3.343104422    0.8872960347   0.7716847948   2.339326773    2.705684945    -0.6882753569  0.7443306455   
99       I1         1.871245481    1.016417413    3.352611263    0.3952466911   0.3121974203   3.542413203    2.800678373    -0.04306330152 0.8329963475   
100      I1         1.511211025    1.046126403    3.624950022    0.1365093359   0.5615971726   0.9213748418   1.300453298    -0.699301876   5.777304042    
101      I1         1.397354438    1.784465805    2.970168461    0.1431957361   0.8862407109   7.073311939    1.049097568    -0.4239036071  5.929809613    
102      I1         0.3079017367   2.614324739    4.251197975    0.02371272381  0.6946949651   9.498619974    1.635537379    0.2087090059   0.9512785819   
103      I1         0.5788834067   1.682658681    3.053189839    0.08296031287  0.2451389809   9.11421837     1.910359353    0.1317383413   0.7759075086   
104      I1         1.067199112    1.305017817    2.50846943     0.5638364349   0.5753240014   7.31854531     2.360168329    -0.605863752   0.5053161156   
105      I1         1.615738806    1.361384978    3.921895255    0.1643987006   0.103980856    6.366329451    2.277645106    -0.6679521388  0.9449332692   
106      I1         0.8771454601   1.189145543    4.112339234    0.1715781143   0.2931487373   1.450095686    2.133256051    -0.9995107595  0.6651921657   
107      I1         0.6937674698   2.581201481    3.142220271    0.3576384864   0.8399781579   7.112600664    1.696508872    -0.797245279   0.6499140945   
108      I1         1.782005308    2.250487389    3.074430617    0.7815431259   0.0894577734   8.658035885    1.146468088    -0.9798895548  7.47260729     
109      I1         0.4763555759   1.476827842    4.027680889    0.9335967232   0.3955700382   3.394123053    1.279512584    0.4581582753   0.6601373733   
110      I1         1.134513451    2.563298341    3.956057599    0.09303893924  0.3475508259   7.427433249    1.181142223    -0.6022838019  4.915889852    
111      I1         1.630208966    1.985281329    3.432439771    0.3600863832   0.7372736794   5.154428555    1.34103727     -0.0747261722  2.79832328     
112      I1         1.705715745    2.499987905    4.481868748    0.5209092171   0.7255757899   5.557819973    2.193111923    0.429689992    0.8101876247   
113      I1         1.028443506    1.655148762    3.536263838    0.05664595001  0.4610069183   2.551934855    2.567403702    0.3768609797   0.8128262997   
114      I1         1.567202837    1.717098167    3.763815005    0.9076708301   0.3176662589   5.383896754    2.406017211    -0.01154305754 0.6562086366   
115      I1         1.696146187    1.311800029    3.655579597    0.7728527275   0.4246184373   6.909899875    2.410553479    -0.9411951362  0.7273709545   
116      I1         0.4101983734   1.263157119    3.200341316    0.8947151221   0.7828581071   4.333426039    1.485446364    0.4936616325   0.5891291656   
117      I1         1.443875061    1.418938544    3.888234681    0.9572451715   0.8368809941   1.39817282     2.645488423    0.1393719026   0.5965577347   
118      I1         0.8612097478   2.274721958    4.230808878    0.1211426688   0.6585332783   2.584305403    2.478880185    -0.562804086   0.7864192425   
119      I1         1.256161827    2.152574619    2.692654783    0.3100129122   0.1210128828   7.366692812    2.69666183     -0.3494589486  0.7045878939   
120      I1         1.438799716    2.407561628    3.967034914    0.03813466218  0.5510643014   9.776148407    1.078827536    -0.3356097246  5.293964193    
121      I1         1.428796657    2.145625973    3.549174485    0.949850622    0.1980706214   6.002778232    1.801185179    -0.623314577   1.047711676    
122      I1         1.668035661    1.445530588    3.266249106    0.04624513343  0.8643014036   3.510819458    1.955695207    0.344400543    0.7059042568   
123      I1         0.7647534265   2.675928452    3.841892127    0.1321148206   0.5959419406   9.036374273    2.963823959    0.06864942689  0.7933288751   
124      I1         1.518373807    1.107859401    3.592951777    0.9177468062   0.6491970592   3.731313954    1.477309015    -0.8125391561  4.622857928    
125      I1         0.3665247071   1.636726289    4.187532481    0.08766672647  0.6440832183   5.329205753    2.461646759    0.03946054675  0.6412351876   
126      I1         1.23627656     1.803974027    2.708406625    0.9161871134   0.1090620174   7.653929643    1.010341972    -0.1349140719  3.646153624    
127      I1         1.410844564    1.573901481    2.792456384    0.7759797059   0.4360966493   9.337788661    2.980105264    0.00183321591  0.5904754734   
128      I1         0.6855942515   1.927909829    3.787971582    0.9884591002   0.4663169356   1.578773868    1.265647057    0.3843367926   0.6815752682   
129      I1         1.73112323     1.196024326    3.852631937    0.2769810949   0.70896935     4.472067808    2.061894489    -0.4730160514  0.7577600249   
130      I1         1.195757245    1.625971422    3.091685818    0.9538877546   0.9181502093   8.590859009    2.927391008    0.3304415213   0.5717926641   
131      I1         0.4951711073   1.238174427    2.915510221    0.09484864392  0.9086691245   9.915759666    1.029328197    -0.3612541383  3.188259462    
132      I1         1.650778296    1.702193035    2.847328631    0.8315033959   0.2024594346   5.936447582    1.842214989    0.4330460651   0.5319166241   
133      I1         0.560579495    1.652709719    2.881948345    0.8782930763   0.6078054416   3.110961491    1.832623488    -0.217923108   1.176022751    
134      I1         0.4144263736   1.672796838    3.044128049    0.713796795    0.09676746852  8.936209867    2.916511212    0.1684989112   0.7453893422   
135      I1         1.085978899    1.472429143    2.982554117    0.3825326016   0.1919118726   1.109917954    2.128795596    -0.1474620979  0.5255107709   
136      I1         0.7405778344   1.886373824    2.952759793    0.8494940825   0.9066224618   8.1829479      2.255371736    -0.3710584963  0.8385334653   
137      I1         1.52698874     1.271565045    2.591971168    0.6256104145   0.6711742736   8.467556951    2.571614128    -0.09014793274 0.674974042    
138      I1         1.489386704    2.357674334    3.602551072    0.9833121046   0.320789198    0.4799825509   1.241935056    -0.6451761408  6.102109356    
139      I1         1.130394371    1.641290698    2.724693147    0.3277216254   0.1369696217   7.860261202    1.867882787    -0.9905728941  0.6472499449   
140      I1         1.623598457    1.857502393    4.464930667    0.4927495471   0.6257103703   3.14755921     2.894923206    0.1721363881   0.7700317944   
141      I1         1.168425809    2.360140599    2.538179608    0.1476893845   0.7478827292   4.81531904     2.540588299    0.09809401143  0.8209387946   
142      I1         1.823406715    2.223409274    4.011008415    0.6304719765   0.8974859361   2.417095971    1.119884879    -0.4892734931  6.782241376    
143      I1         1.323262714    1.111207504    4.145300529    0.5010571741   0.2183877448   3.708607551    1.554376162    -0.09455112923 1.199566011    
144      I1         1.310744326    2.663067641    2.738898102    0.4189936291   0.9658664552   9.005140482    1.29555229     0.4662053514   0.5015775841   
145      I1         0.4957277127   1.61212834     3.896774347    0.6891905616   0.635782298    6.513782869    2.888885612    0.2208470809   0.5956683864   
146      I1         0.6216393137   2.209231162    3.514350809    0.1260542698   0.3414622524   6.331887949    1.723722832    0.2633101795   0.7695955327   
147      I1         0.8252572498   2.45621537     3.113013275    0.365279752    0.7203558098   5.677937282    1.597645393    -0.8081395104  0.7924095676   
148      I1         1.717127327    2.093133211    2.766611993    0.2064273717   0.4564087718   3.84481336     1.501975874    -0.2742270219  3.691080426    
149      I1         0.3428379557   2.170776757    3.837321156    0.4808505761   0.06669942403  8.275041911    2.517180085    -0.6726131792  1.156530855    
150      I1         1.149262703    2.423392337    3.327214513    0.7223955554   0.06154652329  2.46863673     2.68724893     -0.2101259055  0.4563680581   
151      I1         1.369271837    2.183767031    3.46348914     0.09902767284  0.9654515445   9.446711023    2.97063944     -0.1986823299  0.9429254388   
152      I1         0.9112346406   2.264217556    4.323662808    0.8252154038   0.4213703107   5.526973876    1.949245621    -0.8713306001  0.5963876909   
153      I1         0.5040713005   1.866032498    3.001275434    0.4510187388   0.8448070479   1.811339385    1.517569203    -0.9626000539  1.019576039    
154      I1         0.9723733239   2.616901197    3.706033907    0.8073782172   0.7983745614   2.04783647     2.533405608    0.4458488306   0.5053560215   
155      I1         0.6630983557   1.039329499    4.049628781    0.617714539    0.8236293767   1.914269064    1.412319032    -0.5784121149  1.67255363     
156      I1         1.594082283    1.347875166    4.107978047    0.5146591661   0.3072631867   9.715090123    1.386655591    0.1604033506   1.331184281    
157      I1         1.419750923    1.373503888    3.154730813    0.8233939192   0.4057471772   5.002589404    1.212518626    -0.9170427994  6.174973409    
158      I1         0.9294416391   2.037184526    3.278778149    0.6011013242   0.5334932255   7.20546421     2.382807306    0.1098051444   0.4757678952   
159      I1         1.453500029    2.014978683    4.244123627    0.2856764246   0.8056751453   2.691800039    1.779010866    0.1228350297   0.6378665107   
160      I1         0.5964134953   2.133984655    2.517908039    0.6439829026   0.1802341327   7.140130212    1.758030592    -0.9246912947  0.9159528274   
161      I1         1.497551585    2.369053499    4.274627782    0.595768273    0.6035568613   4.188251874    2.529807308    0.08951064263  0.6421620254   
162      I1         1.212039554    1.176044486    3.64413611     0.8367118221   0.1531534745   9.262748823    2.791999379    0.3367900723   0.5850149171   
163      I1         0.7117369792   1.809580411    4.374945498    0.3343624794   0.4980782255   7.517247668    1.664849952    -0.9007122205  0.6442507134   
164      I1         0.9430770165   2.197591557    4.478365765    0.5375843765   0.9145586888   6.138323028    2.304225711    0.04401435416  0.471633112    
165      I1         0.6454610403   1.157943759    3.674731127    0.9694566188   0.9486573197   8.097781065    2.076761939    -0.3951271755  1.39660062     
166      I1         1.80153224     2.278022308    2.66725301     0.8183059822   0.2633067763   3.445593885    2.712635888    -0.5278272438  0.7263196015   
167      I1         0.9614019113   1.457003444    4.490403984    0.6029956616   0.3016913849   8.731779812    1.40197012     -0.8401070745  2.254829239    
168      I1         1.924432175    1.527252954    4.168659817    0.4397966583   0.676343048    2.320547786    2.759022912    -0.7194896063  0.8628439678   
169      I1         1.35883135     2.05260005     2.672124427    0.1845211468   0.77690164     6.776723139    2.286597887    -0.4511819132  0.8192392306   
170      I1         1.20888945     2.07451978     4.200932026    0.5620416207   0.01450288372  5.440009602    2.774081845    0.2021387827   0.5872035347   
171      I1         0.6553529962   2.523376056    2.745626434    0.06617458841  0.03605611256  3.242695856    2.658444886    -0.05517360393 0.9087207469   
172      I1         0.6291513254   2.286075393    3.42561734     0.5822604601   0.5163311147   7.598144076    2.940269468    0.2768830049   0.5017217712   
173      I1         1.158709209    2.451447862    3.619972848    0.3521041237   0.4709062678   5.215779391    2.424605559    -0.7495503974  0.633818427    
174      I1         1.562283398    1.506790343    2.568326192    0.6860621967   0.5218425283   4.106631229    1.205711045    -0.7534289382  6.570066155    
175      I1         1.898912245    1.001664257    4.453154615    0.6088469602   0.49233943     4.691825391    2.095804575    0.02796712081  0.7259313429   
176      I1         1.47259        1.141502574    2.967713737    0.04281589581  0.2394207409   1.53493775     1.126246152    -0.2660067329  4.644438218    
177      I1         0.6319291476   2.341796621    3.983472701    0.6653043869   0.9560722305   9.21027408     2.189552825    -0.1131998791  0.6944772757   
178      I1         1.922741166    2.159405959    2.644512462    0.4037020077   0.3613541698   2.162021918    1.927238538    -0.1039910694  1.645186251    
179      I1         1.763925888    1.339953079    3.494053802    0.3084367129   0.1267405837   3.326900484    2.61356125     -0.6544662519  0.8270493367   
180      I1         0.4585553439   1.413229567    3.937910057    0.6610366424   0.05025664172  5.978678452    2.454839513    -0.6828083199  1.284812236    
181      I1         1.749238512    1.061800788    3.409354918    0.01145083127  0.7930541209   0.2658313869   2.338677313    0.1467254459   0.9131693865   
182      I1         1.501985263    1.772377062    2.902711628    0.5086660562   0.05804388927  7.873275089    1.933295766    0.3116066201   0.6037042708   
183      I1         1.725021871    2.488288281    2.822218806    0.3225876825   0.07422057778  1.188839618    1.678845499    0.01741387653  1.473228795    
184      I1         0.8935711441   1.318163841    4.364753591    0.1959069276   0.2548298908   4.009172571    2.595667001    -0.005201739785 0.7811110557   
185      I1         1.910222725    2.007925509    4.054003948    0.5692604473   0.5786699087   5.80948257     1.811775794    -0.4050920878  3.370504233    
186      I1         0.9905189919   1.051732896    2.806236369    0.5888760907   0.2769640907   0.8439711334   2.843426921    0.3253739029   0.4501076093   
187      I1         0.4353517743   1.712974657    3.331379779    0.1381101293   0.799860378    3.8669091      1.989129389    0.05630761237  0.6131443099   
188      I1         1.102904672    1.793080032    2.83204905     0.9046503801   0.1898148325   6.606688437    1.745982422    -0.9264542916  0.5883729156   
189      I1         1.311619337    2.069102264    2.654786181    0.6501463064   0.754291487    2.62875419     1.685864687    -0.2537821042  0.8340265453   
190      I1         1.078928625    1.385725577    3.026651672    0.6682522869   0.2249136607   6.155527653    2.509554484    0.1128485417   0.4658057288   
191      I1         0.3196891923   2.68783041     3.242283537    0.2707709073   0.0289882697   0.3541249756   1.766136123    -0.7643114124  0.8305431104   
192      I1         0.39006213     1.327161093    3.25662178     0.6169280782   0.8292179932   1.655307686    2.148177461    -0.6276653633  1.289420883    
193      I1         1.81565993     1.224759496    3.416947156    0.9612380033   0.7141551185   9.643499685    1.589440427    0.1875492437   1.261636959    
194      I1         1.112238945    1.374613359    2.877630711    0.3718642419   0.4379601099   8.404803086    2.673022909    -0.4365508296  0.565214008    
195      I1         1.339681715    1.831029792    3.975040031    0.7424456046   0.2320823149   9.507725647    2.166315637    -0.740913733   0.5524236147   
196      I1         1.657882582    2.580928054    4.004195038    0.4492392441   0.4776620772   5.842297847    2.827583849    -0.1913015522  0.7567129874   
197      I1         0.6734119334   1.277543916    3.568035854    0.7310735944   0.5544735924   5.070087836    1.106191658    -0.4175839614  4.138510042    
198      I1         1.34845065     1.883261704    3.773679828    0.9003524212   0.2590210574   4.573599613    1.458350263    -0.3312221453  2.788895123    
199      I1         1.960481221    1.959262515    3.030591996    0.7065451786   0.4310794512   8.826475595    2.600889533    -0.4636442467  0.8279799205   
200      I1         0.8994731689   2.316377652    3.804717974    0.4088656905   0.5252304942   0.3232059656   1.286104827    0.3722721383   0.502335904    
201      I1         1.282921811    1.003497942    4.043209877    0.7419753086   0.9879835391   0.1611111111   1.983539095    -0.4907407407  0.6228432681   
202      I1         1.261934156    2.696502058    2.504115226    0.8387654321   0.5604938272   2.605555556    2.008230453    -0.3796296296  0.4668188742   
203      I1         1.15           2.696502058    3.895061728    0.5524279835   0.5564609053   7.005555556    1.851851852    -0.3302469136  0.5208699236   
204      I1         1.429835391    2.647530864    3.425925926    0.6935802469   0.9879835391   9.97962963     2.008230453    -0.75          0.6323305312   
205      I1         1.094032922    1.563168724    3.845679012    0.7419753086   0.5120987654   0.1203703704   2.436213992    -0.1018518519  0.5334016332   
206      I1         1.429835391    2.129835391    2.512345679    0.584691358    0.01604938272  0.1203703704   2.016460905    -0.287037037   0.6225456851   
207      I1         1.059053498    2.696502058    4.495884774    0.7782716049   0.5967901235   9.97962963     2.666666667    -0.1018518519  0.4823387602   
208      I1         1.059053498    2.059876543    3.598765432    0.7742386831   0.01604938272  6.67962963     2.106995885    -0.5092592593  0.5182387752   
209      I1         1.066049383    2.689506173    2.504115226    0.6653497942   0.7298765432   0.1611111111   2.674897119    -0.9969135802  0.4997674714   
210      I1         1.052057613    2.136831276    3.179012346    0.669382716    0.5362962963   0.1203703704   1.827160494    -0.5030864198  0.5177418566   
211      I1         0.3034979424   1.010493827    2.660493827    0.6653497942   0.669382716    1.138888889    2.699588477    0.4969135802   0.4264537049   
212      I1         0.9611111111   2.311728395    2.512345679    0.6653497942   0.6653497942   3.461111111    2.995884774    -0.1635802469  0.443044335    
213      I1         1.017078189    2.311728395    2.504115226    0.7056790123   0.6653497942   3.461111111    2.773662551    -0.1018518519  0.4303176276   
214      I1         0.5413580247   1.55617284     4.495884774    0.6653497942   0.6572839506   3.338888889    2.46090535     0.4969135802   0.4549717689   
215      I1         0.8701646091   1.010493827    4.487654321    0.669382716    0.6653497942   0.1611111111   2.995884774    0.4969135802   0.6120299913   
216      I1         1.066049383    1.003497942    3.83744856     0.7540740741   0.6653497942   2.727777778    2.773662551    0.009259259259 0.4630354021   
217      I1         1.177983539    2.689506173    3.170781893    0.669382716    0.7903703704   0.1611111111   1.78600823     -0.003086419753 0.4711334886   
218      I1         1.184979424    1.003497942    3.401234568    0.669382716    0.7903703704   3.37962963     2.592592593    -0.9969135802  0.5222905522   
219      I1         1.059053498    2.017901235    3.302469136    0.7782716049   0.4475720165   4.52037037     2.691358025    -0.003086419753 0.4564726388   
220      I1         0.6602880658   1.003497942    2.709876543    0.5362962963   0.9718518519   5.905555556    1.300411523    0.4969135802   0.4676862835   
221      I1         1.017078189    2.696502058    2.504115226    0.5524279835   0.9839506173   0.8944444444   2.197530864    -0.1944444444  0.4346323664   
222      I1         0.3034979424   1.010493827    2.504115226    0.3911111111   0.669382716    0.1611111111   2.995884774    0.4969135802   0.5096956088   
223      I1         0.6183127572   1.003497942    2.504115226    0.584691358    0.669382716    1.138888889    2.716049383    0.4969135802   0.4447969973   
224      I1         0.562345679    1.003497942    3.154320988    0.5120987654   0.7903703704   0.1203703704   1.942386831    0.4969135802   0.603786847    
225      I1         1.087037037    2.696502058    3.16255144     0.6330864198   0.669382716    6.67962963     2.263374486    -0.2685185185  0.4919475549   
226      I1         1.240946502    2.192798354    2.504115226    0.5241975309   0.862962963    3.37962963     1.827160494    -0.009259259259 0.4878575798   
227      I1         1.059053498    2.696502058    4.487654321    0.6653497942   0.669382716    1.261111111    2.757201646    -0.5092592593  0.4316641117   
228      I1         0.8911522634   2.689506173    2.504115226    0.6653497942   0.6572839506   6.638888889    2.197530864    -0.9969135802  0.5545647507   
229      I1         1.429835391    2.689506173    4.495884774    0.8024691358   0.5524279835   4.438888889    2.032921811    -0.5092592593  0.5473675907   
230      I1         1.017078189    1.003497942    2.718106996    0.6653497942   0.6451851852   6.761111111    2.098765432    -0.712962963   0.5037813863   
231      I1         0.933127572    2.689506173    2.512345679    0.6653497942   0.01604938272  0.1203703704   2.913580247    -0.5030864198  0.5310327188   
232      I1         1.429835391    2.136831276    2.504115226    0.8750617284   0.5524279835   0.4055555556   2.098765432    -0.6759259259  0.5466986868   
233      I1         1.76563786     1.003497942    3.845679012    0.7298765432   0.9879835391   0.1611111111   2.33744856     -0.4351851852  0.8153719388   
234      I1         1.233950617    1.975925926    4.495884774    0.733909465    0.5564609053   4.47962963     2.641975309    -0.2685185185  0.4863695576   
235      I1         1.240946502    2.696502058    2.512345679    0.6814814815   0.9557201646   0.1611111111   1.893004115    -0.25          0.5149450734   
236      I1         1.13600823     1.55617284     3.00617284     0.7016460905   0.3669135802   6.761111111    1.744855967    -0.003086419753 0.4457718833   
237      I1         1.129012346    1.003497942    2.504115226    0.6653497942   0.6572839506   6.761111111    2.296296296    -0.003086419753 0.4845234453   
238      I1         1.059053498    2.696502058    2.561728395    0.6653497942   0.6572839506   6.72037037     2.691358025    -0.5277777778  0.4941982585   
239      I1         1.429835391    1.759053498    2.512345679    0.862962963    0.6209876543   9.694444444    2.082304527    -0.4969135802  0.5881542706   
240      I1         1.15           2.696502058    3.401234568    0.7903703704   0.4475720165   5.57962963     1.893004115    -0.6944444444  0.5122048246   
241      I1         1.233950617    2.696502058    2.512345679    0.6653497942   0.1128395062   3.338888889    1.769547325    -0.003086419753 0.4431871301   
242      I1         1.059053498    2.080864198    2.512345679    0.7056790123   0.4435390947   0.1203703704   2.148148148    -0.1635802469  0.4914786365   
243      I1         1.695679012    1.003497942    4.495884774    0.7903703704   0.01604938272  9.97962963     2.674897119    -0.25          0.7095316331   
244      I1         1.052057613    1.388271605    3.83744856     0.669382716    0.01604938272  6.761111111    2.995884774    -0.003086419753 0.4616405429   
245      I1         1.059053498    1.185390947    3.99382716     0.6814814815   0.01604938272  6.72037037     2.773662551    -0.2314814815  0.4751385772   
246      I1         0.8701646091   1.003497942    3.16255144     0.4475720165   0.5483950617   1.016666667    1.679012346    -0.1018518519  0.3860936306   
247      I1         1.429835391    1.55617284     3.83744856     0.5120987654   0.8387654321   8.961111111    1.670781893    0.4969135802   0.5781396318   
248      I1         0.8771604938   1.010493827    4.290123457    0.5524279835   0.9879835391   9.938888889    2.329218107    0.4969135802   0.6372693431   
249      I1         0.499382716    1.003497942    3.83744856     0.2338271605   0.669382716    1.261111111    1.66255144     0.003086419753 0.3943923792   
250      I1         0.5833333333   1.563168724    3.845679012    0.6653497942   0.9879835391   0.1611111111   2.386831276    0.1759259259   0.6085231992   
251      I1         0.9191358025   1.003497942    4.495884774    0.5967901235   0.330617284    6.72037037     1.827160494    0.4969135802   0.5521311499   
252      I1         1.212962963    1.003497942    4.487654321    0.4395061728   0.669382716    8.92037037     2.329218107    0.4969135802   0.6768212089   
253      I1         1.814609053    2.14382716     2.504115226    0.4516049383   0.1128395062   3.37962963     1.901234568    0.4969135802   0.5394059998   
254      I1         1.807613169    1.003497942    2.512345679    0.4516049383   0.01604938272  4.683333333    2.082304527    0.299382716    0.6136948003   
255      I1         0.3034979424   1.563168724    4.487654321    0.6653497942   0.01604938272  9.938888889    2.518518519    0.4969135802   0.5514164634   
256      I1         0.8631687243   1.003497942    4.487654321    0.5564609053   0.330617284    1.138888889    1.679012346    0.003086419753 0.3986685514   
257      I1         0.3034979424   1.003497942    4.495884774    0.3427160494   0.01604938272  3.338888889    2.197530864    0.4969135802   0.7750136459   
258      I1         1.059053498    1.003497942    3.969135802    0.5            0.4395061728   2.238888889    1.711934156    0.003086419753 0.4035186737   
259      I1         0.8771604938   1.003497942    4.487654321    0.6653497942   0.3346502058   3.42037037     2              0.1203703704   0.4347549622   
260      I1         0.8701646091   2.696502058    2.512345679    0.6572839506   0.01604938272  6.761111111    2.329218107    0.4969135802   0.5142555023   
261      I1         0.8701646091   2.689506173    2.504115226    0.6613168724   0.01604938272  6.761111111    1.950617284    0.4969135802   0.5136943823   
262      I1         0.4154320988   1.003497942    2.504115226    0.01604938272  0.8992592593   3.216666667    1.720164609    -0.5030864198  0.4419395535   
263      I1         0.6113168724   1.003497942    2.504115226    0.1007407407   0.9234567901   0.1611111111   1.975308642    -0.7438271605  0.542072682    
264      I1         1.429835391    2.696502058    2.512345679    0.5967901235   0.3064197531   6.72037037     1.728395062    0.4969135802   0.4862601655   
265      I1         1.15           2.696502058    2.504115226    0.5            0.01201646091  8.961111111    2.049382716    0.4969135802   0.6393801449   
266      I1         1.436831276    1.010493827    2.512345679    0.6653497942   0.330617284    1.138888889    2.995884774    0.4969135802   0.6792149213   
267      I1         0.9191358025   1.003497942    3.83744856     0.6653497942   0.2217283951   0.7722222222   1.802469136    0.003086419753 0.3943349626   
268      I1         1.170987654    1.55617284     2.940329218    0.669382716    0.8750617284   2.890740741    1.176954733    0.4969135802   0.4750535152   
269      I1         1.653703704    1.003497942    3.845679012    0.7177777778   0.116872428    0.1611111111   2.674897119    0.4969135802   0.7916722708   
270      I1         1.13600823     1.55617284     4.281893004    0.669382716    0.2217283951   2.116666667    1.78600823     0.003086419753 0.4096588639   
271      I1         0.8771604938   1.003497942    2.504115226    0.669382716    0.3064197531   0.1611111111   1.884773663    0.4969135802   0.5633298485   
272      I1         1.038065844    1.003497942    3.820987654    0.6653497942   0.3427160494   3.461111111    1.794238683    -0.1944444444  0.4350880825   
273      I1         0.3034979424   1.563168724    3.99382716     0.3427160494   0.9839506173   8.92037037     2.716049383    0.4969135802   0.5690599992   
274      I1         0.4224279835   1.052469136    3.845679012    0.3346502058   0.7782716049   6.72037037     1.308641975    0.4969135802   0.4874904994   
275      I1         0.8701646091   1.010493827    3.228395062    0.5524279835   0.7661728395   6.72037037     1.893004115    0.2314814815   0.4966895811   
276      I1         0.9401234568   1.010493827    3.16255144     0.4879012346   0.6613168724   3.42037037     2.164609053    -0.3055555556  0.4550046212   
277      I1         1.024074074    1.745061728    3.16255144     0.5362962963   0.3386831276   3.42037037     1.720164609    -0.009259259259 0.4316438161   
278      I1         0.5133744856   1.052469136    3.080246914    0.3346502058   0.1491358025   0.4055555556   1.300411523    0.4969135802   0.4744480181   
279      I1         0.5833333333   1.003497942    3.154320988    0.3427160494   0.2257613169   0.1611111111   1.711934156    0.003086419753 0.5064104813   
280      I1         0.6043209877   1.010493827    3.16255144     0.3346502058   0.6613168724   5.661111111    1.308641975    0.3302469136   0.5091501398   
281      I1         1.212962963    1.99691358     2.504115226    0.6330864198   0.4475720165   6.72037037     1.917695473    -0.4722222222  0.5178607522   
282      I1         0.8771604938   1.003497942    3.820987654    0.5            0.3346502058   0.1203703704   1.901234568    0.003086419753 0.4775979884   
283      I1         1.366872428    1.003497942    2.512345679    0.05234567901  0.9879835391   3.827777778    1.942386831    -0.5277777778  0.6848844052   
284      I1         1.29691358     2.696502058    4.495884774    0.9879835391   0.2217283951   5.538888889    2.559670782    -0.8611111111  0.5292443692   
285      I1         1.129012346    2.696502058    2.504115226    0.5524279835   0.9839506173   0.4055555556   2.559670782    -0.7314814815  0.4893204205   
286      I1         0.8701646091   2.647530864    4.487654321    0.4516049383   0.3346502058   3.461111111    2.995884774    -0.9969135802  0.6088513577   
287      I1         0.8701646091   2.689506173    4.495884774    0.9879835391   0.01604938272  3.461111111    2.074074074    0.4969135802   0.5479178395   
288      I1         0.8771604938   2.696502058    4.487654321    0.9839506173   0.330617284    3.42037037     1.670781893    0.4969135802   0.5164823334   
289      I1         1.170987654    2.136831276    3.83744856     0.9355555556   0.01604938272  1.22037037     1.720164609    0.25           0.4318740785   
290      I1         1.073045267    2.689506173    4.043209877    0.9516872428   0.01201646091  3.461111111    1.909465021    0.2314814815   0.4846575568   
291      I1         1.066049383    1.003497942    3.384773663    0.8024691358   0.116872428    0.8944444444   1.744855967    0.06481481481  0.39462573     
292      I1         1.16399177     1.947942387    3.179012346    0.8790946502   0.669382716    3.37962963     2.345679012    -0.9537037037  0.4915366959   
293      I1         1.15           1.954938272    3.425925926    0.6895473251   0.6653497942   1.912962963    2.650205761    -0.7314814815  0.4889541109   
294      I1         0.933127572    1.563168724    4.487654321    0.5564609053   0.9879835391   5.661111111    2.148148148    -0.712962963   0.5358415126   
295      I1         0.4923868313   1.563168724    3.969135802    0.7056790123   0.01201646091  0.1611111111   2.790123457    0.4969135802   0.513643543    
296      I1         0.7932098765   1.003497942    3.845679012    0.8871604938   0.01201646091  3.094444444    2.551440329    0.4969135802   0.5170991324   
297      I1         0.9820987654   1.003497942    4.290123457    0.7782716049   0.3346502058   2.361111111    1.744855967    0.05864197531  0.4006168172   
298      I1         0.9820987654   1.003497942    3.83744856     0.6613168724   0.01201646091  6.761111111    2.172839506    0.1574074074   0.4587296204   
299      I1         1.247942387    1.55617284     3.845679012    0.6572839506   0.01604938272  0.1203703704   1.670781893    0.4969135802   0.5132460239   
300      I1         1.15           1.563168724    3.83744856     0.9879835391   0.4516049383   3.461111111    1.827160494    0.4969135802   0.6021314144   
%eval_id interface log__t_efold_shallow log__t_efold_soil log__t_efold_karst f_exfiltration_shallow f_exfiltration_soil PDD_melt_factor log__Hmax_shallow log__routing_K neg_kge        
301      I1         0.8701646091   1.003497942    3.16255144     0.4475720165   0.5483950617   1.016666667    1.679012346    -0.1018518519  0.3860936306   
302      I1         1.040164609    1.003497942    3.16255144     0.4475720165   0.5483950617   1.016666667    1.679012346    -0.1018518519  0.4291316598   
303      I1         0.8701646091   1.173497942    3.16255144     0.4475720165   0.5483950617   1.016666667    1.679012346    -0.1018518519  0.392626557    
304      I1         0.8701646091   1.003497942    3.36255144     0.4475720165   0.5483950617   1.016666667    1.679012346    -0.1018518519  0.3989229598   
305      I1         0.8701646091   1.003497942    3.16255144     0.5455720165   0.5483950617   1.016666667    1.679012346    -0.1018518519  0.3958650558   
306      I1         0.8701646091   1.003497942    3.16255144     0.4475720165   0.6463950617   1.016666667    1.679012346    -0.1018518519  0.3890063177   
307      I1         0.8701646091   1.003497942    3.16255144     0.4475720165   0.5483950617   2.006666667    1.679012346    -0.1018518519  0.406849114    
308      I1         0.8701646091   1.003497942    3.16255144     0.4475720165   0.5483950617   1.016666667    1.879012346    -0.1018518519  0.3979328114   
309      I1         0.8701646091   1.003497942    3.16255144     0.4475720165   0.5483950617   1.016666667    1.679012346    0.04814814815  0.370136289    
310      I1         0.7001646091   1.003497942    3.16255144     0.4475720165   0.5483950617   1.016666667    1.679012346    -0.1018518519  0.4109350789   
311      I1         0.8701646091   1.003497942    2.96255144     0.4475720165   0.5483950617   1.016666667    1.679012346    -0.1018518519  0.3777982812   
312      I1         0.8701646091   1.003497942    3.16255144     0.3495720165   0.5483950617   1.016666667    1.679012346    -0.1018518519  0.3893091837   
313      I1         0.8701646091   1.003497942    3.16255144     0.4475720165   0.4503950617   1.016666667    1.679012346    -0.1018518519  0.3877996113   
314      I1         0.8701646091   1.003497942    3.16255144     0.4475720165   0.5483950617   1.016666667    1.479012346    -0.1018518519  0.6803444302   
315      I1         0.8701646091   1.003497942    3.16255144     0.4475720165   0.5483950617   1.016666667    1.679012346    -0.2518518519  0.414979827    
316      I1         1.040164609    1.003497942    3.16255144     0.4475720165   0.5483950617   1.016666667    1.679012346    0.04814814815  0.3994880051   
317      I1         0.8701646091   1.173497942    3.16255144     0.4475720165   0.5483950617   1.016666667    1.679012346    0.04814814815  0.3761945447   
318      I1         0.8701646091   1.003497942    3.36255144     0.4475720165   0.5483950617   1.016666667    1.679012346    0.04814814815  0.3829015717   
319      I1         0.8701646091   1.003497942    3.16255144     0.5455720165   0.5483950617   1.016666667    1.679012346    0.04814814815  0.3716014605   
320      I1         0.8701646091   1.003497942    3.16255144     0.4475720165   0.6463950617   1.016666667    1.679012346    0.04814814815  0.3742755254   
321      I1         0.8701646091   1.003497942    3.16255144     0.4475720165   0.5483950617   2.006666667    1.679012346    0.04814814815  0.387880623    
322      I1         0.8701646091   1.003497942    3.16255144     0.4475720165   0.5483950617   1.016666667    1.879012346    0.04814814815  0.3980348335   
323      I1         0.8701646091   1.003497942    3.16255144     0.4475720165   0.5483950617   1.016666667    1.679012346    0.1981481481   0.378908849    
324      I1         0.7001646091   1.003497942    3.16255144     0.4475720165   0.5483950617   1.016666667    1.679012346    0.04814814815  0.3860538005   
325      I1         0.8701646091   1.003497942    2.96255144     0.4475720165   0.5483950617   1.016666667    1.679012346    0.04814814815  0.3619559718   
326      I1         0.8701646091   1.003497942    3.16255144     0.3495720165   0.5483950617   1.016666667    1.679012346    0.04814814815  0.3805314521   
327      I1         0.8701646091   1.003497942    3.16255144     0.4475720165   0.4503950617   1.016666667    1.679012346    0.04814814815  0.3705755933   
328      I1         0.8701646091   1.003497942    3.16255144     0.4475720165   0.5483950617   1.016666667    1.479012346    0.04814814815  0.5072062813   
329      I1         0.9551646091   1.003497942    3.16255144     0.4475720165   0.5483950617   1.016666667    1.679012346    0.04814814815  0.3781417382   
330      I1         0.8701646091   1.088497942    3.16255144     0.4475720165   0.5483950617   1.016666667    1.679012346    0.04814814815  0.3726776338   
331      I1         0.8701646091   1.003497942    3.26255144     0.4475720165   0.5483950617   1.016666667    1.679012346    0.04814814815  0.3771519758   
332      I1         0.8701646091   1.003497942    3.16255144     0.4965720165   0.5483950617   1.016666667    1.679012346    0.04814814815  0.369389753    
333      I1         0.8701646091   1.003497942    3.16255144     0.4475720165   0.5973950617   1.016666667    1.679012346    0.04814814815  0.3716335896   
334      I1         0.8701646091   1.003497942    3.16255144     0.4475720165   0.5483950617   1.511666667    1.679012346    0.04814814815  0.380247261    
335      I1         0.8701646091   1.003497942    3.16255144     0.4475720165   0.5483950617   1.016666667    1.779012346    0.04814814815  0.3980348335   
336      I1         0.8701646091   1.003497942    3.16255144     0.4475720165   0.5483950617   1.016666667    1.679012346    0.1231481481   0.3709001291   
337      I1         0.7851646091   1.003497942    3.16255144     0.4475720165   0.5483950617   1.016666667    1.679012346    0.04814814815  0.3728424801   
338      I1         0.8701646091   1.003497942    3.06255144     0.4475720165   0.5483950617   1.016666667    1.679012346    0.04814814815  0.364675737    
339      I1         0.8701646091   1.003497942    3.16255144     0.3985720165   0.5483950617   1.016666667    1.679012346    0.04814814815  0.3738508657   
340      I1         0.8701646091   1.003497942    3.16255144     0.4475720165   0.4993950617   1.016666667    1.679012346    0.04814814815  0.3697836236   
341      I1         0.8701646091   1.003497942    3.16255144     0.4475720165   0.5483950617   0.5216666667   1.679012346    0.04814814815  0.3934751772   
342      I1         0.8701646091   1.003497942    3.16255144     0.4475720165   0.5483950617   1.016666667    1.579012346    0.04814814815  0.4040502671   
343      I1         0.8701646091   1.003497942    3.16255144     0.4475720165   0.5483950617   1.016666667    1.679012346    -0.02685185185 0.3756679004   
344      I1         0.9551646091   1.003497942    3.06255144     0.4475720165   0.5483950617   1.016666667    1.679012346    0.04814814815  0.3728400075   
345      I1         0.8701646091   1.088497942    3.06255144     0.4475720165   0.5483950617   1.016666667    1.679012346    0.04814814815  0.3673125106   
346      I1         0.8701646091   1.003497942    3.06255144     0.4965720165   0.5483950617   1.016666667    1.679012346    0.04814814815  0.363635608    
347      I1         0.8701646091   1.003497942    3.06255144     0.4475720165   0.5973950617   1.016666667    1.679012346    0.04814814815  0.3659367768   
348      I1         0.8701646091   1.003497942    3.06255144     0.4475720165   0.5483950617   1.511666667    1.679012346    0.04814814815  0.3748152114   
349      I1         0.8701646091   1.003497942    3.06255144     0.4475720165   0.5483950617   1.016666667    1.779012346    0.04814814815  0.3926338089   
350      I1         0.8701646091   1.003497942    3.06255144     0.4475720165   0.5483950617   1.016666667    1.679012346    0.1231481481   0.3654729449   
351      I1         0.7851646091   1.003497942    3.06255144     0.4475720165   0.5483950617   1.016666667    1.679012346    0.04814814815  0.3672312001   
352      I1         0.8701646091   1.003497942    3.06255144     0.3985720165   0.5483950617   1.016666667    1.679012346    0.04814814815  0.368683273    
353      I1         0.8701646091   1.003497942    3.06255144     0.4475720165   0.4993950617   1.016666667    1.679012346    0.04814814815  0.3645531928   
354      I1         0.8701646091   1.003497942    3.06255144     0.4475720165   0.5483950617   0.5216666667   1.679012346    0.04814814815  0.3880236697   
355      I1         0.8701646091   1.003497942    3.06255144     0.4475720165   0.5483950617   1.016666667    1.579012346    0.04814814815  0.3985059029   
356      I1         0.8701646091   1.003497942    3.06255144     0.4475720165   0.5483950617   1.016666667    1.679012346    -0.02685185185 0.3701790416   
357      I1         0.9551646091   1.003497942    2.96255144     0.4475720165   0.5483950617   1.016666667    1.679012346    0.04814814815  0.3702969863   
358      I1         0.8701646091   1.088497942    2.96255144     0.4475720165   0.5483950617   1.016666667    1.679012346    0.04814814815  0.3646917539   
359      I1         0.8701646091   1.003497942    2.96255144     0.4965720165   0.5483950617   1.016666667    1.679012346    0.04814814815  0.3607469889   
360      I1         0.8701646091   1.003497942    2.96255144     0.4475720165   0.5973950617   1.016666667    1.679012346    0.04814814815  0.3631248264   
361      I1         0.8701646091   1.003497942    2.96255144     0.4475720165   0.5483950617   1.511666667    1.679012346    0.04814814815  0.3721327741   
362      I1         0.8701646091   1.003497942    2.96255144     0.4475720165   0.5483950617   1.016666667    1.779012346    0.04814814815  0.3899649659   
363      I1         0.8701646091   1.003497942    2.96255144     0.4475720165   0.5483950617   1.016666667    1.679012346    0.1231481481   0.3627938311   
364      I1         0.7851646091   1.003497942    2.96255144     0.4475720165   0.5483950617   1.016666667    1.679012346    0.04814814815  0.3643450311   
365      I1         0.8701646091   1.003497942    2.86255144     0.4475720165   0.5483950617   1.016666667    1.679012346    0.04814814815  0.3612282639   
366      I1         0.8701646091   1.003497942    2.96255144     0.3985720165   0.5483950617   1.016666667    1.679012346    0.04814814815  0.366135859    
367      I1         0.8701646091   1.003497942    2.96255144     0.4475720165   0.4993950617   1.016666667    1.679012346    0.04814814815  0.3619218061   
368      I1         0.8701646091   1.003497942    2.96255144     0.4475720165   0.5483950617   0.5216666667   1.679012346    0.04814814815  0.3853149844   
369      I1         0.8701646091   1.003497942    2.96255144     0.4475720165   0.5483950617   1.016666667    1.579012346    0.04814814815  0.3957255069   
370      I1         0.8701646091   1.003497942    2.96255144     0.4475720165   0.5483950617   1.016666667    1.679012346    -0.02685185185 0.3674249352   
371      I1         0.9126646091   1.003497942    2.96255144     0.4475720165   0.5483950617   1.016666667    1.679012346    0.04814814815  0.3645846972   
372      I1         0.8701646091   1.045997942    2.96255144     0.4475720165   0.5483950617   1.016666667    1.679012346    0.04814814815  0.3632531601   
373      I1         0.8701646091   1.003497942    3.01255144     0.4475720165   0.5483950617   1.016666667    1.679012346    0.04814814815  0.3629863273   
374      I1         0.8701646091   1.003497942    2.96255144     0.4720720165   0.5483950617   1.016666667    1.679012346    0.04814814815  0.3609806005   
375      I1         0.8701646091   1.003497942    2.96255144     0.4475720165   0.5728950617   1.016666667    1.679012346    0.04814814815  0.3623985629   
376      I1         0.8701646091   1.003497942    2.96255144     0.4475720165   0.5483950617   1.264166667    1.679012346    0.04814814815  0.3652440989   
377      I1         0.8701646091   1.003497942    2.96255144     0.4475720165   0.5483950617   1.016666667    1.729012346    0.04814814815  0.3757668918   
378      I1         0.8701646091   1.003497942    2.96255144     0.4475720165   0.5483950617   1.016666667    1.679012346    0.08564814815  0.3615141643   
379      I1         0.8276646091   1.003497942    2.96255144     0.4475720165   0.5483950617   1.016666667    1.679012346    0.04814814815  0.3621706071   
380      I1         0.8701646091   1.003497942    2.91255144     0.4475720165   0.5483950617   1.016666667    1.679012346    0.04814814815  0.3614319553   
381      I1         0.8701646091   1.003497942    2.96255144     0.4230720165   0.5483950617   1.016666667    1.679012346    0.04814814815  0.3636746227   
382      I1         0.8701646091   1.003497942    2.96255144     0.4475720165   0.5238950617   1.016666667    1.679012346    0.04814814815  0.3617970528   
383      I1         0.8701646091   1.003497942    2.96255144     0.4475720165   0.5483950617   0.7691666667   1.679012346    0.04814814815  0.3697388092   
384      I1         0.8701646091   1.003497942    2.96255144     0.4475720165   0.5483950617   1.016666667    1.629012346    0.04814814815  0.3668994227   
385      I1         0.8701646091   1.003497942    2.96255144     0.4475720165   0.5483950617   1.016666667    1.679012346    0.01064814815  0.3639815924   
386      I1         0.9126646091   1.003497942    2.96255144     0.4720720165   0.5483950617   1.016666667    1.679012346    0.04814814815  0.3629584161   
387      I1         0.8701646091   1.045997942    2.96255144     0.4720720165   0.5483950617   1.016666667    1.679012346    0.04814814815  0.361944       
388      I1         0.8701646091   1.003497942    3.01255144     0.4720720165   0.5483950617   1.016666667    1.679012346    0.04814814815  0.3620482197   
389      I1         0.8701646091   1.003497942    2.96255144     0.4965720165   0.5483950617   1.016666667    1.679012346    0.04814814815  0.3607469889   
390      I1         0.8701646091   1.003497942    2.96255144     0.4720720165   0.5728950617   1.016666667    1.679012346    0.04814814815  0.3616289709   
391      I1         0.8701646091   1.003497942    2.96255144     0.4720720165   0.5483950617   1.264166667    1.679012346    0.04814814815  0.3644051471   
392      I1         0.8701646091   1.003497942    2.96255144     0.4720720165   0.5483950617   1.016666667    1.729012346    0.04814814815  0.3736249483   
393      I1         0.8701646091   1.003497942    2.96255144     0.4720720165   0.5483950617   1.016666667    1.679012346    0.08564814815  0.360086714    
394      I1         0.8276646091   1.003497942    2.96255144     0.4720720165   0.5483950617   1.016666667    1.679012346    0.04814814815  0.3619881756   
395      I1         0.8701646091   1.003497942    2.91255144     0.4720720165   0.5483950617   1.016666667    1.679012346    0.04814814815  0.3604247784   
396      I1         0.8701646091   1.003497942    2.96255144     0.4720720165   0.5238950617   1.016666667    1.679012346    0.04814814815  0.3605914724   
397      I1         0.8701646091   1.003497942    2.96255144     0.4720720165   0.5483950617   0.7691666667   1.679012346    0.04814814815  0.3688876248   
398      I1         0.8701646091   1.003497942    2.96255144     0.4720720165   0.5483950617   1.016666667    1.629012346    0.04814814815  0.366857059    
399      I1         0.8701646091   1.003497942    2.96255144     0.4720720165   0.5483950617   1.016666667    1.679012346    0.01064814815  0.3634826793   
400      I1         0.9126646091   1.003497942    2.96255144     0.4720720165   0.5483950617   1.016666667    1.679012346    0.08564814815  0.3620127574   
401      I1         0.8701646091   1.045997942    2.96255144     0.4720720165   0.5483950617   1.016666667    1.679012346    0.08564814815  0.3610303945   
402      I1         0.8701646091   1.003497942    3.01255144     0.4720720165   0.5483950617   1.016666667    1.679012346    0.08564814815  0.3611444687   
403      I1         0.8701646091   1.003497942    2.96255144     0.4965720165   0.5483950617   1.016666667    1.679012346    0.08564814815  0.3593807428   
404      I1         0.8701646091   1.003497942    2.96255144     0.4720720165   0.5728950617   1.016666667    1.679012346    0.08564814815  0.3608262305   
405      I1         0.8701646091   1.003497942    2.96255144     0.4720720165   0.5483950617   1.264166667    1.679012346    0.08564814815  0.3631378207   
406      I1         0.8701646091   1.003497942    2.96255144     0.4720720165   0.5483950617   1.016666667    1.729012346    0.08564814815  0.3756181532   
407      I1         0.8701646091   1.003497942    2.96255144     0.4720720165   0.5483950617   1.016666667    1.679012346    0.1231481481   0.3609457678   
408      I1         0.8276646091   1.003497942    2.96255144     0.4720720165   0.5483950617   1.016666667    1.679012346    0.08564814815  0.3608134845   
409      I1         0.8701646091   1.003497942    2.91255144     0.4720720165   0.5483950617   1.016666667    1.679012346    0.08564814815  0.3595414346   
410      I1         0.8701646091   1.003497942    2.96255144     0.4720720165   0.5238950617   1.016666667    1.679012346    0.08564814815  0.3596056495   
411      I1         0.8701646091   1.003497942    2.96255144     0.4720720165   0.5483950617   0.7691666667   1.679012346    0.08564814815  0.3681980286   
412      I1         0.8701646091   1.003497942    2.96255144     0.4720720165   0.5483950617   1.016666667    1.629012346    0.08564814815  0.3617101572   
413      I1         0.8701646091   1.003497942    2.96255144     0.4720720165   0.5483950617   1.016666667    1.679012346    0.04814814815  0.3609806005   
414      I1         0.9126646091   1.003497942    2.96255144     0.4965720165   0.5483950617   1.016666667    1.679012346    0.08564814815  0.3606556152   
415      I1         0.8701646091   1.045997942    2.96255144     0.4965720165   0.5483950617   1.016666667    1.679012346    0.08564814815  0.3600217651   
416      I1         0.8701646091   1.003497942    3.01255144     0.4965720165   0.5483950617   1.016666667    1.679012346    0.08564814815  0.360475551    
417      I1         0.8701646091   1.003497942    2.96255144     0.5210720165   0.5483950617   1.016666667    1.679012346    0.08564814815  0.3593947893   
418      I1         0.8701646091   1.003497942    2.96255144     0.4965720165   0.5728950617   1.016666667    1.679012346    0.08564814815  0.3603000128   
419      I1         0.8701646091   1.003497942    2.96255144     0.4965720165   0.5483950617   1.264166667    1.679012346    0.08564814815  0.3625490936   
420      I1         0.8701646091   1.003497942    2.96255144     0.4965720165   0.5483950617   1.016666667    1.729012346    0.08564814815  0.3738188018   
421      I1         0.8701646091   1.003497942    2.96255144     0.4965720165   0.5483950617   1.016666667    1.679012346    0.1231481481   0.3597979074   
422      I1         0.8276646091   1.003497942    2.96255144     0.4965720165   0.5483950617   1.016666667    1.679012346    0.08564814815  0.3608926497   
423      I1         0.8701646091   1.003497942    2.91255144     0.4965720165   0.5483950617   1.016666667    1.679012346    0.08564814815  0.358803952    
424      I1         0.8701646091   1.003497942    2.96255144     0.4965720165   0.5238950617   1.016666667    1.679012346    0.08564814815  0.358696657    
425      I1         0.8701646091   1.003497942    2.96255144     0.4965720165   0.5483950617   0.7691666667   1.679012346    0.08564814815  0.3676287098   
426      I1         0.8701646091   1.003497942    2.96255144     0.4965720165   0.5483950617   1.016666667    1.629012346    0.08564814815  0.361878602    
427      I1         0.8701646091   1.003497942    2.96255144     0.4965720165   0.5483950617   1.016666667    1.679012346    0.04814814815  0.3607469889   
428      I1         0.9126646091   1.003497942    2.96255144     0.4965720165   0.5238950617   1.016666667    1.679012346    0.08564814815  0.3599570856   
429      I1         0.8701646091   1.045997942    2.96255144     0.4965720165   0.5238950617   1.016666667    1.679012346    0.08564814815  0.359386806    
430      I1         0.8701646091   1.003497942    3.01255144     0.4965720165   0.5238950617   1.016666667    1.679012346    0.08564814815  0.3597769732   
431      I1         0.8701646091   1.003497942    2.96255144     0.5210720165   0.5238950617   1.016666667    1.679012346    0.08564814815  0.3585293311   
432      I1         0.8701646091   1.003497942    2.96255144     0.4965720165   0.5238950617   1.264166667    1.679012346    0.08564814815  0.3619597294   
433      I1         0.8701646091   1.003497942    2.96255144     0.4965720165   0.5238950617   1.016666667    1.729012346    0.08564814815  0.3731953857   
434      I1         0.8701646091   1.003497942    2.96255144     0.4965720165   0.5238950617   1.016666667    1.679012346    0.1231481481   0.3590203974   
435      I1         0.8276646091   1.003497942    2.96255144     0.4965720165   0.5238950617   1.016666667    1.679012346    0.08564814815  0.3602190663   
436      I1         0.8701646091   1.003497942    2.91255144     0.4965720165   0.5238950617   1.016666667    1.679012346    0.08564814815  0.3581276087   
437      I1         0.8701646091   1.003497942    2.96255144     0.4965720165   0.4993950617   1.016666667    1.679012346    0.08564814815  0.3582477553   
438      I1         0.8701646091   1.003497942    2.96255144     0.4965720165   0.5238950617   0.7691666667   1.679012346    0.08564814815  0.366695788    
439      I1         0.8701646091   1.003497942    2.96255144     0.4965720165   0.5238950617   1.016666667    1.629012346    0.08564814815  0.361123757    
440      I1         0.8701646091   1.003497942    2.96255144     0.4965720165   0.5238950617   1.016666667    1.679012346    0.04814814815  0.3601494066   
441      I1         0.8914146091   1.003497942    2.96255144     0.4965720165   0.5238950617   1.016666667    1.679012346    0.08564814815  0.3589370536   
442      I1         0.8701646091   1.024747942    2.96255144     0.4965720165   0.5238950617   1.016666667    1.679012346    0.08564814815  0.3590191165   
443      I1         0.8701646091   1.003497942    2.98755144     0.4965720165   0.5238950617   1.016666667    1.679012346    0.08564814815  0.3591615585   
444      I1         0.8701646091   1.003497942    2.96255144     0.5088220165   0.5238950617   1.016666667    1.679012346    0.08564814815  0.3585213173   
445      I1         0.8701646091   1.003497942    2.96255144     0.4965720165   0.5361450617   1.016666667    1.679012346    0.08564814815  0.3590093019   
446      I1         0.8701646091   1.003497942    2.96255144     0.4965720165   0.5238950617   1.140416667    1.679012346    0.08564814815  0.3587016098   
447      I1         0.8701646091   1.003497942    2.96255144     0.4965720165   0.5238950617   1.016666667    1.704012346    0.08564814815  0.3638258309   
448      I1         0.8701646091   1.003497942    2.96255144     0.4965720165   0.5238950617   1.016666667    1.679012346    0.1043981481   0.3586282979   
449      I1         0.8489146091   1.003497942    2.96255144     0.4965720165   0.5238950617   1.016666667    1.679012346    0.08564814815  0.3592128598   
450      I1         0.8701646091   1.003497942    2.93755144     0.4965720165   0.5238950617   1.016666667    1.679012346    0.08564814815  0.3583600597   
451      I1         0.8701646091   1.003497942    2.96255144     0.4843220165   0.5238950617   1.016666667    1.679012346    0.08564814815  0.3590581011   
452      I1         0.8701646091   1.003497942    2.96255144     0.4965720165   0.5116450617   1.016666667    1.679012346    0.08564814815  0.3584428082   
453      I1         0.8701646091   1.003497942    2.96255144     0.4965720165   0.5238950617   0.8929166667   1.679012346    0.08564814815  0.3619354201   
454      I1         0.8701646091   1.003497942    2.96255144     0.4965720165   0.5238950617   1.016666667    1.654012346    0.08564814815  0.3578928523   
455      I1         0.8701646091   1.003497942    2.96255144     0.4965720165   0.5238950617   1.016666667    1.679012346    0.06689814815  0.359209708    
456      I1         0.8914146091   1.003497942    2.96255144     0.4965720165   0.5238950617   1.016666667    1.654012346    0.08564814815  0.3589986732   
457      I1         0.8701646091   1.024747942    2.96255144     0.4965720165   0.5238950617   1.016666667    1.654012346    0.08564814815  0.3581825689   
458      I1         0.8701646091   1.003497942    2.98755144     0.4965720165   0.5238950617   1.016666667    1.654012346    0.08564814815  0.358361033    
459      I1         0.8701646091   1.003497942    2.96255144     0.5088220165   0.5238950617   1.016666667    1.654012346    0.08564814815  0.3579447052   
460      I1         0.8701646091   1.003497942    2.96255144     0.4965720165   0.5361450617   1.016666667    1.654012346    0.08564814815  0.358225316    
461      I1         0.8701646091   1.003497942    2.96255144     0.4965720165   0.5238950617   1.140416667    1.654012346    0.08564814815  0.3578969838   
462      I1         0.8701646091   1.003497942    2.96255144     0.4965720165   0.5238950617   1.016666667    1.654012346    0.1043981481   0.3569105969   
463      I1         0.8489146091   1.003497942    2.96255144     0.4965720165   0.5238950617   1.016666667    1.654012346    0.08564814815  0.357576869    
464      I1         0.8701646091   1.003497942    2.93755144     0.4965720165   0.5238950617   1.016666667    1.654012346    0.08564814815  0.3575530437   
465      I1         0.8701646091   1.003497942    2.96255144     0.4843220165   0.5238950617   1.016666667    1.654012346    0.08564814815  0.3580237069   
466      I1         0.8701646091   1.003497942    2.96255144     0.4965720165   0.5116450617   1.016666667    1.654012346    0.08564814815  0.3576180199   
467      I1         0.8701646091   1.003497942    2.96255144     0.4965720165   0.5238950617   0.8929166667   1.654012346    0.08564814815  0.361133028    
468      I1         0.8701646091   1.003497942    2.96255144     0.4965720165   0.5238950617   1.016666667    1.629012346    0.08564814815  0.361123757    
469      I1         0.8701646091   1.003497942    2.96255144     0.4965720165   0.5238950617   1.016666667    1.654012346    0.06689814815  0.3593697711   
470      I1         0.8914146091   1.003497942    2.96255144     0.4965720165   0.5238950617   1.016666667    1.654012346    0.1043981481   0.358010201    
471      I1         0.8701646091   1.024747942    2.96255144     0.4965720165   0.5238950617   1.016666667    1.654012346    0.1043981481   0.3571972688   
472      I1         0.8701646091   1.003497942    2.98755144     0.4965720165   0.5238950617   1.016666667    1.654012346    0.1043981481   0.3573761022   
473      I1         0.8701646091   1.003497942    2.96255144     0.5088220165   0.5238950617   1.016666667    1.654012346    0.1043981481   0.3568429615   
474      I1         0.8701646091   1.003497942    2.96255144     0.4965720165   0.5361450617   1.016666667    1.654012346    0.1043981481   0.3572656497   
475      I1         0.8701646091   1.003497942    2.96255144     0.4965720165   0.5238950617   1.140416667    1.654012346    0.1043981481   0.3568134101   
476      I1         0.8701646091   1.003497942    2.96255144     0.4965720165   0.5238950617   1.016666667    1.654012346    0.1231481481   0.3564392666   
477      I1         0.8489146091   1.003497942    2.96255144     0.4965720165   0.5238950617   1.016666667    1.654012346    0.1043981481   0.3565584366   
478      I1         0.8701646091   1.003497942    2.93755144     0.4965720165   0.5238950617   1.016666667    1.654012346    0.1043981481   0.3565735543   
479      I1         0.8701646091   1.003497942    2.96255144     0.4843220165   0.5238950617   1.016666667    1.654012346    0.1043981481   0.3571583127   
480      I1         0.8701646091   1.003497942    2.96255144     0.4965720165   0.5116450617   1.016666667    1.654012346    0.1043981481   0.3566130782   
481      I1         0.8701646091   1.003497942    2.96255144     0.4965720165   0.5238950617   0.8929166667   1.654012346    0.1043981481   0.3602130077   
482      I1         0.8701646091   1.003497942    2.96255144     0.4965720165   0.5238950617   1.016666667    1.629012346    0.1043981481   0.359071861    
483      I1         0.8914146091   1.003497942    2.96255144     0.4965720165   0.5238950617   1.016666667    1.654012346    0.1231481481   0.3575396317   
484      I1         0.8701646091   1.024747942    2.96255144     0.4965720165   0.5238950617   1.016666667    1.654012346    0.1231481481   0.3567226575   
485      I1         0.8701646091   1.003497942    2.98755144     0.4965720165   0.5238950617   1.016666667    1.654012346    0.1231481481   0.3569019854   
486      I1         0.8701646091   1.003497942    2.96255144     0.5088220165   0.5238950617   1.016666667    1.654012346    0.1231481481   0.3562562329   
487      I1         0.8701646091   1.003497942    2.96255144     0.4965720165   0.5361450617   1.016666667    1.654012346    0.1231481481   0.3568177509   
488      I1         0.8701646091   1.003497942    2.96255144     0.4965720165   0.5238950617   1.140416667    1.654012346    0.1231481481   0.3562415574   
489      I1         0.8701646091   1.003497942    2.96255144     0.4965720165   0.5238950617   1.016666667    1.654012346    0.1418981481   0.3564925153   
490      I1         0.8489146091   1.003497942    2.96255144     0.4965720165   0.5238950617   1.016666667    1.654012346    0.1231481481   0.3560449575   
491      I1         0.8701646091   1.003497942    2.93755144     0.4965720165   0.5238950617   1.016666667    1.654012346    0.1231481481   0.3561051057   
492      I1         0.8701646091   1.003497942    2.96255144     0.4843220165   0.5238950617   1.016666667    1.654012346    0.1231481481   0.3567996938   
493      I1         0.8701646091   1.003497942    2.96255144     0.4965720165   0.5116450617   1.016666667    1.654012346    0.1231481481   0.3561182133   
494      I1         0.8701646091   1.003497942    2.96255144     0.4965720165   0.5238950617   0.8929166667   1.654012346    0.1231481481   0.359802066    
495      I1         0.8701646091   1.003497942    2.96255144     0.4965720165   0.5238950617   1.016666667    1.629012346    0.1231481481   0.3575866019   
496      I1         0.8489146091   1.024747942    2.96255144     0.4965720165   0.5238950617   1.016666667    1.654012346    0.1231481481   0.3562483158   
497      I1         0.8489146091   1.003497942    2.98755144     0.4965720165   0.5238950617   1.016666667    1.654012346    0.1231481481   0.3565189664   
498      I1         0.8489146091   1.003497942    2.96255144     0.5088220165   0.5238950617   1.016666667    1.654012346    0.1231481481   0.3560496542   
499      I1         0.8489146091   1.003497942    2.96255144     0.4965720165   0.5361450617   1.016666667    1.654012346    0.1231481481   0.356419221    
500      I1         0.8489146091   1.003497942    2.96255144     0.4965720165   0.5238950617   1.140416667    1.654012346    0.1231481481   0.3559438658   
501      I1         0.8489146091   1.003497942    2.96255144     0.4965720165   0.5238950617   1.016666667    1.679012346    0.1231481481   0.3593775685   
502      I1         0.8489146091   1.003497942    2.96255144     0.4965720165   0.5238950617   1.016666667    1.654012346    0.1418981481   0.3560506396   
503      I1         0.8276646091   1.003497942    2.96255144     0.4965720165   0.5238950617   1.016666667    1.654012346    0.1231481481   0.3563332614   
504      I1         0.8489146091   1.003497942    2.93755144     0.4965720165   0.5238950617   1.016666667    1.654012346    0.1231481481   0.3556990004   
505      I1         0.8489146091   1.003497942    2.96255144     0.4843220165   0.5238950617   1.016666667    1.654012346    0.1231481481   0.3562270596   
506      I1         0.8489146091   1.003497942    2.96255144     0.4965720165   0.5116450617   1.016666667    1.654012346    0.1231481481   0.3557291719   
507      I1         0.8489146091   1.003497942    2.96255144     0.4965720165   0.5238950617   0.8929166667   1.654012346    0.1231481481   0.3593434296   
508      I1         0.8489146091   1.003497942    2.96255144     0.4965720165   0.5238950617   1.016666667    1.629012346    0.1231481481   0.3562881399   
509      I1         0.8914146091   1.003497942    2.93755144     0.4965720165   0.5238950617   1.016666667    1.654012346    0.1231481481   0.3572175074   
510      I1         0.8489146091   1.045997942    2.93755144     0.4965720165   0.5238950617   1.016666667    1.654012346    0.1231481481   0.3561606084   
511      I1         0.8489146091   1.003497942    2.93755144     0.5210720165   0.5238950617   1.016666667    1.654012346    0.1231481481   0.3558767627   
512      I1         0.8489146091   1.003497942    2.93755144     0.4965720165   0.5483950617   1.016666667    1.654012346    0.1231481481   0.3565016073   
513      I1         0.8489146091   1.003497942    2.93755144     0.4965720165   0.5238950617   1.264166667    1.654012346    0.1231481481   0.358771182    
514      I1         0.8489146091   1.003497942    2.93755144     0.4965720165   0.5238950617   1.016666667    1.704012346    0.1231481481   0.3659324919   
515      I1         0.8489146091   1.003497942    2.93755144     0.4965720165   0.5238950617   1.016666667    1.654012346    0.1606481481   0.3562471595   
516      I1         0.8064146091   1.003497942    2.93755144     0.4965720165   0.5238950617   1.016666667    1.654012346    0.1231481481   0.3569178938   
517      I1         0.8489146091   1.003497942    2.88755144     0.4965720165   0.5238950617   1.016666667    1.654012346    0.1231481481   0.3552941179   
518      I1         0.8489146091   1.003497942    2.93755144     0.4720720165   0.5238950617   1.016666667    1.654012346    0.1231481481   0.3562678237   
519      I1         0.8489146091   1.003497942    2.93755144     0.4965720165   0.4993950617   1.016666667    1.654012346    0.1231481481   0.3551301102   
520      I1         0.8489146091   1.003497942    2.93755144     0.4965720165   0.5238950617   0.7691666667   1.654012346    0.1231481481   0.3638301078   
521      I1         0.8489146091   1.003497942    2.93755144     0.4965720165   0.5238950617   1.016666667    1.604012346    0.1231481481   0.362720869    
522      I1         0.8489146091   1.003497942    2.93755144     0.4965720165   0.5238950617   1.016666667    1.654012346    0.08564814815  0.3572251656   
523      I1         0.8489146091   1.024747942    2.93755144     0.4965720165   0.5238950617   1.016666667    1.654012346    0.1231481481   0.3559076896   
524      I1         0.8489146091   1.003497942    2.93755144     0.5088220165   0.5238950617   1.016666667    1.654012346    0.1231481481   0.3556955995   
525      I1         0.8489146091   1.003497942    2.93755144     0.4965720165   0.5361450617   1.016666667    1.654012346    0.1231481481   0.3560710892   
526      I1         0.8489146091   1.003497942    2.93755144     0.4965720165   0.5238950617   1.140416667    1.654012346    0.1231481481   0.3555994719   
527      I1         0.8489146091   1.003497942    2.93755144     0.4965720165   0.5238950617   1.016666667    1.679012346    0.1231481481   0.3590348509   
528      I1         0.8489146091   1.003497942    2.93755144     0.4965720165   0.5238950617   1.016666667    1.654012346    0.1418981481   0.3557077353   
529      I1         0.8276646091   1.003497942    2.93755144     0.4965720165   0.5238950617   1.016666667    1.654012346    0.1231481481   0.355975911    
530      I1         0.8489146091   1.003497942    2.91255144     0.4965720165   0.5238950617   1.016666667    1.654012346    0.1231481481   0.3554568421   
531      I1         0.8489146091   1.003497942    2.93755144     0.4843220165   0.5238950617   1.016666667    1.654012346    0.1231481481   0.355889284    
532      I1         0.8489146091   1.003497942    2.93755144     0.4965720165   0.5116450617   1.016666667    1.654012346    0.1231481481   0.3553853407   
533      I1         0.8489146091   1.003497942    2.93755144     0.4965720165   0.5238950617   0.8929166667   1.654012346    0.1231481481   0.3589969719   
534      I1         0.8489146091   1.003497942    2.93755144     0.4965720165   0.5238950617   1.016666667    1.629012346    0.1231481481   0.3559393074   
535      I1         0.8489146091   1.003497942    2.93755144     0.4965720165   0.5238950617   1.016666667    1.654012346    0.1043981481   0.3562095475   
536      I1         0.8701646091   1.003497942    2.93755144     0.4965720165   0.5116450617   1.016666667    1.654012346    0.1231481481   0.3557862848   
537      I1         0.8489146091   1.024747942    2.93755144     0.4965720165   0.5116450617   1.016666667    1.654012346    0.1231481481   0.355608563    
538      I1         0.8489146091   1.003497942    2.93755144     0.5088220165   0.5116450617   1.016666667    1.654012346    0.1231481481   0.3553328064   
539      I1         0.8489146091   1.003497942    2.93755144     0.4965720165   0.5116450617   1.140416667    1.654012346    0.1231481481   0.35532106     
540      I1         0.8489146091   1.003497942    2.93755144     0.4965720165   0.5116450617   1.016666667    1.679012346    0.1231481481   0.3587415139   
541      I1         0.8489146091   1.003497942    2.93755144     0.4965720165   0.5116450617   1.016666667    1.654012346    0.1418981481   0.355369906    
542      I1         0.8276646091   1.003497942    2.93755144     0.4965720165   0.5116450617   1.016666667    1.654012346    0.1231481481   0.3556671274   
543      I1         0.8489146091   1.003497942    2.91255144     0.4965720165   0.5116450617   1.016666667    1.654012346    0.1231481481   0.3551446935   
544      I1         0.8489146091   1.003497942    2.93755144     0.4843220165   0.5116450617   1.016666667    1.654012346    0.1231481481   0.3556275281   
545      I1         0.8489146091   1.003497942    2.93755144     0.4965720165   0.4993950617   1.016666667    1.654012346    0.1231481481   0.3551301102   
546      I1         0.8489146091   1.003497942    2.93755144     0.4965720165   0.5116450617   0.8929166667   1.654012346    0.1231481481   0.3586276433   
547      I1         0.8489146091   1.003497942    2.93755144     0.4965720165   0.5116450617   1.016666667    1.629012346    0.1231481481   0.3556058219   
548      I1         0.8489146091   1.003497942    2.93755144     0.4965720165   0.5116450617   1.016666667    1.654012346    0.1043981481   0.3559192458   
549      I1         0.8701646091   1.003497942    2.93755144     0.4965720165   0.4993950617   1.016666667    1.654012346    0.1231481481   0.3555248465   
550      I1         0.8489146091   1.024747942    2.93755144     0.4965720165   0.4993950617   1.016666667    1.654012346    0.1231481481   0.3553670262   
551      I1         0.8489146091   1.003497942    2.96255144     0.4965720165   0.4993950617   1.016666667    1.654012346    0.1231481481   0.3554718642   
552      I1         0.8489146091   1.003497942    2.93755144     0.5088220165   0.4993950617   1.016666667    1.654012346    0.1231481481   0.3550256518   
553      I1         0.8489146091   1.003497942    2.93755144     0.4965720165   0.4993950617   1.140416667    1.654012346    0.1231481481   0.3551007203   
554      I1         0.8489146091   1.003497942    2.93755144     0.4965720165   0.4993950617   1.016666667    1.679012346    0.1231481481   0.3585078095   
555      I1         0.8489146091   1.003497942    2.93755144     0.4965720165   0.4993950617   1.016666667    1.654012346    0.1418981481   0.3550903897   
556      I1         0.8276646091   1.003497942    2.93755144     0.4965720165   0.4993950617   1.016666667    1.654012346    0.1231481481   0.355417817    
557      I1         0.8489146091   1.003497942    2.91255144     0.4965720165   0.4993950617   1.016666667    1.654012346    0.1231481481   0.3548909221   
558      I1         0.8489146091   1.003497942    2.93755144     0.4843220165   0.4993950617   1.016666667    1.654012346    0.1231481481   0.3554270606   
559      I1         0.8489146091   1.003497942    2.93755144     0.4965720165   0.4871450617   1.016666667    1.654012346    0.1231481481   0.3549333089   
560      I1         0.8489146091   1.003497942    2.93755144     0.4965720165   0.4993950617   0.8929166667   1.654012346    0.1231481481   0.3583171687   
561      I1         0.8489146091   1.003497942    2.93755144     0.4965720165   0.4993950617   1.016666667    1.629012346    0.1231481481   0.3553296691   
562      I1         0.8489146091   1.003497942    2.93755144     0.4965720165   0.4993950617   1.016666667    1.654012346    0.1043981481   0.3556874827   
563      I1         0.8701646091   1.003497942    2.91255144     0.4965720165   0.4993950617   1.016666667    1.654012346    0.1231481481   0.355298259    
564      I1         0.8489146091   1.024747942    2.91255144     0.4965720165   0.4993950617   1.016666667    1.654012346    0.1231481481   0.3551333367   
565      I1         0.8489146091   1.003497942    2.91255144     0.5088220165   0.4993950617   1.016666667    1.654012346    0.1231481481   0.3547786859   
566      I1         0.8489146091   1.003497942    2.91255144     0.4965720165   0.4993950617   1.140416667    1.654012346    0.1231481481   0.3548626846   
567      I1         0.8489146091   1.003497942    2.91255144     0.4965720165   0.4993950617   1.016666667    1.679012346    0.1231481481   0.3582718926   
568      I1         0.8489146091   1.003497942    2.91255144     0.4965720165   0.4993950617   1.016666667    1.654012346    0.1418981481   0.3548544769   
569      I1         0.8276646091   1.003497942    2.91255144     0.4965720165   0.4993950617   1.016666667    1.654012346    0.1231481481   0.3551664389   
570      I1         0.8489146091   1.003497942    2.88755144     0.4965720165   0.4993950617   1.016666667    1.654012346    0.1231481481   0.3547302987   
571      I1         0.8489146091   1.003497942    2.91255144     0.4843220165   0.4993950617   1.016666667    1.654012346    0.1231481481   0.3551957433   
572      I1         0.8489146091   1.003497942    2.91255144     0.4965720165   0.4871450617   1.016666667    1.654012346    0.1231481481   0.354695528    
573      I1         0.8489146091   1.003497942    2.91255144     0.4965720165   0.4993950617   0.8929166667   1.654012346    0.1231481481   0.358077981    
574      I1         0.8489146091   1.003497942    2.91255144     0.4965720165   0.4993950617   1.016666667    1.629012346    0.1231481481   0.3550875897   
575      I1         0.8489146091   1.003497942    2.91255144     0.4965720165   0.4993950617   1.016666667    1.654012346    0.1043981481   0.3554451498   
576      I1         0.8701646091   1.003497942    2.91255144     0.4965720165   0.4871450617   1.016666667    1.654012346    0.1231481481   0.3550957281   
577      I1         0.8489146091   1.024747942    2.91255144     0.4965720165   0.4871450617   1.016666667    1.654012346    0.1231481481   0.3549507772   
578      I1         0.8489146091   1.003497942    2.91255144     0.5088220165   0.4871450617   1.016666667    1.654012346    0.1231481481   0.3545285068   
579      I1         0.8489146091   1.003497942    2.91255144     0.4965720165   0.4871450617   1.140416667    1.654012346    0.1231481481   0.3547017624   
580      I1         0.8489146091   1.003497942    2.91255144     0.4965720165   0.4871450617   1.016666667    1.679012346    0.1231481481   0.3580992646   
581      I1         0.8489146091   1.003497942    2.91255144     0.4965720165   0.4871450617   1.016666667    1.654012346    0.1418981481   0.3546347429   
582      I1         0.8276646091   1.003497942    2.91255144     0.4965720165   0.4871450617   1.016666667    1.654012346    0.1231481481   0.3549778902   
583      I1         0.8489146091   1.003497942    2.88755144     0.4965720165   0.4871450617   1.016666667    1.654012346    0.1231481481   0.3545358702   
584      I1         0.8489146091   1.003497942    2.91255144     0.4843220165   0.4871450617   1.016666667    1.654012346    0.1231481481   0.3550580424   
585      I1         0.8489146091   1.003497942    2.91255144     0.4965720165   0.4748950617   1.016666667    1.654012346    0.1231481481   0.354558511    
586      I1         0.8489146091   1.003497942    2.91255144     0.4965720165   0.4871450617   0.8929166667   1.654012346    0.1231481481   0.3578278493   
587      I1         0.8489146091   1.003497942    2.91255144     0.4965720165   0.4871450617   1.016666667    1.629012346    0.1231481481   0.3548701459   
588      I1         0.8489146091   1.003497942    2.91255144     0.4965720165   0.4871450617   1.016666667    1.654012346    0.1043981481   0.3552732729   
589      I1         0.8914146091   1.003497942    2.91255144     0.5088220165   0.4871450617   1.016666667    1.654012346    0.1231481481   0.3556799496   
590      I1         0.8489146091   1.045997942    2.91255144     0.5088220165   0.4871450617   1.016666667    1.654012346    0.1231481481   0.3549479856   
591      I1         0.8489146091   1.003497942    2.96255144     0.5088220165   0.4871450617   1.016666667    1.654012346    0.1231481481   0.3551222255   
592      I1         0.8489146091   1.003497942    2.91255144     0.5333220165   0.4871450617   1.016666667    1.654012346    0.1231481481   0.3547753575   
593      I1         0.8489146091   1.003497942    2.91255144     0.5088220165   0.5116450617   1.016666667    1.654012346    0.1231481481   0.3550844539   
594      I1         0.8489146091   1.003497942    2.91255144     0.5088220165   0.4871450617   1.264166667    1.654012346    0.1231481481   0.3577946486   
595      I1         0.8489146091   1.003497942    2.91255144     0.5088220165   0.4871450617   1.016666667    1.704012346    0.1231481481   0.364394808    
596      I1         0.8489146091   1.003497942    2.91255144     0.5088220165   0.4871450617   1.016666667    1.654012346    0.1606481481   0.3547008583   
597      I1         0.8064146091   1.003497942    2.91255144     0.5088220165   0.4871450617   1.016666667    1.654012346    0.1231481481   0.3561771025   
598      I1         0.8489146091   1.003497942    2.86255144     0.5088220165   0.4871450617   1.016666667    1.654012346    0.1231481481   0.3542497148   
599      I1         0.8489146091   1.003497942    2.91255144     0.4843220165   0.4871450617   1.016666667    1.654012346    0.1231481481   0.3550580424   
600      I1         0.8489146091   1.003497942    2.91255144     0.5088220165   0.4626450617   1.016666667    1.654012346    0.1231481481   0.3541949152   
601      I1         0.8489146091   1.003497942    2.91255144     0.5088220165   0.4871450617   0.7691666667   1.654012346    0.1231481481   0.3623685007   
602      I1         0.8489146091   1.003497942    2.91255144     0.5088220165   0.4871450617   1.016666667    1.604012346    0.1231481481   0.3619722696   
603      I1         0.8489146091   1.003497942    2.91255144     0.5088220165   0.4871450617   1.016666667    1.654012346    0.08564814815  0.3564398557   
604      I1         0.8701646091   1.003497942    2.91255144     0.5088220165   0.4871450617   1.016666667    1.654012346    0.1231481481   0.3547446614   
605      I1         0.8489146091   1.024747942    2.91255144     0.5088220165   0.4871450617   1.016666667    1.654012346    0.1231481481   0.354718879    
606      I1         0.8489146091   1.003497942    2.93755144     0.5088220165   0.4871450617   1.016666667    1.654012346    0.1231481481   0.3547741354   
607      I1         0.8489146091   1.003497942    2.91255144     0.5210720165   0.4871450617   1.016666667    1.654012346    0.1231481481   0.3545548668   
608      I1         0.8489146091   1.003497942    2.91255144     0.5088220165   0.4871450617   1.140416667    1.654012346    0.1231481481   0.3545472256   
609      I1         0.8489146091   1.003497942    2.91255144     0.5088220165   0.4871450617   1.016666667    1.679012346    0.1231481481   0.3576949564   
610      I1         0.8489146091   1.003497942    2.91255144     0.5088220165   0.4871450617   1.016666667    1.654012346    0.1418981481   0.3543479166   
611      I1         0.8276646091   1.003497942    2.91255144     0.5088220165   0.4871450617   1.016666667    1.654012346    0.1231481481   0.3550074837   
612      I1         0.8489146091   1.003497942    2.88755144     0.5088220165   0.4871450617   1.016666667    1.654012346    0.1231481481   0.3543612731   
613      I1         0.8489146091   1.003497942    2.91255144     0.5088220165   0.4748950617   1.016666667    1.654012346    0.1231481481   0.3543339166   
614      I1         0.8489146091   1.003497942    2.91255144     0.5088220165   0.4871450617   0.8929166667   1.654012346    0.1231481481   0.3576823039   
615      I1         0.8489146091   1.003497942    2.91255144     0.5088220165   0.4871450617   1.016666667    1.629012346    0.1231481481   0.3549116946   
616      I1         0.8489146091   1.003497942    2.91255144     0.5088220165   0.4871450617   1.016666667    1.654012346    0.1043981481   0.3552307277   
617      I1         0.8701646091   1.003497942    2.91255144     0.5088220165   0.4748950617   1.016666667    1.654012346    0.1231481481   0.3545432536   
618      I1         0.8489146091   1.024747942    2.91255144     0.5088220165   0.4748950617   1.016666667    1.654012346    0.1231481481   0.3545368771   
619      I1         0.8489146091   1.003497942    2.93755144     0.5088220165   0.4748950617   1.016666667    1.654012346    0.1231481481   0.3545782575   
620      I1         0.8489146091   1.003497942    2.91255144     0.5210720165   0.4748950617   1.016666667    1.654012346    0.1231481481   0.3543057533   
621      I1         0.8489146091   1.003497942    2.91255144     0.5088220165   0.4748950617   1.140416667    1.654012346    0.1231481481   0.3543862637   
622      I1         0.8489146091   1.003497942    2.91255144     0.5088220165   0.4748950617   1.016666667    1.679012346    0.1231481481   0.3575224736   
623      I1         0.8489146091   1.003497942    2.91255144     0.5088220165   0.4748950617   1.016666667    1.654012346    0.1418981481   0.3541296543   
624      I1         0.8276646091   1.003497942    2.91255144     0.5088220165   0.4748950617   1.016666667    1.654012346    0.1231481481   0.3548193553   
625      I1         0.8489146091   1.003497942    2.88755144     0.5088220165   0.4748950617   1.016666667    1.654012346    0.1231481481   0.3541675375   
626      I1         0.8489146091   1.003497942    2.91255144     0.5088220165   0.4626450617   1.016666667    1.654012346    0.1231481481   0.3541949152   
627      I1         0.8489146091   1.003497942    2.91255144     0.5088220165   0.4748950617   0.8929166667   1.654012346    0.1231481481   0.3574343271   
628      I1         0.8489146091   1.003497942    2.91255144     0.5088220165   0.4748950617   1.016666667    1.629012346    0.1231481481   0.3546956846   
629      I1         0.8489146091   1.003497942    2.91255144     0.5088220165   0.4748950617   1.016666667    1.654012346    0.1043981481   0.3550590087   
630      I1         0.8701646091   1.003497942    2.91255144     0.5088220165   0.4748950617   1.016666667    1.654012346    0.1418981481   0.3543970608   
631      I1         0.8489146091   1.024747942    2.91255144     0.5088220165   0.4748950617   1.016666667    1.654012346    0.1418981481   0.354330549    
632      I1         0.8489146091   1.003497942    2.93755144     0.5088220165   0.4748950617   1.016666667    1.654012346    0.1418981481   0.3543706496   
633      I1         0.8489146091   1.003497942    2.91255144     0.5210720165   0.4748950617   1.016666667    1.654012346    0.1418981481   0.3539794717   
634      I1         0.8489146091   1.003497942    2.91255144     0.5088220165   0.4748950617   1.140416667    1.654012346    0.1418981481   0.3540751867   
635      I1         0.8489146091   1.003497942    2.91255144     0.5088220165   0.4748950617   1.016666667    1.679012346    0.1418981481   0.3580962954   
636      I1         0.8489146091   1.003497942    2.91255144     0.5088220165   0.4748950617   1.016666667    1.654012346    0.1606481481   0.3544581593   
637      I1         0.8276646091   1.003497942    2.91255144     0.5088220165   0.4748950617   1.016666667    1.654012346    0.1418981481   0.3545160629   
638      I1         0.8489146091   1.003497942    2.88755144     0.5088220165   0.4748950617   1.016666667    1.654012346    0.1418981481   0.3539667254   
639      I1         0.8489146091   1.003497942    2.91255144     0.4965720165   0.4748950617   1.016666667    1.654012346    0.1418981481   0.3544732701   
640      I1         0.8489146091   1.003497942    2.91255144     0.5088220165   0.4626450617   1.016666667    1.654012346    0.1418981481   0.3539668701   
641      I1         0.8489146091   1.003497942    2.91255144     0.5088220165   0.4748950617   0.8929166667   1.654012346    0.1418981481   0.357295254    
642      I1         0.8489146091   1.003497942    2.91255144     0.5088220165   0.4748950617   1.016666667    1.629012346    0.1418981481   0.3535876264   
643      I1         0.8489146091   1.003497942    2.91255144     0.5088220165   0.4748950617   1.016666667    1.654012346    0.1231481481   0.3543339166   
644      I1         0.8701646091   1.003497942    2.91255144     0.5088220165   0.4748950617   1.016666667    1.629012346    0.1418981481   0.3547080089   
645      I1         0.8489146091   1.024747942    2.91255144     0.5088220165   0.4748950617   1.016666667    1.629012346    0.1418981481   0.3537615982   
646      I1         0.8489146091   1.003497942    2.93755144     0.5088220165   0.4748950617   1.016666667    1.629012346    0.1418981481   0.3538315074   
647      I1         0.8489146091   1.003497942    2.91255144     0.5210720165   0.4748950617   1.016666667    1.629012346    0.1418981481   0.3536400114   
648      I1         0.8489146091   1.003497942    2.91255144     0.5088220165   0.4871450617   1.016666667    1.629012346    0.1418981481   0.3538268896   
649      I1         0.8489146091   1.003497942    2.91255144     0.5088220165   0.4748950617   1.140416667    1.629012346    0.1418981481   0.3535325041   
650      I1         0.8489146091   1.003497942    2.91255144     0.5088220165   0.4748950617   1.016666667    1.629012346    0.1606481481   0.353065817    
651      I1         0.8276646091   1.003497942    2.91255144     0.5088220165   0.4748950617   1.016666667    1.629012346    0.1418981481   0.3532148141   
652      I1         0.8489146091   1.003497942    2.88755144     0.5088220165   0.4748950617   1.016666667    1.629012346    0.1418981481   0.3534218535   
653      I1         0.8489146091   1.003497942    2.91255144     0.4965720165   0.4748950617   1.016666667    1.629012346    0.1418981481   0.3537252567   
654      I1         0.8489146091   1.003497942    2.91255144     0.5088220165   0.4626450617   1.016666667    1.629012346    0.1418981481   0.3534028004   
655      I1         0.8489146091   1.003497942    2.91255144     0.5088220165   0.4748950617   0.8929166667   1.629012346    0.1418981481   0.356754363    
656      I1         0.8489146091   1.003497942    2.91255144     0.5088220165   0.4748950617   1.016666667    1.604012346    0.1418981481   0.3593440558   
657      I1         0.8489146091   1.003497942    2.91255144     0.5088220165   0.4748950617   1.016666667    1.629012346    0.1231481481   0.3546956846   
658      I1         0.8701646091   1.003497942    2.91255144     0.5088220165   0.4748950617   1.016666667    1.629012346    0.1606481481   0.3541944295   
659      I1         0.8489146091   1.024747942    2.91255144     0.5088220165   0.4748950617   1.016666667    1.629012346    0.1606481481   0.353238148    
660      I1         0.8489146091   1.003497942    2.93755144     0.5088220165   0.4748950617   1.016666667    1.629012346    0.1606481481   0.3533062461   
661      I1         0.8489146091   1.003497942    2.91255144     0.5210720165   0.4748950617   1.016666667    1.629012346    0.1606481481   0.352996853    
662      I1         0.8489146091   1.003497942    2.91255144     0.5088220165   0.4871450617   1.016666667    1.629012346    0.1606481481   0.353329098    
663      I1         0.8489146091   1.003497942    2.91255144     0.5088220165   0.4748950617   1.140416667    1.629012346    0.1606481481   0.352905463    
664      I1         0.8489146091   1.003497942    2.91255144     0.5088220165   0.4748950617   1.016666667    1.629012346    0.1793981481   0.3531391392   
665      I1         0.8276646091   1.003497942    2.91255144     0.5088220165   0.4748950617   1.016666667    1.629012346    0.1606481481   0.352635241    
666      I1         0.8489146091   1.003497942    2.88755144     0.5088220165   0.4748950617   1.016666667    1.629012346    0.1606481481   0.352903604    
667      I1         0.8489146091   1.003497942    2.91255144     0.4965720165   0.4748950617   1.016666667    1.629012346    0.1606481481   0.3533217847   
668      I1         0.8489146091   1.003497942    2.91255144     0.5088220165   0.4626450617   1.016666667    1.629012346    0.1606481481   0.3528568575   
669      I1         0.8489146091   1.003497942    2.91255144     0.5088220165   0.4748950617   0.8929166667   1.629012346    0.1606481481   0.3562953949   
670      I1         0.8489146091   1.003497942    2.91255144     0.5088220165   0.4748950617   1.016666667    1.604012346    0.1606481481   0.3575784933   
671      I1         0.8276646091   1.045997942    2.91255144     0.5088220165   0.4748950617   1.016666667    1.629012346    0.1606481481   0.352884605    
672      I1         0.8276646091   1.003497942    2.96255144     0.5088220165   0.4748950617   1.016666667    1.629012346    0.1606481481   0.3532421266   
673      I1         0.8276646091   1.003497942    2.91255144     0.5333220165   0.4748950617   1.016666667    1.629012346    0.1606481481   0.3530778487   
674      I1         0.8276646091   1.003497942    2.91255144     0.5088220165   0.4993950617   1.016666667    1.629012346    0.1606481481   0.3532070025   
675      I1         0.8276646091   1.003497942    2.91255144     0.5088220165   0.4748950617   1.264166667    1.629012346    0.1606481481   0.3557195891   
676      I1         0.8276646091   1.003497942    2.91255144     0.5088220165   0.4748950617   1.016666667    1.679012346    0.1606481481   0.3598208332   
677      I1         0.8276646091   1.003497942    2.91255144     0.5088220165   0.4748950617   1.016666667    1.629012346    0.1981481481   0.3532529215   
678      I1         0.7851646091   1.003497942    2.91255144     0.5088220165   0.4748950617   1.016666667    1.629012346    0.1606481481   0.3540306826   
679      I1         0.8276646091   1.003497942    2.86255144     0.5088220165   0.4748950617   1.016666667    1.629012346    0.1606481481   0.3523399797   
680      I1         0.8276646091   1.003497942    2.91255144     0.4843220165   0.4748950617   1.016666667    1.629012346    0.1606481481   0.3529861075   
681      I1         0.8276646091   1.003497942    2.91255144     0.5088220165   0.4503950617   1.016666667    1.629012346    0.1606481481   0.3522845855   
682      I1         0.8276646091   1.003497942    2.91255144     0.5088220165   0.4748950617   0.7691666667   1.629012346    0.1606481481   0.3604845688   
683      I1         0.8276646091   1.003497942    2.91255144     0.5088220165   0.4748950617   1.016666667    1.579012346    0.1606481481   0.3643448495   
684      I1         0.8276646091   1.003497942    2.91255144     0.5088220165   0.4748950617   1.016666667    1.629012346    0.1231481481   0.3543750643   
685      I1         0.8276646091   1.024747942    2.91255144     0.5088220165   0.4748950617   1.016666667    1.629012346    0.1606481481   0.3527366681   
686      I1         0.8276646091   1.003497942    2.93755144     0.5088220165   0.4748950617   1.016666667    1.629012346    0.1606481481   0.3528879075   
687      I1         0.8276646091   1.003497942    2.91255144     0.5210720165   0.4748950617   1.016666667    1.629012346    0.1606481481   0.3527573394   
688      I1         0.8276646091   1.003497942    2.91255144     0.5088220165   0.4871450617   1.016666667    1.629012346    0.1606481481   0.3528934835   
689      I1         0.8276646091   1.003497942    2.91255144     0.5088220165   0.4748950617   1.140416667    1.629012346    0.1606481481   0.3525692186   
690      I1         0.8276646091   1.003497942    2.91255144     0.5088220165   0.4748950617   1.016666667    1.654012346    0.1606481481   0.3547418892   
691      I1         0.8276646091   1.003497942    2.91255144     0.5088220165   0.4748950617   1.016666667    1.629012346    0.1793981481   0.3526458615   
692      I1         0.8064146091   1.003497942    2.91255144     0.5088220165   0.4748950617   1.016666667    1.629012346    0.1606481481   0.3530177955   
693      I1         0.8276646091   1.003497942    2.88755144     0.5088220165   0.4748950617   1.016666667    1.629012346    0.1606481481   0.3524601502   
694      I1         0.8276646091   1.003497942    2.91255144     0.4965720165   0.4748950617   1.016666667    1.629012346    0.1606481481   0.3527113739   
695      I1         0.8276646091   1.003497942    2.91255144     0.5088220165   0.4626450617   1.016666667    1.629012346    0.1606481481   0.352432275    
696      I1         0.8276646091   1.003497942    2.91255144     0.5088220165   0.4748950617   0.8929166667   1.629012346    0.1606481481   0.3557960051   
697      I1         0.8276646091   1.003497942    2.91255144     0.5088220165   0.4748950617   1.016666667    1.604012346    0.1606481481   0.3565632129   
698      I1         0.8276646091   1.024747942    2.91255144     0.5088220165   0.4626450617   1.016666667    1.629012346    0.1606481481   0.3525480579   
699      I1         0.8276646091   1.003497942    2.93755144     0.5088220165   0.4626450617   1.016666667    1.629012346    0.1606481481   0.3526837199   
700      I1         0.8276646091   1.003497942    2.91255144     0.5210720165   0.4626450617   1.016666667    1.629012346    0.1606481481   0.3524990449   
701      I1         0.8276646091   1.003497942    2.91255144     0.5088220165   0.4626450617   1.140416667    1.629012346    0.1606481481   0.3523998112   
702      I1         0.8276646091   1.003497942    2.91255144     0.5088220165   0.4626450617   1.016666667    1.654012346    0.1606481481   0.3545623242   
703      I1         0.8276646091   1.003497942    2.91255144     0.5088220165   0.4626450617   1.016666667    1.629012346    0.1793981481   0.3524181993   
704      I1         0.8064146091   1.003497942    2.91255144     0.5088220165   0.4626450617   1.016666667    1.629012346    0.1606481481   0.352823054    
705      I1         0.8276646091   1.003497942    2.88755144     0.5088220165   0.4626450617   1.016666667    1.629012346    0.1606481481   0.3522579681   
706      I1         0.8276646091   1.003497942    2.91255144     0.4965720165   0.4626450617   1.016666667    1.629012346    0.1606481481   0.3525667867   
707      I1         0.8276646091   1.003497942    2.91255144     0.5088220165   0.4503950617   1.016666667    1.629012346    0.1606481481   0.3522845855   
708      I1         0.8276646091   1.003497942    2.91255144     0.5088220165   0.4626450617   0.8929166667   1.629012346    0.1606481481   0.3555400445   
709      I1         0.8276646091   1.003497942    2.91255144     0.5088220165   0.4626450617   1.016666667    1.604012346    0.1606481481   0.3563665579   
710      I1         0.8276646091   1.003497942    2.91255144     0.5088220165   0.4626450617   1.016666667    1.629012346    0.1418981481   0.3530358186   
711      I1         0.8489146091   1.003497942    2.88755144     0.5088220165   0.4626450617   1.016666667    1.629012346    0.1606481481   0.3526955502   
712      I1         0.8276646091   1.024747942    2.88755144     0.5088220165   0.4626450617   1.016666667    1.629012346    0.1606481481   0.3523789835   
713      I1         0.8276646091   1.003497942    2.88755144     0.5210720165   0.4626450617   1.016666667    1.629012346    0.1606481481   0.3523171261   
714      I1         0.8276646091   1.003497942    2.88755144     0.5088220165   0.4626450617   1.140416667    1.629012346    0.1606481481   0.3522263543   
715      I1         0.8276646091   1.003497942    2.88755144     0.5088220165   0.4626450617   1.016666667    1.654012346    0.1606481481   0.3543908073   
716      I1         0.8276646091   1.003497942    2.88755144     0.5088220165   0.4626450617   1.016666667    1.629012346    0.1793981481   0.3522477323   
717      I1         0.8064146091   1.003497942    2.88755144     0.5088220165   0.4626450617   1.016666667    1.629012346    0.1606481481   0.352635838    
718      I1         0.8276646091   1.003497942    2.86255144     0.5088220165   0.4626450617   1.016666667    1.629012346    0.1606481481   0.3521382794   
719      I1         0.8276646091   1.003497942    2.88755144     0.4965720165   0.4626450617   1.016666667    1.629012346    0.1606481481   0.3524002034   
720      I1         0.8276646091   1.003497942    2.88755144     0.5088220165   0.4503950617   1.016666667    1.629012346    0.1606481481   0.3521110097   
721      I1         0.8276646091   1.003497942    2.88755144     0.5088220165   0.4626450617   0.8929166667   1.629012346    0.1606481481   0.3553661433   
722      I1         0.8276646091   1.003497942    2.88755144     0.5088220165   0.4626450617   1.016666667    1.604012346    0.1606481481   0.3561882906   
723      I1         0.8276646091   1.003497942    2.88755144     0.5088220165   0.4626450617   1.016666667    1.629012346    0.1418981481   0.3528578213   
724      I1         0.8382896091   1.003497942    2.88755144     0.5088220165   0.4626450617   1.016666667    1.629012346    0.1606481481   0.3523537347   
725      I1         0.8276646091   1.014122942    2.88755144     0.5088220165   0.4626450617   1.016666667    1.629012346    0.1606481481   0.3523132003   
726      I1         0.8276646091   1.003497942    2.90005144     0.5088220165   0.4626450617   1.016666667    1.629012346    0.1606481481   0.3523369324   
727      I1         0.8276646091   1.003497942    2.88755144     0.5149470165   0.4626450617   1.016666667    1.629012346    0.1606481481   0.3522624036   
728      I1         0.8276646091   1.003497942    2.88755144     0.5088220165   0.4687700617   1.016666667    1.629012346    0.1606481481   0.3523521562   
729      I1         0.8276646091   1.003497942    2.88755144     0.5088220165   0.4626450617   1.078541667    1.629012346    0.1606481481   0.3512253403   
730      I1         0.8276646091   1.003497942    2.88755144     0.5088220165   0.4626450617   1.016666667    1.641512346    0.1606481481   0.3529537677   
731      I1         0.8276646091   1.003497942    2.88755144     0.5088220165   0.4626450617   1.016666667    1.629012346    0.1700231481   0.3521786765   
732      I1         0.8170396091   1.003497942    2.88755144     0.5088220165   0.4626450617   1.016666667    1.629012346    0.1606481481   0.3523681761   
733      I1         0.8276646091   1.003497942    2.87505144     0.5088220165   0.4626450617   1.016666667    1.629012346    0.1606481481   0.3521926193   
734      I1         0.8276646091   1.003497942    2.88755144     0.5026970165   0.4626450617   1.016666667    1.629012346    0.1606481481   0.3523038695   
735      I1         0.8276646091   1.003497942    2.88755144     0.5088220165   0.4565200617   1.016666667    1.629012346    0.1606481481   0.3521775859   
736      I1         0.8276646091   1.003497942    2.88755144     0.5088220165   0.4626450617   0.9547916667   1.629012346    0.1606481481   0.3535940542   
737      I1         0.8276646091   1.003497942    2.88755144     0.5088220165   0.4626450617   1.016666667    1.616512346    0.1606481481   0.3536634179   
738      I1         0.8276646091   1.003497942    2.88755144     0.5088220165   0.4626450617   1.016666667    1.629012346    0.1512731481   0.3524847151   
739      I1         0.8382896091   1.003497942    2.88755144     0.5088220165   0.4626450617   1.078541667    1.629012346    0.1606481481   0.3513001071   
740      I1         0.8276646091   1.014122942    2.88755144     0.5088220165   0.4626450617   1.078541667    1.629012346    0.1606481481   0.351283285    
741      I1         0.8276646091   1.003497942    2.90005144     0.5088220165   0.4626450617   1.078541667    1.629012346    0.1606481481   0.3513043214   
742      I1         0.8276646091   1.003497942    2.88755144     0.5149470165   0.4626450617   1.078541667    1.629012346    0.1606481481   0.3512278466   
743      I1         0.8276646091   1.003497942    2.88755144     0.5088220165   0.4687700617   1.078541667    1.629012346    0.1606481481   0.3513083873   
744      I1         0.8276646091   1.003497942    2.88755144     0.5088220165   0.4626450617   1.140416667    1.629012346    0.1606481481   0.3522263543   
745      I1         0.8276646091   1.003497942    2.88755144     0.5088220165   0.4626450617   1.078541667    1.641512346    0.1606481481   0.3519213332   
746      I1         0.8276646091   1.003497942    2.88755144     0.5088220165   0.4626450617   1.078541667    1.629012346    0.1700231481   0.3511242105   
747      I1         0.8170396091   1.003497942    2.88755144     0.5088220165   0.4626450617   1.078541667    1.629012346    0.1606481481   0.3513586168   
748      I1         0.8276646091   1.003497942    2.87505144     0.5088220165   0.4626450617   1.078541667    1.629012346    0.1606481481   0.3511599166   
749      I1         0.8276646091   1.003497942    2.88755144     0.5026970165   0.4626450617   1.078541667    1.629012346    0.1606481481   0.3512732227   
750      I1         0.8276646091   1.003497942    2.88755144     0.5088220165   0.4565200617   1.078541667    1.629012346    0.1606481481   0.3511560538   
751      I1         0.8276646091   1.003497942    2.88755144     0.5088220165   0.4626450617   1.078541667    1.616512346    0.1606481481   0.3526305467   
752      I1         0.8276646091   1.003497942    2.88755144     0.5088220165   0.4626450617   1.078541667    1.629012346    0.1512731481   0.3514743482   
753      I1         0.8382896091   1.003497942    2.88755144     0.5088220165   0.4626450617   1.078541667    1.629012346    0.1700231481   0.3512198509   
754      I1         0.8276646091   1.014122942    2.88755144     0.5088220165   0.4626450617   1.078541667    1.629012346    0.1700231481   0.3511822132   
755      I1         0.8276646091   1.003497942    2.90005144     0.5088220165   0.4626450617   1.078541667    1.629012346    0.1700231481   0.351202229    
756      I1         0.8276646091   1.003497942    2.88755144     0.5149470165   0.4626450617   1.078541667    1.629012346    0.1700231481   0.3510943439   
757      I1         0.8276646091   1.003497942    2.88755144     0.5088220165   0.4687700617   1.078541667    1.629012346    0.1700231481   0.3512133715   
758      I1         0.8276646091   1.003497942    2.88755144     0.5088220165   0.4626450617   1.140416667    1.629012346    0.1700231481   0.3520923801   
759      I1         0.8276646091   1.003497942    2.88755144     0.5088220165   0.4626450617   1.078541667    1.641512346    0.1700231481   0.3520178792   
760      I1         0.8276646091   1.003497942    2.88755144     0.5088220165   0.4626450617   1.078541667    1.629012346    0.1793981481   0.3511718676   
761      I1         0.8170396091   1.003497942    2.88755144     0.5088220165   0.4626450617   1.078541667    1.629012346    0.1700231481   0.3512305761   
762      I1         0.8276646091   1.003497942    2.87505144     0.5088220165   0.4626450617   1.078541667    1.629012346    0.1700231481   0.3510597638   
763      I1         0.8276646091   1.003497942    2.88755144     0.5026970165   0.4626450617   1.078541667    1.629012346    0.1700231481   0.3512040454   
764      I1         0.8276646091   1.003497942    2.88755144     0.5088220165   0.4565200617   1.078541667    1.629012346    0.1700231481   0.351048794    
765      I1         0.8276646091   1.003497942    2.88755144     0.5088220165   0.4626450617   1.078541667    1.616512346    0.1700231481   0.352254301    
766      I1         0.8382896091   1.003497942    2.88755144     0.5088220165   0.4565200617   1.078541667    1.629012346    0.1700231481   0.3511425052   
767      I1         0.8276646091   1.014122942    2.88755144     0.5088220165   0.4565200617   1.078541667    1.629012346    0.1700231481   0.3511102484   
768      I1         0.8276646091   1.003497942    2.90005144     0.5088220165   0.4565200617   1.078541667    1.629012346    0.1700231481   0.3511266501   
769      I1         0.8276646091   1.003497942    2.88755144     0.5149470165   0.4565200617   1.078541667    1.629012346    0.1700231481   0.3510043918   
770      I1         0.8276646091   1.003497942    2.88755144     0.5088220165   0.4565200617   1.140416667    1.629012346    0.1700231481   0.3520225167   
771      I1         0.8276646091   1.003497942    2.88755144     0.5088220165   0.4565200617   1.078541667    1.641512346    0.1700231481   0.3519484883   
772      I1         0.8276646091   1.003497942    2.88755144     0.5088220165   0.4565200617   1.078541667    1.629012346    0.1793981481   0.3510902326   
773      I1         0.8170396091   1.003497942    2.88755144     0.5088220165   0.4565200617   1.078541667    1.629012346    0.1700231481   0.3511574277   
774      I1         0.8276646091   1.003497942    2.87505144     0.5088220165   0.4565200617   1.078541667    1.629012346    0.1700231481   0.350984472    
775      I1         0.8276646091   1.003497942    2.88755144     0.5026970165   0.4565200617   1.078541667    1.629012346    0.1700231481   0.3511435509   
776      I1         0.8276646091   1.003497942    2.88755144     0.5088220165   0.4503950617   1.078541667    1.629012346    0.1700231481   0.3509871221   
777      I1         0.8276646091   1.003497942    2.88755144     0.5088220165   0.4565200617   1.016666667    1.629012346    0.1700231481   0.3520921575   
778      I1         0.8276646091   1.003497942    2.88755144     0.5088220165   0.4565200617   1.078541667    1.616512346    0.1700231481   0.3521801803   
779      I1         0.8382896091   1.003497942    2.87505144     0.5088220165   0.4565200617   1.078541667    1.629012346    0.1700231481   0.3510815708   
780      I1         0.8276646091   1.014122942    2.87505144     0.5088220165   0.4565200617   1.078541667    1.629012346    0.1700231481   0.3510472711   
781      I1         0.8276646091   1.003497942    2.87505144     0.5149470165   0.4565200617   1.078541667    1.629012346    0.1700231481   0.350938186    
782      I1         0.8276646091   1.003497942    2.87505144     0.5088220165   0.4565200617   1.140416667    1.629012346    0.1700231481   0.3519585377   
783      I1         0.8276646091   1.003497942    2.87505144     0.5088220165   0.4565200617   1.078541667    1.641512346    0.1700231481   0.3518848349   
784      I1         0.8276646091   1.003497942    2.87505144     0.5088220165   0.4565200617   1.078541667    1.629012346    0.1793981481   0.3510269162   
785      I1         0.8170396091   1.003497942    2.87505144     0.5088220165   0.4565200617   1.078541667    1.629012346    0.1700231481   0.3510897344   
786      I1         0.8276646091   1.003497942    2.86255144     0.5088220165   0.4565200617   1.078541667    1.629012346    0.1700231481   0.3509310813   
787      I1         0.8276646091   1.003497942    2.87505144     0.5026970165   0.4565200617   1.078541667    1.629012346    0.1700231481   0.3510811274   
788      I1         0.8276646091   1.003497942    2.87505144     0.5088220165   0.4503950617   1.078541667    1.629012346    0.1700231481   0.3509229176   
789      I1         0.8276646091   1.003497942    2.87505144     0.5088220165   0.4565200617   1.016666667    1.629012346    0.1700231481   0.3520279153   
790      I1         0.8276646091   1.003497942    2.87505144     0.5088220165   0.4565200617   1.078541667    1.616512346    0.1700231481   0.3521147813   
791      I1         0.8276646091   1.003497942    2.87505144     0.5088220165   0.4565200617   1.078541667    1.629012346    0.1606481481   0.3510907458   
792      I1         0.8489146091   1.003497942    2.87505144     0.5088220165   0.4503950617   1.078541667    1.629012346    0.1700231481   0.3513510009   
793      I1         0.8276646091   1.024747942    2.87505144     0.5088220165   0.4503950617   1.078541667    1.629012346    0.1700231481   0.3510654977   
794      I1         0.8276646091   1.003497942    2.90005144     0.5088220165   0.4503950617   1.078541667    1.629012346    0.1700231481   0.3510648225   
795      I1         0.8276646091   1.003497942    2.87505144     0.5210720165   0.4503950617   1.078541667    1.629012346    0.1700231481   0.350851301    
796      I1         0.8276646091   1.003497942    2.87505144     0.5088220165   0.4503950617   1.202291667    1.629012346    0.1700231481   0.3533547807   
797      I1         0.8276646091   1.003497942    2.87505144     0.5088220165   0.4503950617   1.078541667    1.654012346    0.1700231481   0.3534649974   
798      I1         0.8276646091   1.003497942    2.87505144     0.5088220165   0.4503950617   1.078541667    1.629012346    0.1887731481   0.3511446895   
799      I1         0.8064146091   1.003497942    2.87505144     0.5088220165   0.4503950617   1.078541667    1.629012346    0.1700231481   0.3512915995   
800      I1         0.8276646091   1.003497942    2.85005144     0.5088220165   0.4503950617   1.078541667    1.629012346    0.1700231481   0.3508247935   
801      I1         0.8276646091   1.003497942    2.87505144     0.4965720165   0.4503950617   1.078541667    1.629012346    0.1700231481   0.3511976126   
802      I1         0.8276646091   1.003497942    2.87505144     0.5088220165   0.4381450617   1.078541667    1.629012346    0.1700231481   0.3508410216   
803      I1         0.8276646091   1.003497942    2.87505144     0.5088220165   0.4503950617   0.9547916667   1.629012346    0.1700231481   0.353285519    
804      I1         0.8276646091   1.003497942    2.87505144     0.5088220165   0.4503950617   1.078541667    1.604012346    0.1700231481   0.3542805762   
805      I1         0.8276646091   1.003497942    2.87505144     0.5088220165   0.4503950617   1.078541667    1.629012346    0.1512731481   0.351295454    
